solid exported
	facet normal 0.03271901213585232 0 0.9994645897903807
		outer loop
			vertex 0 0 26
			vertex 1.7004814147949219 0 25.944332122802734
			vertex 0 60 26
		endloop
	endfacet
	facet normal 0.03271901213585232 0 0.9994645897903807
		outer loop
			vertex 1.7004814147949219 60 25.944332122802734
			vertex 0 60 26
			vertex 1.7004814147949219 0 25.944332122802734
		endloop
	endfacet
	facet normal 0 1 0
		outer loop
			vertex 0 60 26
			vertex 1.7004814147949219 60 25.944332122802734
			vertex 0 60 23.5
		endloop
	endfacet
	facet normal 0 1 0
		outer loop
			vertex 1.5369735956192017 60 23.449684143066406
			vertex 0 60 23.5
			vertex 1.7004814147949219 60 25.944332122802734
		endloop
	endfacet
	facet normal -0.032719440820131056 0 -0.9994645757566488
		outer loop
			vertex 0 60 23.5
			vertex 1.5369735956192017 60 23.449684143066406
			vertex 0 3 23.5
		endloop
	endfacet
	facet normal -0.032719440820131056 0 -0.9994645757566488
		outer loop
			vertex 1.5369735956192017 3 23.449684143066406
			vertex 0 3 23.5
			vertex 1.5369735956192017 60 23.449684143066406
		endloop
	endfacet
	facet normal 0 1 0
		outer loop
			vertex 0 3 23.5
			vertex 1.5369735956192017 3 23.449684143066406
			vertex 0 3 17
		endloop
	endfacet
	facet normal 0 1 0
		outer loop
			vertex 1.1118532419204712 3 16.96360206604004
			vertex 0 3 17
			vertex 1.5369735956192017 3 23.449684143066406
		endloop
	endfacet
	facet normal -0.032718748371825646 0 -0.9994645984250674
		outer loop
			vertex 0 3 17
			vertex 1.1118532419204712 3 16.96360206604004
			vertex 0 0 17
		endloop
	endfacet
	facet normal -0.032718748371825646 0 -0.9994645984250674
		outer loop
			vertex 1.1118532419204712 0 16.96360206604004
			vertex 0 0 17
			vertex 1.1118532419204712 3 16.96360206604004
		endloop
	endfacet
	facet normal 0 -1 0
		outer loop
			vertex 0 0 17
			vertex 1.1118532419204712 0 16.96360206604004
			vertex 0 0 26
		endloop
	endfacet
	facet normal 0 -1 0
		outer loop
			vertex 1.7004814147949219 0 25.944332122802734
			vertex 0 0 26
			vertex 1.1118532419204712 0 16.96360206604004
		endloop
	endfacet
	facet normal 0.09801691030515364 0 0.9951847493275968
		outer loop
			vertex 1.7004814147949219 0 25.944332122802734
			vertex 3.393681049346924 0 25.77756690979004
			vertex 1.7004814147949219 60 25.944332122802734
		endloop
	endfacet
	facet normal 0.09801691030515364 0 0.9951847493275968
		outer loop
			vertex 3.393681049346924 60 25.77756690979004
			vertex 1.7004814147949219 60 25.944332122802734
			vertex 3.393681049346924 0 25.77756690979004
		endloop
	endfacet
	facet normal 0 1 0
		outer loop
			vertex 1.7004814147949219 60 25.944332122802734
			vertex 3.393681049346924 60 25.77756690979004
			vertex 1.5369735956192017 60 23.449684143066406
		endloop
	endfacet
	facet normal 0 1 0
		outer loop
			vertex 3.0673654079437256 60 23.298954010009766
			vertex 1.5369735956192017 60 23.449684143066406
			vertex 3.393681049346924 60 25.77756690979004
		endloop
	endfacet
	facet normal -0.09801694439812458 0 -0.9951847459697397
		outer loop
			vertex 1.5369735956192017 60 23.449684143066406
			vertex 3.0673654079437256 60 23.298954010009766
			vertex 1.5369735956192017 3 23.449684143066406
		endloop
	endfacet
	facet normal -0.09801694439812458 0 -0.9951847459697397
		outer loop
			vertex 3.0673654079437256 3 23.298954010009766
			vertex 1.5369735956192017 3 23.449684143066406
			vertex 3.0673654079437256 60 23.298954010009766
		endloop
	endfacet
	facet normal 0 1 0
		outer loop
			vertex 1.5369735956192017 3 23.449684143066406
			vertex 3.0673654079437256 3 23.298954010009766
			vertex 1.1118532419204712 3 16.96360206604004
		endloop
	endfacet
	facet normal 0 1 0
		outer loop
			vertex 2.218945264816284 3 16.854562759399414
			vertex 1.1118532419204712 3 16.96360206604004
			vertex 3.0673654079437256 3 23.298954010009766
		endloop
	endfacet
	facet normal -0.09801737150015044 0 -0.9951847039038542
		outer loop
			vertex 1.1118532419204712 3 16.96360206604004
			vertex 2.218945264816284 3 16.854562759399414
			vertex 1.1118532419204712 0 16.96360206604004
		endloop
	endfacet
	facet normal -0.09801737150015044 0 -0.9951847039038542
		outer loop
			vertex 2.218945264816284 0 16.854562759399414
			vertex 1.1118532419204712 0 16.96360206604004
			vertex 2.218945264816284 3 16.854562759399414
		endloop
	endfacet
	facet normal 0 -1 0
		outer loop
			vertex 1.1118532419204712 0 16.96360206604004
			vertex 2.218945264816284 0 16.854562759399414
			vertex 1.7004814147949219 0 25.944332122802734
		endloop
	endfacet
	facet normal 0 -1 0
		outer loop
			vertex 3.393681049346924 0 25.77756690979004
			vertex 1.7004814147949219 0 25.944332122802734
			vertex 2.218945264816284 0 16.854562759399414
		endloop
	endfacet
	facet normal 0.162895511749074 0 0.9866433257525271
		outer loop
			vertex 3.393681049346924 0 25.77756690979004
			vertex 5.072348594665527 0 25.500417709350586
			vertex 3.393681049346924 60 25.77756690979004
		endloop
	endfacet
	facet normal 0.162895511749074 0 0.9866433257525271
		outer loop
			vertex 5.072348594665527 60 25.500417709350586
			vertex 3.393681049346924 60 25.77756690979004
			vertex 5.072348594665527 0 25.500417709350586
		endloop
	endfacet
	facet normal 0 1 0
		outer loop
			vertex 3.393681049346924 60 25.77756690979004
			vertex 5.072348594665527 60 25.500417709350586
			vertex 3.0673654079437256 60 23.298954010009766
		endloop
	endfacet
	facet normal 0 1 0
		outer loop
			vertex 4.584622383117676 60 23.04845428466797
			vertex 3.0673654079437256 60 23.298954010009766
			vertex 5.072348594665527 60 25.500417709350586
		endloop
	endfacet
	facet normal -0.16289521063904835 0 -0.9866433754659585
		outer loop
			vertex 3.0673654079437256 60 23.298954010009766
			vertex 4.584622383117676 60 23.04845428466797
			vertex 3.0673654079437256 3 23.298954010009766
		endloop
	endfacet
	facet normal -0.16289521063904835 0 -0.9866433754659585
		outer loop
			vertex 4.584622383117676 3 23.04845428466797
			vertex 3.0673654079437256 3 23.298954010009766
			vertex 4.584622383117676 60 23.04845428466797
		endloop
	endfacet
	facet normal 0 1 0
		outer loop
			vertex 3.0673654079437256 3 23.298954010009766
			vertex 4.584622383117676 3 23.04845428466797
			vertex 2.218945264816284 3 16.854562759399414
		endloop
	endfacet
	facet normal 0 1 0
		outer loop
			vertex 3.316535472869873 3 16.673349380493164
			vertex 2.218945264816284 3 16.854562759399414
			vertex 4.584622383117676 3 23.04845428466797
		endloop
	endfacet
	facet normal -0.16289591281316526 0 -0.9866432595364779
		outer loop
			vertex 2.218945264816284 3 16.854562759399414
			vertex 3.316535472869873 3 16.673349380493164
			vertex 2.218945264816284 0 16.854562759399414
		endloop
	endfacet
	facet normal -0.16289591281316526 0 -0.9866432595364779
		outer loop
			vertex 3.316535472869873 0 16.673349380493164
			vertex 2.218945264816284 0 16.854562759399414
			vertex 3.316535472869873 3 16.673349380493164
		endloop
	endfacet
	facet normal 0 -1 0
		outer loop
			vertex 2.218945264816284 0 16.854562759399414
			vertex 3.316535472869873 0 16.673349380493164
			vertex 3.393681049346924 0 25.77756690979004
		endloop
	endfacet
	facet normal 0 -1 0
		outer loop
			vertex 5.072348594665527 0 25.500417709350586
			vertex 3.393681049346924 0 25.77756690979004
			vertex 3.316535472869873 0 16.673349380493164
		endloop
	endfacet
	facet normal 0.22707684443044965 0 0.973876843714599
		outer loop
			vertex 5.072348594665527 0 25.500417709350586
			vertex 6.729295253753662 0 25.114070892333984
			vertex 5.072348594665527 60 25.500417709350586
		endloop
	endfacet
	facet normal 0.22707684443044965 0 0.973876843714599
		outer loop
			vertex 6.729295253753662 60 25.114070892333984
			vertex 5.072348594665527 60 25.500417709350586
			vertex 6.729295253753662 0 25.114070892333984
		endloop
	endfacet
	facet normal 0 1 0
		outer loop
			vertex 5.072348594665527 60 25.500417709350586
			vertex 6.729295253753662 60 25.114070892333984
			vertex 4.584622383117676 60 23.04845428466797
		endloop
	endfacet
	facet normal 0 1 0
		outer loop
			vertex 6.082247734069824 60 22.699256896972656
			vertex 4.584622383117676 60 23.04845428466797
			vertex 6.729295253753662 60 25.114070892333984
		endloop
	endfacet
	facet normal -0.22707634471687507 0 -0.9738769602316419
		outer loop
			vertex 4.584622383117676 60 23.04845428466797
			vertex 6.082247734069824 60 22.699256896972656
			vertex 4.584622383117676 3 23.04845428466797
		endloop
	endfacet
	facet normal -0.22707634471687507 0 -0.9738769602316419
		outer loop
			vertex 6.082247734069824 3 22.699256896972656
			vertex 4.584622383117676 3 23.04845428466797
			vertex 6.082247734069824 60 22.699256896972656
		endloop
	endfacet
	facet normal 0 1 0
		outer loop
			vertex 4.584622383117676 3 23.04845428466797
			vertex 6.082247734069824 3 22.699256896972656
			vertex 3.316535472869873 3 16.673349380493164
		endloop
	endfacet
	facet normal 0 1 0
		outer loop
			vertex 4.399923801422119 3 16.420738220214844
			vertex 3.316535472869873 3 16.673349380493164
			vertex 6.082247734069824 3 22.699256896972656
		endloop
	endfacet
	facet normal -0.22707663127820493 0 -0.9738768934148413
		outer loop
			vertex 3.316535472869873 3 16.673349380493164
			vertex 4.399923801422119 3 16.420738220214844
			vertex 3.316535472869873 0 16.673349380493164
		endloop
	endfacet
	facet normal -0.22707663127820493 0 -0.9738768934148413
		outer loop
			vertex 4.399923801422119 0 16.420738220214844
			vertex 3.316535472869873 0 16.673349380493164
			vertex 4.399923801422119 3 16.420738220214844
		endloop
	endfacet
	facet normal 0 -1 0
		outer loop
			vertex 3.316535472869873 0 16.673349380493164
			vertex 4.399923801422119 0 16.420738220214844
			vertex 5.072348594665527 0 25.500417709350586
		endloop
	endfacet
	facet normal 0 -1 0
		outer loop
			vertex 6.729295253753662 0 25.114070892333984
			vertex 5.072348594665527 0 25.500417709350586
			vertex 4.399923801422119 0 16.420738220214844
		endloop
	endfacet
	facet normal 0.2902841279443559 0 0.9569405023634358
		outer loop
			vertex 6.729295253753662 0 25.114070892333984
			vertex 8.357425689697266 0 24.62018394470215
			vertex 6.729295253753662 60 25.114070892333984
		endloop
	endfacet
	facet normal 0.2902841279443559 0 0.9569405023634358
		outer loop
			vertex 8.357425689697266 60 24.62018394470215
			vertex 6.729295253753662 60 25.114070892333984
			vertex 8.357425689697266 0 24.62018394470215
		endloop
	endfacet
	facet normal 0 1 0
		outer loop
			vertex 6.729295253753662 60 25.114070892333984
			vertex 8.357425689697266 60 24.62018394470215
			vertex 6.082247734069824 60 22.699256896972656
		endloop
	endfacet
	facet normal 0 1 0
		outer loop
			vertex 7.553827285766602 60 22.252857208251953
			vertex 6.082247734069824 60 22.699256896972656
			vertex 8.357425689697266 60 24.62018394470215
		endloop
	endfacet
	facet normal -0.2902852203658986 0 -0.9569401709809876
		outer loop
			vertex 6.082247734069824 60 22.699256896972656
			vertex 7.553827285766602 60 22.252857208251953
			vertex 6.082247734069824 3 22.699256896972656
		endloop
	endfacet
	facet normal -0.2902852203658986 0 -0.9569401709809876
		outer loop
			vertex 7.553827285766602 3 22.252857208251953
			vertex 6.082247734069824 3 22.699256896972656
			vertex 7.553827285766602 60 22.252857208251953
		endloop
	endfacet
	facet normal 0 1 0
		outer loop
			vertex 6.082247734069824 3 22.699256896972656
			vertex 7.553827285766602 3 22.252857208251953
			vertex 4.399923801422119 3 16.420738220214844
		endloop
	endfacet
	facet normal 0 1 0
		outer loop
			vertex 5.464470863342285 3 16.09781265258789
			vertex 4.399923801422119 3 16.420738220214844
			vertex 7.553827285766602 3 22.252857208251953
		endloop
	endfacet
	facet normal -0.29028364569765147 0 -0.9569406486509393
		outer loop
			vertex 4.399923801422119 3 16.420738220214844
			vertex 5.464470863342285 3 16.09781265258789
			vertex 4.399923801422119 0 16.420738220214844
		endloop
	endfacet
	facet normal -0.29028364569765147 0 -0.9569406486509393
		outer loop
			vertex 5.464470863342285 0 16.09781265258789
			vertex 4.399923801422119 0 16.420738220214844
			vertex 5.464470863342285 3 16.09781265258789
		endloop
	endfacet
	facet normal 0 -1 0
		outer loop
			vertex 4.399923801422119 0 16.420738220214844
			vertex 5.464470863342285 0 16.09781265258789
			vertex 6.729295253753662 0 25.114070892333984
		endloop
	endfacet
	facet normal 0 -1 0
		outer loop
			vertex 8.357425689697266 0 24.62018394470215
			vertex 6.729295253753662 0 25.114070892333984
			vertex 5.464470863342285 0 16.09781265258789
		endloop
	endfacet
	facet normal 0.3522500744011758 0 0.9359059167909808
		outer loop
			vertex 8.357425689697266 0 24.62018394470215
			vertex 9.949769020080566 0 24.0208683013916
			vertex 8.357425689697266 60 24.62018394470215
		endloop
	endfacet
	facet normal 0.3522500744011758 0 0.9359059167909808
		outer loop
			vertex 9.949769020080566 60 24.0208683013916
			vertex 8.357425689697266 60 24.62018394470215
			vertex 9.949769020080566 0 24.0208683013916
		endloop
	endfacet
	facet normal 0 1 0
		outer loop
			vertex 8.357425689697266 60 24.62018394470215
			vertex 9.949769020080566 60 24.0208683013916
			vertex 7.553827285766602 60 22.252857208251953
		endloop
	endfacet
	facet normal 0 1 0
		outer loop
			vertex 8.993061065673828 60 21.71116828918457
			vertex 7.553827285766602 60 22.252857208251953
			vertex 9.949769020080566 60 24.0208683013916
		endloop
	endfacet
	facet normal -0.3522498664799024 0 -0.9359059950469871
		outer loop
			vertex 7.553827285766602 60 22.252857208251953
			vertex 8.993061065673828 60 21.71116828918457
			vertex 7.553827285766602 3 22.252857208251953
		endloop
	endfacet
	facet normal -0.3522498664799024 0 -0.9359059950469871
		outer loop
			vertex 8.993061065673828 3 21.71116828918457
			vertex 7.553827285766602 3 22.252857208251953
			vertex 8.993061065673828 60 21.71116828918457
		endloop
	endfacet
	facet normal 0 1 0
		outer loop
			vertex 7.553827285766602 3 22.252857208251953
			vertex 8.993061065673828 3 21.71116828918457
			vertex 5.464470863342285 3 16.09781265258789
		endloop
	endfacet
	facet normal 0 1 0
		outer loop
			vertex 6.505618572235107 3 15.705951690673828
			vertex 5.464470863342285 3 16.09781265258789
			vertex 8.993061065673828 3 21.71116828918457
		endloop
	endfacet
	facet normal -0.3522506085392994 0 -0.9359057157554352
		outer loop
			vertex 5.464470863342285 3 16.09781265258789
			vertex 6.505618572235107 3 15.705951690673828
			vertex 5.464470863342285 0 16.09781265258789
		endloop
	endfacet
	facet normal -0.3522506085392994 0 -0.9359057157554352
		outer loop
			vertex 6.505618572235107 0 15.705951690673828
			vertex 5.464470863342285 0 16.09781265258789
			vertex 6.505618572235107 3 15.705951690673828
		endloop
	endfacet
	facet normal 0 -1 0
		outer loop
			vertex 5.464470863342285 0 16.09781265258789
			vertex 6.505618572235107 0 15.705951690673828
			vertex 8.357425689697266 0 24.62018394470215
		endloop
	endfacet
	facet normal 0 -1 0
		outer loop
			vertex 9.949769020080566 0 24.0208683013916
			vertex 8.357425689697266 0 24.62018394470215
			vertex 6.505618572235107 0 15.705951690673828
		endloop
	endfacet
	facet normal 0.41270720479677553 0 0.9108637456331394
		outer loop
			vertex 9.949769020080566 0 24.0208683013916
			vertex 11.499505996704102 0 23.31869125366211
			vertex 9.949769020080566 60 24.0208683013916
		endloop
	endfacet
	facet normal 0.41270720479677553 0 0.9108637456331394
		outer loop
			vertex 11.499505996704102 60 23.31869125366211
			vertex 9.949769020080566 60 24.0208683013916
			vertex 11.499505996704102 0 23.31869125366211
		endloop
	endfacet
	facet normal 0 1 0
		outer loop
			vertex 9.949769020080566 60 24.0208683013916
			vertex 11.499505996704102 60 23.31869125366211
			vertex 8.993061065673828 60 21.71116828918457
		endloop
	endfacet
	facet normal 0 1 0
		outer loop
			vertex 10.393784523010254 60 21.076509475708008
			vertex 8.993061065673828 60 21.71116828918457
			vertex 11.499505996704102 60 23.31869125366211
		endloop
	endfacet
	facet normal -0.41270663692519044 0 -0.9108640029323253
		outer loop
			vertex 8.993061065673828 60 21.71116828918457
			vertex 10.393784523010254 60 21.076509475708008
			vertex 8.993061065673828 3 21.71116828918457
		endloop
	endfacet
	facet normal -0.41270663692519044 0 -0.9108640029323253
		outer loop
			vertex 10.393784523010254 3 21.076509475708008
			vertex 8.993061065673828 3 21.71116828918457
			vertex 10.393784523010254 60 21.076509475708008
		endloop
	endfacet
	facet normal 0 1 0
		outer loop
			vertex 8.993061065673828 3 21.71116828918457
			vertex 10.393784523010254 3 21.076509475708008
			vertex 6.505618572235107 3 15.705951690673828
		endloop
	endfacet
	facet normal 0 1 0
		outer loop
			vertex 7.51890754699707 3 15.24683666229248
			vertex 6.505618572235107 3 15.705951690673828
			vertex 10.393784523010254 3 21.076509475708008
		endloop
	endfacet
	facet normal -0.41270685599339935 0 -0.9108639036738935
		outer loop
			vertex 6.505618572235107 3 15.705951690673828
			vertex 7.51890754699707 3 15.24683666229248
			vertex 6.505618572235107 0 15.705951690673828
		endloop
	endfacet
	facet normal -0.41270685599339935 0 -0.9108639036738935
		outer loop
			vertex 7.51890754699707 0 15.24683666229248
			vertex 6.505618572235107 0 15.705951690673828
			vertex 7.51890754699707 3 15.24683666229248
		endloop
	endfacet
	facet normal 0 -1 0
		outer loop
			vertex 6.505618572235107 0 15.705951690673828
			vertex 7.51890754699707 0 15.24683666229248
			vertex 9.949769020080566 0 24.0208683013916
		endloop
	endfacet
	facet normal 0 -1 0
		outer loop
			vertex 11.499505996704102 0 23.31869125366211
			vertex 9.949769020080566 0 24.0208683013916
			vertex 7.51890754699707 0 15.24683666229248
		endloop
	endfacet
	facet normal 0.47139664958668875 0 0.8819213109787317
		outer loop
			vertex 11.499505996704102 0 23.31869125366211
			vertex 13 0 22.516660690307617
			vertex 11.499505996704102 60 23.31869125366211
		endloop
	endfacet
	facet normal 0.47139664958668875 0 0.8819213109787317
		outer loop
			vertex 13 60 22.516660690307617
			vertex 11.499505996704102 60 23.31869125366211
			vertex 13 0 22.516660690307617
		endloop
	endfacet
	facet normal 0 1 0
		outer loop
			vertex 11.499505996704102 60 23.31869125366211
			vertex 13 60 22.516660690307617
			vertex 10.393784523010254 60 21.076509475708008
		endloop
	endfacet
	facet normal 0 1 0
		outer loop
			vertex 11.75 60 20.35159683227539
			vertex 10.393784523010254 60 21.076509475708008
			vertex 13 60 22.516660690307617
		endloop
	endfacet
	facet normal -0.47139692307035486 0 -0.8819211647986469
		outer loop
			vertex 10.393784523010254 60 21.076509475708008
			vertex 11.75 60 20.35159683227539
			vertex 10.393784523010254 3 21.076509475708008
		endloop
	endfacet
	facet normal -0.47139692307035486 0 -0.8819211647986469
		outer loop
			vertex 11.75 3 20.35159683227539
			vertex 10.393784523010254 3 21.076509475708008
			vertex 11.75 60 20.35159683227539
		endloop
	endfacet
	facet normal 0 1 0
		outer loop
			vertex 10.393784523010254 3 21.076509475708008
			vertex 11.75 3 20.35159683227539
			vertex 7.51890754699707 3 15.24683666229248
		endloop
	endfacet
	facet normal 0 1 0
		outer loop
			vertex 8.5 3 14.722432136535645
			vertex 7.51890754699707 3 15.24683666229248
			vertex 11.75 3 20.35159683227539
		endloop
	endfacet
	facet normal -0.47139651605035304 0 -0.8819213823553601
		outer loop
			vertex 7.51890754699707 3 15.24683666229248
			vertex 8.5 3 14.722432136535645
			vertex 7.51890754699707 0 15.24683666229248
		endloop
	endfacet
	facet normal -0.47139651605035304 0 -0.8819213823553601
		outer loop
			vertex 8.5 0 14.722432136535645
			vertex 7.51890754699707 0 15.24683666229248
			vertex 8.5 3 14.722432136535645
		endloop
	endfacet
	facet normal 0 -1 0
		outer loop
			vertex 7.51890754699707 0 15.24683666229248
			vertex 8.5 0 14.722432136535645
			vertex 11.499505996704102 0 23.31869125366211
		endloop
	endfacet
	facet normal 0 -1 0
		outer loop
			vertex 13 0 22.516660690307617
			vertex 11.499505996704102 0 23.31869125366211
			vertex 8.5 0 14.722432136535645
		endloop
	endfacet
	facet normal 0.5280679485108016 0 0.8492021206730429
		outer loop
			vertex 13 0 22.516660690307617
			vertex 14.444826126098633 0 21.618209838867188
			vertex 13 60 22.516660690307617
		endloop
	endfacet
	facet normal 0.5280679485108016 0 0.8492021206730429
		outer loop
			vertex 14.444826126098633 60 21.618209838867188
			vertex 13 60 22.516660690307617
			vertex 14.444826126098633 0 21.618209838867188
		endloop
	endfacet
	facet normal 0 1 0
		outer loop
			vertex 13 60 22.516660690307617
			vertex 14.444826126098633 60 21.618209838867188
			vertex 11.75 60 20.35159683227539
		endloop
	endfacet
	facet normal 0 1 0
		outer loop
			vertex 13.055900573730469 60 19.539535522460938
			vertex 11.75 60 20.35159683227539
			vertex 14.444826126098633 60 21.618209838867188
		endloop
	endfacet
	facet normal -0.5280679206137768 0 -0.8492021380205316
		outer loop
			vertex 11.75 60 20.35159683227539
			vertex 13.055900573730469 60 19.539535522460938
			vertex 11.75 3 20.35159683227539
		endloop
	endfacet
	facet normal -0.5280679206137768 0 -0.8492021380205316
		outer loop
			vertex 13.055900573730469 3 19.539535522460938
			vertex 11.75 3 20.35159683227539
			vertex 13.055900573730469 60 19.539535522460938
		endloop
	endfacet
	facet normal 0 1 0
		outer loop
			vertex 11.75 3 20.35159683227539
			vertex 13.055900573730469 3 19.539535522460938
			vertex 8.5 3 14.722432136535645
		endloop
	endfacet
	facet normal 0 1 0
		outer loop
			vertex 9.444693565368652 3 14.13498306274414
			vertex 8.5 3 14.722432136535645
			vertex 13.055900573730469 3 19.539535522460938
		endloop
	endfacet
	facet normal -0.5280684112731928 0 -0.8492018329086474
		outer loop
			vertex 8.5 3 14.722432136535645
			vertex 9.444693565368652 3 14.13498306274414
			vertex 8.5 0 14.722432136535645
		endloop
	endfacet
	facet normal -0.5280684112731928 0 -0.8492018329086474
		outer loop
			vertex 9.444693565368652 0 14.13498306274414
			vertex 8.5 0 14.722432136535645
			vertex 9.444693565368652 3 14.13498306274414
		endloop
	endfacet
	facet normal 0 -1 0
		outer loop
			vertex 8.5 0 14.722432136535645
			vertex 9.444693565368652 0 14.13498306274414
			vertex 13 0 22.516660690307617
		endloop
	endfacet
	facet normal 0 -1 0
		outer loop
			vertex 14.444826126098633 0 21.618209838867188
			vertex 13 0 22.516660690307617
			vertex 9.444693565368652 0 14.13498306274414
		endloop
	endfacet
	facet normal 0.5824774026913557 0 0.8128468953953951
		outer loop
			vertex 14.444826126098633 0 21.618209838867188
			vertex 15.827796936035156 0 20.627187728881836
			vertex 14.444826126098633 60 21.618209838867188
		endloop
	endfacet
	facet normal 0.5824774026913557 0 0.8128468953953951
		outer loop
			vertex 15.827796936035156 60 20.627187728881836
			vertex 14.444826126098633 60 21.618209838867188
			vertex 15.827796936035156 0 20.627187728881836
		endloop
	endfacet
	facet normal 0 1 0
		outer loop
			vertex 14.444826126098633 60 21.618209838867188
			vertex 15.827796936035156 60 20.627187728881836
			vertex 13.055900573730469 60 19.539535522460938
		endloop
	endfacet
	facet normal 0 1 0
		outer loop
			vertex 14.305893898010254 60 18.643802642822266
			vertex 13.055900573730469 60 19.539535522460938
			vertex 15.827796936035156 60 20.627187728881836
		endloop
	endfacet
	facet normal -0.58247783898532 0 -0.8128465827516234
		outer loop
			vertex 13.055900573730469 60 19.539535522460938
			vertex 14.305893898010254 60 18.643802642822266
			vertex 13.055900573730469 3 19.539535522460938
		endloop
	endfacet
	facet normal -0.58247783898532 0 -0.8128465827516234
		outer loop
			vertex 14.305893898010254 3 18.643802642822266
			vertex 13.055900573730469 3 19.539535522460938
			vertex 14.305893898010254 60 18.643802642822266
		endloop
	endfacet
	facet normal 0 1 0
		outer loop
			vertex 13.055900573730469 3 19.539535522460938
			vertex 14.305893898010254 3 18.643802642822266
			vertex 9.444693565368652 3 14.13498306274414
		endloop
	endfacet
	facet normal 0 1 0
		outer loop
			vertex 10.348944664001465 3 13.487007141113281
			vertex 9.444693565368652 3 14.13498306274414
			vertex 14.305893898010254 3 18.643802642822266
		endloop
	endfacet
	facet normal -0.5824769532311266 0 -0.8128472174736062
		outer loop
			vertex 9.444693565368652 3 14.13498306274414
			vertex 10.348944664001465 3 13.487007141113281
			vertex 9.444693565368652 0 14.13498306274414
		endloop
	endfacet
	facet normal -0.5824769532311266 0 -0.8128472174736062
		outer loop
			vertex 10.348944664001465 0 13.487007141113281
			vertex 9.444693565368652 0 14.13498306274414
			vertex 10.348944664001465 3 13.487007141113281
		endloop
	endfacet
	facet normal 0 -1 0
		outer loop
			vertex 9.444693565368652 0 14.13498306274414
			vertex 10.348944664001465 0 13.487007141113281
			vertex 14.444826126098633 0 21.618209838867188
		endloop
	endfacet
	facet normal 0 -1 0
		outer loop
			vertex 15.827796936035156 0 20.627187728881836
			vertex 14.444826126098633 0 21.618209838867188
			vertex 10.348944664001465 0 13.487007141113281
		endloop
	endfacet
	facet normal 0.6343935024724109 0 0.7730102742013117
		outer loop
			vertex 15.827796936035156 0 20.627187728881836
			vertex 17.14299201965332 0 19.547834396362305
			vertex 15.827796936035156 60 20.627187728881836
		endloop
	endfacet
	facet normal 0.6343935024724109 0 0.7730102742013117
		outer loop
			vertex 17.14299201965332 60 19.547834396362305
			vertex 15.827796936035156 60 20.627187728881836
			vertex 17.14299201965332 0 19.547834396362305
		endloop
	endfacet
	facet normal 0 1 0
		outer loop
			vertex 15.827796936035156 60 20.627187728881836
			vertex 17.14299201965332 60 19.547834396362305
			vertex 14.305893898010254 60 18.643802642822266
		endloop
	endfacet
	facet normal 0 1 0
		outer loop
			vertex 15.494626998901367 60 17.668235778808594
			vertex 14.305893898010254 60 18.643802642822266
			vertex 17.14299201965332 60 19.547834396362305
		endloop
	endfacet
	facet normal -0.6343928257088484 0 -0.7730108296066383
		outer loop
			vertex 14.305893898010254 60 18.643802642822266
			vertex 15.494626998901367 60 17.668235778808594
			vertex 14.305893898010254 3 18.643802642822266
		endloop
	endfacet
	facet normal -0.6343928257088484 0 -0.7730108296066383
		outer loop
			vertex 15.494626998901367 3 17.668235778808594
			vertex 14.305893898010254 3 18.643802642822266
			vertex 15.494626998901367 60 17.668235778808594
		endloop
	endfacet
	facet normal 0 1 0
		outer loop
			vertex 14.305893898010254 3 18.643802642822266
			vertex 15.494626998901367 3 17.668235778808594
			vertex 10.348944664001465 3 13.487007141113281
		endloop
	endfacet
	facet normal 0 1 0
		outer loop
			vertex 11.208878517150879 3 12.78127670288086
			vertex 10.348944664001465 3 13.487007141113281
			vertex 15.494626998901367 3 17.668235778808594
		endloop
	endfacet
	facet normal -0.6343938016680807 0 -0.7730100286575331
		outer loop
			vertex 10.348944664001465 3 13.487007141113281
			vertex 11.208878517150879 3 12.78127670288086
			vertex 10.348944664001465 0 13.487007141113281
		endloop
	endfacet
	facet normal -0.6343938016680807 0 -0.7730100286575331
		outer loop
			vertex 11.208878517150879 0 12.78127670288086
			vertex 10.348944664001465 0 13.487007141113281
			vertex 11.208878517150879 3 12.78127670288086
		endloop
	endfacet
	facet normal 0 -1 0
		outer loop
			vertex 10.348944664001465 0 13.487007141113281
			vertex 11.208878517150879 0 12.78127670288086
			vertex 15.827796936035156 0 20.627187728881836
		endloop
	endfacet
	facet normal 0 -1 0
		outer loop
			vertex 17.14299201965332 0 19.547834396362305
			vertex 15.827796936035156 0 20.627187728881836
			vertex 11.208878517150879 0 12.78127670288086
		endloop
	endfacet
	facet normal 0.6835918975366246 0 0.729864451540337
		outer loop
			vertex 17.14299201965332 0 19.547834396362305
			vertex 18.384777069091797 0 18.384777069091797
			vertex 17.14299201965332 60 19.547834396362305
		endloop
	endfacet
	facet normal 0.6835918975366246 0 0.729864451540337
		outer loop
			vertex 18.384777069091797 60 18.384777069091797
			vertex 17.14299201965332 60 19.547834396362305
			vertex 18.384777069091797 0 18.384777069091797
		endloop
	endfacet
	facet normal 0 1 0
		outer loop
			vertex 17.14299201965332 60 19.547834396362305
			vertex 18.384777069091797 60 18.384777069091797
			vertex 15.494626998901367 60 17.668235778808594
		endloop
	endfacet
	facet normal 0 1 0
		outer loop
			vertex 16.61701011657715 60 16.61701011657715
			vertex 15.494626998901367 60 17.668235778808594
			vertex 18.384777069091797 60 18.384777069091797
		endloop
	endfacet
	facet normal -0.6835920096575697 0 -0.7298643465277127
		outer loop
			vertex 15.494626998901367 60 17.668235778808594
			vertex 16.61701011657715 60 16.61701011657715
			vertex 15.494626998901367 3 17.668235778808594
		endloop
	endfacet
	facet normal -0.6835920096575697 0 -0.7298643465277127
		outer loop
			vertex 16.61701011657715 3 16.61701011657715
			vertex 15.494626998901367 3 17.668235778808594
			vertex 16.61701011657715 60 16.61701011657715
		endloop
	endfacet
	facet normal 0 1 0
		outer loop
			vertex 15.494626998901367 3 17.668235778808594
			vertex 16.61701011657715 3 16.61701011657715
			vertex 11.208878517150879 3 12.78127670288086
		endloop
	endfacet
	facet normal 0 1 0
		outer loop
			vertex 12.020814895629883 3 12.020814895629883
			vertex 11.208878517150879 3 12.78127670288086
			vertex 16.61701011657715 3 16.61701011657715
		endloop
	endfacet
	facet normal -0.6835924947228629 0 -0.7298638922145503
		outer loop
			vertex 11.208878517150879 3 12.78127670288086
			vertex 12.020814895629883 3 12.020814895629883
			vertex 11.208878517150879 0 12.78127670288086
		endloop
	endfacet
	facet normal -0.6835924947228629 0 -0.7298638922145503
		outer loop
			vertex 12.020814895629883 0 12.020814895629883
			vertex 11.208878517150879 0 12.78127670288086
			vertex 12.020814895629883 3 12.020814895629883
		endloop
	endfacet
	facet normal 0 -1 0
		outer loop
			vertex 11.208878517150879 0 12.78127670288086
			vertex 12.020814895629883 0 12.020814895629883
			vertex 17.14299201965332 0 19.547834396362305
		endloop
	endfacet
	facet normal 0 -1 0
		outer loop
			vertex 18.384777069091797 0 18.384777069091797
			vertex 17.14299201965332 0 19.547834396362305
			vertex 12.020814895629883 0 12.020814895629883
		endloop
	endfacet
	facet normal 0.729864451540337 0 0.6835918975366246
		outer loop
			vertex 18.384777069091797 0 18.384777069091797
			vertex 19.547834396362305 0 17.14299201965332
			vertex 18.384777069091797 60 18.384777069091797
		endloop
	endfacet
	facet normal 0.729864451540337 0 0.6835918975366246
		outer loop
			vertex 19.547834396362305 60 17.14299201965332
			vertex 18.384777069091797 60 18.384777069091797
			vertex 19.547834396362305 0 17.14299201965332
		endloop
	endfacet
	facet normal 0 1 0
		outer loop
			vertex 18.384777069091797 60 18.384777069091797
			vertex 19.547834396362305 60 17.14299201965332
			vertex 16.61701011657715 60 16.61701011657715
		endloop
	endfacet
	facet normal 0 1 0
		outer loop
			vertex 17.668235778808594 60 15.494626998901367
			vertex 16.61701011657715 60 16.61701011657715
			vertex 19.547834396362305 60 17.14299201965332
		endloop
	endfacet
	facet normal -0.7298643465277127 0 -0.6835920096575697
		outer loop
			vertex 16.61701011657715 60 16.61701011657715
			vertex 17.668235778808594 60 15.494626998901367
			vertex 16.61701011657715 3 16.61701011657715
		endloop
	endfacet
	facet normal -0.7298643465277127 0 -0.6835920096575697
		outer loop
			vertex 17.668235778808594 3 15.494626998901367
			vertex 16.61701011657715 3 16.61701011657715
			vertex 17.668235778808594 60 15.494626998901367
		endloop
	endfacet
	facet normal 0 1 0
		outer loop
			vertex 16.61701011657715 3 16.61701011657715
			vertex 17.668235778808594 3 15.494626998901367
			vertex 12.020814895629883 3 12.020814895629883
		endloop
	endfacet
	facet normal 0 1 0
		outer loop
			vertex 12.78127670288086 3 11.208878517150879
			vertex 12.020814895629883 3 12.020814895629883
			vertex 17.668235778808594 3 15.494626998901367
		endloop
	endfacet
	facet normal -0.7298638922145503 0 -0.6835924947228629
		outer loop
			vertex 12.020814895629883 3 12.020814895629883
			vertex 12.78127670288086 3 11.208878517150879
			vertex 12.020814895629883 0 12.020814895629883
		endloop
	endfacet
	facet normal -0.7298638922145503 0 -0.6835924947228629
		outer loop
			vertex 12.78127670288086 0 11.208878517150879
			vertex 12.020814895629883 0 12.020814895629883
			vertex 12.78127670288086 3 11.208878517150879
		endloop
	endfacet
	facet normal 0 -1 0
		outer loop
			vertex 12.020814895629883 0 12.020814895629883
			vertex 12.78127670288086 0 11.208878517150879
			vertex 18.384777069091797 0 18.384777069091797
		endloop
	endfacet
	facet normal 0 -1 0
		outer loop
			vertex 19.547834396362305 0 17.14299201965332
			vertex 18.384777069091797 0 18.384777069091797
			vertex 12.78127670288086 0 11.208878517150879
		endloop
	endfacet
	facet normal 0.7730102742013117 0 0.6343935024724109
		outer loop
			vertex 19.547834396362305 0 17.14299201965332
			vertex 20.627187728881836 0 15.827796936035156
			vertex 19.547834396362305 60 17.14299201965332
		endloop
	endfacet
	facet normal 0.7730102742013117 0 0.6343935024724109
		outer loop
			vertex 20.627187728881836 60 15.827796936035156
			vertex 19.547834396362305 60 17.14299201965332
			vertex 20.627187728881836 0 15.827796936035156
		endloop
	endfacet
	facet normal 0 1 0
		outer loop
			vertex 19.547834396362305 60 17.14299201965332
			vertex 20.627187728881836 60 15.827796936035156
			vertex 17.668235778808594 60 15.494626998901367
		endloop
	endfacet
	facet normal 0 1 0
		outer loop
			vertex 18.643802642822266 60 14.305893898010254
			vertex 17.668235778808594 60 15.494626998901367
			vertex 20.627187728881836 60 15.827796936035156
		endloop
	endfacet
	facet normal -0.7730108296066383 0 -0.6343928257088484
		outer loop
			vertex 17.668235778808594 60 15.494626998901367
			vertex 18.643802642822266 60 14.305893898010254
			vertex 17.668235778808594 3 15.494626998901367
		endloop
	endfacet
	facet normal -0.7730108296066383 0 -0.6343928257088484
		outer loop
			vertex 18.643802642822266 3 14.305893898010254
			vertex 17.668235778808594 3 15.494626998901367
			vertex 18.643802642822266 60 14.305893898010254
		endloop
	endfacet
	facet normal 0 1 0
		outer loop
			vertex 17.668235778808594 3 15.494626998901367
			vertex 18.643802642822266 3 14.305893898010254
			vertex 12.78127670288086 3 11.208878517150879
		endloop
	endfacet
	facet normal 0 1 0
		outer loop
			vertex 13.487007141113281 3 10.348944664001465
			vertex 12.78127670288086 3 11.208878517150879
			vertex 18.643802642822266 3 14.305893898010254
		endloop
	endfacet
	facet normal -0.7730100286575331 0 -0.6343938016680807
		outer loop
			vertex 12.78127670288086 3 11.208878517150879
			vertex 13.487007141113281 3 10.348944664001465
			vertex 12.78127670288086 0 11.208878517150879
		endloop
	endfacet
	facet normal -0.7730100286575331 0 -0.6343938016680807
		outer loop
			vertex 13.487007141113281 0 10.348944664001465
			vertex 12.78127670288086 0 11.208878517150879
			vertex 13.487007141113281 3 10.348944664001465
		endloop
	endfacet
	facet normal 0 -1 0
		outer loop
			vertex 12.78127670288086 0 11.208878517150879
			vertex 13.487007141113281 0 10.348944664001465
			vertex 19.547834396362305 0 17.14299201965332
		endloop
	endfacet
	facet normal 0 -1 0
		outer loop
			vertex 20.627187728881836 0 15.827796936035156
			vertex 19.547834396362305 0 17.14299201965332
			vertex 13.487007141113281 0 10.348944664001465
		endloop
	endfacet
	facet normal 0.8128468953953951 0 0.5824774026913557
		outer loop
			vertex 20.627187728881836 0 15.827796936035156
			vertex 21.618209838867188 0 14.444826126098633
			vertex 20.627187728881836 60 15.827796936035156
		endloop
	endfacet
	facet normal 0.8128468953953951 0 0.5824774026913557
		outer loop
			vertex 21.618209838867188 60 14.444826126098633
			vertex 20.627187728881836 60 15.827796936035156
			vertex 21.618209838867188 0 14.444826126098633
		endloop
	endfacet
	facet normal 0 1 0
		outer loop
			vertex 20.627187728881836 60 15.827796936035156
			vertex 21.618209838867188 60 14.444826126098633
			vertex 18.643802642822266 60 14.305893898010254
		endloop
	endfacet
	facet normal 0 1 0
		outer loop
			vertex 19.539535522460938 60 13.055900573730469
			vertex 18.643802642822266 60 14.305893898010254
			vertex 21.618209838867188 60 14.444826126098633
		endloop
	endfacet
	facet normal -0.8128465827516234 0 -0.58247783898532
		outer loop
			vertex 18.643802642822266 60 14.305893898010254
			vertex 19.539535522460938 60 13.055900573730469
			vertex 18.643802642822266 3 14.305893898010254
		endloop
	endfacet
	facet normal -0.8128465827516234 0 -0.58247783898532
		outer loop
			vertex 19.539535522460938 3 13.055900573730469
			vertex 18.643802642822266 3 14.305893898010254
			vertex 19.539535522460938 60 13.055900573730469
		endloop
	endfacet
	facet normal 0 1 0
		outer loop
			vertex 18.643802642822266 3 14.305893898010254
			vertex 19.539535522460938 3 13.055900573730469
			vertex 13.487007141113281 3 10.348944664001465
		endloop
	endfacet
	facet normal 0 1 0
		outer loop
			vertex 14.13498306274414 3 9.444693565368652
			vertex 13.487007141113281 3 10.348944664001465
			vertex 19.539535522460938 3 13.055900573730469
		endloop
	endfacet
	facet normal -0.8128472174736062 0 -0.5824769532311266
		outer loop
			vertex 13.487007141113281 3 10.348944664001465
			vertex 14.13498306274414 3 9.444693565368652
			vertex 13.487007141113281 0 10.348944664001465
		endloop
	endfacet
	facet normal -0.8128472174736062 0 -0.5824769532311266
		outer loop
			vertex 14.13498306274414 0 9.444693565368652
			vertex 13.487007141113281 0 10.348944664001465
			vertex 14.13498306274414 3 9.444693565368652
		endloop
	endfacet
	facet normal 0 -1 0
		outer loop
			vertex 13.487007141113281 0 10.348944664001465
			vertex 14.13498306274414 0 9.444693565368652
			vertex 20.627187728881836 0 15.827796936035156
		endloop
	endfacet
	facet normal 0 -1 0
		outer loop
			vertex 21.618209838867188 0 14.444826126098633
			vertex 20.627187728881836 0 15.827796936035156
			vertex 14.13498306274414 0 9.444693565368652
		endloop
	endfacet
	facet normal 0.8492021206730429 0 0.5280679485108016
		outer loop
			vertex 21.618209838867188 0 14.444826126098633
			vertex 22.516660690307617 0 13
			vertex 21.618209838867188 60 14.444826126098633
		endloop
	endfacet
	facet normal 0.8492021206730429 0 0.5280679485108016
		outer loop
			vertex 22.516660690307617 60 13
			vertex 21.618209838867188 60 14.444826126098633
			vertex 22.516660690307617 0 13
		endloop
	endfacet
	facet normal 0 1 0
		outer loop
			vertex 21.618209838867188 60 14.444826126098633
			vertex 22.516660690307617 60 13
			vertex 19.539535522460938 60 13.055900573730469
		endloop
	endfacet
	facet normal 0 1 0
		outer loop
			vertex 20.35159683227539 60 11.75
			vertex 19.539535522460938 60 13.055900573730469
			vertex 22.516660690307617 60 13
		endloop
	endfacet
	facet normal -0.8492021380205316 0 -0.5280679206137768
		outer loop
			vertex 19.539535522460938 60 13.055900573730469
			vertex 20.35159683227539 60 11.75
			vertex 19.539535522460938 3 13.055900573730469
		endloop
	endfacet
	facet normal -0.8492021380205316 0 -0.5280679206137768
		outer loop
			vertex 20.35159683227539 3 11.75
			vertex 19.539535522460938 3 13.055900573730469
			vertex 20.35159683227539 60 11.75
		endloop
	endfacet
	facet normal 0 1 0
		outer loop
			vertex 19.539535522460938 3 13.055900573730469
			vertex 20.35159683227539 3 11.75
			vertex 14.13498306274414 3 9.444693565368652
		endloop
	endfacet
	facet normal 0 1 0
		outer loop
			vertex 14.722432136535645 3 8.5
			vertex 14.13498306274414 3 9.444693565368652
			vertex 20.35159683227539 3 11.75
		endloop
	endfacet
	facet normal -0.8492018329086474 0 -0.5280684112731928
		outer loop
			vertex 14.13498306274414 3 9.444693565368652
			vertex 14.722432136535645 3 8.5
			vertex 14.13498306274414 0 9.444693565368652
		endloop
	endfacet
	facet normal -0.8492018329086474 0 -0.5280684112731928
		outer loop
			vertex 14.722432136535645 0 8.5
			vertex 14.13498306274414 0 9.444693565368652
			vertex 14.722432136535645 3 8.5
		endloop
	endfacet
	facet normal 0 -1 0
		outer loop
			vertex 14.13498306274414 0 9.444693565368652
			vertex 14.722432136535645 0 8.5
			vertex 21.618209838867188 0 14.444826126098633
		endloop
	endfacet
	facet normal 0 -1 0
		outer loop
			vertex 22.516660690307617 0 13
			vertex 21.618209838867188 0 14.444826126098633
			vertex 14.722432136535645 0 8.5
		endloop
	endfacet
	facet normal 0.8819213109787317 0 0.47139664958668875
		outer loop
			vertex 22.516660690307617 0 13
			vertex 23.31869125366211 0 11.499505996704102
			vertex 22.516660690307617 60 13
		endloop
	endfacet
	facet normal 0.8819213109787317 0 0.47139664958668875
		outer loop
			vertex 23.31869125366211 60 11.499505996704102
			vertex 22.516660690307617 60 13
			vertex 23.31869125366211 0 11.499505996704102
		endloop
	endfacet
	facet normal 0 1 0
		outer loop
			vertex 22.516660690307617 60 13
			vertex 23.31869125366211 60 11.499505996704102
			vertex 20.35159683227539 60 11.75
		endloop
	endfacet
	facet normal 0 1 0
		outer loop
			vertex 21.076509475708008 60 10.393784523010254
			vertex 20.35159683227539 60 11.75
			vertex 23.31869125366211 60 11.499505996704102
		endloop
	endfacet
	facet normal -0.8819211647986469 0 -0.47139692307035486
		outer loop
			vertex 20.35159683227539 60 11.75
			vertex 21.076509475708008 60 10.393784523010254
			vertex 20.35159683227539 3 11.75
		endloop
	endfacet
	facet normal -0.8819211647986469 0 -0.47139692307035486
		outer loop
			vertex 21.076509475708008 3 10.393784523010254
			vertex 20.35159683227539 3 11.75
			vertex 21.076509475708008 60 10.393784523010254
		endloop
	endfacet
	facet normal 0 1 0
		outer loop
			vertex 20.35159683227539 3 11.75
			vertex 21.076509475708008 3 10.393784523010254
			vertex 14.722432136535645 3 8.5
		endloop
	endfacet
	facet normal 0 1 0
		outer loop
			vertex 15.24683666229248 3 7.51890754699707
			vertex 14.722432136535645 3 8.5
			vertex 21.076509475708008 3 10.393784523010254
		endloop
	endfacet
	facet normal -0.8819213823553601 0 -0.47139651605035304
		outer loop
			vertex 14.722432136535645 3 8.5
			vertex 15.24683666229248 3 7.51890754699707
			vertex 14.722432136535645 0 8.5
		endloop
	endfacet
	facet normal -0.8819213823553601 0 -0.47139651605035304
		outer loop
			vertex 15.24683666229248 0 7.51890754699707
			vertex 14.722432136535645 0 8.5
			vertex 15.24683666229248 3 7.51890754699707
		endloop
	endfacet
	facet normal 0 -1 0
		outer loop
			vertex 14.722432136535645 0 8.5
			vertex 15.24683666229248 0 7.51890754699707
			vertex 22.516660690307617 0 13
		endloop
	endfacet
	facet normal 0 -1 0
		outer loop
			vertex 23.31869125366211 0 11.499505996704102
			vertex 22.516660690307617 0 13
			vertex 15.24683666229248 0 7.51890754699707
		endloop
	endfacet
	facet normal 0.9108637456331394 0 0.41270720479677553
		outer loop
			vertex 23.31869125366211 0 11.499505996704102
			vertex 24.0208683013916 0 9.949769020080566
			vertex 23.31869125366211 60 11.499505996704102
		endloop
	endfacet
	facet normal 0.9108637456331394 0 0.41270720479677553
		outer loop
			vertex 24.0208683013916 60 9.949769020080566
			vertex 23.31869125366211 60 11.499505996704102
			vertex 24.0208683013916 0 9.949769020080566
		endloop
	endfacet
	facet normal 0 1 0
		outer loop
			vertex 23.31869125366211 60 11.499505996704102
			vertex 24.0208683013916 60 9.949769020080566
			vertex 21.076509475708008 60 10.393784523010254
		endloop
	endfacet
	facet normal 0 1 0
		outer loop
			vertex 21.71116828918457 60 8.993061065673828
			vertex 21.076509475708008 60 10.393784523010254
			vertex 24.0208683013916 60 9.949769020080566
		endloop
	endfacet
	facet normal -0.9108640029323253 0 -0.41270663692519044
		outer loop
			vertex 21.076509475708008 60 10.393784523010254
			vertex 21.71116828918457 60 8.993061065673828
			vertex 21.076509475708008 3 10.393784523010254
		endloop
	endfacet
	facet normal -0.9108640029323253 0 -0.41270663692519044
		outer loop
			vertex 21.71116828918457 3 8.993061065673828
			vertex 21.076509475708008 3 10.393784523010254
			vertex 21.71116828918457 60 8.993061065673828
		endloop
	endfacet
	facet normal 0 1 0
		outer loop
			vertex 21.076509475708008 3 10.393784523010254
			vertex 21.71116828918457 3 8.993061065673828
			vertex 15.24683666229248 3 7.51890754699707
		endloop
	endfacet
	facet normal 0 1 0
		outer loop
			vertex 15.705951690673828 3 6.505618572235107
			vertex 15.24683666229248 3 7.51890754699707
			vertex 21.71116828918457 3 8.993061065673828
		endloop
	endfacet
	facet normal -0.9108639036738935 0 -0.41270685599339935
		outer loop
			vertex 15.24683666229248 3 7.51890754699707
			vertex 15.705951690673828 3 6.505618572235107
			vertex 15.24683666229248 0 7.51890754699707
		endloop
	endfacet
	facet normal -0.9108639036738935 0 -0.41270685599339935
		outer loop
			vertex 15.705951690673828 0 6.505618572235107
			vertex 15.24683666229248 0 7.51890754699707
			vertex 15.705951690673828 3 6.505618572235107
		endloop
	endfacet
	facet normal 0 -1 0
		outer loop
			vertex 15.24683666229248 0 7.51890754699707
			vertex 15.705951690673828 0 6.505618572235107
			vertex 23.31869125366211 0 11.499505996704102
		endloop
	endfacet
	facet normal 0 -1 0
		outer loop
			vertex 24.0208683013916 0 9.949769020080566
			vertex 23.31869125366211 0 11.499505996704102
			vertex 15.705951690673828 0 6.505618572235107
		endloop
	endfacet
	facet normal 0.9359059167909808 0 0.3522500744011758
		outer loop
			vertex 24.0208683013916 0 9.949769020080566
			vertex 24.62018394470215 0 8.357425689697266
			vertex 24.0208683013916 60 9.949769020080566
		endloop
	endfacet
	facet normal 0.9359059167909808 0 0.3522500744011758
		outer loop
			vertex 24.62018394470215 60 8.357425689697266
			vertex 24.0208683013916 60 9.949769020080566
			vertex 24.62018394470215 0 8.357425689697266
		endloop
	endfacet
	facet normal 0 1 0
		outer loop
			vertex 24.0208683013916 60 9.949769020080566
			vertex 24.62018394470215 60 8.357425689697266
			vertex 21.71116828918457 60 8.993061065673828
		endloop
	endfacet
	facet normal 0 1 0
		outer loop
			vertex 22.252857208251953 60 7.553827285766602
			vertex 21.71116828918457 60 8.993061065673828
			vertex 24.62018394470215 60 8.357425689697266
		endloop
	endfacet
	facet normal -0.9359059950469871 0 -0.3522498664799024
		outer loop
			vertex 21.71116828918457 60 8.993061065673828
			vertex 22.252857208251953 60 7.553827285766602
			vertex 21.71116828918457 3 8.993061065673828
		endloop
	endfacet
	facet normal -0.9359059950469871 0 -0.3522498664799024
		outer loop
			vertex 22.252857208251953 3 7.553827285766602
			vertex 21.71116828918457 3 8.993061065673828
			vertex 22.252857208251953 60 7.553827285766602
		endloop
	endfacet
	facet normal 0 1 0
		outer loop
			vertex 21.71116828918457 3 8.993061065673828
			vertex 22.252857208251953 3 7.553827285766602
			vertex 15.705951690673828 3 6.505618572235107
		endloop
	endfacet
	facet normal 0 1 0
		outer loop
			vertex 16.09781265258789 3 5.464470863342285
			vertex 15.705951690673828 3 6.505618572235107
			vertex 22.252857208251953 3 7.553827285766602
		endloop
	endfacet
	facet normal -0.9359057157554352 0 -0.3522506085392994
		outer loop
			vertex 15.705951690673828 3 6.505618572235107
			vertex 16.09781265258789 3 5.464470863342285
			vertex 15.705951690673828 0 6.505618572235107
		endloop
	endfacet
	facet normal -0.9359057157554352 0 -0.3522506085392994
		outer loop
			vertex 16.09781265258789 0 5.464470863342285
			vertex 15.705951690673828 0 6.505618572235107
			vertex 16.09781265258789 3 5.464470863342285
		endloop
	endfacet
	facet normal 0 -1 0
		outer loop
			vertex 15.705951690673828 0 6.505618572235107
			vertex 16.09781265258789 0 5.464470863342285
			vertex 24.0208683013916 0 9.949769020080566
		endloop
	endfacet
	facet normal 0 -1 0
		outer loop
			vertex 24.62018394470215 0 8.357425689697266
			vertex 24.0208683013916 0 9.949769020080566
			vertex 16.09781265258789 0 5.464470863342285
		endloop
	endfacet
	facet normal 0.9569405023634358 0 0.2902841279443559
		outer loop
			vertex 24.62018394470215 0 8.357425689697266
			vertex 25.114070892333984 0 6.729295253753662
			vertex 24.62018394470215 60 8.357425689697266
		endloop
	endfacet
	facet normal 0.9569405023634358 0 0.2902841279443559
		outer loop
			vertex 25.114070892333984 60 6.729295253753662
			vertex 24.62018394470215 60 8.357425689697266
			vertex 25.114070892333984 0 6.729295253753662
		endloop
	endfacet
	facet normal 0 1 0
		outer loop
			vertex 24.62018394470215 60 8.357425689697266
			vertex 25.114070892333984 60 6.729295253753662
			vertex 22.252857208251953 60 7.553827285766602
		endloop
	endfacet
	facet normal 0 1 0
		outer loop
			vertex 22.699256896972656 60 6.082247734069824
			vertex 22.252857208251953 60 7.553827285766602
			vertex 25.114070892333984 60 6.729295253753662
		endloop
	endfacet
	facet normal -0.9569401709809876 0 -0.2902852203658986
		outer loop
			vertex 22.252857208251953 60 7.553827285766602
			vertex 22.699256896972656 60 6.082247734069824
			vertex 22.252857208251953 3 7.553827285766602
		endloop
	endfacet
	facet normal -0.9569401709809876 0 -0.2902852203658986
		outer loop
			vertex 22.699256896972656 3 6.082247734069824
			vertex 22.252857208251953 3 7.553827285766602
			vertex 22.699256896972656 60 6.082247734069824
		endloop
	endfacet
	facet normal 0 1 0
		outer loop
			vertex 22.252857208251953 3 7.553827285766602
			vertex 22.699256896972656 3 6.082247734069824
			vertex 16.09781265258789 3 5.464470863342285
		endloop
	endfacet
	facet normal 0 1 0
		outer loop
			vertex 16.420738220214844 3 4.399923801422119
			vertex 16.09781265258789 3 5.464470863342285
			vertex 22.699256896972656 3 6.082247734069824
		endloop
	endfacet
	facet normal -0.9569406486509393 0 -0.29028364569765147
		outer loop
			vertex 16.09781265258789 3 5.464470863342285
			vertex 16.420738220214844 3 4.399923801422119
			vertex 16.09781265258789 0 5.464470863342285
		endloop
	endfacet
	facet normal -0.9569406486509393 0 -0.29028364569765147
		outer loop
			vertex 16.420738220214844 0 4.399923801422119
			vertex 16.09781265258789 0 5.464470863342285
			vertex 16.420738220214844 3 4.399923801422119
		endloop
	endfacet
	facet normal 0 -1 0
		outer loop
			vertex 16.09781265258789 0 5.464470863342285
			vertex 16.420738220214844 0 4.399923801422119
			vertex 24.62018394470215 0 8.357425689697266
		endloop
	endfacet
	facet normal 0 -1 0
		outer loop
			vertex 25.114070892333984 0 6.729295253753662
			vertex 24.62018394470215 0 8.357425689697266
			vertex 16.420738220214844 0 4.399923801422119
		endloop
	endfacet
	facet normal 0.973876843714599 0 0.22707684443044965
		outer loop
			vertex 25.114070892333984 0 6.729295253753662
			vertex 25.500417709350586 0 5.072348594665527
			vertex 25.114070892333984 60 6.729295253753662
		endloop
	endfacet
	facet normal 0.973876843714599 0 0.22707684443044965
		outer loop
			vertex 25.500417709350586 60 5.072348594665527
			vertex 25.114070892333984 60 6.729295253753662
			vertex 25.500417709350586 0 5.072348594665527
		endloop
	endfacet
	facet normal 0 1 0
		outer loop
			vertex 25.114070892333984 60 6.729295253753662
			vertex 25.500417709350586 60 5.072348594665527
			vertex 22.699256896972656 60 6.082247734069824
		endloop
	endfacet
	facet normal 0 1 0
		outer loop
			vertex 23.04845428466797 60 4.584622383117676
			vertex 22.699256896972656 60 6.082247734069824
			vertex 25.500417709350586 60 5.072348594665527
		endloop
	endfacet
	facet normal -0.9738769602316419 0 -0.22707634471687507
		outer loop
			vertex 22.699256896972656 60 6.082247734069824
			vertex 23.04845428466797 60 4.584622383117676
			vertex 22.699256896972656 3 6.082247734069824
		endloop
	endfacet
	facet normal -0.9738769602316419 0 -0.22707634471687507
		outer loop
			vertex 23.04845428466797 3 4.584622383117676
			vertex 22.699256896972656 3 6.082247734069824
			vertex 23.04845428466797 60 4.584622383117676
		endloop
	endfacet
	facet normal 0 1 0
		outer loop
			vertex 22.699256896972656 3 6.082247734069824
			vertex 23.04845428466797 3 4.584622383117676
			vertex 16.420738220214844 3 4.399923801422119
		endloop
	endfacet
	facet normal 0 1 0
		outer loop
			vertex 16.673349380493164 3 3.316535472869873
			vertex 16.420738220214844 3 4.399923801422119
			vertex 23.04845428466797 3 4.584622383117676
		endloop
	endfacet
	facet normal -0.9738768934148413 0 -0.22707663127820493
		outer loop
			vertex 16.420738220214844 3 4.399923801422119
			vertex 16.673349380493164 3 3.316535472869873
			vertex 16.420738220214844 0 4.399923801422119
		endloop
	endfacet
	facet normal -0.9738768934148413 0 -0.22707663127820493
		outer loop
			vertex 16.673349380493164 0 3.316535472869873
			vertex 16.420738220214844 0 4.399923801422119
			vertex 16.673349380493164 3 3.316535472869873
		endloop
	endfacet
	facet normal 0 -1 0
		outer loop
			vertex 16.420738220214844 0 4.399923801422119
			vertex 16.673349380493164 0 3.316535472869873
			vertex 25.114070892333984 0 6.729295253753662
		endloop
	endfacet
	facet normal 0 -1 0
		outer loop
			vertex 25.500417709350586 0 5.072348594665527
			vertex 25.114070892333984 0 6.729295253753662
			vertex 16.673349380493164 0 3.316535472869873
		endloop
	endfacet
	facet normal 0.9866433257525271 0 0.162895511749074
		outer loop
			vertex 25.500417709350586 0 5.072348594665527
			vertex 25.77756690979004 0 3.393681049346924
			vertex 25.500417709350586 60 5.072348594665527
		endloop
	endfacet
	facet normal 0.9866433257525271 0 0.162895511749074
		outer loop
			vertex 25.77756690979004 60 3.393681049346924
			vertex 25.500417709350586 60 5.072348594665527
			vertex 25.77756690979004 0 3.393681049346924
		endloop
	endfacet
	facet normal 0 1 0
		outer loop
			vertex 25.500417709350586 60 5.072348594665527
			vertex 25.77756690979004 60 3.393681049346924
			vertex 23.04845428466797 60 4.584622383117676
		endloop
	endfacet
	facet normal 0 1 0
		outer loop
			vertex 23.298954010009766 60 3.0673654079437256
			vertex 23.04845428466797 60 4.584622383117676
			vertex 25.77756690979004 60 3.393681049346924
		endloop
	endfacet
	facet normal -0.9866433754659585 0 -0.16289521063904835
		outer loop
			vertex 23.04845428466797 60 4.584622383117676
			vertex 23.298954010009766 60 3.0673654079437256
			vertex 23.04845428466797 3 4.584622383117676
		endloop
	endfacet
	facet normal -0.9866433754659585 0 -0.16289521063904835
		outer loop
			vertex 23.298954010009766 3 3.0673654079437256
			vertex 23.04845428466797 3 4.584622383117676
			vertex 23.298954010009766 60 3.0673654079437256
		endloop
	endfacet
	facet normal 0 1 0
		outer loop
			vertex 23.04845428466797 3 4.584622383117676
			vertex 23.298954010009766 3 3.0673654079437256
			vertex 16.673349380493164 3 3.316535472869873
		endloop
	endfacet
	facet normal 0 1 0
		outer loop
			vertex 16.854562759399414 3 2.218945264816284
			vertex 16.673349380493164 3 3.316535472869873
			vertex 23.298954010009766 3 3.0673654079437256
		endloop
	endfacet
	facet normal -0.9866432595364779 0 -0.16289591281316526
		outer loop
			vertex 16.673349380493164 3 3.316535472869873
			vertex 16.854562759399414 3 2.218945264816284
			vertex 16.673349380493164 0 3.316535472869873
		endloop
	endfacet
	facet normal -0.9866432595364779 0 -0.16289591281316526
		outer loop
			vertex 16.854562759399414 0 2.218945264816284
			vertex 16.673349380493164 0 3.316535472869873
			vertex 16.854562759399414 3 2.218945264816284
		endloop
	endfacet
	facet normal 0 -1 0
		outer loop
			vertex 16.673349380493164 0 3.316535472869873
			vertex 16.854562759399414 0 2.218945264816284
			vertex 25.500417709350586 0 5.072348594665527
		endloop
	endfacet
	facet normal 0 -1 0
		outer loop
			vertex 25.77756690979004 0 3.393681049346924
			vertex 25.500417709350586 0 5.072348594665527
			vertex 16.854562759399414 0 2.218945264816284
		endloop
	endfacet
	facet normal 0.9951847493275968 0 0.09801691030515364
		outer loop
			vertex 25.77756690979004 0 3.393681049346924
			vertex 25.944332122802734 0 1.7004814147949219
			vertex 25.77756690979004 60 3.393681049346924
		endloop
	endfacet
	facet normal 0.9951847493275968 0 0.09801691030515364
		outer loop
			vertex 25.944332122802734 60 1.7004814147949219
			vertex 25.77756690979004 60 3.393681049346924
			vertex 25.944332122802734 0 1.7004814147949219
		endloop
	endfacet
	facet normal 0 1 0
		outer loop
			vertex 25.77756690979004 60 3.393681049346924
			vertex 25.944332122802734 60 1.7004814147949219
			vertex 23.298954010009766 60 3.0673654079437256
		endloop
	endfacet
	facet normal 0 1 0
		outer loop
			vertex 23.449684143066406 60 1.5369735956192017
			vertex 23.298954010009766 60 3.0673654079437256
			vertex 25.944332122802734 60 1.7004814147949219
		endloop
	endfacet
	facet normal -0.9951847459697397 0 -0.09801694439812458
		outer loop
			vertex 23.298954010009766 60 3.0673654079437256
			vertex 23.449684143066406 60 1.5369735956192017
			vertex 23.298954010009766 3 3.0673654079437256
		endloop
	endfacet
	facet normal -0.9951847459697397 0 -0.09801694439812458
		outer loop
			vertex 23.449684143066406 3 1.5369735956192017
			vertex 23.298954010009766 3 3.0673654079437256
			vertex 23.449684143066406 60 1.5369735956192017
		endloop
	endfacet
	facet normal 0 1 0
		outer loop
			vertex 23.298954010009766 3 3.0673654079437256
			vertex 23.449684143066406 3 1.5369735956192017
			vertex 16.854562759399414 3 2.218945264816284
		endloop
	endfacet
	facet normal 0 1 0
		outer loop
			vertex 16.96360206604004 3 1.1118532419204712
			vertex 16.854562759399414 3 2.218945264816284
			vertex 23.449684143066406 3 1.5369735956192017
		endloop
	endfacet
	facet normal -0.9951847039038542 0 -0.09801737150015044
		outer loop
			vertex 16.854562759399414 3 2.218945264816284
			vertex 16.96360206604004 3 1.1118532419204712
			vertex 16.854562759399414 0 2.218945264816284
		endloop
	endfacet
	facet normal -0.9951847039038542 0 -0.09801737150015044
		outer loop
			vertex 16.96360206604004 0 1.1118532419204712
			vertex 16.854562759399414 0 2.218945264816284
			vertex 16.96360206604004 3 1.1118532419204712
		endloop
	endfacet
	facet normal 0 -1 0
		outer loop
			vertex 16.854562759399414 0 2.218945264816284
			vertex 16.96360206604004 0 1.1118532419204712
			vertex 25.77756690979004 0 3.393681049346924
		endloop
	endfacet
	facet normal 0 -1 0
		outer loop
			vertex 25.944332122802734 0 1.7004814147949219
			vertex 25.77756690979004 0 3.393681049346924
			vertex 16.96360206604004 0 1.1118532419204712
		endloop
	endfacet
	facet normal 0.9994645897903808 0 0.032719012135852356
		outer loop
			vertex 25.944332122802734 0 1.7004814147949219
			vertex 26 0 1.5920408818909386e-15
			vertex 25.944332122802734 60 1.7004814147949219
		endloop
	endfacet
	facet normal 0.9994645897903808 0 0.032719012135852356
		outer loop
			vertex 26 60 1.5920408818909386e-15
			vertex 25.944332122802734 60 1.7004814147949219
			vertex 26 0 1.5920408818909386e-15
		endloop
	endfacet
	facet normal 0 1 0
		outer loop
			vertex 25.944332122802734 60 1.7004814147949219
			vertex 26 60 1.5920408818909386e-15
			vertex 23.449684143066406 60 1.5369735956192017
		endloop
	endfacet
	facet normal 0 1 0
		outer loop
			vertex 23.5 60 1.438960005465458e-15
			vertex 23.449684143066406 60 1.5369735956192017
			vertex 26 60 1.5920408818909386e-15
		endloop
	endfacet
	facet normal -0.9994645757566489 0 -0.03271944082013109
		outer loop
			vertex 23.449684143066406 60 1.5369735956192017
			vertex 23.5 60 1.438960005465458e-15
			vertex 23.449684143066406 3 1.5369735956192017
		endloop
	endfacet
	facet normal -0.9994645757566489 0 -0.03271944082013109
		outer loop
			vertex 23.5 3 1.438960005465458e-15
			vertex 23.449684143066406 3 1.5369735956192017
			vertex 23.5 60 1.438960005465458e-15
		endloop
	endfacet
	facet normal 0 1 0
		outer loop
			vertex 23.449684143066406 3 1.5369735956192017
			vertex 23.5 3 1.438960005465458e-15
			vertex 16.96360206604004 3 1.1118532419204712
		endloop
	endfacet
	facet normal 0 1 0
		outer loop
			vertex 17 3 1.0409498114625029e-15
			vertex 16.96360206604004 3 1.1118532419204712
			vertex 23.5 3 1.438960005465458e-15
		endloop
	endfacet
	facet normal -0.9994645984250675 0 -0.03271874837182569
		outer loop
			vertex 16.96360206604004 3 1.1118532419204712
			vertex 17 3 1.0409498114625029e-15
			vertex 16.96360206604004 0 1.1118532419204712
		endloop
	endfacet
	facet normal -0.9994645984250675 0 -0.03271874837182569
		outer loop
			vertex 17 0 1.0409498114625029e-15
			vertex 16.96360206604004 0 1.1118532419204712
			vertex 17 3 1.0409498114625029e-15
		endloop
	endfacet
	facet normal 0 -1 0
		outer loop
			vertex 16.96360206604004 0 1.1118532419204712
			vertex 17 0 1.0409498114625029e-15
			vertex 25.944332122802734 0 1.7004814147949219
		endloop
	endfacet
	facet normal 0 -1 0
		outer loop
			vertex 26 0 1.5920408818909386e-15
			vertex 25.944332122802734 0 1.7004814147949219
			vertex 17 0 1.0409498114625029e-15
		endloop
	endfacet
	facet normal 0.9994645897903808 0 -0.03271901213585229
		outer loop
			vertex 26 0 1.5920408818909386e-15
			vertex 25.944332122802734 0 -1.7004814147949219
			vertex 26 60 1.5920408818909386e-15
		endloop
	endfacet
	facet normal 0.9994645897903808 0 -0.03271901213585229
		outer loop
			vertex 25.944332122802734 60 -1.7004814147949219
			vertex 26 60 1.5920408818909386e-15
			vertex 25.944332122802734 0 -1.7004814147949219
		endloop
	endfacet
	facet normal 0 1 0
		outer loop
			vertex 26 60 1.5920408818909386e-15
			vertex 25.944332122802734 60 -1.7004814147949219
			vertex 23.5 60 1.438960005465458e-15
		endloop
	endfacet
	facet normal 0 1 0
		outer loop
			vertex 23.449684143066406 60 -1.5369735956192017
			vertex 23.5 60 1.438960005465458e-15
			vertex 25.944332122802734 60 -1.7004814147949219
		endloop
	endfacet
	facet normal -0.9994645757566488 0 0.032719440820131035
		outer loop
			vertex 23.5 60 1.438960005465458e-15
			vertex 23.449684143066406 60 -1.5369735956192017
			vertex 23.5 3 1.438960005465458e-15
		endloop
	endfacet
	facet normal -0.9994645757566488 0 0.032719440820131035
		outer loop
			vertex 23.449684143066406 3 -1.5369735956192017
			vertex 23.5 3 1.438960005465458e-15
			vertex 23.449684143066406 60 -1.5369735956192017
		endloop
	endfacet
	facet normal 0 1 0
		outer loop
			vertex 23.5 3 1.438960005465458e-15
			vertex 23.449684143066406 3 -1.5369735956192017
			vertex 17 3 1.0409498114625029e-15
		endloop
	endfacet
	facet normal 0 1 0
		outer loop
			vertex 16.96360206604004 3 -1.1118532419204712
			vertex 17 3 1.0409498114625029e-15
			vertex 23.449684143066406 3 -1.5369735956192017
		endloop
	endfacet
	facet normal -0.9994645984250674 0 0.03271874837182561
		outer loop
			vertex 17 3 1.0409498114625029e-15
			vertex 16.96360206604004 3 -1.1118532419204712
			vertex 17 0 1.0409498114625029e-15
		endloop
	endfacet
	facet normal -0.9994645984250674 0 0.03271874837182561
		outer loop
			vertex 16.96360206604004 0 -1.1118532419204712
			vertex 17 0 1.0409498114625029e-15
			vertex 16.96360206604004 3 -1.1118532419204712
		endloop
	endfacet
	facet normal 0 -1 0
		outer loop
			vertex 17 0 1.0409498114625029e-15
			vertex 16.96360206604004 0 -1.1118532419204712
			vertex 26 0 1.5920408818909386e-15
		endloop
	endfacet
	facet normal 0 -1 0
		outer loop
			vertex 25.944332122802734 0 -1.7004814147949219
			vertex 26 0 1.5920408818909386e-15
			vertex 16.96360206604004 0 -1.1118532419204712
		endloop
	endfacet
	facet normal 0.9951847493275968 0 -0.09801691030515364
		outer loop
			vertex 25.944332122802734 0 -1.7004814147949219
			vertex 25.77756690979004 0 -3.393681049346924
			vertex 25.944332122802734 60 -1.7004814147949219
		endloop
	endfacet
	facet normal 0.9951847493275968 0 -0.09801691030515364
		outer loop
			vertex 25.77756690979004 60 -3.393681049346924
			vertex 25.944332122802734 60 -1.7004814147949219
			vertex 25.77756690979004 0 -3.393681049346924
		endloop
	endfacet
	facet normal 0 1 0
		outer loop
			vertex 25.944332122802734 60 -1.7004814147949219
			vertex 25.77756690979004 60 -3.393681049346924
			vertex 23.449684143066406 60 -1.5369735956192017
		endloop
	endfacet
	facet normal 0 1 0
		outer loop
			vertex 23.298954010009766 60 -3.0673654079437256
			vertex 23.449684143066406 60 -1.5369735956192017
			vertex 25.77756690979004 60 -3.393681049346924
		endloop
	endfacet
	facet normal -0.9951847459697397 0 0.09801694439812458
		outer loop
			vertex 23.449684143066406 60 -1.5369735956192017
			vertex 23.298954010009766 60 -3.0673654079437256
			vertex 23.449684143066406 3 -1.5369735956192017
		endloop
	endfacet
	facet normal -0.9951847459697397 0 0.09801694439812458
		outer loop
			vertex 23.298954010009766 3 -3.0673654079437256
			vertex 23.449684143066406 3 -1.5369735956192017
			vertex 23.298954010009766 60 -3.0673654079437256
		endloop
	endfacet
	facet normal 0 1 0
		outer loop
			vertex 23.449684143066406 3 -1.5369735956192017
			vertex 23.298954010009766 3 -3.0673654079437256
			vertex 16.96360206604004 3 -1.1118532419204712
		endloop
	endfacet
	facet normal 0 1 0
		outer loop
			vertex 16.854562759399414 3 -2.218945264816284
			vertex 16.96360206604004 3 -1.1118532419204712
			vertex 23.298954010009766 3 -3.0673654079437256
		endloop
	endfacet
	facet normal -0.9951847039038542 0 0.09801737150015044
		outer loop
			vertex 16.96360206604004 3 -1.1118532419204712
			vertex 16.854562759399414 3 -2.218945264816284
			vertex 16.96360206604004 0 -1.1118532419204712
		endloop
	endfacet
	facet normal -0.9951847039038542 0 0.09801737150015044
		outer loop
			vertex 16.854562759399414 0 -2.218945264816284
			vertex 16.96360206604004 0 -1.1118532419204712
			vertex 16.854562759399414 3 -2.218945264816284
		endloop
	endfacet
	facet normal 0 -1 0
		outer loop
			vertex 16.96360206604004 0 -1.1118532419204712
			vertex 16.854562759399414 0 -2.218945264816284
			vertex 25.944332122802734 0 -1.7004814147949219
		endloop
	endfacet
	facet normal 0 -1 0
		outer loop
			vertex 25.77756690979004 0 -3.393681049346924
			vertex 25.944332122802734 0 -1.7004814147949219
			vertex 16.854562759399414 0 -2.218945264816284
		endloop
	endfacet
	facet normal 0.9866433257525271 0 -0.162895511749074
		outer loop
			vertex 25.77756690979004 0 -3.393681049346924
			vertex 25.500417709350586 0 -5.072348594665527
			vertex 25.77756690979004 60 -3.393681049346924
		endloop
	endfacet
	facet normal 0.9866433257525271 0 -0.162895511749074
		outer loop
			vertex 25.500417709350586 60 -5.072348594665527
			vertex 25.77756690979004 60 -3.393681049346924
			vertex 25.500417709350586 0 -5.072348594665527
		endloop
	endfacet
	facet normal 0 1 0
		outer loop
			vertex 25.77756690979004 60 -3.393681049346924
			vertex 25.500417709350586 60 -5.072348594665527
			vertex 23.298954010009766 60 -3.0673654079437256
		endloop
	endfacet
	facet normal 0 1 0
		outer loop
			vertex 23.04845428466797 60 -4.584622383117676
			vertex 23.298954010009766 60 -3.0673654079437256
			vertex 25.500417709350586 60 -5.072348594665527
		endloop
	endfacet
	facet normal -0.9866433754659585 0 0.16289521063904835
		outer loop
			vertex 23.298954010009766 60 -3.0673654079437256
			vertex 23.04845428466797 60 -4.584622383117676
			vertex 23.298954010009766 3 -3.0673654079437256
		endloop
	endfacet
	facet normal -0.9866433754659585 0 0.16289521063904835
		outer loop
			vertex 23.04845428466797 3 -4.584622383117676
			vertex 23.298954010009766 3 -3.0673654079437256
			vertex 23.04845428466797 60 -4.584622383117676
		endloop
	endfacet
	facet normal 0 1 0
		outer loop
			vertex 23.298954010009766 3 -3.0673654079437256
			vertex 23.04845428466797 3 -4.584622383117676
			vertex 16.854562759399414 3 -2.218945264816284
		endloop
	endfacet
	facet normal 0 1 0
		outer loop
			vertex 16.673349380493164 3 -3.316535472869873
			vertex 16.854562759399414 3 -2.218945264816284
			vertex 23.04845428466797 3 -4.584622383117676
		endloop
	endfacet
	facet normal -0.9866432595364779 0 0.16289591281316526
		outer loop
			vertex 16.854562759399414 3 -2.218945264816284
			vertex 16.673349380493164 3 -3.316535472869873
			vertex 16.854562759399414 0 -2.218945264816284
		endloop
	endfacet
	facet normal -0.9866432595364779 0 0.16289591281316526
		outer loop
			vertex 16.673349380493164 0 -3.316535472869873
			vertex 16.854562759399414 0 -2.218945264816284
			vertex 16.673349380493164 3 -3.316535472869873
		endloop
	endfacet
	facet normal 0 -1 0
		outer loop
			vertex 16.854562759399414 0 -2.218945264816284
			vertex 16.673349380493164 0 -3.316535472869873
			vertex 25.77756690979004 0 -3.393681049346924
		endloop
	endfacet
	facet normal 0 -1 0
		outer loop
			vertex 25.500417709350586 0 -5.072348594665527
			vertex 25.77756690979004 0 -3.393681049346924
			vertex 16.673349380493164 0 -3.316535472869873
		endloop
	endfacet
	facet normal 0.973876843714599 0 -0.22707684443044965
		outer loop
			vertex 25.500417709350586 0 -5.072348594665527
			vertex 25.114070892333984 0 -6.729295253753662
			vertex 25.500417709350586 60 -5.072348594665527
		endloop
	endfacet
	facet normal 0.973876843714599 0 -0.22707684443044965
		outer loop
			vertex 25.114070892333984 60 -6.729295253753662
			vertex 25.500417709350586 60 -5.072348594665527
			vertex 25.114070892333984 0 -6.729295253753662
		endloop
	endfacet
	facet normal 0 1 0
		outer loop
			vertex 25.500417709350586 60 -5.072348594665527
			vertex 25.114070892333984 60 -6.729295253753662
			vertex 23.04845428466797 60 -4.584622383117676
		endloop
	endfacet
	facet normal 0 1 0
		outer loop
			vertex 22.699256896972656 60 -6.082247734069824
			vertex 23.04845428466797 60 -4.584622383117676
			vertex 25.114070892333984 60 -6.729295253753662
		endloop
	endfacet
	facet normal -0.9738769602316419 0 0.22707634471687507
		outer loop
			vertex 23.04845428466797 60 -4.584622383117676
			vertex 22.699256896972656 60 -6.082247734069824
			vertex 23.04845428466797 3 -4.584622383117676
		endloop
	endfacet
	facet normal -0.9738769602316419 0 0.22707634471687507
		outer loop
			vertex 22.699256896972656 3 -6.082247734069824
			vertex 23.04845428466797 3 -4.584622383117676
			vertex 22.699256896972656 60 -6.082247734069824
		endloop
	endfacet
	facet normal 0 1 0
		outer loop
			vertex 23.04845428466797 3 -4.584622383117676
			vertex 22.699256896972656 3 -6.082247734069824
			vertex 16.673349380493164 3 -3.316535472869873
		endloop
	endfacet
	facet normal 0 1 0
		outer loop
			vertex 16.420738220214844 3 -4.399923801422119
			vertex 16.673349380493164 3 -3.316535472869873
			vertex 22.699256896972656 3 -6.082247734069824
		endloop
	endfacet
	facet normal -0.9738768934148413 0 0.22707663127820493
		outer loop
			vertex 16.673349380493164 3 -3.316535472869873
			vertex 16.420738220214844 3 -4.399923801422119
			vertex 16.673349380493164 0 -3.316535472869873
		endloop
	endfacet
	facet normal -0.9738768934148413 0 0.22707663127820493
		outer loop
			vertex 16.420738220214844 0 -4.399923801422119
			vertex 16.673349380493164 0 -3.316535472869873
			vertex 16.420738220214844 3 -4.399923801422119
		endloop
	endfacet
	facet normal 0 -1 0
		outer loop
			vertex 16.673349380493164 0 -3.316535472869873
			vertex 16.420738220214844 0 -4.399923801422119
			vertex 25.500417709350586 0 -5.072348594665527
		endloop
	endfacet
	facet normal 0 -1 0
		outer loop
			vertex 25.114070892333984 0 -6.729295253753662
			vertex 25.500417709350586 0 -5.072348594665527
			vertex 16.420738220214844 0 -4.399923801422119
		endloop
	endfacet
	facet normal 0.9569405023634358 0 -0.2902841279443559
		outer loop
			vertex 25.114070892333984 0 -6.729295253753662
			vertex 24.62018394470215 0 -8.357425689697266
			vertex 25.114070892333984 60 -6.729295253753662
		endloop
	endfacet
	facet normal 0.9569405023634358 0 -0.2902841279443559
		outer loop
			vertex 24.62018394470215 60 -8.357425689697266
			vertex 25.114070892333984 60 -6.729295253753662
			vertex 24.62018394470215 0 -8.357425689697266
		endloop
	endfacet
	facet normal 0 1 0
		outer loop
			vertex 25.114070892333984 60 -6.729295253753662
			vertex 24.62018394470215 60 -8.357425689697266
			vertex 22.699256896972656 60 -6.082247734069824
		endloop
	endfacet
	facet normal 0 1 0
		outer loop
			vertex 22.252857208251953 60 -7.553827285766602
			vertex 22.699256896972656 60 -6.082247734069824
			vertex 24.62018394470215 60 -8.357425689697266
		endloop
	endfacet
	facet normal -0.9569401709809876 0 0.2902852203658986
		outer loop
			vertex 22.699256896972656 60 -6.082247734069824
			vertex 22.252857208251953 60 -7.553827285766602
			vertex 22.699256896972656 3 -6.082247734069824
		endloop
	endfacet
	facet normal -0.9569401709809876 0 0.2902852203658986
		outer loop
			vertex 22.252857208251953 3 -7.553827285766602
			vertex 22.699256896972656 3 -6.082247734069824
			vertex 22.252857208251953 60 -7.553827285766602
		endloop
	endfacet
	facet normal 0 1 0
		outer loop
			vertex 22.699256896972656 3 -6.082247734069824
			vertex 22.252857208251953 3 -7.553827285766602
			vertex 16.420738220214844 3 -4.399923801422119
		endloop
	endfacet
	facet normal 0 1 0
		outer loop
			vertex 16.09781265258789 3 -5.464470863342285
			vertex 16.420738220214844 3 -4.399923801422119
			vertex 22.252857208251953 3 -7.553827285766602
		endloop
	endfacet
	facet normal -0.9569406486509393 0 0.29028364569765147
		outer loop
			vertex 16.420738220214844 3 -4.399923801422119
			vertex 16.09781265258789 3 -5.464470863342285
			vertex 16.420738220214844 0 -4.399923801422119
		endloop
	endfacet
	facet normal -0.9569406486509393 0 0.29028364569765147
		outer loop
			vertex 16.09781265258789 0 -5.464470863342285
			vertex 16.420738220214844 0 -4.399923801422119
			vertex 16.09781265258789 3 -5.464470863342285
		endloop
	endfacet
	facet normal 0 -1 0
		outer loop
			vertex 16.420738220214844 0 -4.399923801422119
			vertex 16.09781265258789 0 -5.464470863342285
			vertex 25.114070892333984 0 -6.729295253753662
		endloop
	endfacet
	facet normal 0 -1 0
		outer loop
			vertex 24.62018394470215 0 -8.357425689697266
			vertex 25.114070892333984 0 -6.729295253753662
			vertex 16.09781265258789 0 -5.464470863342285
		endloop
	endfacet
	facet normal 0.9359059167909808 0 -0.3522500744011758
		outer loop
			vertex 24.62018394470215 0 -8.357425689697266
			vertex 24.0208683013916 0 -9.949769020080566
			vertex 24.62018394470215 60 -8.357425689697266
		endloop
	endfacet
	facet normal 0.9359059167909808 0 -0.3522500744011758
		outer loop
			vertex 24.0208683013916 60 -9.949769020080566
			vertex 24.62018394470215 60 -8.357425689697266
			vertex 24.0208683013916 0 -9.949769020080566
		endloop
	endfacet
	facet normal 0 1 0
		outer loop
			vertex 24.62018394470215 60 -8.357425689697266
			vertex 24.0208683013916 60 -9.949769020080566
			vertex 22.252857208251953 60 -7.553827285766602
		endloop
	endfacet
	facet normal 0 1 0
		outer loop
			vertex 21.71116828918457 60 -8.993061065673828
			vertex 22.252857208251953 60 -7.553827285766602
			vertex 24.0208683013916 60 -9.949769020080566
		endloop
	endfacet
	facet normal -0.9359059950469871 0 0.3522498664799024
		outer loop
			vertex 22.252857208251953 60 -7.553827285766602
			vertex 21.71116828918457 60 -8.993061065673828
			vertex 22.252857208251953 3 -7.553827285766602
		endloop
	endfacet
	facet normal -0.9359059950469871 0 0.3522498664799024
		outer loop
			vertex 21.71116828918457 3 -8.993061065673828
			vertex 22.252857208251953 3 -7.553827285766602
			vertex 21.71116828918457 60 -8.993061065673828
		endloop
	endfacet
	facet normal 0 1 0
		outer loop
			vertex 22.252857208251953 3 -7.553827285766602
			vertex 21.71116828918457 3 -8.993061065673828
			vertex 16.09781265258789 3 -5.464470863342285
		endloop
	endfacet
	facet normal 0 1 0
		outer loop
			vertex 15.705951690673828 3 -6.505618572235107
			vertex 16.09781265258789 3 -5.464470863342285
			vertex 21.71116828918457 3 -8.993061065673828
		endloop
	endfacet
	facet normal -0.9359057157554352 0 0.3522506085392994
		outer loop
			vertex 16.09781265258789 3 -5.464470863342285
			vertex 15.705951690673828 3 -6.505618572235107
			vertex 16.09781265258789 0 -5.464470863342285
		endloop
	endfacet
	facet normal -0.9359057157554352 0 0.3522506085392994
		outer loop
			vertex 15.705951690673828 0 -6.505618572235107
			vertex 16.09781265258789 0 -5.464470863342285
			vertex 15.705951690673828 3 -6.505618572235107
		endloop
	endfacet
	facet normal 0 -1 0
		outer loop
			vertex 16.09781265258789 0 -5.464470863342285
			vertex 15.705951690673828 0 -6.505618572235107
			vertex 24.62018394470215 0 -8.357425689697266
		endloop
	endfacet
	facet normal 0 -1 0
		outer loop
			vertex 24.0208683013916 0 -9.949769020080566
			vertex 24.62018394470215 0 -8.357425689697266
			vertex 15.705951690673828 0 -6.505618572235107
		endloop
	endfacet
	facet normal 0.9108637456331394 0 -0.41270720479677553
		outer loop
			vertex 24.0208683013916 0 -9.949769020080566
			vertex 23.31869125366211 0 -11.499505996704102
			vertex 24.0208683013916 60 -9.949769020080566
		endloop
	endfacet
	facet normal 0.9108637456331394 0 -0.41270720479677553
		outer loop
			vertex 23.31869125366211 60 -11.499505996704102
			vertex 24.0208683013916 60 -9.949769020080566
			vertex 23.31869125366211 0 -11.499505996704102
		endloop
	endfacet
	facet normal 0 1 0
		outer loop
			vertex 24.0208683013916 60 -9.949769020080566
			vertex 23.31869125366211 60 -11.499505996704102
			vertex 21.71116828918457 60 -8.993061065673828
		endloop
	endfacet
	facet normal 0 1 0
		outer loop
			vertex 21.076509475708008 60 -10.393784523010254
			vertex 21.71116828918457 60 -8.993061065673828
			vertex 23.31869125366211 60 -11.499505996704102
		endloop
	endfacet
	facet normal -0.9108640029323253 0 0.41270663692519044
		outer loop
			vertex 21.71116828918457 60 -8.993061065673828
			vertex 21.076509475708008 60 -10.393784523010254
			vertex 21.71116828918457 3 -8.993061065673828
		endloop
	endfacet
	facet normal -0.9108640029323253 0 0.41270663692519044
		outer loop
			vertex 21.076509475708008 3 -10.393784523010254
			vertex 21.71116828918457 3 -8.993061065673828
			vertex 21.076509475708008 60 -10.393784523010254
		endloop
	endfacet
	facet normal 0 1 0
		outer loop
			vertex 21.71116828918457 3 -8.993061065673828
			vertex 21.076509475708008 3 -10.393784523010254
			vertex 15.705951690673828 3 -6.505618572235107
		endloop
	endfacet
	facet normal 0 1 0
		outer loop
			vertex 15.24683666229248 3 -7.51890754699707
			vertex 15.705951690673828 3 -6.505618572235107
			vertex 21.076509475708008 3 -10.393784523010254
		endloop
	endfacet
	facet normal -0.9108639036738935 0 0.41270685599339935
		outer loop
			vertex 15.705951690673828 3 -6.505618572235107
			vertex 15.24683666229248 3 -7.51890754699707
			vertex 15.705951690673828 0 -6.505618572235107
		endloop
	endfacet
	facet normal -0.9108639036738935 0 0.41270685599339935
		outer loop
			vertex 15.24683666229248 0 -7.51890754699707
			vertex 15.705951690673828 0 -6.505618572235107
			vertex 15.24683666229248 3 -7.51890754699707
		endloop
	endfacet
	facet normal 0 -1 0
		outer loop
			vertex 15.705951690673828 0 -6.505618572235107
			vertex 15.24683666229248 0 -7.51890754699707
			vertex 24.0208683013916 0 -9.949769020080566
		endloop
	endfacet
	facet normal 0 -1 0
		outer loop
			vertex 23.31869125366211 0 -11.499505996704102
			vertex 24.0208683013916 0 -9.949769020080566
			vertex 15.24683666229248 0 -7.51890754699707
		endloop
	endfacet
	facet normal 0.8819213109787317 0 -0.47139664958668875
		outer loop
			vertex 23.31869125366211 0 -11.499505996704102
			vertex 22.516660690307617 0 -13
			vertex 23.31869125366211 60 -11.499505996704102
		endloop
	endfacet
	facet normal 0.8819213109787317 0 -0.47139664958668875
		outer loop
			vertex 22.516660690307617 60 -13
			vertex 23.31869125366211 60 -11.499505996704102
			vertex 22.516660690307617 0 -13
		endloop
	endfacet
	facet normal 0 1 0
		outer loop
			vertex 23.31869125366211 60 -11.499505996704102
			vertex 22.516660690307617 60 -13
			vertex 21.076509475708008 60 -10.393784523010254
		endloop
	endfacet
	facet normal 0 1 0
		outer loop
			vertex 20.35159683227539 60 -11.75
			vertex 21.076509475708008 60 -10.393784523010254
			vertex 22.516660690307617 60 -13
		endloop
	endfacet
	facet normal -0.8819211647986469 0 0.47139692307035486
		outer loop
			vertex 21.076509475708008 60 -10.393784523010254
			vertex 20.35159683227539 60 -11.75
			vertex 21.076509475708008 3 -10.393784523010254
		endloop
	endfacet
	facet normal -0.8819211647986469 0 0.47139692307035486
		outer loop
			vertex 20.35159683227539 3 -11.75
			vertex 21.076509475708008 3 -10.393784523010254
			vertex 20.35159683227539 60 -11.75
		endloop
	endfacet
	facet normal 0 1 0
		outer loop
			vertex 21.076509475708008 3 -10.393784523010254
			vertex 20.35159683227539 3 -11.75
			vertex 15.24683666229248 3 -7.51890754699707
		endloop
	endfacet
	facet normal 0 1 0
		outer loop
			vertex 14.722432136535645 3 -8.5
			vertex 15.24683666229248 3 -7.51890754699707
			vertex 20.35159683227539 3 -11.75
		endloop
	endfacet
	facet normal -0.8819213823553601 0 0.47139651605035304
		outer loop
			vertex 15.24683666229248 3 -7.51890754699707
			vertex 14.722432136535645 3 -8.5
			vertex 15.24683666229248 0 -7.51890754699707
		endloop
	endfacet
	facet normal -0.8819213823553601 0 0.47139651605035304
		outer loop
			vertex 14.722432136535645 0 -8.5
			vertex 15.24683666229248 0 -7.51890754699707
			vertex 14.722432136535645 3 -8.5
		endloop
	endfacet
	facet normal 0 -1 0
		outer loop
			vertex 15.24683666229248 0 -7.51890754699707
			vertex 14.722432136535645 0 -8.5
			vertex 23.31869125366211 0 -11.499505996704102
		endloop
	endfacet
	facet normal 0 -1 0
		outer loop
			vertex 22.516660690307617 0 -13
			vertex 23.31869125366211 0 -11.499505996704102
			vertex 14.722432136535645 0 -8.5
		endloop
	endfacet
	facet normal 0.8492021206730429 0 -0.5280679485108016
		outer loop
			vertex 22.516660690307617 0 -13
			vertex 21.618209838867188 0 -14.444826126098633
			vertex 22.516660690307617 60 -13
		endloop
	endfacet
	facet normal 0.8492021206730429 0 -0.5280679485108016
		outer loop
			vertex 21.618209838867188 60 -14.444826126098633
			vertex 22.516660690307617 60 -13
			vertex 21.618209838867188 0 -14.444826126098633
		endloop
	endfacet
	facet normal 0 1 0
		outer loop
			vertex 22.516660690307617 60 -13
			vertex 21.618209838867188 60 -14.444826126098633
			vertex 20.35159683227539 60 -11.75
		endloop
	endfacet
	facet normal 0 1 0
		outer loop
			vertex 19.539535522460938 60 -13.055900573730469
			vertex 20.35159683227539 60 -11.75
			vertex 21.618209838867188 60 -14.444826126098633
		endloop
	endfacet
	facet normal -0.8492021380205316 0 0.5280679206137768
		outer loop
			vertex 20.35159683227539 60 -11.75
			vertex 19.539535522460938 60 -13.055900573730469
			vertex 20.35159683227539 3 -11.75
		endloop
	endfacet
	facet normal -0.8492021380205316 0 0.5280679206137768
		outer loop
			vertex 19.539535522460938 3 -13.055900573730469
			vertex 20.35159683227539 3 -11.75
			vertex 19.539535522460938 60 -13.055900573730469
		endloop
	endfacet
	facet normal 0 1 0
		outer loop
			vertex 20.35159683227539 3 -11.75
			vertex 19.539535522460938 3 -13.055900573730469
			vertex 14.722432136535645 3 -8.5
		endloop
	endfacet
	facet normal 0 1 0
		outer loop
			vertex 14.13498306274414 3 -9.444693565368652
			vertex 14.722432136535645 3 -8.5
			vertex 19.539535522460938 3 -13.055900573730469
		endloop
	endfacet
	facet normal -0.8492018329086474 0 0.5280684112731928
		outer loop
			vertex 14.722432136535645 3 -8.5
			vertex 14.13498306274414 3 -9.444693565368652
			vertex 14.722432136535645 0 -8.5
		endloop
	endfacet
	facet normal -0.8492018329086474 0 0.5280684112731928
		outer loop
			vertex 14.13498306274414 0 -9.444693565368652
			vertex 14.722432136535645 0 -8.5
			vertex 14.13498306274414 3 -9.444693565368652
		endloop
	endfacet
	facet normal 0 -1 0
		outer loop
			vertex 14.722432136535645 0 -8.5
			vertex 14.13498306274414 0 -9.444693565368652
			vertex 22.516660690307617 0 -13
		endloop
	endfacet
	facet normal 0 -1 0
		outer loop
			vertex 21.618209838867188 0 -14.444826126098633
			vertex 22.516660690307617 0 -13
			vertex 14.13498306274414 0 -9.444693565368652
		endloop
	endfacet
	facet normal 0.8128468953953951 0 -0.5824774026913557
		outer loop
			vertex 21.618209838867188 0 -14.444826126098633
			vertex 20.627187728881836 0 -15.827796936035156
			vertex 21.618209838867188 60 -14.444826126098633
		endloop
	endfacet
	facet normal 0.8128468953953951 0 -0.5824774026913557
		outer loop
			vertex 20.627187728881836 60 -15.827796936035156
			vertex 21.618209838867188 60 -14.444826126098633
			vertex 20.627187728881836 0 -15.827796936035156
		endloop
	endfacet
	facet normal 0 1 0
		outer loop
			vertex 21.618209838867188 60 -14.444826126098633
			vertex 20.627187728881836 60 -15.827796936035156
			vertex 19.539535522460938 60 -13.055900573730469
		endloop
	endfacet
	facet normal 0 1 0
		outer loop
			vertex 18.643802642822266 60 -14.305893898010254
			vertex 19.539535522460938 60 -13.055900573730469
			vertex 20.627187728881836 60 -15.827796936035156
		endloop
	endfacet
	facet normal -0.8128465827516234 0 0.58247783898532
		outer loop
			vertex 19.539535522460938 60 -13.055900573730469
			vertex 18.643802642822266 60 -14.305893898010254
			vertex 19.539535522460938 3 -13.055900573730469
		endloop
	endfacet
	facet normal -0.8128465827516234 0 0.58247783898532
		outer loop
			vertex 18.643802642822266 3 -14.305893898010254
			vertex 19.539535522460938 3 -13.055900573730469
			vertex 18.643802642822266 60 -14.305893898010254
		endloop
	endfacet
	facet normal 0 1 0
		outer loop
			vertex 19.539535522460938 3 -13.055900573730469
			vertex 18.643802642822266 3 -14.305893898010254
			vertex 14.13498306274414 3 -9.444693565368652
		endloop
	endfacet
	facet normal 0 1 0
		outer loop
			vertex 13.487007141113281 3 -10.348944664001465
			vertex 14.13498306274414 3 -9.444693565368652
			vertex 18.643802642822266 3 -14.305893898010254
		endloop
	endfacet
	facet normal -0.8128472174736062 0 0.5824769532311266
		outer loop
			vertex 14.13498306274414 3 -9.444693565368652
			vertex 13.487007141113281 3 -10.348944664001465
			vertex 14.13498306274414 0 -9.444693565368652
		endloop
	endfacet
	facet normal -0.8128472174736062 0 0.5824769532311266
		outer loop
			vertex 13.487007141113281 0 -10.348944664001465
			vertex 14.13498306274414 0 -9.444693565368652
			vertex 13.487007141113281 3 -10.348944664001465
		endloop
	endfacet
	facet normal 0 -1 0
		outer loop
			vertex 14.13498306274414 0 -9.444693565368652
			vertex 13.487007141113281 0 -10.348944664001465
			vertex 21.618209838867188 0 -14.444826126098633
		endloop
	endfacet
	facet normal 0 -1 0
		outer loop
			vertex 20.627187728881836 0 -15.827796936035156
			vertex 21.618209838867188 0 -14.444826126098633
			vertex 13.487007141113281 0 -10.348944664001465
		endloop
	endfacet
	facet normal 0.7730102742013117 0 -0.6343935024724109
		outer loop
			vertex 20.627187728881836 0 -15.827796936035156
			vertex 19.547834396362305 0 -17.14299201965332
			vertex 20.627187728881836 60 -15.827796936035156
		endloop
	endfacet
	facet normal 0.7730102742013117 0 -0.6343935024724109
		outer loop
			vertex 19.547834396362305 60 -17.14299201965332
			vertex 20.627187728881836 60 -15.827796936035156
			vertex 19.547834396362305 0 -17.14299201965332
		endloop
	endfacet
	facet normal 0 1 0
		outer loop
			vertex 20.627187728881836 60 -15.827796936035156
			vertex 19.547834396362305 60 -17.14299201965332
			vertex 18.643802642822266 60 -14.305893898010254
		endloop
	endfacet
	facet normal 0 1 0
		outer loop
			vertex 17.668235778808594 60 -15.494626998901367
			vertex 18.643802642822266 60 -14.305893898010254
			vertex 19.547834396362305 60 -17.14299201965332
		endloop
	endfacet
	facet normal -0.7730108296066383 0 0.6343928257088484
		outer loop
			vertex 18.643802642822266 60 -14.305893898010254
			vertex 17.668235778808594 60 -15.494626998901367
			vertex 18.643802642822266 3 -14.305893898010254
		endloop
	endfacet
	facet normal -0.7730108296066383 0 0.6343928257088484
		outer loop
			vertex 17.668235778808594 3 -15.494626998901367
			vertex 18.643802642822266 3 -14.305893898010254
			vertex 17.668235778808594 60 -15.494626998901367
		endloop
	endfacet
	facet normal 0 1 0
		outer loop
			vertex 18.643802642822266 3 -14.305893898010254
			vertex 17.668235778808594 3 -15.494626998901367
			vertex 13.487007141113281 3 -10.348944664001465
		endloop
	endfacet
	facet normal 0 1 0
		outer loop
			vertex 12.78127670288086 3 -11.208878517150879
			vertex 13.487007141113281 3 -10.348944664001465
			vertex 17.668235778808594 3 -15.494626998901367
		endloop
	endfacet
	facet normal -0.7730100286575331 0 0.6343938016680807
		outer loop
			vertex 13.487007141113281 3 -10.348944664001465
			vertex 12.78127670288086 3 -11.208878517150879
			vertex 13.487007141113281 0 -10.348944664001465
		endloop
	endfacet
	facet normal -0.7730100286575331 0 0.6343938016680807
		outer loop
			vertex 12.78127670288086 0 -11.208878517150879
			vertex 13.487007141113281 0 -10.348944664001465
			vertex 12.78127670288086 3 -11.208878517150879
		endloop
	endfacet
	facet normal 0 -1 0
		outer loop
			vertex 13.487007141113281 0 -10.348944664001465
			vertex 12.78127670288086 0 -11.208878517150879
			vertex 20.627187728881836 0 -15.827796936035156
		endloop
	endfacet
	facet normal 0 -1 0
		outer loop
			vertex 19.547834396362305 0 -17.14299201965332
			vertex 20.627187728881836 0 -15.827796936035156
			vertex 12.78127670288086 0 -11.208878517150879
		endloop
	endfacet
	facet normal 0.729864451540337 0 -0.6835918975366246
		outer loop
			vertex 19.547834396362305 0 -17.14299201965332
			vertex 18.384777069091797 0 -18.384777069091797
			vertex 19.547834396362305 60 -17.14299201965332
		endloop
	endfacet
	facet normal 0.729864451540337 0 -0.6835918975366246
		outer loop
			vertex 18.384777069091797 60 -18.384777069091797
			vertex 19.547834396362305 60 -17.14299201965332
			vertex 18.384777069091797 0 -18.384777069091797
		endloop
	endfacet
	facet normal 0 1 0
		outer loop
			vertex 19.547834396362305 60 -17.14299201965332
			vertex 18.384777069091797 60 -18.384777069091797
			vertex 17.668235778808594 60 -15.494626998901367
		endloop
	endfacet
	facet normal 0 1 0
		outer loop
			vertex 16.61701011657715 60 -16.61701011657715
			vertex 17.668235778808594 60 -15.494626998901367
			vertex 18.384777069091797 60 -18.384777069091797
		endloop
	endfacet
	facet normal -0.7298643465277127 0 0.6835920096575697
		outer loop
			vertex 17.668235778808594 60 -15.494626998901367
			vertex 16.61701011657715 60 -16.61701011657715
			vertex 17.668235778808594 3 -15.494626998901367
		endloop
	endfacet
	facet normal -0.7298643465277127 0 0.6835920096575697
		outer loop
			vertex 16.61701011657715 3 -16.61701011657715
			vertex 17.668235778808594 3 -15.494626998901367
			vertex 16.61701011657715 60 -16.61701011657715
		endloop
	endfacet
	facet normal 0 1 0
		outer loop
			vertex 17.668235778808594 3 -15.494626998901367
			vertex 16.61701011657715 3 -16.61701011657715
			vertex 12.78127670288086 3 -11.208878517150879
		endloop
	endfacet
	facet normal 0 1 0
		outer loop
			vertex 12.020814895629883 3 -12.020814895629883
			vertex 12.78127670288086 3 -11.208878517150879
			vertex 16.61701011657715 3 -16.61701011657715
		endloop
	endfacet
	facet normal -0.7298638922145503 0 0.6835924947228629
		outer loop
			vertex 12.78127670288086 3 -11.208878517150879
			vertex 12.020814895629883 3 -12.020814895629883
			vertex 12.78127670288086 0 -11.208878517150879
		endloop
	endfacet
	facet normal -0.7298638922145503 0 0.6835924947228629
		outer loop
			vertex 12.020814895629883 0 -12.020814895629883
			vertex 12.78127670288086 0 -11.208878517150879
			vertex 12.020814895629883 3 -12.020814895629883
		endloop
	endfacet
	facet normal 0 -1 0
		outer loop
			vertex 12.78127670288086 0 -11.208878517150879
			vertex 12.020814895629883 0 -12.020814895629883
			vertex 19.547834396362305 0 -17.14299201965332
		endloop
	endfacet
	facet normal 0 -1 0
		outer loop
			vertex 18.384777069091797 0 -18.384777069091797
			vertex 19.547834396362305 0 -17.14299201965332
			vertex 12.020814895629883 0 -12.020814895629883
		endloop
	endfacet
	facet normal 0.6835918975366246 0 -0.729864451540337
		outer loop
			vertex 18.384777069091797 0 -18.384777069091797
			vertex 17.14299201965332 0 -19.547834396362305
			vertex 18.384777069091797 60 -18.384777069091797
		endloop
	endfacet
	facet normal 0.6835918975366246 0 -0.729864451540337
		outer loop
			vertex 17.14299201965332 60 -19.547834396362305
			vertex 18.384777069091797 60 -18.384777069091797
			vertex 17.14299201965332 0 -19.547834396362305
		endloop
	endfacet
	facet normal 0 1 0
		outer loop
			vertex 18.384777069091797 60 -18.384777069091797
			vertex 17.14299201965332 60 -19.547834396362305
			vertex 16.61701011657715 60 -16.61701011657715
		endloop
	endfacet
	facet normal 0 1 0
		outer loop
			vertex 15.494626998901367 60 -17.668235778808594
			vertex 16.61701011657715 60 -16.61701011657715
			vertex 17.14299201965332 60 -19.547834396362305
		endloop
	endfacet
	facet normal -0.6835920096575697 0 0.7298643465277127
		outer loop
			vertex 16.61701011657715 60 -16.61701011657715
			vertex 15.494626998901367 60 -17.668235778808594
			vertex 16.61701011657715 3 -16.61701011657715
		endloop
	endfacet
	facet normal -0.6835920096575697 0 0.7298643465277127
		outer loop
			vertex 15.494626998901367 3 -17.668235778808594
			vertex 16.61701011657715 3 -16.61701011657715
			vertex 15.494626998901367 60 -17.668235778808594
		endloop
	endfacet
	facet normal 0 1 0
		outer loop
			vertex 16.61701011657715 3 -16.61701011657715
			vertex 15.494626998901367 3 -17.668235778808594
			vertex 12.020814895629883 3 -12.020814895629883
		endloop
	endfacet
	facet normal 0 1 0
		outer loop
			vertex 11.208878517150879 3 -12.78127670288086
			vertex 12.020814895629883 3 -12.020814895629883
			vertex 15.494626998901367 3 -17.668235778808594
		endloop
	endfacet
	facet normal -0.6835924947228629 0 0.7298638922145503
		outer loop
			vertex 12.020814895629883 3 -12.020814895629883
			vertex 11.208878517150879 3 -12.78127670288086
			vertex 12.020814895629883 0 -12.020814895629883
		endloop
	endfacet
	facet normal -0.6835924947228629 0 0.7298638922145503
		outer loop
			vertex 11.208878517150879 0 -12.78127670288086
			vertex 12.020814895629883 0 -12.020814895629883
			vertex 11.208878517150879 3 -12.78127670288086
		endloop
	endfacet
	facet normal 0 -1 0
		outer loop
			vertex 12.020814895629883 0 -12.020814895629883
			vertex 11.208878517150879 0 -12.78127670288086
			vertex 18.384777069091797 0 -18.384777069091797
		endloop
	endfacet
	facet normal 0 -1 0
		outer loop
			vertex 17.14299201965332 0 -19.547834396362305
			vertex 18.384777069091797 0 -18.384777069091797
			vertex 11.208878517150879 0 -12.78127670288086
		endloop
	endfacet
	facet normal 0.6343935024724109 0 -0.7730102742013117
		outer loop
			vertex 17.14299201965332 0 -19.547834396362305
			vertex 15.827796936035156 0 -20.627187728881836
			vertex 17.14299201965332 60 -19.547834396362305
		endloop
	endfacet
	facet normal 0.6343935024724109 0 -0.7730102742013117
		outer loop
			vertex 15.827796936035156 60 -20.627187728881836
			vertex 17.14299201965332 60 -19.547834396362305
			vertex 15.827796936035156 0 -20.627187728881836
		endloop
	endfacet
	facet normal 0 1 0
		outer loop
			vertex 17.14299201965332 60 -19.547834396362305
			vertex 15.827796936035156 60 -20.627187728881836
			vertex 15.494626998901367 60 -17.668235778808594
		endloop
	endfacet
	facet normal 0 1 0
		outer loop
			vertex 14.305893898010254 60 -18.643802642822266
			vertex 15.494626998901367 60 -17.668235778808594
			vertex 15.827796936035156 60 -20.627187728881836
		endloop
	endfacet
	facet normal -0.6343928257088484 0 0.7730108296066383
		outer loop
			vertex 15.494626998901367 60 -17.668235778808594
			vertex 14.305893898010254 60 -18.643802642822266
			vertex 15.494626998901367 3 -17.668235778808594
		endloop
	endfacet
	facet normal -0.6343928257088484 0 0.7730108296066383
		outer loop
			vertex 14.305893898010254 3 -18.643802642822266
			vertex 15.494626998901367 3 -17.668235778808594
			vertex 14.305893898010254 60 -18.643802642822266
		endloop
	endfacet
	facet normal 0 1 0
		outer loop
			vertex 15.494626998901367 3 -17.668235778808594
			vertex 14.305893898010254 3 -18.643802642822266
			vertex 11.208878517150879 3 -12.78127670288086
		endloop
	endfacet
	facet normal 0 1 0
		outer loop
			vertex 10.348944664001465 3 -13.487007141113281
			vertex 11.208878517150879 3 -12.78127670288086
			vertex 14.305893898010254 3 -18.643802642822266
		endloop
	endfacet
	facet normal -0.6343938016680807 0 0.7730100286575331
		outer loop
			vertex 11.208878517150879 3 -12.78127670288086
			vertex 10.348944664001465 3 -13.487007141113281
			vertex 11.208878517150879 0 -12.78127670288086
		endloop
	endfacet
	facet normal -0.6343938016680807 0 0.7730100286575331
		outer loop
			vertex 10.348944664001465 0 -13.487007141113281
			vertex 11.208878517150879 0 -12.78127670288086
			vertex 10.348944664001465 3 -13.487007141113281
		endloop
	endfacet
	facet normal 0 -1 0
		outer loop
			vertex 11.208878517150879 0 -12.78127670288086
			vertex 10.348944664001465 0 -13.487007141113281
			vertex 17.14299201965332 0 -19.547834396362305
		endloop
	endfacet
	facet normal 0 -1 0
		outer loop
			vertex 15.827796936035156 0 -20.627187728881836
			vertex 17.14299201965332 0 -19.547834396362305
			vertex 10.348944664001465 0 -13.487007141113281
		endloop
	endfacet
	facet normal 0.5824774026913557 0 -0.8128468953953951
		outer loop
			vertex 15.827796936035156 0 -20.627187728881836
			vertex 14.444826126098633 0 -21.618209838867188
			vertex 15.827796936035156 60 -20.627187728881836
		endloop
	endfacet
	facet normal 0.5824774026913557 0 -0.8128468953953951
		outer loop
			vertex 14.444826126098633 60 -21.618209838867188
			vertex 15.827796936035156 60 -20.627187728881836
			vertex 14.444826126098633 0 -21.618209838867188
		endloop
	endfacet
	facet normal 0 1 0
		outer loop
			vertex 15.827796936035156 60 -20.627187728881836
			vertex 14.444826126098633 60 -21.618209838867188
			vertex 14.305893898010254 60 -18.643802642822266
		endloop
	endfacet
	facet normal 0 1 0
		outer loop
			vertex 13.055900573730469 60 -19.539535522460938
			vertex 14.305893898010254 60 -18.643802642822266
			vertex 14.444826126098633 60 -21.618209838867188
		endloop
	endfacet
	facet normal -0.58247783898532 0 0.8128465827516234
		outer loop
			vertex 14.305893898010254 60 -18.643802642822266
			vertex 13.055900573730469 60 -19.539535522460938
			vertex 14.305893898010254 3 -18.643802642822266
		endloop
	endfacet
	facet normal -0.58247783898532 0 0.8128465827516234
		outer loop
			vertex 13.055900573730469 3 -19.539535522460938
			vertex 14.305893898010254 3 -18.643802642822266
			vertex 13.055900573730469 60 -19.539535522460938
		endloop
	endfacet
	facet normal 0 1 0
		outer loop
			vertex 14.305893898010254 3 -18.643802642822266
			vertex 13.055900573730469 3 -19.539535522460938
			vertex 10.348944664001465 3 -13.487007141113281
		endloop
	endfacet
	facet normal 0 1 0
		outer loop
			vertex 9.444693565368652 3 -14.13498306274414
			vertex 10.348944664001465 3 -13.487007141113281
			vertex 13.055900573730469 3 -19.539535522460938
		endloop
	endfacet
	facet normal -0.5824769532311266 0 0.8128472174736062
		outer loop
			vertex 10.348944664001465 3 -13.487007141113281
			vertex 9.444693565368652 3 -14.13498306274414
			vertex 10.348944664001465 0 -13.487007141113281
		endloop
	endfacet
	facet normal -0.5824769532311266 0 0.8128472174736062
		outer loop
			vertex 9.444693565368652 0 -14.13498306274414
			vertex 10.348944664001465 0 -13.487007141113281
			vertex 9.444693565368652 3 -14.13498306274414
		endloop
	endfacet
	facet normal 0 -1 0
		outer loop
			vertex 10.348944664001465 0 -13.487007141113281
			vertex 9.444693565368652 0 -14.13498306274414
			vertex 15.827796936035156 0 -20.627187728881836
		endloop
	endfacet
	facet normal 0 -1 0
		outer loop
			vertex 14.444826126098633 0 -21.618209838867188
			vertex 15.827796936035156 0 -20.627187728881836
			vertex 9.444693565368652 0 -14.13498306274414
		endloop
	endfacet
	facet normal 0.5280679485108016 0 -0.8492021206730429
		outer loop
			vertex 14.444826126098633 0 -21.618209838867188
			vertex 13 0 -22.516660690307617
			vertex 14.444826126098633 60 -21.618209838867188
		endloop
	endfacet
	facet normal 0.5280679485108016 0 -0.8492021206730429
		outer loop
			vertex 13 60 -22.516660690307617
			vertex 14.444826126098633 60 -21.618209838867188
			vertex 13 0 -22.516660690307617
		endloop
	endfacet
	facet normal 0 1 0
		outer loop
			vertex 14.444826126098633 60 -21.618209838867188
			vertex 13 60 -22.516660690307617
			vertex 13.055900573730469 60 -19.539535522460938
		endloop
	endfacet
	facet normal 0 1 0
		outer loop
			vertex 11.75 60 -20.35159683227539
			vertex 13.055900573730469 60 -19.539535522460938
			vertex 13 60 -22.516660690307617
		endloop
	endfacet
	facet normal -0.5280679206137768 0 0.8492021380205316
		outer loop
			vertex 13.055900573730469 60 -19.539535522460938
			vertex 11.75 60 -20.35159683227539
			vertex 13.055900573730469 3 -19.539535522460938
		endloop
	endfacet
	facet normal -0.5280679206137768 0 0.8492021380205316
		outer loop
			vertex 11.75 3 -20.35159683227539
			vertex 13.055900573730469 3 -19.539535522460938
			vertex 11.75 60 -20.35159683227539
		endloop
	endfacet
	facet normal 0 1 0
		outer loop
			vertex 13.055900573730469 3 -19.539535522460938
			vertex 11.75 3 -20.35159683227539
			vertex 9.444693565368652 3 -14.13498306274414
		endloop
	endfacet
	facet normal 0 1 0
		outer loop
			vertex 8.5 3 -14.722432136535645
			vertex 9.444693565368652 3 -14.13498306274414
			vertex 11.75 3 -20.35159683227539
		endloop
	endfacet
	facet normal -0.5280684112731928 0 0.8492018329086474
		outer loop
			vertex 9.444693565368652 3 -14.13498306274414
			vertex 8.5 3 -14.722432136535645
			vertex 9.444693565368652 0 -14.13498306274414
		endloop
	endfacet
	facet normal -0.5280684112731928 0 0.8492018329086474
		outer loop
			vertex 8.5 0 -14.722432136535645
			vertex 9.444693565368652 0 -14.13498306274414
			vertex 8.5 3 -14.722432136535645
		endloop
	endfacet
	facet normal 0 -1 0
		outer loop
			vertex 9.444693565368652 0 -14.13498306274414
			vertex 8.5 0 -14.722432136535645
			vertex 14.444826126098633 0 -21.618209838867188
		endloop
	endfacet
	facet normal 0 -1 0
		outer loop
			vertex 13 0 -22.516660690307617
			vertex 14.444826126098633 0 -21.618209838867188
			vertex 8.5 0 -14.722432136535645
		endloop
	endfacet
	facet normal 0.47139664958668875 0 -0.8819213109787317
		outer loop
			vertex 13 0 -22.516660690307617
			vertex 11.499505996704102 0 -23.31869125366211
			vertex 13 60 -22.516660690307617
		endloop
	endfacet
	facet normal 0.47139664958668875 0 -0.8819213109787317
		outer loop
			vertex 11.499505996704102 60 -23.31869125366211
			vertex 13 60 -22.516660690307617
			vertex 11.499505996704102 0 -23.31869125366211
		endloop
	endfacet
	facet normal 0 1 0
		outer loop
			vertex 13 60 -22.516660690307617
			vertex 11.499505996704102 60 -23.31869125366211
			vertex 11.75 60 -20.35159683227539
		endloop
	endfacet
	facet normal 0 1 0
		outer loop
			vertex 10.393784523010254 60 -21.076509475708008
			vertex 11.75 60 -20.35159683227539
			vertex 11.499505996704102 60 -23.31869125366211
		endloop
	endfacet
	facet normal -0.47139692307035486 0 0.8819211647986469
		outer loop
			vertex 11.75 60 -20.35159683227539
			vertex 10.393784523010254 60 -21.076509475708008
			vertex 11.75 3 -20.35159683227539
		endloop
	endfacet
	facet normal -0.47139692307035486 0 0.8819211647986469
		outer loop
			vertex 10.393784523010254 3 -21.076509475708008
			vertex 11.75 3 -20.35159683227539
			vertex 10.393784523010254 60 -21.076509475708008
		endloop
	endfacet
	facet normal 0 1 0
		outer loop
			vertex 11.75 3 -20.35159683227539
			vertex 10.393784523010254 3 -21.076509475708008
			vertex 8.5 3 -14.722432136535645
		endloop
	endfacet
	facet normal 0 1 0
		outer loop
			vertex 7.51890754699707 3 -15.24683666229248
			vertex 8.5 3 -14.722432136535645
			vertex 10.393784523010254 3 -21.076509475708008
		endloop
	endfacet
	facet normal -0.47139651605035304 0 0.8819213823553601
		outer loop
			vertex 8.5 3 -14.722432136535645
			vertex 7.51890754699707 3 -15.24683666229248
			vertex 8.5 0 -14.722432136535645
		endloop
	endfacet
	facet normal -0.47139651605035304 0 0.8819213823553601
		outer loop
			vertex 7.51890754699707 0 -15.24683666229248
			vertex 8.5 0 -14.722432136535645
			vertex 7.51890754699707 3 -15.24683666229248
		endloop
	endfacet
	facet normal 0 -1 0
		outer loop
			vertex 8.5 0 -14.722432136535645
			vertex 7.51890754699707 0 -15.24683666229248
			vertex 13 0 -22.516660690307617
		endloop
	endfacet
	facet normal 0 -1 0
		outer loop
			vertex 11.499505996704102 0 -23.31869125366211
			vertex 13 0 -22.516660690307617
			vertex 7.51890754699707 0 -15.24683666229248
		endloop
	endfacet
	facet normal 0.41270720479677553 0 -0.9108637456331394
		outer loop
			vertex 11.499505996704102 0 -23.31869125366211
			vertex 9.949769020080566 0 -24.0208683013916
			vertex 11.499505996704102 60 -23.31869125366211
		endloop
	endfacet
	facet normal 0.41270720479677553 0 -0.9108637456331394
		outer loop
			vertex 9.949769020080566 60 -24.0208683013916
			vertex 11.499505996704102 60 -23.31869125366211
			vertex 9.949769020080566 0 -24.0208683013916
		endloop
	endfacet
	facet normal 0 1 0
		outer loop
			vertex 11.499505996704102 60 -23.31869125366211
			vertex 9.949769020080566 60 -24.0208683013916
			vertex 10.393784523010254 60 -21.076509475708008
		endloop
	endfacet
	facet normal 0 1 0
		outer loop
			vertex 8.993061065673828 60 -21.71116828918457
			vertex 10.393784523010254 60 -21.076509475708008
			vertex 9.949769020080566 60 -24.0208683013916
		endloop
	endfacet
	facet normal -0.41270663692519044 0 0.9108640029323253
		outer loop
			vertex 10.393784523010254 60 -21.076509475708008
			vertex 8.993061065673828 60 -21.71116828918457
			vertex 10.393784523010254 3 -21.076509475708008
		endloop
	endfacet
	facet normal -0.41270663692519044 0 0.9108640029323253
		outer loop
			vertex 8.993061065673828 3 -21.71116828918457
			vertex 10.393784523010254 3 -21.076509475708008
			vertex 8.993061065673828 60 -21.71116828918457
		endloop
	endfacet
	facet normal 0 1 0
		outer loop
			vertex 10.393784523010254 3 -21.076509475708008
			vertex 8.993061065673828 3 -21.71116828918457
			vertex 7.51890754699707 3 -15.24683666229248
		endloop
	endfacet
	facet normal 0 1 0
		outer loop
			vertex 6.505618572235107 3 -15.705951690673828
			vertex 7.51890754699707 3 -15.24683666229248
			vertex 8.993061065673828 3 -21.71116828918457
		endloop
	endfacet
	facet normal -0.41270685599339935 0 0.9108639036738935
		outer loop
			vertex 7.51890754699707 3 -15.24683666229248
			vertex 6.505618572235107 3 -15.705951690673828
			vertex 7.51890754699707 0 -15.24683666229248
		endloop
	endfacet
	facet normal -0.41270685599339935 0 0.9108639036738935
		outer loop
			vertex 6.505618572235107 0 -15.705951690673828
			vertex 7.51890754699707 0 -15.24683666229248
			vertex 6.505618572235107 3 -15.705951690673828
		endloop
	endfacet
	facet normal 0 -1 0
		outer loop
			vertex 7.51890754699707 0 -15.24683666229248
			vertex 6.505618572235107 0 -15.705951690673828
			vertex 11.499505996704102 0 -23.31869125366211
		endloop
	endfacet
	facet normal 0 -1 0
		outer loop
			vertex 9.949769020080566 0 -24.0208683013916
			vertex 11.499505996704102 0 -23.31869125366211
			vertex 6.505618572235107 0 -15.705951690673828
		endloop
	endfacet
	facet normal 0.3522500744011758 0 -0.9359059167909808
		outer loop
			vertex 9.949769020080566 0 -24.0208683013916
			vertex 8.357425689697266 0 -24.62018394470215
			vertex 9.949769020080566 60 -24.0208683013916
		endloop
	endfacet
	facet normal 0.3522500744011758 0 -0.9359059167909808
		outer loop
			vertex 8.357425689697266 60 -24.62018394470215
			vertex 9.949769020080566 60 -24.0208683013916
			vertex 8.357425689697266 0 -24.62018394470215
		endloop
	endfacet
	facet normal 0 1 0
		outer loop
			vertex 9.949769020080566 60 -24.0208683013916
			vertex 8.357425689697266 60 -24.62018394470215
			vertex 8.993061065673828 60 -21.71116828918457
		endloop
	endfacet
	facet normal 0 1 0
		outer loop
			vertex 7.553827285766602 60 -22.252857208251953
			vertex 8.993061065673828 60 -21.71116828918457
			vertex 8.357425689697266 60 -24.62018394470215
		endloop
	endfacet
	facet normal -0.3522498664799024 0 0.9359059950469871
		outer loop
			vertex 8.993061065673828 60 -21.71116828918457
			vertex 7.553827285766602 60 -22.252857208251953
			vertex 8.993061065673828 3 -21.71116828918457
		endloop
	endfacet
	facet normal -0.3522498664799024 0 0.9359059950469871
		outer loop
			vertex 7.553827285766602 3 -22.252857208251953
			vertex 8.993061065673828 3 -21.71116828918457
			vertex 7.553827285766602 60 -22.252857208251953
		endloop
	endfacet
	facet normal 0 1 0
		outer loop
			vertex 8.993061065673828 3 -21.71116828918457
			vertex 7.553827285766602 3 -22.252857208251953
			vertex 6.505618572235107 3 -15.705951690673828
		endloop
	endfacet
	facet normal 0 1 0
		outer loop
			vertex 5.464470863342285 3 -16.09781265258789
			vertex 6.505618572235107 3 -15.705951690673828
			vertex 7.553827285766602 3 -22.252857208251953
		endloop
	endfacet
	facet normal -0.3522506085392994 0 0.9359057157554352
		outer loop
			vertex 6.505618572235107 3 -15.705951690673828
			vertex 5.464470863342285 3 -16.09781265258789
			vertex 6.505618572235107 0 -15.705951690673828
		endloop
	endfacet
	facet normal -0.3522506085392994 0 0.9359057157554352
		outer loop
			vertex 5.464470863342285 0 -16.09781265258789
			vertex 6.505618572235107 0 -15.705951690673828
			vertex 5.464470863342285 3 -16.09781265258789
		endloop
	endfacet
	facet normal 0 -1 0
		outer loop
			vertex 6.505618572235107 0 -15.705951690673828
			vertex 5.464470863342285 0 -16.09781265258789
			vertex 9.949769020080566 0 -24.0208683013916
		endloop
	endfacet
	facet normal 0 -1 0
		outer loop
			vertex 8.357425689697266 0 -24.62018394470215
			vertex 9.949769020080566 0 -24.0208683013916
			vertex 5.464470863342285 0 -16.09781265258789
		endloop
	endfacet
	facet normal 0.2902841279443559 0 -0.9569405023634358
		outer loop
			vertex 8.357425689697266 0 -24.62018394470215
			vertex 6.729295253753662 0 -25.114070892333984
			vertex 8.357425689697266 60 -24.62018394470215
		endloop
	endfacet
	facet normal 0.2902841279443559 0 -0.9569405023634358
		outer loop
			vertex 6.729295253753662 60 -25.114070892333984
			vertex 8.357425689697266 60 -24.62018394470215
			vertex 6.729295253753662 0 -25.114070892333984
		endloop
	endfacet
	facet normal 0 1 0
		outer loop
			vertex 8.357425689697266 60 -24.62018394470215
			vertex 6.729295253753662 60 -25.114070892333984
			vertex 7.553827285766602 60 -22.252857208251953
		endloop
	endfacet
	facet normal 0 1 0
		outer loop
			vertex 6.082247734069824 60 -22.699256896972656
			vertex 7.553827285766602 60 -22.252857208251953
			vertex 6.729295253753662 60 -25.114070892333984
		endloop
	endfacet
	facet normal -0.2902852203658986 0 0.9569401709809876
		outer loop
			vertex 7.553827285766602 60 -22.252857208251953
			vertex 6.082247734069824 60 -22.699256896972656
			vertex 7.553827285766602 3 -22.252857208251953
		endloop
	endfacet
	facet normal -0.2902852203658986 0 0.9569401709809876
		outer loop
			vertex 6.082247734069824 3 -22.699256896972656
			vertex 7.553827285766602 3 -22.252857208251953
			vertex 6.082247734069824 60 -22.699256896972656
		endloop
	endfacet
	facet normal 0 1 0
		outer loop
			vertex 7.553827285766602 3 -22.252857208251953
			vertex 6.082247734069824 3 -22.699256896972656
			vertex 5.464470863342285 3 -16.09781265258789
		endloop
	endfacet
	facet normal 0 1 0
		outer loop
			vertex 4.399923801422119 3 -16.420738220214844
			vertex 5.464470863342285 3 -16.09781265258789
			vertex 6.082247734069824 3 -22.699256896972656
		endloop
	endfacet
	facet normal -0.29028364569765147 0 0.9569406486509393
		outer loop
			vertex 5.464470863342285 3 -16.09781265258789
			vertex 4.399923801422119 3 -16.420738220214844
			vertex 5.464470863342285 0 -16.09781265258789
		endloop
	endfacet
	facet normal -0.29028364569765147 0 0.9569406486509393
		outer loop
			vertex 4.399923801422119 0 -16.420738220214844
			vertex 5.464470863342285 0 -16.09781265258789
			vertex 4.399923801422119 3 -16.420738220214844
		endloop
	endfacet
	facet normal 0 -1 0
		outer loop
			vertex 5.464470863342285 0 -16.09781265258789
			vertex 4.399923801422119 0 -16.420738220214844
			vertex 8.357425689697266 0 -24.62018394470215
		endloop
	endfacet
	facet normal 0 -1 0
		outer loop
			vertex 6.729295253753662 0 -25.114070892333984
			vertex 8.357425689697266 0 -24.62018394470215
			vertex 4.399923801422119 0 -16.420738220214844
		endloop
	endfacet
	facet normal 0.22707684443044965 0 -0.973876843714599
		outer loop
			vertex 6.729295253753662 0 -25.114070892333984
			vertex 5.072348594665527 0 -25.500417709350586
			vertex 6.729295253753662 60 -25.114070892333984
		endloop
	endfacet
	facet normal 0.22707684443044965 0 -0.973876843714599
		outer loop
			vertex 5.072348594665527 60 -25.500417709350586
			vertex 6.729295253753662 60 -25.114070892333984
			vertex 5.072348594665527 0 -25.500417709350586
		endloop
	endfacet
	facet normal 0 1 0
		outer loop
			vertex 6.729295253753662 60 -25.114070892333984
			vertex 5.072348594665527 60 -25.500417709350586
			vertex 6.082247734069824 60 -22.699256896972656
		endloop
	endfacet
	facet normal 0 1 0
		outer loop
			vertex 4.584622383117676 60 -23.04845428466797
			vertex 6.082247734069824 60 -22.699256896972656
			vertex 5.072348594665527 60 -25.500417709350586
		endloop
	endfacet
	facet normal -0.22707634471687507 0 0.9738769602316419
		outer loop
			vertex 6.082247734069824 60 -22.699256896972656
			vertex 4.584622383117676 60 -23.04845428466797
			vertex 6.082247734069824 3 -22.699256896972656
		endloop
	endfacet
	facet normal -0.22707634471687507 0 0.9738769602316419
		outer loop
			vertex 4.584622383117676 3 -23.04845428466797
			vertex 6.082247734069824 3 -22.699256896972656
			vertex 4.584622383117676 60 -23.04845428466797
		endloop
	endfacet
	facet normal 0 1 0
		outer loop
			vertex 6.082247734069824 3 -22.699256896972656
			vertex 4.584622383117676 3 -23.04845428466797
			vertex 4.399923801422119 3 -16.420738220214844
		endloop
	endfacet
	facet normal 0 1 0
		outer loop
			vertex 3.316535472869873 3 -16.673349380493164
			vertex 4.399923801422119 3 -16.420738220214844
			vertex 4.584622383117676 3 -23.04845428466797
		endloop
	endfacet
	facet normal -0.22707663127820493 0 0.9738768934148413
		outer loop
			vertex 4.399923801422119 3 -16.420738220214844
			vertex 3.316535472869873 3 -16.673349380493164
			vertex 4.399923801422119 0 -16.420738220214844
		endloop
	endfacet
	facet normal -0.22707663127820493 0 0.9738768934148413
		outer loop
			vertex 3.316535472869873 0 -16.673349380493164
			vertex 4.399923801422119 0 -16.420738220214844
			vertex 3.316535472869873 3 -16.673349380493164
		endloop
	endfacet
	facet normal 0 -1 0
		outer loop
			vertex 4.399923801422119 0 -16.420738220214844
			vertex 3.316535472869873 0 -16.673349380493164
			vertex 6.729295253753662 0 -25.114070892333984
		endloop
	endfacet
	facet normal 0 -1 0
		outer loop
			vertex 5.072348594665527 0 -25.500417709350586
			vertex 6.729295253753662 0 -25.114070892333984
			vertex 3.316535472869873 0 -16.673349380493164
		endloop
	endfacet
	facet normal 0.162895511749074 0 -0.9866433257525271
		outer loop
			vertex 5.072348594665527 0 -25.500417709350586
			vertex 3.393681049346924 0 -25.77756690979004
			vertex 5.072348594665527 60 -25.500417709350586
		endloop
	endfacet
	facet normal 0.162895511749074 0 -0.9866433257525271
		outer loop
			vertex 3.393681049346924 60 -25.77756690979004
			vertex 5.072348594665527 60 -25.500417709350586
			vertex 3.393681049346924 0 -25.77756690979004
		endloop
	endfacet
	facet normal 0 1 0
		outer loop
			vertex 5.072348594665527 60 -25.500417709350586
			vertex 3.393681049346924 60 -25.77756690979004
			vertex 4.584622383117676 60 -23.04845428466797
		endloop
	endfacet
	facet normal 0 1 0
		outer loop
			vertex 3.0673654079437256 60 -23.298954010009766
			vertex 4.584622383117676 60 -23.04845428466797
			vertex 3.393681049346924 60 -25.77756690979004
		endloop
	endfacet
	facet normal -0.16289521063904835 0 0.9866433754659585
		outer loop
			vertex 4.584622383117676 60 -23.04845428466797
			vertex 3.0673654079437256 60 -23.298954010009766
			vertex 4.584622383117676 3 -23.04845428466797
		endloop
	endfacet
	facet normal -0.16289521063904835 0 0.9866433754659585
		outer loop
			vertex 3.0673654079437256 3 -23.298954010009766
			vertex 4.584622383117676 3 -23.04845428466797
			vertex 3.0673654079437256 60 -23.298954010009766
		endloop
	endfacet
	facet normal 0 1 0
		outer loop
			vertex 4.584622383117676 3 -23.04845428466797
			vertex 3.0673654079437256 3 -23.298954010009766
			vertex 3.316535472869873 3 -16.673349380493164
		endloop
	endfacet
	facet normal 0 1 0
		outer loop
			vertex 2.218945264816284 3 -16.854562759399414
			vertex 3.316535472869873 3 -16.673349380493164
			vertex 3.0673654079437256 3 -23.298954010009766
		endloop
	endfacet
	facet normal -0.16289591281316526 0 0.9866432595364779
		outer loop
			vertex 3.316535472869873 3 -16.673349380493164
			vertex 2.218945264816284 3 -16.854562759399414
			vertex 3.316535472869873 0 -16.673349380493164
		endloop
	endfacet
	facet normal -0.16289591281316526 0 0.9866432595364779
		outer loop
			vertex 2.218945264816284 0 -16.854562759399414
			vertex 3.316535472869873 0 -16.673349380493164
			vertex 2.218945264816284 3 -16.854562759399414
		endloop
	endfacet
	facet normal 0 -1 0
		outer loop
			vertex 3.316535472869873 0 -16.673349380493164
			vertex 2.218945264816284 0 -16.854562759399414
			vertex 5.072348594665527 0 -25.500417709350586
		endloop
	endfacet
	facet normal 0 -1 0
		outer loop
			vertex 3.393681049346924 0 -25.77756690979004
			vertex 5.072348594665527 0 -25.500417709350586
			vertex 2.218945264816284 0 -16.854562759399414
		endloop
	endfacet
	facet normal 0.09801691030515364 0 -0.9951847493275968
		outer loop
			vertex 3.393681049346924 0 -25.77756690979004
			vertex 1.7004814147949219 0 -25.944332122802734
			vertex 3.393681049346924 60 -25.77756690979004
		endloop
	endfacet
	facet normal 0.09801691030515364 0 -0.9951847493275968
		outer loop
			vertex 1.7004814147949219 60 -25.944332122802734
			vertex 3.393681049346924 60 -25.77756690979004
			vertex 1.7004814147949219 0 -25.944332122802734
		endloop
	endfacet
	facet normal 0 1 0
		outer loop
			vertex 3.393681049346924 60 -25.77756690979004
			vertex 1.7004814147949219 60 -25.944332122802734
			vertex 3.0673654079437256 60 -23.298954010009766
		endloop
	endfacet
	facet normal 0 1 0
		outer loop
			vertex 1.5369735956192017 60 -23.449684143066406
			vertex 3.0673654079437256 60 -23.298954010009766
			vertex 1.7004814147949219 60 -25.944332122802734
		endloop
	endfacet
	facet normal -0.09801694439812458 0 0.9951847459697397
		outer loop
			vertex 3.0673654079437256 60 -23.298954010009766
			vertex 1.5369735956192017 60 -23.449684143066406
			vertex 3.0673654079437256 3 -23.298954010009766
		endloop
	endfacet
	facet normal -0.09801694439812458 0 0.9951847459697397
		outer loop
			vertex 1.5369735956192017 3 -23.449684143066406
			vertex 3.0673654079437256 3 -23.298954010009766
			vertex 1.5369735956192017 60 -23.449684143066406
		endloop
	endfacet
	facet normal 0 1 0
		outer loop
			vertex 3.0673654079437256 3 -23.298954010009766
			vertex 1.5369735956192017 3 -23.449684143066406
			vertex 2.218945264816284 3 -16.854562759399414
		endloop
	endfacet
	facet normal 0 1 0
		outer loop
			vertex 1.1118532419204712 3 -16.96360206604004
			vertex 2.218945264816284 3 -16.854562759399414
			vertex 1.5369735956192017 3 -23.449684143066406
		endloop
	endfacet
	facet normal -0.09801737150015044 0 0.9951847039038542
		outer loop
			vertex 2.218945264816284 3 -16.854562759399414
			vertex 1.1118532419204712 3 -16.96360206604004
			vertex 2.218945264816284 0 -16.854562759399414
		endloop
	endfacet
	facet normal -0.09801737150015044 0 0.9951847039038542
		outer loop
			vertex 1.1118532419204712 0 -16.96360206604004
			vertex 2.218945264816284 0 -16.854562759399414
			vertex 1.1118532419204712 3 -16.96360206604004
		endloop
	endfacet
	facet normal 0 -1 0
		outer loop
			vertex 2.218945264816284 0 -16.854562759399414
			vertex 1.1118532419204712 0 -16.96360206604004
			vertex 3.393681049346924 0 -25.77756690979004
		endloop
	endfacet
	facet normal 0 -1 0
		outer loop
			vertex 1.7004814147949219 0 -25.944332122802734
			vertex 3.393681049346924 0 -25.77756690979004
			vertex 1.1118532419204712 0 -16.96360206604004
		endloop
	endfacet
	facet normal 0.032719012135852384 0 -0.9994645897903808
		outer loop
			vertex 1.7004814147949219 0 -25.944332122802734
			vertex 3.1840817637818772e-15 0 -26
			vertex 1.7004814147949219 60 -25.944332122802734
		endloop
	endfacet
	facet normal 0.032719012135852384 0 -0.9994645897903808
		outer loop
			vertex 3.1840817637818772e-15 60 -26
			vertex 1.7004814147949219 60 -25.944332122802734
			vertex 3.1840817637818772e-15 0 -26
		endloop
	endfacet
	facet normal 0 1 0
		outer loop
			vertex 1.7004814147949219 60 -25.944332122802734
			vertex 3.1840817637818772e-15 60 -26
			vertex 1.5369735956192017 60 -23.449684143066406
		endloop
	endfacet
	facet normal 0 1 0
		outer loop
			vertex 2.877920010930916e-15 60 -23.5
			vertex 1.5369735956192017 60 -23.449684143066406
			vertex 3.1840817637818772e-15 60 -26
		endloop
	endfacet
	facet normal -0.032719440820131125 0 0.9994645757566488
		outer loop
			vertex 1.5369735956192017 60 -23.449684143066406
			vertex 2.877920010930916e-15 60 -23.5
			vertex 1.5369735956192017 3 -23.449684143066406
		endloop
	endfacet
	facet normal -0.032719440820131125 0 0.9994645757566488
		outer loop
			vertex 2.877920010930916e-15 3 -23.5
			vertex 1.5369735956192017 3 -23.449684143066406
			vertex 2.877920010930916e-15 60 -23.5
		endloop
	endfacet
	facet normal 0 1 0
		outer loop
			vertex 1.5369735956192017 3 -23.449684143066406
			vertex 2.877920010930916e-15 3 -23.5
			vertex 1.1118532419204712 3 -16.96360206604004
		endloop
	endfacet
	facet normal 0 1 0
		outer loop
			vertex 2.0818996229250058e-15 3 -17
			vertex 1.1118532419204712 3 -16.96360206604004
			vertex 2.877920010930916e-15 3 -23.5
		endloop
	endfacet
	facet normal -0.03271874837182571 0 0.9994645984250675
		outer loop
			vertex 1.1118532419204712 3 -16.96360206604004
			vertex 2.0818996229250058e-15 3 -17
			vertex 1.1118532419204712 0 -16.96360206604004
		endloop
	endfacet
	facet normal -0.03271874837182571 0 0.9994645984250675
		outer loop
			vertex 2.0818996229250058e-15 0 -17
			vertex 1.1118532419204712 0 -16.96360206604004
			vertex 2.0818996229250058e-15 3 -17
		endloop
	endfacet
	facet normal 0 -1 0
		outer loop
			vertex 1.1118532419204712 0 -16.96360206604004
			vertex 2.0818996229250058e-15 0 -17
			vertex 1.7004814147949219 0 -25.944332122802734
		endloop
	endfacet
	facet normal 0 -1 0
		outer loop
			vertex 3.1840817637818772e-15 0 -26
			vertex 1.7004814147949219 0 -25.944332122802734
			vertex 2.0818996229250058e-15 0 -17
		endloop
	endfacet
	facet normal -0.032719012135852266 0 -0.9994645897903807
		outer loop
			vertex 3.1840817637818772e-15 0 -26
			vertex -1.7004814147949219 0 -25.944332122802734
			vertex 3.1840817637818772e-15 60 -26
		endloop
	endfacet
	facet normal -0.032719012135852266 0 -0.9994645897903807
		outer loop
			vertex -1.7004814147949219 60 -25.944332122802734
			vertex 3.1840817637818772e-15 60 -26
			vertex -1.7004814147949219 0 -25.944332122802734
		endloop
	endfacet
	facet normal 0 1 0
		outer loop
			vertex 3.1840817637818772e-15 60 -26
			vertex -1.7004814147949219 60 -25.944332122802734
			vertex 2.877920010930916e-15 60 -23.5
		endloop
	endfacet
	facet normal 0 1 0
		outer loop
			vertex -1.5369735956192017 60 -23.449684143066406
			vertex 2.877920010930916e-15 60 -23.5
			vertex -1.7004814147949219 60 -25.944332122802734
		endloop
	endfacet
	facet normal 0.032719440820131 0 0.9994645757566489
		outer loop
			vertex 2.877920010930916e-15 60 -23.5
			vertex -1.5369735956192017 60 -23.449684143066406
			vertex 2.877920010930916e-15 3 -23.5
		endloop
	endfacet
	facet normal 0.032719440820131 0 0.9994645757566489
		outer loop
			vertex -1.5369735956192017 3 -23.449684143066406
			vertex 2.877920010930916e-15 3 -23.5
			vertex -1.5369735956192017 60 -23.449684143066406
		endloop
	endfacet
	facet normal 0 1 0
		outer loop
			vertex 2.877920010930916e-15 3 -23.5
			vertex -1.5369735956192017 3 -23.449684143066406
			vertex 2.0818996229250058e-15 3 -17
		endloop
	endfacet
	facet normal 0 1 0
		outer loop
			vertex -1.1118532419204712 3 -16.96360206604004
			vertex 2.0818996229250058e-15 3 -17
			vertex -1.5369735956192017 3 -23.449684143066406
		endloop
	endfacet
	facet normal 0.03271874837182558 0 0.9994645984250675
		outer loop
			vertex 2.0818996229250058e-15 3 -17
			vertex -1.1118532419204712 3 -16.96360206604004
			vertex 2.0818996229250058e-15 0 -17
		endloop
	endfacet
	facet normal 0.03271874837182558 0 0.9994645984250675
		outer loop
			vertex -1.1118532419204712 0 -16.96360206604004
			vertex 2.0818996229250058e-15 0 -17
			vertex -1.1118532419204712 3 -16.96360206604004
		endloop
	endfacet
	facet normal 0 -1 0
		outer loop
			vertex 2.0818996229250058e-15 0 -17
			vertex -1.1118532419204712 0 -16.96360206604004
			vertex 3.1840817637818772e-15 0 -26
		endloop
	endfacet
	facet normal 0 -1 0
		outer loop
			vertex -1.7004814147949219 0 -25.944332122802734
			vertex 3.1840817637818772e-15 0 -26
			vertex -1.1118532419204712 0 -16.96360206604004
		endloop
	endfacet
	facet normal -0.09801691030515364 0 -0.9951847493275968
		outer loop
			vertex -1.7004814147949219 0 -25.944332122802734
			vertex -3.393681049346924 0 -25.77756690979004
			vertex -1.7004814147949219 60 -25.944332122802734
		endloop
	endfacet
	facet normal -0.09801691030515364 0 -0.9951847493275968
		outer loop
			vertex -3.393681049346924 60 -25.77756690979004
			vertex -1.7004814147949219 60 -25.944332122802734
			vertex -3.393681049346924 0 -25.77756690979004
		endloop
	endfacet
	facet normal 0 1 0
		outer loop
			vertex -1.7004814147949219 60 -25.944332122802734
			vertex -3.393681049346924 60 -25.77756690979004
			vertex -1.5369735956192017 60 -23.449684143066406
		endloop
	endfacet
	facet normal 0 1 0
		outer loop
			vertex -3.0673654079437256 60 -23.298954010009766
			vertex -1.5369735956192017 60 -23.449684143066406
			vertex -3.393681049346924 60 -25.77756690979004
		endloop
	endfacet
	facet normal 0.09801694439812458 0 0.9951847459697397
		outer loop
			vertex -1.5369735956192017 60 -23.449684143066406
			vertex -3.0673654079437256 60 -23.298954010009766
			vertex -1.5369735956192017 3 -23.449684143066406
		endloop
	endfacet
	facet normal 0.09801694439812458 0 0.9951847459697397
		outer loop
			vertex -3.0673654079437256 3 -23.298954010009766
			vertex -1.5369735956192017 3 -23.449684143066406
			vertex -3.0673654079437256 60 -23.298954010009766
		endloop
	endfacet
	facet normal 0 1 0
		outer loop
			vertex -1.5369735956192017 3 -23.449684143066406
			vertex -3.0673654079437256 3 -23.298954010009766
			vertex -1.1118532419204712 3 -16.96360206604004
		endloop
	endfacet
	facet normal 0 1 0
		outer loop
			vertex -2.218945264816284 3 -16.854562759399414
			vertex -1.1118532419204712 3 -16.96360206604004
			vertex -3.0673654079437256 3 -23.298954010009766
		endloop
	endfacet
	facet normal 0.09801737150015044 0 0.9951847039038542
		outer loop
			vertex -1.1118532419204712 3 -16.96360206604004
			vertex -2.218945264816284 3 -16.854562759399414
			vertex -1.1118532419204712 0 -16.96360206604004
		endloop
	endfacet
	facet normal 0.09801737150015044 0 0.9951847039038542
		outer loop
			vertex -2.218945264816284 0 -16.854562759399414
			vertex -1.1118532419204712 0 -16.96360206604004
			vertex -2.218945264816284 3 -16.854562759399414
		endloop
	endfacet
	facet normal 0 -1 0
		outer loop
			vertex -1.1118532419204712 0 -16.96360206604004
			vertex -2.218945264816284 0 -16.854562759399414
			vertex -1.7004814147949219 0 -25.944332122802734
		endloop
	endfacet
	facet normal 0 -1 0
		outer loop
			vertex -3.393681049346924 0 -25.77756690979004
			vertex -1.7004814147949219 0 -25.944332122802734
			vertex -2.218945264816284 0 -16.854562759399414
		endloop
	endfacet
	facet normal -0.162895511749074 0 -0.9866433257525271
		outer loop
			vertex -3.393681049346924 0 -25.77756690979004
			vertex -5.072348594665527 0 -25.500417709350586
			vertex -3.393681049346924 60 -25.77756690979004
		endloop
	endfacet
	facet normal -0.162895511749074 0 -0.9866433257525271
		outer loop
			vertex -5.072348594665527 60 -25.500417709350586
			vertex -3.393681049346924 60 -25.77756690979004
			vertex -5.072348594665527 0 -25.500417709350586
		endloop
	endfacet
	facet normal 0 1 0
		outer loop
			vertex -3.393681049346924 60 -25.77756690979004
			vertex -5.072348594665527 60 -25.500417709350586
			vertex -3.0673654079437256 60 -23.298954010009766
		endloop
	endfacet
	facet normal 0 1 0
		outer loop
			vertex -4.584622383117676 60 -23.04845428466797
			vertex -3.0673654079437256 60 -23.298954010009766
			vertex -5.072348594665527 60 -25.500417709350586
		endloop
	endfacet
	facet normal 0.16289521063904835 0 0.9866433754659585
		outer loop
			vertex -3.0673654079437256 60 -23.298954010009766
			vertex -4.584622383117676 60 -23.04845428466797
			vertex -3.0673654079437256 3 -23.298954010009766
		endloop
	endfacet
	facet normal 0.16289521063904835 0 0.9866433754659585
		outer loop
			vertex -4.584622383117676 3 -23.04845428466797
			vertex -3.0673654079437256 3 -23.298954010009766
			vertex -4.584622383117676 60 -23.04845428466797
		endloop
	endfacet
	facet normal 0 1 0
		outer loop
			vertex -3.0673654079437256 3 -23.298954010009766
			vertex -4.584622383117676 3 -23.04845428466797
			vertex -2.218945264816284 3 -16.854562759399414
		endloop
	endfacet
	facet normal 0 1 0
		outer loop
			vertex -3.316535472869873 3 -16.673349380493164
			vertex -2.218945264816284 3 -16.854562759399414
			vertex -4.584622383117676 3 -23.04845428466797
		endloop
	endfacet
	facet normal 0.16289591281316526 0 0.9866432595364779
		outer loop
			vertex -2.218945264816284 3 -16.854562759399414
			vertex -3.316535472869873 3 -16.673349380493164
			vertex -2.218945264816284 0 -16.854562759399414
		endloop
	endfacet
	facet normal 0.16289591281316526 0 0.9866432595364779
		outer loop
			vertex -3.316535472869873 0 -16.673349380493164
			vertex -2.218945264816284 0 -16.854562759399414
			vertex -3.316535472869873 3 -16.673349380493164
		endloop
	endfacet
	facet normal 0 -1 0
		outer loop
			vertex -2.218945264816284 0 -16.854562759399414
			vertex -3.316535472869873 0 -16.673349380493164
			vertex -3.393681049346924 0 -25.77756690979004
		endloop
	endfacet
	facet normal 0 -1 0
		outer loop
			vertex -5.072348594665527 0 -25.500417709350586
			vertex -3.393681049346924 0 -25.77756690979004
			vertex -3.316535472869873 0 -16.673349380493164
		endloop
	endfacet
	facet normal -0.22707684443044965 0 -0.973876843714599
		outer loop
			vertex -5.072348594665527 0 -25.500417709350586
			vertex -6.729295253753662 0 -25.114070892333984
			vertex -5.072348594665527 60 -25.500417709350586
		endloop
	endfacet
	facet normal -0.22707684443044965 0 -0.973876843714599
		outer loop
			vertex -6.729295253753662 60 -25.114070892333984
			vertex -5.072348594665527 60 -25.500417709350586
			vertex -6.729295253753662 0 -25.114070892333984
		endloop
	endfacet
	facet normal 0 1 0
		outer loop
			vertex -5.072348594665527 60 -25.500417709350586
			vertex -6.729295253753662 60 -25.114070892333984
			vertex -4.584622383117676 60 -23.04845428466797
		endloop
	endfacet
	facet normal 0 1 0
		outer loop
			vertex -6.082247734069824 60 -22.699256896972656
			vertex -4.584622383117676 60 -23.04845428466797
			vertex -6.729295253753662 60 -25.114070892333984
		endloop
	endfacet
	facet normal 0.22707634471687507 0 0.9738769602316419
		outer loop
			vertex -4.584622383117676 60 -23.04845428466797
			vertex -6.082247734069824 60 -22.699256896972656
			vertex -4.584622383117676 3 -23.04845428466797
		endloop
	endfacet
	facet normal 0.22707634471687507 0 0.9738769602316419
		outer loop
			vertex -6.082247734069824 3 -22.699256896972656
			vertex -4.584622383117676 3 -23.04845428466797
			vertex -6.082247734069824 60 -22.699256896972656
		endloop
	endfacet
	facet normal 0 1 0
		outer loop
			vertex -4.584622383117676 3 -23.04845428466797
			vertex -6.082247734069824 3 -22.699256896972656
			vertex -3.316535472869873 3 -16.673349380493164
		endloop
	endfacet
	facet normal 0 1 0
		outer loop
			vertex -4.399923801422119 3 -16.420738220214844
			vertex -3.316535472869873 3 -16.673349380493164
			vertex -6.082247734069824 3 -22.699256896972656
		endloop
	endfacet
	facet normal 0.22707663127820493 0 0.9738768934148413
		outer loop
			vertex -3.316535472869873 3 -16.673349380493164
			vertex -4.399923801422119 3 -16.420738220214844
			vertex -3.316535472869873 0 -16.673349380493164
		endloop
	endfacet
	facet normal 0.22707663127820493 0 0.9738768934148413
		outer loop
			vertex -4.399923801422119 0 -16.420738220214844
			vertex -3.316535472869873 0 -16.673349380493164
			vertex -4.399923801422119 3 -16.420738220214844
		endloop
	endfacet
	facet normal 0 -1 0
		outer loop
			vertex -3.316535472869873 0 -16.673349380493164
			vertex -4.399923801422119 0 -16.420738220214844
			vertex -5.072348594665527 0 -25.500417709350586
		endloop
	endfacet
	facet normal 0 -1 0
		outer loop
			vertex -6.729295253753662 0 -25.114070892333984
			vertex -5.072348594665527 0 -25.500417709350586
			vertex -4.399923801422119 0 -16.420738220214844
		endloop
	endfacet
	facet normal -0.2902841279443559 0 -0.9569405023634358
		outer loop
			vertex -6.729295253753662 0 -25.114070892333984
			vertex -8.357425689697266 0 -24.62018394470215
			vertex -6.729295253753662 60 -25.114070892333984
		endloop
	endfacet
	facet normal -0.2902841279443559 0 -0.9569405023634358
		outer loop
			vertex -8.357425689697266 60 -24.62018394470215
			vertex -6.729295253753662 60 -25.114070892333984
			vertex -8.357425689697266 0 -24.62018394470215
		endloop
	endfacet
	facet normal 0 1 0
		outer loop
			vertex -6.729295253753662 60 -25.114070892333984
			vertex -8.357425689697266 60 -24.62018394470215
			vertex -6.082247734069824 60 -22.699256896972656
		endloop
	endfacet
	facet normal 0 1 0
		outer loop
			vertex -7.553827285766602 60 -22.252857208251953
			vertex -6.082247734069824 60 -22.699256896972656
			vertex -8.357425689697266 60 -24.62018394470215
		endloop
	endfacet
	facet normal 0.2902852203658986 0 0.9569401709809876
		outer loop
			vertex -6.082247734069824 60 -22.699256896972656
			vertex -7.553827285766602 60 -22.252857208251953
			vertex -6.082247734069824 3 -22.699256896972656
		endloop
	endfacet
	facet normal 0.2902852203658986 0 0.9569401709809876
		outer loop
			vertex -7.553827285766602 3 -22.252857208251953
			vertex -6.082247734069824 3 -22.699256896972656
			vertex -7.553827285766602 60 -22.252857208251953
		endloop
	endfacet
	facet normal 0 1 0
		outer loop
			vertex -6.082247734069824 3 -22.699256896972656
			vertex -7.553827285766602 3 -22.252857208251953
			vertex -4.399923801422119 3 -16.420738220214844
		endloop
	endfacet
	facet normal 0 1 0
		outer loop
			vertex -5.464470863342285 3 -16.09781265258789
			vertex -4.399923801422119 3 -16.420738220214844
			vertex -7.553827285766602 3 -22.252857208251953
		endloop
	endfacet
	facet normal 0.29028364569765147 0 0.9569406486509393
		outer loop
			vertex -4.399923801422119 3 -16.420738220214844
			vertex -5.464470863342285 3 -16.09781265258789
			vertex -4.399923801422119 0 -16.420738220214844
		endloop
	endfacet
	facet normal 0.29028364569765147 0 0.9569406486509393
		outer loop
			vertex -5.464470863342285 0 -16.09781265258789
			vertex -4.399923801422119 0 -16.420738220214844
			vertex -5.464470863342285 3 -16.09781265258789
		endloop
	endfacet
	facet normal 0 -1 0
		outer loop
			vertex -4.399923801422119 0 -16.420738220214844
			vertex -5.464470863342285 0 -16.09781265258789
			vertex -6.729295253753662 0 -25.114070892333984
		endloop
	endfacet
	facet normal 0 -1 0
		outer loop
			vertex -8.357425689697266 0 -24.62018394470215
			vertex -6.729295253753662 0 -25.114070892333984
			vertex -5.464470863342285 0 -16.09781265258789
		endloop
	endfacet
	facet normal -0.3522500744011758 0 -0.9359059167909808
		outer loop
			vertex -8.357425689697266 0 -24.62018394470215
			vertex -9.949769020080566 0 -24.0208683013916
			vertex -8.357425689697266 60 -24.62018394470215
		endloop
	endfacet
	facet normal -0.3522500744011758 0 -0.9359059167909808
		outer loop
			vertex -9.949769020080566 60 -24.0208683013916
			vertex -8.357425689697266 60 -24.62018394470215
			vertex -9.949769020080566 0 -24.0208683013916
		endloop
	endfacet
	facet normal 0 1 0
		outer loop
			vertex -8.357425689697266 60 -24.62018394470215
			vertex -9.949769020080566 60 -24.0208683013916
			vertex -7.553827285766602 60 -22.252857208251953
		endloop
	endfacet
	facet normal 0 1 0
		outer loop
			vertex -8.993061065673828 60 -21.71116828918457
			vertex -7.553827285766602 60 -22.252857208251953
			vertex -9.949769020080566 60 -24.0208683013916
		endloop
	endfacet
	facet normal 0.3522498664799024 0 0.9359059950469871
		outer loop
			vertex -7.553827285766602 60 -22.252857208251953
			vertex -8.993061065673828 60 -21.71116828918457
			vertex -7.553827285766602 3 -22.252857208251953
		endloop
	endfacet
	facet normal 0.3522498664799024 0 0.9359059950469871
		outer loop
			vertex -8.993061065673828 3 -21.71116828918457
			vertex -7.553827285766602 3 -22.252857208251953
			vertex -8.993061065673828 60 -21.71116828918457
		endloop
	endfacet
	facet normal 0 1 0
		outer loop
			vertex -7.553827285766602 3 -22.252857208251953
			vertex -8.993061065673828 3 -21.71116828918457
			vertex -5.464470863342285 3 -16.09781265258789
		endloop
	endfacet
	facet normal 0 1 0
		outer loop
			vertex -6.505618572235107 3 -15.705951690673828
			vertex -5.464470863342285 3 -16.09781265258789
			vertex -8.993061065673828 3 -21.71116828918457
		endloop
	endfacet
	facet normal 0.3522506085392994 0 0.9359057157554352
		outer loop
			vertex -5.464470863342285 3 -16.09781265258789
			vertex -6.505618572235107 3 -15.705951690673828
			vertex -5.464470863342285 0 -16.09781265258789
		endloop
	endfacet
	facet normal 0.3522506085392994 0 0.9359057157554352
		outer loop
			vertex -6.505618572235107 0 -15.705951690673828
			vertex -5.464470863342285 0 -16.09781265258789
			vertex -6.505618572235107 3 -15.705951690673828
		endloop
	endfacet
	facet normal 0 -1 0
		outer loop
			vertex -5.464470863342285 0 -16.09781265258789
			vertex -6.505618572235107 0 -15.705951690673828
			vertex -8.357425689697266 0 -24.62018394470215
		endloop
	endfacet
	facet normal 0 -1 0
		outer loop
			vertex -9.949769020080566 0 -24.0208683013916
			vertex -8.357425689697266 0 -24.62018394470215
			vertex -6.505618572235107 0 -15.705951690673828
		endloop
	endfacet
	facet normal -0.41270720479677553 0 -0.9108637456331394
		outer loop
			vertex -9.949769020080566 0 -24.0208683013916
			vertex -11.499505996704102 0 -23.31869125366211
			vertex -9.949769020080566 60 -24.0208683013916
		endloop
	endfacet
	facet normal -0.41270720479677553 0 -0.9108637456331394
		outer loop
			vertex -11.499505996704102 60 -23.31869125366211
			vertex -9.949769020080566 60 -24.0208683013916
			vertex -11.499505996704102 0 -23.31869125366211
		endloop
	endfacet
	facet normal 0 1 0
		outer loop
			vertex -9.949769020080566 60 -24.0208683013916
			vertex -11.499505996704102 60 -23.31869125366211
			vertex -8.993061065673828 60 -21.71116828918457
		endloop
	endfacet
	facet normal 0 1 0
		outer loop
			vertex -10.393784523010254 60 -21.076509475708008
			vertex -8.993061065673828 60 -21.71116828918457
			vertex -11.499505996704102 60 -23.31869125366211
		endloop
	endfacet
	facet normal 0.41270663692519044 0 0.9108640029323253
		outer loop
			vertex -8.993061065673828 60 -21.71116828918457
			vertex -10.393784523010254 60 -21.076509475708008
			vertex -8.993061065673828 3 -21.71116828918457
		endloop
	endfacet
	facet normal 0.41270663692519044 0 0.9108640029323253
		outer loop
			vertex -10.393784523010254 3 -21.076509475708008
			vertex -8.993061065673828 3 -21.71116828918457
			vertex -10.393784523010254 60 -21.076509475708008
		endloop
	endfacet
	facet normal 0 1 0
		outer loop
			vertex -8.993061065673828 3 -21.71116828918457
			vertex -10.393784523010254 3 -21.076509475708008
			vertex -6.505618572235107 3 -15.705951690673828
		endloop
	endfacet
	facet normal 0 1 0
		outer loop
			vertex -7.51890754699707 3 -15.24683666229248
			vertex -6.505618572235107 3 -15.705951690673828
			vertex -10.393784523010254 3 -21.076509475708008
		endloop
	endfacet
	facet normal 0.41270685599339935 0 0.9108639036738935
		outer loop
			vertex -6.505618572235107 3 -15.705951690673828
			vertex -7.51890754699707 3 -15.24683666229248
			vertex -6.505618572235107 0 -15.705951690673828
		endloop
	endfacet
	facet normal 0.41270685599339935 0 0.9108639036738935
		outer loop
			vertex -7.51890754699707 0 -15.24683666229248
			vertex -6.505618572235107 0 -15.705951690673828
			vertex -7.51890754699707 3 -15.24683666229248
		endloop
	endfacet
	facet normal 0 -1 0
		outer loop
			vertex -6.505618572235107 0 -15.705951690673828
			vertex -7.51890754699707 0 -15.24683666229248
			vertex -9.949769020080566 0 -24.0208683013916
		endloop
	endfacet
	facet normal 0 -1 0
		outer loop
			vertex -11.499505996704102 0 -23.31869125366211
			vertex -9.949769020080566 0 -24.0208683013916
			vertex -7.51890754699707 0 -15.24683666229248
		endloop
	endfacet
	facet normal -0.47139664958668875 0 -0.8819213109787317
		outer loop
			vertex -11.499505996704102 0 -23.31869125366211
			vertex -13 0 -22.516660690307617
			vertex -11.499505996704102 60 -23.31869125366211
		endloop
	endfacet
	facet normal -0.47139664958668875 0 -0.8819213109787317
		outer loop
			vertex -13 60 -22.516660690307617
			vertex -11.499505996704102 60 -23.31869125366211
			vertex -13 0 -22.516660690307617
		endloop
	endfacet
	facet normal 0 1 0
		outer loop
			vertex -11.499505996704102 60 -23.31869125366211
			vertex -13 60 -22.516660690307617
			vertex -10.393784523010254 60 -21.076509475708008
		endloop
	endfacet
	facet normal 0 1 0
		outer loop
			vertex -11.75 60 -20.35159683227539
			vertex -10.393784523010254 60 -21.076509475708008
			vertex -13 60 -22.516660690307617
		endloop
	endfacet
	facet normal 0.47139692307035486 0 0.8819211647986469
		outer loop
			vertex -10.393784523010254 60 -21.076509475708008
			vertex -11.75 60 -20.35159683227539
			vertex -10.393784523010254 3 -21.076509475708008
		endloop
	endfacet
	facet normal 0.47139692307035486 0 0.8819211647986469
		outer loop
			vertex -11.75 3 -20.35159683227539
			vertex -10.393784523010254 3 -21.076509475708008
			vertex -11.75 60 -20.35159683227539
		endloop
	endfacet
	facet normal 0 1 0
		outer loop
			vertex -10.393784523010254 3 -21.076509475708008
			vertex -11.75 3 -20.35159683227539
			vertex -7.51890754699707 3 -15.24683666229248
		endloop
	endfacet
	facet normal 0 1 0
		outer loop
			vertex -8.5 3 -14.722432136535645
			vertex -7.51890754699707 3 -15.24683666229248
			vertex -11.75 3 -20.35159683227539
		endloop
	endfacet
	facet normal 0.47139651605035304 0 0.8819213823553601
		outer loop
			vertex -7.51890754699707 3 -15.24683666229248
			vertex -8.5 3 -14.722432136535645
			vertex -7.51890754699707 0 -15.24683666229248
		endloop
	endfacet
	facet normal 0.47139651605035304 0 0.8819213823553601
		outer loop
			vertex -8.5 0 -14.722432136535645
			vertex -7.51890754699707 0 -15.24683666229248
			vertex -8.5 3 -14.722432136535645
		endloop
	endfacet
	facet normal 0 -1 0
		outer loop
			vertex -7.51890754699707 0 -15.24683666229248
			vertex -8.5 0 -14.722432136535645
			vertex -11.499505996704102 0 -23.31869125366211
		endloop
	endfacet
	facet normal 0 -1 0
		outer loop
			vertex -13 0 -22.516660690307617
			vertex -11.499505996704102 0 -23.31869125366211
			vertex -8.5 0 -14.722432136535645
		endloop
	endfacet
	facet normal -0.5280679485108016 0 -0.8492021206730429
		outer loop
			vertex -13 0 -22.516660690307617
			vertex -14.444826126098633 0 -21.618209838867188
			vertex -13 60 -22.516660690307617
		endloop
	endfacet
	facet normal -0.5280679485108016 0 -0.8492021206730429
		outer loop
			vertex -14.444826126098633 60 -21.618209838867188
			vertex -13 60 -22.516660690307617
			vertex -14.444826126098633 0 -21.618209838867188
		endloop
	endfacet
	facet normal 0 1 0
		outer loop
			vertex -13 60 -22.516660690307617
			vertex -14.444826126098633 60 -21.618209838867188
			vertex -11.75 60 -20.35159683227539
		endloop
	endfacet
	facet normal 0 1 0
		outer loop
			vertex -13.055900573730469 60 -19.539535522460938
			vertex -11.75 60 -20.35159683227539
			vertex -14.444826126098633 60 -21.618209838867188
		endloop
	endfacet
	facet normal 0.5280679206137768 0 0.8492021380205316
		outer loop
			vertex -11.75 60 -20.35159683227539
			vertex -13.055900573730469 60 -19.539535522460938
			vertex -11.75 3 -20.35159683227539
		endloop
	endfacet
	facet normal 0.5280679206137768 0 0.8492021380205316
		outer loop
			vertex -13.055900573730469 3 -19.539535522460938
			vertex -11.75 3 -20.35159683227539
			vertex -13.055900573730469 60 -19.539535522460938
		endloop
	endfacet
	facet normal 0 1 0
		outer loop
			vertex -11.75 3 -20.35159683227539
			vertex -13.055900573730469 3 -19.539535522460938
			vertex -8.5 3 -14.722432136535645
		endloop
	endfacet
	facet normal 0 1 0
		outer loop
			vertex -9.444693565368652 3 -14.13498306274414
			vertex -8.5 3 -14.722432136535645
			vertex -13.055900573730469 3 -19.539535522460938
		endloop
	endfacet
	facet normal 0.5280684112731928 0 0.8492018329086474
		outer loop
			vertex -8.5 3 -14.722432136535645
			vertex -9.444693565368652 3 -14.13498306274414
			vertex -8.5 0 -14.722432136535645
		endloop
	endfacet
	facet normal 0.5280684112731928 0 0.8492018329086474
		outer loop
			vertex -9.444693565368652 0 -14.13498306274414
			vertex -8.5 0 -14.722432136535645
			vertex -9.444693565368652 3 -14.13498306274414
		endloop
	endfacet
	facet normal 0 -1 0
		outer loop
			vertex -8.5 0 -14.722432136535645
			vertex -9.444693565368652 0 -14.13498306274414
			vertex -13 0 -22.516660690307617
		endloop
	endfacet
	facet normal 0 -1 0
		outer loop
			vertex -14.444826126098633 0 -21.618209838867188
			vertex -13 0 -22.516660690307617
			vertex -9.444693565368652 0 -14.13498306274414
		endloop
	endfacet
	facet normal -0.5824774026913557 0 -0.8128468953953951
		outer loop
			vertex -14.444826126098633 0 -21.618209838867188
			vertex -15.827796936035156 0 -20.627187728881836
			vertex -14.444826126098633 60 -21.618209838867188
		endloop
	endfacet
	facet normal -0.5824774026913557 0 -0.8128468953953951
		outer loop
			vertex -15.827796936035156 60 -20.627187728881836
			vertex -14.444826126098633 60 -21.618209838867188
			vertex -15.827796936035156 0 -20.627187728881836
		endloop
	endfacet
	facet normal 0 1 0
		outer loop
			vertex -14.444826126098633 60 -21.618209838867188
			vertex -15.827796936035156 60 -20.627187728881836
			vertex -13.055900573730469 60 -19.539535522460938
		endloop
	endfacet
	facet normal 0 1 0
		outer loop
			vertex -14.305893898010254 60 -18.643802642822266
			vertex -13.055900573730469 60 -19.539535522460938
			vertex -15.827796936035156 60 -20.627187728881836
		endloop
	endfacet
	facet normal 0.58247783898532 0 0.8128465827516234
		outer loop
			vertex -13.055900573730469 60 -19.539535522460938
			vertex -14.305893898010254 60 -18.643802642822266
			vertex -13.055900573730469 3 -19.539535522460938
		endloop
	endfacet
	facet normal 0.58247783898532 0 0.8128465827516234
		outer loop
			vertex -14.305893898010254 3 -18.643802642822266
			vertex -13.055900573730469 3 -19.539535522460938
			vertex -14.305893898010254 60 -18.643802642822266
		endloop
	endfacet
	facet normal 0 1 0
		outer loop
			vertex -13.055900573730469 3 -19.539535522460938
			vertex -14.305893898010254 3 -18.643802642822266
			vertex -9.444693565368652 3 -14.13498306274414
		endloop
	endfacet
	facet normal 0 1 0
		outer loop
			vertex -10.348944664001465 3 -13.487007141113281
			vertex -9.444693565368652 3 -14.13498306274414
			vertex -14.305893898010254 3 -18.643802642822266
		endloop
	endfacet
	facet normal 0.5824769532311266 0 0.8128472174736062
		outer loop
			vertex -9.444693565368652 3 -14.13498306274414
			vertex -10.348944664001465 3 -13.487007141113281
			vertex -9.444693565368652 0 -14.13498306274414
		endloop
	endfacet
	facet normal 0.5824769532311266 0 0.8128472174736062
		outer loop
			vertex -10.348944664001465 0 -13.487007141113281
			vertex -9.444693565368652 0 -14.13498306274414
			vertex -10.348944664001465 3 -13.487007141113281
		endloop
	endfacet
	facet normal 0 -1 0
		outer loop
			vertex -9.444693565368652 0 -14.13498306274414
			vertex -10.348944664001465 0 -13.487007141113281
			vertex -14.444826126098633 0 -21.618209838867188
		endloop
	endfacet
	facet normal 0 -1 0
		outer loop
			vertex -15.827796936035156 0 -20.627187728881836
			vertex -14.444826126098633 0 -21.618209838867188
			vertex -10.348944664001465 0 -13.487007141113281
		endloop
	endfacet
	facet normal -0.6343935024724109 0 -0.7730102742013117
		outer loop
			vertex -15.827796936035156 0 -20.627187728881836
			vertex -17.14299201965332 0 -19.547834396362305
			vertex -15.827796936035156 60 -20.627187728881836
		endloop
	endfacet
	facet normal -0.6343935024724109 0 -0.7730102742013117
		outer loop
			vertex -17.14299201965332 60 -19.547834396362305
			vertex -15.827796936035156 60 -20.627187728881836
			vertex -17.14299201965332 0 -19.547834396362305
		endloop
	endfacet
	facet normal 0 1 0
		outer loop
			vertex -15.827796936035156 60 -20.627187728881836
			vertex -17.14299201965332 60 -19.547834396362305
			vertex -14.305893898010254 60 -18.643802642822266
		endloop
	endfacet
	facet normal 0 1 0
		outer loop
			vertex -15.494626998901367 60 -17.668235778808594
			vertex -14.305893898010254 60 -18.643802642822266
			vertex -17.14299201965332 60 -19.547834396362305
		endloop
	endfacet
	facet normal 0.6343928257088484 0 0.7730108296066383
		outer loop
			vertex -14.305893898010254 60 -18.643802642822266
			vertex -15.494626998901367 60 -17.668235778808594
			vertex -14.305893898010254 3 -18.643802642822266
		endloop
	endfacet
	facet normal 0.6343928257088484 0 0.7730108296066383
		outer loop
			vertex -15.494626998901367 3 -17.668235778808594
			vertex -14.305893898010254 3 -18.643802642822266
			vertex -15.494626998901367 60 -17.668235778808594
		endloop
	endfacet
	facet normal 0 1 0
		outer loop
			vertex -14.305893898010254 3 -18.643802642822266
			vertex -15.494626998901367 3 -17.668235778808594
			vertex -10.348944664001465 3 -13.487007141113281
		endloop
	endfacet
	facet normal 0 1 0
		outer loop
			vertex -11.208878517150879 3 -12.78127670288086
			vertex -10.348944664001465 3 -13.487007141113281
			vertex -15.494626998901367 3 -17.668235778808594
		endloop
	endfacet
	facet normal 0.6343938016680807 0 0.7730100286575331
		outer loop
			vertex -10.348944664001465 3 -13.487007141113281
			vertex -11.208878517150879 3 -12.78127670288086
			vertex -10.348944664001465 0 -13.487007141113281
		endloop
	endfacet
	facet normal 0.6343938016680807 0 0.7730100286575331
		outer loop
			vertex -11.208878517150879 0 -12.78127670288086
			vertex -10.348944664001465 0 -13.487007141113281
			vertex -11.208878517150879 3 -12.78127670288086
		endloop
	endfacet
	facet normal 0 -1 0
		outer loop
			vertex -10.348944664001465 0 -13.487007141113281
			vertex -11.208878517150879 0 -12.78127670288086
			vertex -15.827796936035156 0 -20.627187728881836
		endloop
	endfacet
	facet normal 0 -1 0
		outer loop
			vertex -17.14299201965332 0 -19.547834396362305
			vertex -15.827796936035156 0 -20.627187728881836
			vertex -11.208878517150879 0 -12.78127670288086
		endloop
	endfacet
	facet normal -0.6835918975366246 0 -0.729864451540337
		outer loop
			vertex -17.14299201965332 0 -19.547834396362305
			vertex -18.384777069091797 0 -18.384777069091797
			vertex -17.14299201965332 60 -19.547834396362305
		endloop
	endfacet
	facet normal -0.6835918975366246 0 -0.729864451540337
		outer loop
			vertex -18.384777069091797 60 -18.384777069091797
			vertex -17.14299201965332 60 -19.547834396362305
			vertex -18.384777069091797 0 -18.384777069091797
		endloop
	endfacet
	facet normal 0 1 0
		outer loop
			vertex -17.14299201965332 60 -19.547834396362305
			vertex -18.384777069091797 60 -18.384777069091797
			vertex -15.494626998901367 60 -17.668235778808594
		endloop
	endfacet
	facet normal 0 1 0
		outer loop
			vertex -16.61701011657715 60 -16.61701011657715
			vertex -15.494626998901367 60 -17.668235778808594
			vertex -18.384777069091797 60 -18.384777069091797
		endloop
	endfacet
	facet normal 0.6835920096575697 0 0.7298643465277127
		outer loop
			vertex -15.494626998901367 60 -17.668235778808594
			vertex -16.61701011657715 60 -16.61701011657715
			vertex -15.494626998901367 3 -17.668235778808594
		endloop
	endfacet
	facet normal 0.6835920096575697 0 0.7298643465277127
		outer loop
			vertex -16.61701011657715 3 -16.61701011657715
			vertex -15.494626998901367 3 -17.668235778808594
			vertex -16.61701011657715 60 -16.61701011657715
		endloop
	endfacet
	facet normal 0 1 0
		outer loop
			vertex -15.494626998901367 3 -17.668235778808594
			vertex -16.61701011657715 3 -16.61701011657715
			vertex -11.208878517150879 3 -12.78127670288086
		endloop
	endfacet
	facet normal 0 1 0
		outer loop
			vertex -12.020814895629883 3 -12.020814895629883
			vertex -11.208878517150879 3 -12.78127670288086
			vertex -16.61701011657715 3 -16.61701011657715
		endloop
	endfacet
	facet normal 0.6835924947228629 0 0.7298638922145503
		outer loop
			vertex -11.208878517150879 3 -12.78127670288086
			vertex -12.020814895629883 3 -12.020814895629883
			vertex -11.208878517150879 0 -12.78127670288086
		endloop
	endfacet
	facet normal 0.6835924947228629 0 0.7298638922145503
		outer loop
			vertex -12.020814895629883 0 -12.020814895629883
			vertex -11.208878517150879 0 -12.78127670288086
			vertex -12.020814895629883 3 -12.020814895629883
		endloop
	endfacet
	facet normal 0 -1 0
		outer loop
			vertex -11.208878517150879 0 -12.78127670288086
			vertex -12.020814895629883 0 -12.020814895629883
			vertex -17.14299201965332 0 -19.547834396362305
		endloop
	endfacet
	facet normal 0 -1 0
		outer loop
			vertex -18.384777069091797 0 -18.384777069091797
			vertex -17.14299201965332 0 -19.547834396362305
			vertex -12.020814895629883 0 -12.020814895629883
		endloop
	endfacet
	facet normal -0.729864451540337 0 -0.6835918975366246
		outer loop
			vertex -18.384777069091797 0 -18.384777069091797
			vertex -19.547834396362305 0 -17.14299201965332
			vertex -18.384777069091797 60 -18.384777069091797
		endloop
	endfacet
	facet normal -0.729864451540337 0 -0.6835918975366246
		outer loop
			vertex -19.547834396362305 60 -17.14299201965332
			vertex -18.384777069091797 60 -18.384777069091797
			vertex -19.547834396362305 0 -17.14299201965332
		endloop
	endfacet
	facet normal 0 1 0
		outer loop
			vertex -18.384777069091797 60 -18.384777069091797
			vertex -19.547834396362305 60 -17.14299201965332
			vertex -16.61701011657715 60 -16.61701011657715
		endloop
	endfacet
	facet normal 0 1 0
		outer loop
			vertex -17.668235778808594 60 -15.494626998901367
			vertex -16.61701011657715 60 -16.61701011657715
			vertex -19.547834396362305 60 -17.14299201965332
		endloop
	endfacet
	facet normal 0.7298643465277127 0 0.6835920096575697
		outer loop
			vertex -16.61701011657715 60 -16.61701011657715
			vertex -17.668235778808594 60 -15.494626998901367
			vertex -16.61701011657715 3 -16.61701011657715
		endloop
	endfacet
	facet normal 0.7298643465277127 0 0.6835920096575697
		outer loop
			vertex -17.668235778808594 3 -15.494626998901367
			vertex -16.61701011657715 3 -16.61701011657715
			vertex -17.668235778808594 60 -15.494626998901367
		endloop
	endfacet
	facet normal 0 1 0
		outer loop
			vertex -16.61701011657715 3 -16.61701011657715
			vertex -17.668235778808594 3 -15.494626998901367
			vertex -12.020814895629883 3 -12.020814895629883
		endloop
	endfacet
	facet normal 0 1 0
		outer loop
			vertex -12.78127670288086 3 -11.208878517150879
			vertex -12.020814895629883 3 -12.020814895629883
			vertex -17.668235778808594 3 -15.494626998901367
		endloop
	endfacet
	facet normal 0.7298638922145503 0 0.6835924947228629
		outer loop
			vertex -12.020814895629883 3 -12.020814895629883
			vertex -12.78127670288086 3 -11.208878517150879
			vertex -12.020814895629883 0 -12.020814895629883
		endloop
	endfacet
	facet normal 0.7298638922145503 0 0.6835924947228629
		outer loop
			vertex -12.78127670288086 0 -11.208878517150879
			vertex -12.020814895629883 0 -12.020814895629883
			vertex -12.78127670288086 3 -11.208878517150879
		endloop
	endfacet
	facet normal 0 -1 0
		outer loop
			vertex -12.020814895629883 0 -12.020814895629883
			vertex -12.78127670288086 0 -11.208878517150879
			vertex -18.384777069091797 0 -18.384777069091797
		endloop
	endfacet
	facet normal 0 -1 0
		outer loop
			vertex -19.547834396362305 0 -17.14299201965332
			vertex -18.384777069091797 0 -18.384777069091797
			vertex -12.78127670288086 0 -11.208878517150879
		endloop
	endfacet
	facet normal -0.7730102742013117 0 -0.6343935024724109
		outer loop
			vertex -19.547834396362305 0 -17.14299201965332
			vertex -20.627187728881836 0 -15.827796936035156
			vertex -19.547834396362305 60 -17.14299201965332
		endloop
	endfacet
	facet normal -0.7730102742013117 0 -0.6343935024724109
		outer loop
			vertex -20.627187728881836 60 -15.827796936035156
			vertex -19.547834396362305 60 -17.14299201965332
			vertex -20.627187728881836 0 -15.827796936035156
		endloop
	endfacet
	facet normal 0 1 0
		outer loop
			vertex -19.547834396362305 60 -17.14299201965332
			vertex -20.627187728881836 60 -15.827796936035156
			vertex -17.668235778808594 60 -15.494626998901367
		endloop
	endfacet
	facet normal 0 1 0
		outer loop
			vertex -18.643802642822266 60 -14.305893898010254
			vertex -17.668235778808594 60 -15.494626998901367
			vertex -20.627187728881836 60 -15.827796936035156
		endloop
	endfacet
	facet normal 0.7730108296066383 0 0.6343928257088484
		outer loop
			vertex -17.668235778808594 60 -15.494626998901367
			vertex -18.643802642822266 60 -14.305893898010254
			vertex -17.668235778808594 3 -15.494626998901367
		endloop
	endfacet
	facet normal 0.7730108296066383 0 0.6343928257088484
		outer loop
			vertex -18.643802642822266 3 -14.305893898010254
			vertex -17.668235778808594 3 -15.494626998901367
			vertex -18.643802642822266 60 -14.305893898010254
		endloop
	endfacet
	facet normal 0 1 0
		outer loop
			vertex -17.668235778808594 3 -15.494626998901367
			vertex -18.643802642822266 3 -14.305893898010254
			vertex -12.78127670288086 3 -11.208878517150879
		endloop
	endfacet
	facet normal 0 1 0
		outer loop
			vertex -13.487007141113281 3 -10.348944664001465
			vertex -12.78127670288086 3 -11.208878517150879
			vertex -18.643802642822266 3 -14.305893898010254
		endloop
	endfacet
	facet normal 0.7730100286575331 0 0.6343938016680807
		outer loop
			vertex -12.78127670288086 3 -11.208878517150879
			vertex -13.487007141113281 3 -10.348944664001465
			vertex -12.78127670288086 0 -11.208878517150879
		endloop
	endfacet
	facet normal 0.7730100286575331 0 0.6343938016680807
		outer loop
			vertex -13.487007141113281 0 -10.348944664001465
			vertex -12.78127670288086 0 -11.208878517150879
			vertex -13.487007141113281 3 -10.348944664001465
		endloop
	endfacet
	facet normal 0 -1 0
		outer loop
			vertex -12.78127670288086 0 -11.208878517150879
			vertex -13.487007141113281 0 -10.348944664001465
			vertex -19.547834396362305 0 -17.14299201965332
		endloop
	endfacet
	facet normal 0 -1 0
		outer loop
			vertex -20.627187728881836 0 -15.827796936035156
			vertex -19.547834396362305 0 -17.14299201965332
			vertex -13.487007141113281 0 -10.348944664001465
		endloop
	endfacet
	facet normal -0.8128468953953951 0 -0.5824774026913557
		outer loop
			vertex -20.627187728881836 0 -15.827796936035156
			vertex -21.618209838867188 0 -14.444826126098633
			vertex -20.627187728881836 60 -15.827796936035156
		endloop
	endfacet
	facet normal -0.8128468953953951 0 -0.5824774026913557
		outer loop
			vertex -21.618209838867188 60 -14.444826126098633
			vertex -20.627187728881836 60 -15.827796936035156
			vertex -21.618209838867188 0 -14.444826126098633
		endloop
	endfacet
	facet normal 0 1 0
		outer loop
			vertex -20.627187728881836 60 -15.827796936035156
			vertex -21.618209838867188 60 -14.444826126098633
			vertex -18.643802642822266 60 -14.305893898010254
		endloop
	endfacet
	facet normal 0 1 0
		outer loop
			vertex -19.539535522460938 60 -13.055900573730469
			vertex -18.643802642822266 60 -14.305893898010254
			vertex -21.618209838867188 60 -14.444826126098633
		endloop
	endfacet
	facet normal 0.8128465827516234 0 0.58247783898532
		outer loop
			vertex -18.643802642822266 60 -14.305893898010254
			vertex -19.539535522460938 60 -13.055900573730469
			vertex -18.643802642822266 3 -14.305893898010254
		endloop
	endfacet
	facet normal 0.8128465827516234 0 0.58247783898532
		outer loop
			vertex -19.539535522460938 3 -13.055900573730469
			vertex -18.643802642822266 3 -14.305893898010254
			vertex -19.539535522460938 60 -13.055900573730469
		endloop
	endfacet
	facet normal 0 1 0
		outer loop
			vertex -18.643802642822266 3 -14.305893898010254
			vertex -19.539535522460938 3 -13.055900573730469
			vertex -13.487007141113281 3 -10.348944664001465
		endloop
	endfacet
	facet normal 0 1 0
		outer loop
			vertex -14.13498306274414 3 -9.444693565368652
			vertex -13.487007141113281 3 -10.348944664001465
			vertex -19.539535522460938 3 -13.055900573730469
		endloop
	endfacet
	facet normal 0.8128472174736062 0 0.5824769532311266
		outer loop
			vertex -13.487007141113281 3 -10.348944664001465
			vertex -14.13498306274414 3 -9.444693565368652
			vertex -13.487007141113281 0 -10.348944664001465
		endloop
	endfacet
	facet normal 0.8128472174736062 0 0.5824769532311266
		outer loop
			vertex -14.13498306274414 0 -9.444693565368652
			vertex -13.487007141113281 0 -10.348944664001465
			vertex -14.13498306274414 3 -9.444693565368652
		endloop
	endfacet
	facet normal 0 -1 0
		outer loop
			vertex -13.487007141113281 0 -10.348944664001465
			vertex -14.13498306274414 0 -9.444693565368652
			vertex -20.627187728881836 0 -15.827796936035156
		endloop
	endfacet
	facet normal 0 -1 0
		outer loop
			vertex -21.618209838867188 0 -14.444826126098633
			vertex -20.627187728881836 0 -15.827796936035156
			vertex -14.13498306274414 0 -9.444693565368652
		endloop
	endfacet
	facet normal -0.8492021206730429 0 -0.5280679485108016
		outer loop
			vertex -21.618209838867188 0 -14.444826126098633
			vertex -22.516660690307617 0 -13
			vertex -21.618209838867188 60 -14.444826126098633
		endloop
	endfacet
	facet normal -0.8492021206730429 0 -0.5280679485108016
		outer loop
			vertex -22.516660690307617 60 -13
			vertex -21.618209838867188 60 -14.444826126098633
			vertex -22.516660690307617 0 -13
		endloop
	endfacet
	facet normal 0 1 0
		outer loop
			vertex -21.618209838867188 60 -14.444826126098633
			vertex -22.516660690307617 60 -13
			vertex -19.539535522460938 60 -13.055900573730469
		endloop
	endfacet
	facet normal 0 1 0
		outer loop
			vertex -20.35159683227539 60 -11.75
			vertex -19.539535522460938 60 -13.055900573730469
			vertex -22.516660690307617 60 -13
		endloop
	endfacet
	facet normal 0.8492021380205316 0 0.5280679206137768
		outer loop
			vertex -19.539535522460938 60 -13.055900573730469
			vertex -20.35159683227539 60 -11.75
			vertex -19.539535522460938 3 -13.055900573730469
		endloop
	endfacet
	facet normal 0.8492021380205316 0 0.5280679206137768
		outer loop
			vertex -20.35159683227539 3 -11.75
			vertex -19.539535522460938 3 -13.055900573730469
			vertex -20.35159683227539 60 -11.75
		endloop
	endfacet
	facet normal 0 1 0
		outer loop
			vertex -19.539535522460938 3 -13.055900573730469
			vertex -20.35159683227539 3 -11.75
			vertex -14.13498306274414 3 -9.444693565368652
		endloop
	endfacet
	facet normal 0 1 0
		outer loop
			vertex -14.722432136535645 3 -8.5
			vertex -14.13498306274414 3 -9.444693565368652
			vertex -20.35159683227539 3 -11.75
		endloop
	endfacet
	facet normal 0.8492018329086474 0 0.5280684112731928
		outer loop
			vertex -14.13498306274414 3 -9.444693565368652
			vertex -14.722432136535645 3 -8.5
			vertex -14.13498306274414 0 -9.444693565368652
		endloop
	endfacet
	facet normal 0.8492018329086474 0 0.5280684112731928
		outer loop
			vertex -14.722432136535645 0 -8.5
			vertex -14.13498306274414 0 -9.444693565368652
			vertex -14.722432136535645 3 -8.5
		endloop
	endfacet
	facet normal 0 -1 0
		outer loop
			vertex -14.13498306274414 0 -9.444693565368652
			vertex -14.722432136535645 0 -8.5
			vertex -21.618209838867188 0 -14.444826126098633
		endloop
	endfacet
	facet normal 0 -1 0
		outer loop
			vertex -22.516660690307617 0 -13
			vertex -21.618209838867188 0 -14.444826126098633
			vertex -14.722432136535645 0 -8.5
		endloop
	endfacet
	facet normal -0.8819213109787317 0 -0.47139664958668875
		outer loop
			vertex -22.516660690307617 0 -13
			vertex -23.31869125366211 0 -11.499505996704102
			vertex -22.516660690307617 60 -13
		endloop
	endfacet
	facet normal -0.8819213109787317 0 -0.47139664958668875
		outer loop
			vertex -23.31869125366211 60 -11.499505996704102
			vertex -22.516660690307617 60 -13
			vertex -23.31869125366211 0 -11.499505996704102
		endloop
	endfacet
	facet normal 0 1 0
		outer loop
			vertex -22.516660690307617 60 -13
			vertex -23.31869125366211 60 -11.499505996704102
			vertex -20.35159683227539 60 -11.75
		endloop
	endfacet
	facet normal 0 1 0
		outer loop
			vertex -21.076509475708008 60 -10.393784523010254
			vertex -20.35159683227539 60 -11.75
			vertex -23.31869125366211 60 -11.499505996704102
		endloop
	endfacet
	facet normal 0.8819211647986469 0 0.47139692307035486
		outer loop
			vertex -20.35159683227539 60 -11.75
			vertex -21.076509475708008 60 -10.393784523010254
			vertex -20.35159683227539 3 -11.75
		endloop
	endfacet
	facet normal 0.8819211647986469 0 0.47139692307035486
		outer loop
			vertex -21.076509475708008 3 -10.393784523010254
			vertex -20.35159683227539 3 -11.75
			vertex -21.076509475708008 60 -10.393784523010254
		endloop
	endfacet
	facet normal 0 1 0
		outer loop
			vertex -20.35159683227539 3 -11.75
			vertex -21.076509475708008 3 -10.393784523010254
			vertex -14.722432136535645 3 -8.5
		endloop
	endfacet
	facet normal 0 1 0
		outer loop
			vertex -15.24683666229248 3 -7.51890754699707
			vertex -14.722432136535645 3 -8.5
			vertex -21.076509475708008 3 -10.393784523010254
		endloop
	endfacet
	facet normal 0.8819213823553601 0 0.47139651605035304
		outer loop
			vertex -14.722432136535645 3 -8.5
			vertex -15.24683666229248 3 -7.51890754699707
			vertex -14.722432136535645 0 -8.5
		endloop
	endfacet
	facet normal 0.8819213823553601 0 0.47139651605035304
		outer loop
			vertex -15.24683666229248 0 -7.51890754699707
			vertex -14.722432136535645 0 -8.5
			vertex -15.24683666229248 3 -7.51890754699707
		endloop
	endfacet
	facet normal 0 -1 0
		outer loop
			vertex -14.722432136535645 0 -8.5
			vertex -15.24683666229248 0 -7.51890754699707
			vertex -22.516660690307617 0 -13
		endloop
	endfacet
	facet normal 0 -1 0
		outer loop
			vertex -23.31869125366211 0 -11.499505996704102
			vertex -22.516660690307617 0 -13
			vertex -15.24683666229248 0 -7.51890754699707
		endloop
	endfacet
	facet normal -0.9108637456331394 0 -0.41270720479677553
		outer loop
			vertex -23.31869125366211 0 -11.499505996704102
			vertex -24.0208683013916 0 -9.949769020080566
			vertex -23.31869125366211 60 -11.499505996704102
		endloop
	endfacet
	facet normal -0.9108637456331394 0 -0.41270720479677553
		outer loop
			vertex -24.0208683013916 60 -9.949769020080566
			vertex -23.31869125366211 60 -11.499505996704102
			vertex -24.0208683013916 0 -9.949769020080566
		endloop
	endfacet
	facet normal 0 1 0
		outer loop
			vertex -23.31869125366211 60 -11.499505996704102
			vertex -24.0208683013916 60 -9.949769020080566
			vertex -21.076509475708008 60 -10.393784523010254
		endloop
	endfacet
	facet normal 0 1 0
		outer loop
			vertex -21.71116828918457 60 -8.993061065673828
			vertex -21.076509475708008 60 -10.393784523010254
			vertex -24.0208683013916 60 -9.949769020080566
		endloop
	endfacet
	facet normal 0.9108640029323253 0 0.41270663692519044
		outer loop
			vertex -21.076509475708008 60 -10.393784523010254
			vertex -21.71116828918457 60 -8.993061065673828
			vertex -21.076509475708008 3 -10.393784523010254
		endloop
	endfacet
	facet normal 0.9108640029323253 0 0.41270663692519044
		outer loop
			vertex -21.71116828918457 3 -8.993061065673828
			vertex -21.076509475708008 3 -10.393784523010254
			vertex -21.71116828918457 60 -8.993061065673828
		endloop
	endfacet
	facet normal 0 1 0
		outer loop
			vertex -21.076509475708008 3 -10.393784523010254
			vertex -21.71116828918457 3 -8.993061065673828
			vertex -15.24683666229248 3 -7.51890754699707
		endloop
	endfacet
	facet normal 0 1 0
		outer loop
			vertex -15.705951690673828 3 -6.505618572235107
			vertex -15.24683666229248 3 -7.51890754699707
			vertex -21.71116828918457 3 -8.993061065673828
		endloop
	endfacet
	facet normal 0.9108639036738935 0 0.41270685599339935
		outer loop
			vertex -15.24683666229248 3 -7.51890754699707
			vertex -15.705951690673828 3 -6.505618572235107
			vertex -15.24683666229248 0 -7.51890754699707
		endloop
	endfacet
	facet normal 0.9108639036738935 0 0.41270685599339935
		outer loop
			vertex -15.705951690673828 0 -6.505618572235107
			vertex -15.24683666229248 0 -7.51890754699707
			vertex -15.705951690673828 3 -6.505618572235107
		endloop
	endfacet
	facet normal 0 -1 0
		outer loop
			vertex -15.24683666229248 0 -7.51890754699707
			vertex -15.705951690673828 0 -6.505618572235107
			vertex -23.31869125366211 0 -11.499505996704102
		endloop
	endfacet
	facet normal 0 -1 0
		outer loop
			vertex -24.0208683013916 0 -9.949769020080566
			vertex -23.31869125366211 0 -11.499505996704102
			vertex -15.705951690673828 0 -6.505618572235107
		endloop
	endfacet
	facet normal -0.9359059167909808 0 -0.3522500744011758
		outer loop
			vertex -24.0208683013916 0 -9.949769020080566
			vertex -24.62018394470215 0 -8.357425689697266
			vertex -24.0208683013916 60 -9.949769020080566
		endloop
	endfacet
	facet normal -0.9359059167909808 0 -0.3522500744011758
		outer loop
			vertex -24.62018394470215 60 -8.357425689697266
			vertex -24.0208683013916 60 -9.949769020080566
			vertex -24.62018394470215 0 -8.357425689697266
		endloop
	endfacet
	facet normal 0 1 0
		outer loop
			vertex -24.0208683013916 60 -9.949769020080566
			vertex -24.62018394470215 60 -8.357425689697266
			vertex -21.71116828918457 60 -8.993061065673828
		endloop
	endfacet
	facet normal 0 1 0
		outer loop
			vertex -22.252857208251953 60 -7.553827285766602
			vertex -21.71116828918457 60 -8.993061065673828
			vertex -24.62018394470215 60 -8.357425689697266
		endloop
	endfacet
	facet normal 0.9359059950469871 0 0.3522498664799024
		outer loop
			vertex -21.71116828918457 60 -8.993061065673828
			vertex -22.252857208251953 60 -7.553827285766602
			vertex -21.71116828918457 3 -8.993061065673828
		endloop
	endfacet
	facet normal 0.9359059950469871 0 0.3522498664799024
		outer loop
			vertex -22.252857208251953 3 -7.553827285766602
			vertex -21.71116828918457 3 -8.993061065673828
			vertex -22.252857208251953 60 -7.553827285766602
		endloop
	endfacet
	facet normal 0 1 0
		outer loop
			vertex -21.71116828918457 3 -8.993061065673828
			vertex -22.252857208251953 3 -7.553827285766602
			vertex -15.705951690673828 3 -6.505618572235107
		endloop
	endfacet
	facet normal 0 1 0
		outer loop
			vertex -16.09781265258789 3 -5.464470863342285
			vertex -15.705951690673828 3 -6.505618572235107
			vertex -22.252857208251953 3 -7.553827285766602
		endloop
	endfacet
	facet normal 0.9359057157554352 0 0.3522506085392994
		outer loop
			vertex -15.705951690673828 3 -6.505618572235107
			vertex -16.09781265258789 3 -5.464470863342285
			vertex -15.705951690673828 0 -6.505618572235107
		endloop
	endfacet
	facet normal 0.9359057157554352 0 0.3522506085392994
		outer loop
			vertex -16.09781265258789 0 -5.464470863342285
			vertex -15.705951690673828 0 -6.505618572235107
			vertex -16.09781265258789 3 -5.464470863342285
		endloop
	endfacet
	facet normal 0 -1 0
		outer loop
			vertex -15.705951690673828 0 -6.505618572235107
			vertex -16.09781265258789 0 -5.464470863342285
			vertex -24.0208683013916 0 -9.949769020080566
		endloop
	endfacet
	facet normal 0 -1 0
		outer loop
			vertex -24.62018394470215 0 -8.357425689697266
			vertex -24.0208683013916 0 -9.949769020080566
			vertex -16.09781265258789 0 -5.464470863342285
		endloop
	endfacet
	facet normal -0.9569405023634358 0 -0.2902841279443559
		outer loop
			vertex -24.62018394470215 0 -8.357425689697266
			vertex -25.114070892333984 0 -6.729295253753662
			vertex -24.62018394470215 60 -8.357425689697266
		endloop
	endfacet
	facet normal -0.9569405023634358 0 -0.2902841279443559
		outer loop
			vertex -25.114070892333984 60 -6.729295253753662
			vertex -24.62018394470215 60 -8.357425689697266
			vertex -25.114070892333984 0 -6.729295253753662
		endloop
	endfacet
	facet normal 0 1 0
		outer loop
			vertex -24.62018394470215 60 -8.357425689697266
			vertex -25.114070892333984 60 -6.729295253753662
			vertex -22.252857208251953 60 -7.553827285766602
		endloop
	endfacet
	facet normal 0 1 0
		outer loop
			vertex -22.699256896972656 60 -6.082247734069824
			vertex -22.252857208251953 60 -7.553827285766602
			vertex -25.114070892333984 60 -6.729295253753662
		endloop
	endfacet
	facet normal 0.9569401709809876 0 0.2902852203658986
		outer loop
			vertex -22.252857208251953 60 -7.553827285766602
			vertex -22.699256896972656 60 -6.082247734069824
			vertex -22.252857208251953 3 -7.553827285766602
		endloop
	endfacet
	facet normal 0.9569401709809876 0 0.2902852203658986
		outer loop
			vertex -22.699256896972656 3 -6.082247734069824
			vertex -22.252857208251953 3 -7.553827285766602
			vertex -22.699256896972656 60 -6.082247734069824
		endloop
	endfacet
	facet normal 0 1 0
		outer loop
			vertex -22.252857208251953 3 -7.553827285766602
			vertex -22.699256896972656 3 -6.082247734069824
			vertex -16.09781265258789 3 -5.464470863342285
		endloop
	endfacet
	facet normal 0 1 0
		outer loop
			vertex -16.420738220214844 3 -4.399923801422119
			vertex -16.09781265258789 3 -5.464470863342285
			vertex -22.699256896972656 3 -6.082247734069824
		endloop
	endfacet
	facet normal 0.9569406486509393 0 0.29028364569765147
		outer loop
			vertex -16.09781265258789 3 -5.464470863342285
			vertex -16.420738220214844 3 -4.399923801422119
			vertex -16.09781265258789 0 -5.464470863342285
		endloop
	endfacet
	facet normal 0.9569406486509393 0 0.29028364569765147
		outer loop
			vertex -16.420738220214844 0 -4.399923801422119
			vertex -16.09781265258789 0 -5.464470863342285
			vertex -16.420738220214844 3 -4.399923801422119
		endloop
	endfacet
	facet normal 0 -1 0
		outer loop
			vertex -16.09781265258789 0 -5.464470863342285
			vertex -16.420738220214844 0 -4.399923801422119
			vertex -24.62018394470215 0 -8.357425689697266
		endloop
	endfacet
	facet normal 0 -1 0
		outer loop
			vertex -25.114070892333984 0 -6.729295253753662
			vertex -24.62018394470215 0 -8.357425689697266
			vertex -16.420738220214844 0 -4.399923801422119
		endloop
	endfacet
	facet normal -0.973876843714599 0 -0.22707684443044965
		outer loop
			vertex -25.114070892333984 0 -6.729295253753662
			vertex -25.500417709350586 0 -5.072348594665527
			vertex -25.114070892333984 60 -6.729295253753662
		endloop
	endfacet
	facet normal -0.973876843714599 0 -0.22707684443044965
		outer loop
			vertex -25.500417709350586 60 -5.072348594665527
			vertex -25.114070892333984 60 -6.729295253753662
			vertex -25.500417709350586 0 -5.072348594665527
		endloop
	endfacet
	facet normal 0 1 0
		outer loop
			vertex -25.114070892333984 60 -6.729295253753662
			vertex -25.500417709350586 60 -5.072348594665527
			vertex -22.699256896972656 60 -6.082247734069824
		endloop
	endfacet
	facet normal 0 1 0
		outer loop
			vertex -23.04845428466797 60 -4.584622383117676
			vertex -22.699256896972656 60 -6.082247734069824
			vertex -25.500417709350586 60 -5.072348594665527
		endloop
	endfacet
	facet normal 0.9738769602316419 0 0.22707634471687507
		outer loop
			vertex -22.699256896972656 60 -6.082247734069824
			vertex -23.04845428466797 60 -4.584622383117676
			vertex -22.699256896972656 3 -6.082247734069824
		endloop
	endfacet
	facet normal 0.9738769602316419 0 0.22707634471687507
		outer loop
			vertex -23.04845428466797 3 -4.584622383117676
			vertex -22.699256896972656 3 -6.082247734069824
			vertex -23.04845428466797 60 -4.584622383117676
		endloop
	endfacet
	facet normal 0 1 0
		outer loop
			vertex -22.699256896972656 3 -6.082247734069824
			vertex -23.04845428466797 3 -4.584622383117676
			vertex -16.420738220214844 3 -4.399923801422119
		endloop
	endfacet
	facet normal 0 1 0
		outer loop
			vertex -16.673349380493164 3 -3.316535472869873
			vertex -16.420738220214844 3 -4.399923801422119
			vertex -23.04845428466797 3 -4.584622383117676
		endloop
	endfacet
	facet normal 0.9738768934148413 0 0.22707663127820493
		outer loop
			vertex -16.420738220214844 3 -4.399923801422119
			vertex -16.673349380493164 3 -3.316535472869873
			vertex -16.420738220214844 0 -4.399923801422119
		endloop
	endfacet
	facet normal 0.9738768934148413 0 0.22707663127820493
		outer loop
			vertex -16.673349380493164 0 -3.316535472869873
			vertex -16.420738220214844 0 -4.399923801422119
			vertex -16.673349380493164 3 -3.316535472869873
		endloop
	endfacet
	facet normal 0 -1 0
		outer loop
			vertex -16.420738220214844 0 -4.399923801422119
			vertex -16.673349380493164 0 -3.316535472869873
			vertex -25.114070892333984 0 -6.729295253753662
		endloop
	endfacet
	facet normal 0 -1 0
		outer loop
			vertex -25.500417709350586 0 -5.072348594665527
			vertex -25.114070892333984 0 -6.729295253753662
			vertex -16.673349380493164 0 -3.316535472869873
		endloop
	endfacet
	facet normal -0.9866433257525271 0 -0.162895511749074
		outer loop
			vertex -25.500417709350586 0 -5.072348594665527
			vertex -25.77756690979004 0 -3.393681049346924
			vertex -25.500417709350586 60 -5.072348594665527
		endloop
	endfacet
	facet normal -0.9866433257525271 0 -0.162895511749074
		outer loop
			vertex -25.77756690979004 60 -3.393681049346924
			vertex -25.500417709350586 60 -5.072348594665527
			vertex -25.77756690979004 0 -3.393681049346924
		endloop
	endfacet
	facet normal 0 1 0
		outer loop
			vertex -25.500417709350586 60 -5.072348594665527
			vertex -25.77756690979004 60 -3.393681049346924
			vertex -23.04845428466797 60 -4.584622383117676
		endloop
	endfacet
	facet normal 0 1 0
		outer loop
			vertex -23.298954010009766 60 -3.0673654079437256
			vertex -23.04845428466797 60 -4.584622383117676
			vertex -25.77756690979004 60 -3.393681049346924
		endloop
	endfacet
	facet normal 0.9866433754659585 0 0.16289521063904835
		outer loop
			vertex -23.04845428466797 60 -4.584622383117676
			vertex -23.298954010009766 60 -3.0673654079437256
			vertex -23.04845428466797 3 -4.584622383117676
		endloop
	endfacet
	facet normal 0.9866433754659585 0 0.16289521063904835
		outer loop
			vertex -23.298954010009766 3 -3.0673654079437256
			vertex -23.04845428466797 3 -4.584622383117676
			vertex -23.298954010009766 60 -3.0673654079437256
		endloop
	endfacet
	facet normal 0 1 0
		outer loop
			vertex -23.04845428466797 3 -4.584622383117676
			vertex -23.298954010009766 3 -3.0673654079437256
			vertex -16.673349380493164 3 -3.316535472869873
		endloop
	endfacet
	facet normal 0 1 0
		outer loop
			vertex -16.854562759399414 3 -2.218945264816284
			vertex -16.673349380493164 3 -3.316535472869873
			vertex -23.298954010009766 3 -3.0673654079437256
		endloop
	endfacet
	facet normal 0.9866432595364779 0 0.16289591281316526
		outer loop
			vertex -16.673349380493164 3 -3.316535472869873
			vertex -16.854562759399414 3 -2.218945264816284
			vertex -16.673349380493164 0 -3.316535472869873
		endloop
	endfacet
	facet normal 0.9866432595364779 0 0.16289591281316526
		outer loop
			vertex -16.854562759399414 0 -2.218945264816284
			vertex -16.673349380493164 0 -3.316535472869873
			vertex -16.854562759399414 3 -2.218945264816284
		endloop
	endfacet
	facet normal 0 -1 0
		outer loop
			vertex -16.673349380493164 0 -3.316535472869873
			vertex -16.854562759399414 0 -2.218945264816284
			vertex -25.500417709350586 0 -5.072348594665527
		endloop
	endfacet
	facet normal 0 -1 0
		outer loop
			vertex -25.77756690979004 0 -3.393681049346924
			vertex -25.500417709350586 0 -5.072348594665527
			vertex -16.854562759399414 0 -2.218945264816284
		endloop
	endfacet
	facet normal -0.9951847493275968 0 -0.09801691030515364
		outer loop
			vertex -25.77756690979004 0 -3.393681049346924
			vertex -25.944332122802734 0 -1.7004814147949219
			vertex -25.77756690979004 60 -3.393681049346924
		endloop
	endfacet
	facet normal -0.9951847493275968 0 -0.09801691030515364
		outer loop
			vertex -25.944332122802734 60 -1.7004814147949219
			vertex -25.77756690979004 60 -3.393681049346924
			vertex -25.944332122802734 0 -1.7004814147949219
		endloop
	endfacet
	facet normal 0 1 0
		outer loop
			vertex -25.77756690979004 60 -3.393681049346924
			vertex -25.944332122802734 60 -1.7004814147949219
			vertex -23.298954010009766 60 -3.0673654079437256
		endloop
	endfacet
	facet normal 0 1 0
		outer loop
			vertex -23.449684143066406 60 -1.5369735956192017
			vertex -23.298954010009766 60 -3.0673654079437256
			vertex -25.944332122802734 60 -1.7004814147949219
		endloop
	endfacet
	facet normal 0.9951847459697397 0 0.09801694439812458
		outer loop
			vertex -23.298954010009766 60 -3.0673654079437256
			vertex -23.449684143066406 60 -1.5369735956192017
			vertex -23.298954010009766 3 -3.0673654079437256
		endloop
	endfacet
	facet normal 0.9951847459697397 0 0.09801694439812458
		outer loop
			vertex -23.449684143066406 3 -1.5369735956192017
			vertex -23.298954010009766 3 -3.0673654079437256
			vertex -23.449684143066406 60 -1.5369735956192017
		endloop
	endfacet
	facet normal 0 1 0
		outer loop
			vertex -23.298954010009766 3 -3.0673654079437256
			vertex -23.449684143066406 3 -1.5369735956192017
			vertex -16.854562759399414 3 -2.218945264816284
		endloop
	endfacet
	facet normal 0 1 0
		outer loop
			vertex -16.96360206604004 3 -1.1118532419204712
			vertex -16.854562759399414 3 -2.218945264816284
			vertex -23.449684143066406 3 -1.5369735956192017
		endloop
	endfacet
	facet normal 0.9951847039038542 0 0.09801737150015044
		outer loop
			vertex -16.854562759399414 3 -2.218945264816284
			vertex -16.96360206604004 3 -1.1118532419204712
			vertex -16.854562759399414 0 -2.218945264816284
		endloop
	endfacet
	facet normal 0.9951847039038542 0 0.09801737150015044
		outer loop
			vertex -16.96360206604004 0 -1.1118532419204712
			vertex -16.854562759399414 0 -2.218945264816284
			vertex -16.96360206604004 3 -1.1118532419204712
		endloop
	endfacet
	facet normal 0 -1 0
		outer loop
			vertex -16.854562759399414 0 -2.218945264816284
			vertex -16.96360206604004 0 -1.1118532419204712
			vertex -25.77756690979004 0 -3.393681049346924
		endloop
	endfacet
	facet normal 0 -1 0
		outer loop
			vertex -25.944332122802734 0 -1.7004814147949219
			vertex -25.77756690979004 0 -3.393681049346924
			vertex -16.96360206604004 0 -1.1118532419204712
		endloop
	endfacet
	facet normal -0.9994645897903808 0 -0.03271901213585242
		outer loop
			vertex -25.944332122802734 0 -1.7004814147949219
			vertex -26 0 -4.776122328035461e-15
			vertex -25.944332122802734 60 -1.7004814147949219
		endloop
	endfacet
	facet normal -0.9994645897903808 0 -0.03271901213585242
		outer loop
			vertex -26 60 -4.776122328035461e-15
			vertex -25.944332122802734 60 -1.7004814147949219
			vertex -26 0 -4.776122328035461e-15
		endloop
	endfacet
	facet normal 0 1 0
		outer loop
			vertex -25.944332122802734 60 -1.7004814147949219
			vertex -26 60 -4.776122328035461e-15
			vertex -23.449684143066406 60 -1.5369735956192017
		endloop
	endfacet
	facet normal 0 1 0
		outer loop
			vertex -23.5 60 -4.316880122275492e-15
			vertex -23.449684143066406 60 -1.5369735956192017
			vertex -26 60 -4.776122328035461e-15
		endloop
	endfacet
	facet normal 0.9994645757566489 0 0.03271944082013115
		outer loop
			vertex -23.449684143066406 60 -1.5369735956192017
			vertex -23.5 60 -4.316880122275492e-15
			vertex -23.449684143066406 3 -1.5369735956192017
		endloop
	endfacet
	facet normal 0.9994645757566489 0 0.03271944082013115
		outer loop
			vertex -23.5 3 -4.316880122275492e-15
			vertex -23.449684143066406 3 -1.5369735956192017
			vertex -23.5 60 -4.316880122275492e-15
		endloop
	endfacet
	facet normal 0 1 0
		outer loop
			vertex -23.449684143066406 3 -1.5369735956192017
			vertex -23.5 3 -4.316880122275492e-15
			vertex -16.96360206604004 3 -1.1118532419204712
		endloop
	endfacet
	facet normal 0 1 0
		outer loop
			vertex -17 3 -3.1228493285083902e-15
			vertex -16.96360206604004 3 -1.1118532419204712
			vertex -23.5 3 -4.316880122275492e-15
		endloop
	endfacet
	facet normal 0.9994645984250674 0 0.032718748371825736
		outer loop
			vertex -16.96360206604004 3 -1.1118532419204712
			vertex -17 3 -3.1228493285083902e-15
			vertex -16.96360206604004 0 -1.1118532419204712
		endloop
	endfacet
	facet normal 0.9994645984250674 0 0.032718748371825736
		outer loop
			vertex -17 0 -3.1228493285083902e-15
			vertex -16.96360206604004 0 -1.1118532419204712
			vertex -17 3 -3.1228493285083902e-15
		endloop
	endfacet
	facet normal 0 -1 0
		outer loop
			vertex -16.96360206604004 0 -1.1118532419204712
			vertex -17 0 -3.1228493285083902e-15
			vertex -25.944332122802734 0 -1.7004814147949219
		endloop
	endfacet
	facet normal 0 -1 0
		outer loop
			vertex -26 0 -4.776122328035461e-15
			vertex -25.944332122802734 0 -1.7004814147949219
			vertex -17 0 -3.1228493285083902e-15
		endloop
	endfacet
	facet normal -0.9994645897903808 0 0.03271901213585223
		outer loop
			vertex -26 0 -4.776122328035461e-15
			vertex -25.944332122802734 0 1.7004814147949219
			vertex -26 60 -4.776122328035461e-15
		endloop
	endfacet
	facet normal -0.9994645897903808 0 0.03271901213585223
		outer loop
			vertex -25.944332122802734 60 1.7004814147949219
			vertex -26 60 -4.776122328035461e-15
			vertex -25.944332122802734 0 1.7004814147949219
		endloop
	endfacet
	facet normal 0 1 0
		outer loop
			vertex -26 60 -4.776122328035461e-15
			vertex -25.944332122802734 60 1.7004814147949219
			vertex -23.5 60 -4.316880122275492e-15
		endloop
	endfacet
	facet normal 0 1 0
		outer loop
			vertex -23.449684143066406 60 1.5369735956192017
			vertex -23.5 60 -4.316880122275492e-15
			vertex -25.944332122802734 60 1.7004814147949219
		endloop
	endfacet
	facet normal 0.9994645757566488 0 -0.032719440820130966
		outer loop
			vertex -23.5 60 -4.316880122275492e-15
			vertex -23.449684143066406 60 1.5369735956192017
			vertex -23.5 3 -4.316880122275492e-15
		endloop
	endfacet
	facet normal 0.9994645757566488 0 -0.032719440820130966
		outer loop
			vertex -23.449684143066406 3 1.5369735956192017
			vertex -23.5 3 -4.316880122275492e-15
			vertex -23.449684143066406 60 1.5369735956192017
		endloop
	endfacet
	facet normal 0 1 0
		outer loop
			vertex -23.5 3 -4.316880122275492e-15
			vertex -23.449684143066406 3 1.5369735956192017
			vertex -17 3 -3.1228493285083902e-15
		endloop
	endfacet
	facet normal 0 1 0
		outer loop
			vertex -16.96360206604004 3 1.1118532419204712
			vertex -17 3 -3.1228493285083902e-15
			vertex -23.449684143066406 3 1.5369735956192017
		endloop
	endfacet
	facet normal 0.9994645984250675 0 -0.032718748371825555
		outer loop
			vertex -17 3 -3.1228493285083902e-15
			vertex -16.96360206604004 3 1.1118532419204712
			vertex -17 0 -3.1228493285083902e-15
		endloop
	endfacet
	facet normal 0.9994645984250675 0 -0.032718748371825555
		outer loop
			vertex -16.96360206604004 0 1.1118532419204712
			vertex -17 0 -3.1228493285083902e-15
			vertex -16.96360206604004 3 1.1118532419204712
		endloop
	endfacet
	facet normal 0 -1 0
		outer loop
			vertex -17 0 -3.1228493285083902e-15
			vertex -16.96360206604004 0 1.1118532419204712
			vertex -26 0 -4.776122328035461e-15
		endloop
	endfacet
	facet normal 0 -1 0
		outer loop
			vertex -25.944332122802734 0 1.7004814147949219
			vertex -26 0 -4.776122328035461e-15
			vertex -16.96360206604004 0 1.1118532419204712
		endloop
	endfacet
	facet normal -0.9951847493275968 0 0.09801691030515364
		outer loop
			vertex -25.944332122802734 0 1.7004814147949219
			vertex -25.77756690979004 0 3.393681049346924
			vertex -25.944332122802734 60 1.7004814147949219
		endloop
	endfacet
	facet normal -0.9951847493275968 0 0.09801691030515364
		outer loop
			vertex -25.77756690979004 60 3.393681049346924
			vertex -25.944332122802734 60 1.7004814147949219
			vertex -25.77756690979004 0 3.393681049346924
		endloop
	endfacet
	facet normal 0 1 0
		outer loop
			vertex -25.944332122802734 60 1.7004814147949219
			vertex -25.77756690979004 60 3.393681049346924
			vertex -23.449684143066406 60 1.5369735956192017
		endloop
	endfacet
	facet normal 0 1 0
		outer loop
			vertex -23.298954010009766 60 3.0673654079437256
			vertex -23.449684143066406 60 1.5369735956192017
			vertex -25.77756690979004 60 3.393681049346924
		endloop
	endfacet
	facet normal 0.9951847459697397 0 -0.09801694439812458
		outer loop
			vertex -23.449684143066406 60 1.5369735956192017
			vertex -23.298954010009766 60 3.0673654079437256
			vertex -23.449684143066406 3 1.5369735956192017
		endloop
	endfacet
	facet normal 0.9951847459697397 0 -0.09801694439812458
		outer loop
			vertex -23.298954010009766 3 3.0673654079437256
			vertex -23.449684143066406 3 1.5369735956192017
			vertex -23.298954010009766 60 3.0673654079437256
		endloop
	endfacet
	facet normal 0 1 0
		outer loop
			vertex -23.449684143066406 3 1.5369735956192017
			vertex -23.298954010009766 3 3.0673654079437256
			vertex -16.96360206604004 3 1.1118532419204712
		endloop
	endfacet
	facet normal 0 1 0
		outer loop
			vertex -16.854562759399414 3 2.218945264816284
			vertex -16.96360206604004 3 1.1118532419204712
			vertex -23.298954010009766 3 3.0673654079437256
		endloop
	endfacet
	facet normal 0.9951847039038542 0 -0.09801737150015044
		outer loop
			vertex -16.96360206604004 3 1.1118532419204712
			vertex -16.854562759399414 3 2.218945264816284
			vertex -16.96360206604004 0 1.1118532419204712
		endloop
	endfacet
	facet normal 0.9951847039038542 0 -0.09801737150015044
		outer loop
			vertex -16.854562759399414 0 2.218945264816284
			vertex -16.96360206604004 0 1.1118532419204712
			vertex -16.854562759399414 3 2.218945264816284
		endloop
	endfacet
	facet normal 0 -1 0
		outer loop
			vertex -16.96360206604004 0 1.1118532419204712
			vertex -16.854562759399414 0 2.218945264816284
			vertex -25.944332122802734 0 1.7004814147949219
		endloop
	endfacet
	facet normal 0 -1 0
		outer loop
			vertex -25.77756690979004 0 3.393681049346924
			vertex -25.944332122802734 0 1.7004814147949219
			vertex -16.854562759399414 0 2.218945264816284
		endloop
	endfacet
	facet normal -0.9866433257525271 0 0.162895511749074
		outer loop
			vertex -25.77756690979004 0 3.393681049346924
			vertex -25.500417709350586 0 5.072348594665527
			vertex -25.77756690979004 60 3.393681049346924
		endloop
	endfacet
	facet normal -0.9866433257525271 0 0.162895511749074
		outer loop
			vertex -25.500417709350586 60 5.072348594665527
			vertex -25.77756690979004 60 3.393681049346924
			vertex -25.500417709350586 0 5.072348594665527
		endloop
	endfacet
	facet normal 0 1 0
		outer loop
			vertex -25.77756690979004 60 3.393681049346924
			vertex -25.500417709350586 60 5.072348594665527
			vertex -23.298954010009766 60 3.0673654079437256
		endloop
	endfacet
	facet normal 0 1 0
		outer loop
			vertex -23.04845428466797 60 4.584622383117676
			vertex -23.298954010009766 60 3.0673654079437256
			vertex -25.500417709350586 60 5.072348594665527
		endloop
	endfacet
	facet normal 0.9866433754659585 0 -0.16289521063904835
		outer loop
			vertex -23.298954010009766 60 3.0673654079437256
			vertex -23.04845428466797 60 4.584622383117676
			vertex -23.298954010009766 3 3.0673654079437256
		endloop
	endfacet
	facet normal 0.9866433754659585 0 -0.16289521063904835
		outer loop
			vertex -23.04845428466797 3 4.584622383117676
			vertex -23.298954010009766 3 3.0673654079437256
			vertex -23.04845428466797 60 4.584622383117676
		endloop
	endfacet
	facet normal 0 1 0
		outer loop
			vertex -23.298954010009766 3 3.0673654079437256
			vertex -23.04845428466797 3 4.584622383117676
			vertex -16.854562759399414 3 2.218945264816284
		endloop
	endfacet
	facet normal 0 1 0
		outer loop
			vertex -16.673349380493164 3 3.316535472869873
			vertex -16.854562759399414 3 2.218945264816284
			vertex -23.04845428466797 3 4.584622383117676
		endloop
	endfacet
	facet normal 0.9866432595364779 0 -0.16289591281316526
		outer loop
			vertex -16.854562759399414 3 2.218945264816284
			vertex -16.673349380493164 3 3.316535472869873
			vertex -16.854562759399414 0 2.218945264816284
		endloop
	endfacet
	facet normal 0.9866432595364779 0 -0.16289591281316526
		outer loop
			vertex -16.673349380493164 0 3.316535472869873
			vertex -16.854562759399414 0 2.218945264816284
			vertex -16.673349380493164 3 3.316535472869873
		endloop
	endfacet
	facet normal 0 -1 0
		outer loop
			vertex -16.854562759399414 0 2.218945264816284
			vertex -16.673349380493164 0 3.316535472869873
			vertex -25.77756690979004 0 3.393681049346924
		endloop
	endfacet
	facet normal 0 -1 0
		outer loop
			vertex -25.500417709350586 0 5.072348594665527
			vertex -25.77756690979004 0 3.393681049346924
			vertex -16.673349380493164 0 3.316535472869873
		endloop
	endfacet
	facet normal -0.973876843714599 0 0.22707684443044965
		outer loop
			vertex -25.500417709350586 0 5.072348594665527
			vertex -25.114070892333984 0 6.729295253753662
			vertex -25.500417709350586 60 5.072348594665527
		endloop
	endfacet
	facet normal -0.973876843714599 0 0.22707684443044965
		outer loop
			vertex -25.114070892333984 60 6.729295253753662
			vertex -25.500417709350586 60 5.072348594665527
			vertex -25.114070892333984 0 6.729295253753662
		endloop
	endfacet
	facet normal 0 1 0
		outer loop
			vertex -25.500417709350586 60 5.072348594665527
			vertex -25.114070892333984 60 6.729295253753662
			vertex -23.04845428466797 60 4.584622383117676
		endloop
	endfacet
	facet normal 0 1 0
		outer loop
			vertex -22.699256896972656 60 6.082247734069824
			vertex -23.04845428466797 60 4.584622383117676
			vertex -25.114070892333984 60 6.729295253753662
		endloop
	endfacet
	facet normal 0.9738769602316419 0 -0.22707634471687507
		outer loop
			vertex -23.04845428466797 60 4.584622383117676
			vertex -22.699256896972656 60 6.082247734069824
			vertex -23.04845428466797 3 4.584622383117676
		endloop
	endfacet
	facet normal 0.9738769602316419 0 -0.22707634471687507
		outer loop
			vertex -22.699256896972656 3 6.082247734069824
			vertex -23.04845428466797 3 4.584622383117676
			vertex -22.699256896972656 60 6.082247734069824
		endloop
	endfacet
	facet normal 0 1 0
		outer loop
			vertex -23.04845428466797 3 4.584622383117676
			vertex -22.699256896972656 3 6.082247734069824
			vertex -16.673349380493164 3 3.316535472869873
		endloop
	endfacet
	facet normal 0 1 0
		outer loop
			vertex -16.420738220214844 3 4.399923801422119
			vertex -16.673349380493164 3 3.316535472869873
			vertex -22.699256896972656 3 6.082247734069824
		endloop
	endfacet
	facet normal 0.9738768934148413 0 -0.22707663127820493
		outer loop
			vertex -16.673349380493164 3 3.316535472869873
			vertex -16.420738220214844 3 4.399923801422119
			vertex -16.673349380493164 0 3.316535472869873
		endloop
	endfacet
	facet normal 0.9738768934148413 0 -0.22707663127820493
		outer loop
			vertex -16.420738220214844 0 4.399923801422119
			vertex -16.673349380493164 0 3.316535472869873
			vertex -16.420738220214844 3 4.399923801422119
		endloop
	endfacet
	facet normal 0 -1 0
		outer loop
			vertex -16.673349380493164 0 3.316535472869873
			vertex -16.420738220214844 0 4.399923801422119
			vertex -25.500417709350586 0 5.072348594665527
		endloop
	endfacet
	facet normal 0 -1 0
		outer loop
			vertex -25.114070892333984 0 6.729295253753662
			vertex -25.500417709350586 0 5.072348594665527
			vertex -16.420738220214844 0 4.399923801422119
		endloop
	endfacet
	facet normal -0.9569405023634358 0 0.2902841279443559
		outer loop
			vertex -25.114070892333984 0 6.729295253753662
			vertex -24.62018394470215 0 8.357425689697266
			vertex -25.114070892333984 60 6.729295253753662
		endloop
	endfacet
	facet normal -0.9569405023634358 0 0.2902841279443559
		outer loop
			vertex -24.62018394470215 60 8.357425689697266
			vertex -25.114070892333984 60 6.729295253753662
			vertex -24.62018394470215 0 8.357425689697266
		endloop
	endfacet
	facet normal 0 1 0
		outer loop
			vertex -25.114070892333984 60 6.729295253753662
			vertex -24.62018394470215 60 8.357425689697266
			vertex -22.699256896972656 60 6.082247734069824
		endloop
	endfacet
	facet normal 0 1 0
		outer loop
			vertex -22.252857208251953 60 7.553827285766602
			vertex -22.699256896972656 60 6.082247734069824
			vertex -24.62018394470215 60 8.357425689697266
		endloop
	endfacet
	facet normal 0.9569401709809876 0 -0.2902852203658986
		outer loop
			vertex -22.699256896972656 60 6.082247734069824
			vertex -22.252857208251953 60 7.553827285766602
			vertex -22.699256896972656 3 6.082247734069824
		endloop
	endfacet
	facet normal 0.9569401709809876 0 -0.2902852203658986
		outer loop
			vertex -22.252857208251953 3 7.553827285766602
			vertex -22.699256896972656 3 6.082247734069824
			vertex -22.252857208251953 60 7.553827285766602
		endloop
	endfacet
	facet normal 0 1 0
		outer loop
			vertex -22.699256896972656 3 6.082247734069824
			vertex -22.252857208251953 3 7.553827285766602
			vertex -16.420738220214844 3 4.399923801422119
		endloop
	endfacet
	facet normal 0 1 0
		outer loop
			vertex -16.09781265258789 3 5.464470863342285
			vertex -16.420738220214844 3 4.399923801422119
			vertex -22.252857208251953 3 7.553827285766602
		endloop
	endfacet
	facet normal 0.9569406486509393 0 -0.29028364569765147
		outer loop
			vertex -16.420738220214844 3 4.399923801422119
			vertex -16.09781265258789 3 5.464470863342285
			vertex -16.420738220214844 0 4.399923801422119
		endloop
	endfacet
	facet normal 0.9569406486509393 0 -0.29028364569765147
		outer loop
			vertex -16.09781265258789 0 5.464470863342285
			vertex -16.420738220214844 0 4.399923801422119
			vertex -16.09781265258789 3 5.464470863342285
		endloop
	endfacet
	facet normal 0 -1 0
		outer loop
			vertex -16.420738220214844 0 4.399923801422119
			vertex -16.09781265258789 0 5.464470863342285
			vertex -25.114070892333984 0 6.729295253753662
		endloop
	endfacet
	facet normal 0 -1 0
		outer loop
			vertex -24.62018394470215 0 8.357425689697266
			vertex -25.114070892333984 0 6.729295253753662
			vertex -16.09781265258789 0 5.464470863342285
		endloop
	endfacet
	facet normal -0.9359059167909808 0 0.3522500744011758
		outer loop
			vertex -24.62018394470215 0 8.357425689697266
			vertex -24.0208683013916 0 9.949769020080566
			vertex -24.62018394470215 60 8.357425689697266
		endloop
	endfacet
	facet normal -0.9359059167909808 0 0.3522500744011758
		outer loop
			vertex -24.0208683013916 60 9.949769020080566
			vertex -24.62018394470215 60 8.357425689697266
			vertex -24.0208683013916 0 9.949769020080566
		endloop
	endfacet
	facet normal 0 1 0
		outer loop
			vertex -24.62018394470215 60 8.357425689697266
			vertex -24.0208683013916 60 9.949769020080566
			vertex -22.252857208251953 60 7.553827285766602
		endloop
	endfacet
	facet normal 0 1 0
		outer loop
			vertex -21.71116828918457 60 8.993061065673828
			vertex -22.252857208251953 60 7.553827285766602
			vertex -24.0208683013916 60 9.949769020080566
		endloop
	endfacet
	facet normal 0.9359059950469871 0 -0.3522498664799024
		outer loop
			vertex -22.252857208251953 60 7.553827285766602
			vertex -21.71116828918457 60 8.993061065673828
			vertex -22.252857208251953 3 7.553827285766602
		endloop
	endfacet
	facet normal 0.9359059950469871 0 -0.3522498664799024
		outer loop
			vertex -21.71116828918457 3 8.993061065673828
			vertex -22.252857208251953 3 7.553827285766602
			vertex -21.71116828918457 60 8.993061065673828
		endloop
	endfacet
	facet normal 0 1 0
		outer loop
			vertex -22.252857208251953 3 7.553827285766602
			vertex -21.71116828918457 3 8.993061065673828
			vertex -16.09781265258789 3 5.464470863342285
		endloop
	endfacet
	facet normal 0 1 0
		outer loop
			vertex -15.705951690673828 3 6.505618572235107
			vertex -16.09781265258789 3 5.464470863342285
			vertex -21.71116828918457 3 8.993061065673828
		endloop
	endfacet
	facet normal 0.9359057157554352 0 -0.3522506085392994
		outer loop
			vertex -16.09781265258789 3 5.464470863342285
			vertex -15.705951690673828 3 6.505618572235107
			vertex -16.09781265258789 0 5.464470863342285
		endloop
	endfacet
	facet normal 0.9359057157554352 0 -0.3522506085392994
		outer loop
			vertex -15.705951690673828 0 6.505618572235107
			vertex -16.09781265258789 0 5.464470863342285
			vertex -15.705951690673828 3 6.505618572235107
		endloop
	endfacet
	facet normal 0 -1 0
		outer loop
			vertex -16.09781265258789 0 5.464470863342285
			vertex -15.705951690673828 0 6.505618572235107
			vertex -24.62018394470215 0 8.357425689697266
		endloop
	endfacet
	facet normal 0 -1 0
		outer loop
			vertex -24.0208683013916 0 9.949769020080566
			vertex -24.62018394470215 0 8.357425689697266
			vertex -15.705951690673828 0 6.505618572235107
		endloop
	endfacet
	facet normal -0.9108637456331394 0 0.41270720479677553
		outer loop
			vertex -24.0208683013916 0 9.949769020080566
			vertex -23.31869125366211 0 11.499505996704102
			vertex -24.0208683013916 60 9.949769020080566
		endloop
	endfacet
	facet normal -0.9108637456331394 0 0.41270720479677553
		outer loop
			vertex -23.31869125366211 60 11.499505996704102
			vertex -24.0208683013916 60 9.949769020080566
			vertex -23.31869125366211 0 11.499505996704102
		endloop
	endfacet
	facet normal 0 1 0
		outer loop
			vertex -24.0208683013916 60 9.949769020080566
			vertex -23.31869125366211 60 11.499505996704102
			vertex -21.71116828918457 60 8.993061065673828
		endloop
	endfacet
	facet normal 0 1 0
		outer loop
			vertex -21.076509475708008 60 10.393784523010254
			vertex -21.71116828918457 60 8.993061065673828
			vertex -23.31869125366211 60 11.499505996704102
		endloop
	endfacet
	facet normal 0.9108640029323253 0 -0.41270663692519044
		outer loop
			vertex -21.71116828918457 60 8.993061065673828
			vertex -21.076509475708008 60 10.393784523010254
			vertex -21.71116828918457 3 8.993061065673828
		endloop
	endfacet
	facet normal 0.9108640029323253 0 -0.41270663692519044
		outer loop
			vertex -21.076509475708008 3 10.393784523010254
			vertex -21.71116828918457 3 8.993061065673828
			vertex -21.076509475708008 60 10.393784523010254
		endloop
	endfacet
	facet normal 0 1 0
		outer loop
			vertex -21.71116828918457 3 8.993061065673828
			vertex -21.076509475708008 3 10.393784523010254
			vertex -15.705951690673828 3 6.505618572235107
		endloop
	endfacet
	facet normal 0 1 0
		outer loop
			vertex -15.24683666229248 3 7.51890754699707
			vertex -15.705951690673828 3 6.505618572235107
			vertex -21.076509475708008 3 10.393784523010254
		endloop
	endfacet
	facet normal 0.9108639036738935 0 -0.41270685599339935
		outer loop
			vertex -15.705951690673828 3 6.505618572235107
			vertex -15.24683666229248 3 7.51890754699707
			vertex -15.705951690673828 0 6.505618572235107
		endloop
	endfacet
	facet normal 0.9108639036738935 0 -0.41270685599339935
		outer loop
			vertex -15.24683666229248 0 7.51890754699707
			vertex -15.705951690673828 0 6.505618572235107
			vertex -15.24683666229248 3 7.51890754699707
		endloop
	endfacet
	facet normal 0 -1 0
		outer loop
			vertex -15.705951690673828 0 6.505618572235107
			vertex -15.24683666229248 0 7.51890754699707
			vertex -24.0208683013916 0 9.949769020080566
		endloop
	endfacet
	facet normal 0 -1 0
		outer loop
			vertex -23.31869125366211 0 11.499505996704102
			vertex -24.0208683013916 0 9.949769020080566
			vertex -15.24683666229248 0 7.51890754699707
		endloop
	endfacet
	facet normal -0.8819213109787317 0 0.47139664958668875
		outer loop
			vertex -23.31869125366211 0 11.499505996704102
			vertex -22.516660690307617 0 13
			vertex -23.31869125366211 60 11.499505996704102
		endloop
	endfacet
	facet normal -0.8819213109787317 0 0.47139664958668875
		outer loop
			vertex -22.516660690307617 60 13
			vertex -23.31869125366211 60 11.499505996704102
			vertex -22.516660690307617 0 13
		endloop
	endfacet
	facet normal 0 1 0
		outer loop
			vertex -23.31869125366211 60 11.499505996704102
			vertex -22.516660690307617 60 13
			vertex -21.076509475708008 60 10.393784523010254
		endloop
	endfacet
	facet normal 0 1 0
		outer loop
			vertex -20.35159683227539 60 11.75
			vertex -21.076509475708008 60 10.393784523010254
			vertex -22.516660690307617 60 13
		endloop
	endfacet
	facet normal 0.8819211647986469 0 -0.47139692307035486
		outer loop
			vertex -21.076509475708008 60 10.393784523010254
			vertex -20.35159683227539 60 11.75
			vertex -21.076509475708008 3 10.393784523010254
		endloop
	endfacet
	facet normal 0.8819211647986469 0 -0.47139692307035486
		outer loop
			vertex -20.35159683227539 3 11.75
			vertex -21.076509475708008 3 10.393784523010254
			vertex -20.35159683227539 60 11.75
		endloop
	endfacet
	facet normal 0 1 0
		outer loop
			vertex -21.076509475708008 3 10.393784523010254
			vertex -20.35159683227539 3 11.75
			vertex -15.24683666229248 3 7.51890754699707
		endloop
	endfacet
	facet normal 0 1 0
		outer loop
			vertex -14.722432136535645 3 8.5
			vertex -15.24683666229248 3 7.51890754699707
			vertex -20.35159683227539 3 11.75
		endloop
	endfacet
	facet normal 0.8819213823553601 0 -0.47139651605035304
		outer loop
			vertex -15.24683666229248 3 7.51890754699707
			vertex -14.722432136535645 3 8.5
			vertex -15.24683666229248 0 7.51890754699707
		endloop
	endfacet
	facet normal 0.8819213823553601 0 -0.47139651605035304
		outer loop
			vertex -14.722432136535645 0 8.5
			vertex -15.24683666229248 0 7.51890754699707
			vertex -14.722432136535645 3 8.5
		endloop
	endfacet
	facet normal 0 -1 0
		outer loop
			vertex -15.24683666229248 0 7.51890754699707
			vertex -14.722432136535645 0 8.5
			vertex -23.31869125366211 0 11.499505996704102
		endloop
	endfacet
	facet normal 0 -1 0
		outer loop
			vertex -22.516660690307617 0 13
			vertex -23.31869125366211 0 11.499505996704102
			vertex -14.722432136535645 0 8.5
		endloop
	endfacet
	facet normal -0.8492021206730429 0 0.5280679485108016
		outer loop
			vertex -22.516660690307617 0 13
			vertex -21.618209838867188 0 14.444826126098633
			vertex -22.516660690307617 60 13
		endloop
	endfacet
	facet normal -0.8492021206730429 0 0.5280679485108016
		outer loop
			vertex -21.618209838867188 60 14.444826126098633
			vertex -22.516660690307617 60 13
			vertex -21.618209838867188 0 14.444826126098633
		endloop
	endfacet
	facet normal 0 1 0
		outer loop
			vertex -22.516660690307617 60 13
			vertex -21.618209838867188 60 14.444826126098633
			vertex -20.35159683227539 60 11.75
		endloop
	endfacet
	facet normal 0 1 0
		outer loop
			vertex -19.539535522460938 60 13.055900573730469
			vertex -20.35159683227539 60 11.75
			vertex -21.618209838867188 60 14.444826126098633
		endloop
	endfacet
	facet normal 0.8492021380205316 0 -0.5280679206137768
		outer loop
			vertex -20.35159683227539 60 11.75
			vertex -19.539535522460938 60 13.055900573730469
			vertex -20.35159683227539 3 11.75
		endloop
	endfacet
	facet normal 0.8492021380205316 0 -0.5280679206137768
		outer loop
			vertex -19.539535522460938 3 13.055900573730469
			vertex -20.35159683227539 3 11.75
			vertex -19.539535522460938 60 13.055900573730469
		endloop
	endfacet
	facet normal 0 1 0
		outer loop
			vertex -20.35159683227539 3 11.75
			vertex -19.539535522460938 3 13.055900573730469
			vertex -14.722432136535645 3 8.5
		endloop
	endfacet
	facet normal 0 1 0
		outer loop
			vertex -14.13498306274414 3 9.444693565368652
			vertex -14.722432136535645 3 8.5
			vertex -19.539535522460938 3 13.055900573730469
		endloop
	endfacet
	facet normal 0.8492018329086474 0 -0.5280684112731928
		outer loop
			vertex -14.722432136535645 3 8.5
			vertex -14.13498306274414 3 9.444693565368652
			vertex -14.722432136535645 0 8.5
		endloop
	endfacet
	facet normal 0.8492018329086474 0 -0.5280684112731928
		outer loop
			vertex -14.13498306274414 0 9.444693565368652
			vertex -14.722432136535645 0 8.5
			vertex -14.13498306274414 3 9.444693565368652
		endloop
	endfacet
	facet normal 0 -1 0
		outer loop
			vertex -14.722432136535645 0 8.5
			vertex -14.13498306274414 0 9.444693565368652
			vertex -22.516660690307617 0 13
		endloop
	endfacet
	facet normal 0 -1 0
		outer loop
			vertex -21.618209838867188 0 14.444826126098633
			vertex -22.516660690307617 0 13
			vertex -14.13498306274414 0 9.444693565368652
		endloop
	endfacet
	facet normal -0.8128468953953951 0 0.5824774026913557
		outer loop
			vertex -21.618209838867188 0 14.444826126098633
			vertex -20.627187728881836 0 15.827796936035156
			vertex -21.618209838867188 60 14.444826126098633
		endloop
	endfacet
	facet normal -0.8128468953953951 0 0.5824774026913557
		outer loop
			vertex -20.627187728881836 60 15.827796936035156
			vertex -21.618209838867188 60 14.444826126098633
			vertex -20.627187728881836 0 15.827796936035156
		endloop
	endfacet
	facet normal 0 1 0
		outer loop
			vertex -21.618209838867188 60 14.444826126098633
			vertex -20.627187728881836 60 15.827796936035156
			vertex -19.539535522460938 60 13.055900573730469
		endloop
	endfacet
	facet normal 0 1 0
		outer loop
			vertex -18.643802642822266 60 14.305893898010254
			vertex -19.539535522460938 60 13.055900573730469
			vertex -20.627187728881836 60 15.827796936035156
		endloop
	endfacet
	facet normal 0.8128465827516234 0 -0.58247783898532
		outer loop
			vertex -19.539535522460938 60 13.055900573730469
			vertex -18.643802642822266 60 14.305893898010254
			vertex -19.539535522460938 3 13.055900573730469
		endloop
	endfacet
	facet normal 0.8128465827516234 0 -0.58247783898532
		outer loop
			vertex -18.643802642822266 3 14.305893898010254
			vertex -19.539535522460938 3 13.055900573730469
			vertex -18.643802642822266 60 14.305893898010254
		endloop
	endfacet
	facet normal 0 1 0
		outer loop
			vertex -19.539535522460938 3 13.055900573730469
			vertex -18.643802642822266 3 14.305893898010254
			vertex -14.13498306274414 3 9.444693565368652
		endloop
	endfacet
	facet normal 0 1 0
		outer loop
			vertex -13.487007141113281 3 10.348944664001465
			vertex -14.13498306274414 3 9.444693565368652
			vertex -18.643802642822266 3 14.305893898010254
		endloop
	endfacet
	facet normal 0.8128472174736062 0 -0.5824769532311266
		outer loop
			vertex -14.13498306274414 3 9.444693565368652
			vertex -13.487007141113281 3 10.348944664001465
			vertex -14.13498306274414 0 9.444693565368652
		endloop
	endfacet
	facet normal 0.8128472174736062 0 -0.5824769532311266
		outer loop
			vertex -13.487007141113281 0 10.348944664001465
			vertex -14.13498306274414 0 9.444693565368652
			vertex -13.487007141113281 3 10.348944664001465
		endloop
	endfacet
	facet normal 0 -1 0
		outer loop
			vertex -14.13498306274414 0 9.444693565368652
			vertex -13.487007141113281 0 10.348944664001465
			vertex -21.618209838867188 0 14.444826126098633
		endloop
	endfacet
	facet normal 0 -1 0
		outer loop
			vertex -20.627187728881836 0 15.827796936035156
			vertex -21.618209838867188 0 14.444826126098633
			vertex -13.487007141113281 0 10.348944664001465
		endloop
	endfacet
	facet normal -0.7730102742013117 0 0.6343935024724109
		outer loop
			vertex -20.627187728881836 0 15.827796936035156
			vertex -19.547834396362305 0 17.14299201965332
			vertex -20.627187728881836 60 15.827796936035156
		endloop
	endfacet
	facet normal -0.7730102742013117 0 0.6343935024724109
		outer loop
			vertex -19.547834396362305 60 17.14299201965332
			vertex -20.627187728881836 60 15.827796936035156
			vertex -19.547834396362305 0 17.14299201965332
		endloop
	endfacet
	facet normal 0 1 0
		outer loop
			vertex -20.627187728881836 60 15.827796936035156
			vertex -19.547834396362305 60 17.14299201965332
			vertex -18.643802642822266 60 14.305893898010254
		endloop
	endfacet
	facet normal 0 1 0
		outer loop
			vertex -17.668235778808594 60 15.494626998901367
			vertex -18.643802642822266 60 14.305893898010254
			vertex -19.547834396362305 60 17.14299201965332
		endloop
	endfacet
	facet normal 0.7730108296066383 0 -0.6343928257088484
		outer loop
			vertex -18.643802642822266 60 14.305893898010254
			vertex -17.668235778808594 60 15.494626998901367
			vertex -18.643802642822266 3 14.305893898010254
		endloop
	endfacet
	facet normal 0.7730108296066383 0 -0.6343928257088484
		outer loop
			vertex -17.668235778808594 3 15.494626998901367
			vertex -18.643802642822266 3 14.305893898010254
			vertex -17.668235778808594 60 15.494626998901367
		endloop
	endfacet
	facet normal 0 1 0
		outer loop
			vertex -18.643802642822266 3 14.305893898010254
			vertex -17.668235778808594 3 15.494626998901367
			vertex -13.487007141113281 3 10.348944664001465
		endloop
	endfacet
	facet normal 0 1 0
		outer loop
			vertex -12.78127670288086 3 11.208878517150879
			vertex -13.487007141113281 3 10.348944664001465
			vertex -17.668235778808594 3 15.494626998901367
		endloop
	endfacet
	facet normal 0.7730100286575331 0 -0.6343938016680807
		outer loop
			vertex -13.487007141113281 3 10.348944664001465
			vertex -12.78127670288086 3 11.208878517150879
			vertex -13.487007141113281 0 10.348944664001465
		endloop
	endfacet
	facet normal 0.7730100286575331 0 -0.6343938016680807
		outer loop
			vertex -12.78127670288086 0 11.208878517150879
			vertex -13.487007141113281 0 10.348944664001465
			vertex -12.78127670288086 3 11.208878517150879
		endloop
	endfacet
	facet normal 0 -1 0
		outer loop
			vertex -13.487007141113281 0 10.348944664001465
			vertex -12.78127670288086 0 11.208878517150879
			vertex -20.627187728881836 0 15.827796936035156
		endloop
	endfacet
	facet normal 0 -1 0
		outer loop
			vertex -19.547834396362305 0 17.14299201965332
			vertex -20.627187728881836 0 15.827796936035156
			vertex -12.78127670288086 0 11.208878517150879
		endloop
	endfacet
	facet normal -0.729864451540337 0 0.6835918975366246
		outer loop
			vertex -19.547834396362305 0 17.14299201965332
			vertex -18.384777069091797 0 18.384777069091797
			vertex -19.547834396362305 60 17.14299201965332
		endloop
	endfacet
	facet normal -0.729864451540337 0 0.6835918975366246
		outer loop
			vertex -18.384777069091797 60 18.384777069091797
			vertex -19.547834396362305 60 17.14299201965332
			vertex -18.384777069091797 0 18.384777069091797
		endloop
	endfacet
	facet normal 0 1 0
		outer loop
			vertex -19.547834396362305 60 17.14299201965332
			vertex -18.384777069091797 60 18.384777069091797
			vertex -17.668235778808594 60 15.494626998901367
		endloop
	endfacet
	facet normal 0 1 0
		outer loop
			vertex -16.61701011657715 60 16.61701011657715
			vertex -17.668235778808594 60 15.494626998901367
			vertex -18.384777069091797 60 18.384777069091797
		endloop
	endfacet
	facet normal 0.7298643465277127 0 -0.6835920096575697
		outer loop
			vertex -17.668235778808594 60 15.494626998901367
			vertex -16.61701011657715 60 16.61701011657715
			vertex -17.668235778808594 3 15.494626998901367
		endloop
	endfacet
	facet normal 0.7298643465277127 0 -0.6835920096575697
		outer loop
			vertex -16.61701011657715 3 16.61701011657715
			vertex -17.668235778808594 3 15.494626998901367
			vertex -16.61701011657715 60 16.61701011657715
		endloop
	endfacet
	facet normal 0 1 0
		outer loop
			vertex -17.668235778808594 3 15.494626998901367
			vertex -16.61701011657715 3 16.61701011657715
			vertex -12.78127670288086 3 11.208878517150879
		endloop
	endfacet
	facet normal 0 1 0
		outer loop
			vertex -12.020814895629883 3 12.020814895629883
			vertex -12.78127670288086 3 11.208878517150879
			vertex -16.61701011657715 3 16.61701011657715
		endloop
	endfacet
	facet normal 0.7298638922145503 0 -0.6835924947228629
		outer loop
			vertex -12.78127670288086 3 11.208878517150879
			vertex -12.020814895629883 3 12.020814895629883
			vertex -12.78127670288086 0 11.208878517150879
		endloop
	endfacet
	facet normal 0.7298638922145503 0 -0.6835924947228629
		outer loop
			vertex -12.020814895629883 0 12.020814895629883
			vertex -12.78127670288086 0 11.208878517150879
			vertex -12.020814895629883 3 12.020814895629883
		endloop
	endfacet
	facet normal 0 -1 0
		outer loop
			vertex -12.78127670288086 0 11.208878517150879
			vertex -12.020814895629883 0 12.020814895629883
			vertex -19.547834396362305 0 17.14299201965332
		endloop
	endfacet
	facet normal 0 -1 0
		outer loop
			vertex -18.384777069091797 0 18.384777069091797
			vertex -19.547834396362305 0 17.14299201965332
			vertex -12.020814895629883 0 12.020814895629883
		endloop
	endfacet
	facet normal -0.6835918975366246 0 0.729864451540337
		outer loop
			vertex -18.384777069091797 0 18.384777069091797
			vertex -17.14299201965332 0 19.547834396362305
			vertex -18.384777069091797 60 18.384777069091797
		endloop
	endfacet
	facet normal -0.6835918975366246 0 0.729864451540337
		outer loop
			vertex -17.14299201965332 60 19.547834396362305
			vertex -18.384777069091797 60 18.384777069091797
			vertex -17.14299201965332 0 19.547834396362305
		endloop
	endfacet
	facet normal 0 1 0
		outer loop
			vertex -18.384777069091797 60 18.384777069091797
			vertex -17.14299201965332 60 19.547834396362305
			vertex -16.61701011657715 60 16.61701011657715
		endloop
	endfacet
	facet normal 0 1 0
		outer loop
			vertex -15.494626998901367 60 17.668235778808594
			vertex -16.61701011657715 60 16.61701011657715
			vertex -17.14299201965332 60 19.547834396362305
		endloop
	endfacet
	facet normal 0.6835920096575697 0 -0.7298643465277127
		outer loop
			vertex -16.61701011657715 60 16.61701011657715
			vertex -15.494626998901367 60 17.668235778808594
			vertex -16.61701011657715 3 16.61701011657715
		endloop
	endfacet
	facet normal 0.6835920096575697 0 -0.7298643465277127
		outer loop
			vertex -15.494626998901367 3 17.668235778808594
			vertex -16.61701011657715 3 16.61701011657715
			vertex -15.494626998901367 60 17.668235778808594
		endloop
	endfacet
	facet normal 0 1 0
		outer loop
			vertex -16.61701011657715 3 16.61701011657715
			vertex -15.494626998901367 3 17.668235778808594
			vertex -12.020814895629883 3 12.020814895629883
		endloop
	endfacet
	facet normal 0 1 0
		outer loop
			vertex -11.208878517150879 3 12.78127670288086
			vertex -12.020814895629883 3 12.020814895629883
			vertex -15.494626998901367 3 17.668235778808594
		endloop
	endfacet
	facet normal 0.6835924947228629 0 -0.7298638922145503
		outer loop
			vertex -12.020814895629883 3 12.020814895629883
			vertex -11.208878517150879 3 12.78127670288086
			vertex -12.020814895629883 0 12.020814895629883
		endloop
	endfacet
	facet normal 0.6835924947228629 0 -0.7298638922145503
		outer loop
			vertex -11.208878517150879 0 12.78127670288086
			vertex -12.020814895629883 0 12.020814895629883
			vertex -11.208878517150879 3 12.78127670288086
		endloop
	endfacet
	facet normal 0 -1 0
		outer loop
			vertex -12.020814895629883 0 12.020814895629883
			vertex -11.208878517150879 0 12.78127670288086
			vertex -18.384777069091797 0 18.384777069091797
		endloop
	endfacet
	facet normal 0 -1 0
		outer loop
			vertex -17.14299201965332 0 19.547834396362305
			vertex -18.384777069091797 0 18.384777069091797
			vertex -11.208878517150879 0 12.78127670288086
		endloop
	endfacet
	facet normal -0.6343935024724109 0 0.7730102742013117
		outer loop
			vertex -17.14299201965332 0 19.547834396362305
			vertex -15.827796936035156 0 20.627187728881836
			vertex -17.14299201965332 60 19.547834396362305
		endloop
	endfacet
	facet normal -0.6343935024724109 0 0.7730102742013117
		outer loop
			vertex -15.827796936035156 60 20.627187728881836
			vertex -17.14299201965332 60 19.547834396362305
			vertex -15.827796936035156 0 20.627187728881836
		endloop
	endfacet
	facet normal 0 1 0
		outer loop
			vertex -17.14299201965332 60 19.547834396362305
			vertex -15.827796936035156 60 20.627187728881836
			vertex -15.494626998901367 60 17.668235778808594
		endloop
	endfacet
	facet normal 0 1 0
		outer loop
			vertex -14.305893898010254 60 18.643802642822266
			vertex -15.494626998901367 60 17.668235778808594
			vertex -15.827796936035156 60 20.627187728881836
		endloop
	endfacet
	facet normal 0.6343928257088484 0 -0.7730108296066383
		outer loop
			vertex -15.494626998901367 60 17.668235778808594
			vertex -14.305893898010254 60 18.643802642822266
			vertex -15.494626998901367 3 17.668235778808594
		endloop
	endfacet
	facet normal 0.6343928257088484 0 -0.7730108296066383
		outer loop
			vertex -14.305893898010254 3 18.643802642822266
			vertex -15.494626998901367 3 17.668235778808594
			vertex -14.305893898010254 60 18.643802642822266
		endloop
	endfacet
	facet normal 0 1 0
		outer loop
			vertex -15.494626998901367 3 17.668235778808594
			vertex -14.305893898010254 3 18.643802642822266
			vertex -11.208878517150879 3 12.78127670288086
		endloop
	endfacet
	facet normal 0 1 0
		outer loop
			vertex -10.348944664001465 3 13.487007141113281
			vertex -11.208878517150879 3 12.78127670288086
			vertex -14.305893898010254 3 18.643802642822266
		endloop
	endfacet
	facet normal 0.6343938016680807 0 -0.7730100286575331
		outer loop
			vertex -11.208878517150879 3 12.78127670288086
			vertex -10.348944664001465 3 13.487007141113281
			vertex -11.208878517150879 0 12.78127670288086
		endloop
	endfacet
	facet normal 0.6343938016680807 0 -0.7730100286575331
		outer loop
			vertex -10.348944664001465 0 13.487007141113281
			vertex -11.208878517150879 0 12.78127670288086
			vertex -10.348944664001465 3 13.487007141113281
		endloop
	endfacet
	facet normal 0 -1 0
		outer loop
			vertex -11.208878517150879 0 12.78127670288086
			vertex -10.348944664001465 0 13.487007141113281
			vertex -17.14299201965332 0 19.547834396362305
		endloop
	endfacet
	facet normal 0 -1 0
		outer loop
			vertex -15.827796936035156 0 20.627187728881836
			vertex -17.14299201965332 0 19.547834396362305
			vertex -10.348944664001465 0 13.487007141113281
		endloop
	endfacet
	facet normal -0.5824774026913557 0 0.8128468953953951
		outer loop
			vertex -15.827796936035156 0 20.627187728881836
			vertex -14.444826126098633 0 21.618209838867188
			vertex -15.827796936035156 60 20.627187728881836
		endloop
	endfacet
	facet normal -0.5824774026913557 0 0.8128468953953951
		outer loop
			vertex -14.444826126098633 60 21.618209838867188
			vertex -15.827796936035156 60 20.627187728881836
			vertex -14.444826126098633 0 21.618209838867188
		endloop
	endfacet
	facet normal 0 1 0
		outer loop
			vertex -15.827796936035156 60 20.627187728881836
			vertex -14.444826126098633 60 21.618209838867188
			vertex -14.305893898010254 60 18.643802642822266
		endloop
	endfacet
	facet normal 0 1 0
		outer loop
			vertex -13.055900573730469 60 19.539535522460938
			vertex -14.305893898010254 60 18.643802642822266
			vertex -14.444826126098633 60 21.618209838867188
		endloop
	endfacet
	facet normal 0.58247783898532 0 -0.8128465827516234
		outer loop
			vertex -14.305893898010254 60 18.643802642822266
			vertex -13.055900573730469 60 19.539535522460938
			vertex -14.305893898010254 3 18.643802642822266
		endloop
	endfacet
	facet normal 0.58247783898532 0 -0.8128465827516234
		outer loop
			vertex -13.055900573730469 3 19.539535522460938
			vertex -14.305893898010254 3 18.643802642822266
			vertex -13.055900573730469 60 19.539535522460938
		endloop
	endfacet
	facet normal 0 1 0
		outer loop
			vertex -14.305893898010254 3 18.643802642822266
			vertex -13.055900573730469 3 19.539535522460938
			vertex -10.348944664001465 3 13.487007141113281
		endloop
	endfacet
	facet normal 0 1 0
		outer loop
			vertex -9.444693565368652 3 14.13498306274414
			vertex -10.348944664001465 3 13.487007141113281
			vertex -13.055900573730469 3 19.539535522460938
		endloop
	endfacet
	facet normal 0.5824769532311266 0 -0.8128472174736062
		outer loop
			vertex -10.348944664001465 3 13.487007141113281
			vertex -9.444693565368652 3 14.13498306274414
			vertex -10.348944664001465 0 13.487007141113281
		endloop
	endfacet
	facet normal 0.5824769532311266 0 -0.8128472174736062
		outer loop
			vertex -9.444693565368652 0 14.13498306274414
			vertex -10.348944664001465 0 13.487007141113281
			vertex -9.444693565368652 3 14.13498306274414
		endloop
	endfacet
	facet normal 0 -1 0
		outer loop
			vertex -10.348944664001465 0 13.487007141113281
			vertex -9.444693565368652 0 14.13498306274414
			vertex -15.827796936035156 0 20.627187728881836
		endloop
	endfacet
	facet normal 0 -1 0
		outer loop
			vertex -14.444826126098633 0 21.618209838867188
			vertex -15.827796936035156 0 20.627187728881836
			vertex -9.444693565368652 0 14.13498306274414
		endloop
	endfacet
	facet normal -0.5280679485108016 0 0.8492021206730429
		outer loop
			vertex -14.444826126098633 0 21.618209838867188
			vertex -13 0 22.516660690307617
			vertex -14.444826126098633 60 21.618209838867188
		endloop
	endfacet
	facet normal -0.5280679485108016 0 0.8492021206730429
		outer loop
			vertex -13 60 22.516660690307617
			vertex -14.444826126098633 60 21.618209838867188
			vertex -13 0 22.516660690307617
		endloop
	endfacet
	facet normal 0 1 0
		outer loop
			vertex -14.444826126098633 60 21.618209838867188
			vertex -13 60 22.516660690307617
			vertex -13.055900573730469 60 19.539535522460938
		endloop
	endfacet
	facet normal 0 1 0
		outer loop
			vertex -11.75 60 20.35159683227539
			vertex -13.055900573730469 60 19.539535522460938
			vertex -13 60 22.516660690307617
		endloop
	endfacet
	facet normal 0.5280679206137768 0 -0.8492021380205316
		outer loop
			vertex -13.055900573730469 60 19.539535522460938
			vertex -11.75 60 20.35159683227539
			vertex -13.055900573730469 3 19.539535522460938
		endloop
	endfacet
	facet normal 0.5280679206137768 0 -0.8492021380205316
		outer loop
			vertex -11.75 3 20.35159683227539
			vertex -13.055900573730469 3 19.539535522460938
			vertex -11.75 60 20.35159683227539
		endloop
	endfacet
	facet normal 0 1 0
		outer loop
			vertex -13.055900573730469 3 19.539535522460938
			vertex -11.75 3 20.35159683227539
			vertex -9.444693565368652 3 14.13498306274414
		endloop
	endfacet
	facet normal 0 1 0
		outer loop
			vertex -8.5 3 14.722432136535645
			vertex -9.444693565368652 3 14.13498306274414
			vertex -11.75 3 20.35159683227539
		endloop
	endfacet
	facet normal 0.5280684112731928 0 -0.8492018329086474
		outer loop
			vertex -9.444693565368652 3 14.13498306274414
			vertex -8.5 3 14.722432136535645
			vertex -9.444693565368652 0 14.13498306274414
		endloop
	endfacet
	facet normal 0.5280684112731928 0 -0.8492018329086474
		outer loop
			vertex -8.5 0 14.722432136535645
			vertex -9.444693565368652 0 14.13498306274414
			vertex -8.5 3 14.722432136535645
		endloop
	endfacet
	facet normal 0 -1 0
		outer loop
			vertex -9.444693565368652 0 14.13498306274414
			vertex -8.5 0 14.722432136535645
			vertex -14.444826126098633 0 21.618209838867188
		endloop
	endfacet
	facet normal 0 -1 0
		outer loop
			vertex -13 0 22.516660690307617
			vertex -14.444826126098633 0 21.618209838867188
			vertex -8.5 0 14.722432136535645
		endloop
	endfacet
	facet normal -0.47139664958668875 0 0.8819213109787317
		outer loop
			vertex -13 0 22.516660690307617
			vertex -11.499505996704102 0 23.31869125366211
			vertex -13 60 22.516660690307617
		endloop
	endfacet
	facet normal -0.47139664958668875 0 0.8819213109787317
		outer loop
			vertex -11.499505996704102 60 23.31869125366211
			vertex -13 60 22.516660690307617
			vertex -11.499505996704102 0 23.31869125366211
		endloop
	endfacet
	facet normal 0 1 0
		outer loop
			vertex -13 60 22.516660690307617
			vertex -11.499505996704102 60 23.31869125366211
			vertex -11.75 60 20.35159683227539
		endloop
	endfacet
	facet normal 0 1 0
		outer loop
			vertex -10.393784523010254 60 21.076509475708008
			vertex -11.75 60 20.35159683227539
			vertex -11.499505996704102 60 23.31869125366211
		endloop
	endfacet
	facet normal 0.47139692307035486 0 -0.8819211647986469
		outer loop
			vertex -11.75 60 20.35159683227539
			vertex -10.393784523010254 60 21.076509475708008
			vertex -11.75 3 20.35159683227539
		endloop
	endfacet
	facet normal 0.47139692307035486 0 -0.8819211647986469
		outer loop
			vertex -10.393784523010254 3 21.076509475708008
			vertex -11.75 3 20.35159683227539
			vertex -10.393784523010254 60 21.076509475708008
		endloop
	endfacet
	facet normal 0 1 0
		outer loop
			vertex -11.75 3 20.35159683227539
			vertex -10.393784523010254 3 21.076509475708008
			vertex -8.5 3 14.722432136535645
		endloop
	endfacet
	facet normal 0 1 0
		outer loop
			vertex -7.51890754699707 3 15.24683666229248
			vertex -8.5 3 14.722432136535645
			vertex -10.393784523010254 3 21.076509475708008
		endloop
	endfacet
	facet normal 0.47139651605035304 0 -0.8819213823553601
		outer loop
			vertex -8.5 3 14.722432136535645
			vertex -7.51890754699707 3 15.24683666229248
			vertex -8.5 0 14.722432136535645
		endloop
	endfacet
	facet normal 0.47139651605035304 0 -0.8819213823553601
		outer loop
			vertex -7.51890754699707 0 15.24683666229248
			vertex -8.5 0 14.722432136535645
			vertex -7.51890754699707 3 15.24683666229248
		endloop
	endfacet
	facet normal 0 -1 0
		outer loop
			vertex -8.5 0 14.722432136535645
			vertex -7.51890754699707 0 15.24683666229248
			vertex -13 0 22.516660690307617
		endloop
	endfacet
	facet normal 0 -1 0
		outer loop
			vertex -11.499505996704102 0 23.31869125366211
			vertex -13 0 22.516660690307617
			vertex -7.51890754699707 0 15.24683666229248
		endloop
	endfacet
	facet normal -0.41270720479677553 0 0.9108637456331394
		outer loop
			vertex -11.499505996704102 0 23.31869125366211
			vertex -9.949769020080566 0 24.0208683013916
			vertex -11.499505996704102 60 23.31869125366211
		endloop
	endfacet
	facet normal -0.41270720479677553 0 0.9108637456331394
		outer loop
			vertex -9.949769020080566 60 24.0208683013916
			vertex -11.499505996704102 60 23.31869125366211
			vertex -9.949769020080566 0 24.0208683013916
		endloop
	endfacet
	facet normal 0 1 0
		outer loop
			vertex -11.499505996704102 60 23.31869125366211
			vertex -9.949769020080566 60 24.0208683013916
			vertex -10.393784523010254 60 21.076509475708008
		endloop
	endfacet
	facet normal 0 1 0
		outer loop
			vertex -8.993061065673828 60 21.71116828918457
			vertex -10.393784523010254 60 21.076509475708008
			vertex -9.949769020080566 60 24.0208683013916
		endloop
	endfacet
	facet normal 0.41270663692519044 0 -0.9108640029323253
		outer loop
			vertex -10.393784523010254 60 21.076509475708008
			vertex -8.993061065673828 60 21.71116828918457
			vertex -10.393784523010254 3 21.076509475708008
		endloop
	endfacet
	facet normal 0.41270663692519044 0 -0.9108640029323253
		outer loop
			vertex -8.993061065673828 3 21.71116828918457
			vertex -10.393784523010254 3 21.076509475708008
			vertex -8.993061065673828 60 21.71116828918457
		endloop
	endfacet
	facet normal 0 1 0
		outer loop
			vertex -10.393784523010254 3 21.076509475708008
			vertex -8.993061065673828 3 21.71116828918457
			vertex -7.51890754699707 3 15.24683666229248
		endloop
	endfacet
	facet normal 0 1 0
		outer loop
			vertex -6.505618572235107 3 15.705951690673828
			vertex -7.51890754699707 3 15.24683666229248
			vertex -8.993061065673828 3 21.71116828918457
		endloop
	endfacet
	facet normal 0.41270685599339935 0 -0.9108639036738935
		outer loop
			vertex -7.51890754699707 3 15.24683666229248
			vertex -6.505618572235107 3 15.705951690673828
			vertex -7.51890754699707 0 15.24683666229248
		endloop
	endfacet
	facet normal 0.41270685599339935 0 -0.9108639036738935
		outer loop
			vertex -6.505618572235107 0 15.705951690673828
			vertex -7.51890754699707 0 15.24683666229248
			vertex -6.505618572235107 3 15.705951690673828
		endloop
	endfacet
	facet normal 0 -1 0
		outer loop
			vertex -7.51890754699707 0 15.24683666229248
			vertex -6.505618572235107 0 15.705951690673828
			vertex -11.499505996704102 0 23.31869125366211
		endloop
	endfacet
	facet normal 0 -1 0
		outer loop
			vertex -9.949769020080566 0 24.0208683013916
			vertex -11.499505996704102 0 23.31869125366211
			vertex -6.505618572235107 0 15.705951690673828
		endloop
	endfacet
	facet normal -0.3522500744011758 0 0.9359059167909808
		outer loop
			vertex -9.949769020080566 0 24.0208683013916
			vertex -8.357425689697266 0 24.62018394470215
			vertex -9.949769020080566 60 24.0208683013916
		endloop
	endfacet
	facet normal -0.3522500744011758 0 0.9359059167909808
		outer loop
			vertex -8.357425689697266 60 24.62018394470215
			vertex -9.949769020080566 60 24.0208683013916
			vertex -8.357425689697266 0 24.62018394470215
		endloop
	endfacet
	facet normal 0 1 0
		outer loop
			vertex -9.949769020080566 60 24.0208683013916
			vertex -8.357425689697266 60 24.62018394470215
			vertex -8.993061065673828 60 21.71116828918457
		endloop
	endfacet
	facet normal 0 1 0
		outer loop
			vertex -7.553827285766602 60 22.252857208251953
			vertex -8.993061065673828 60 21.71116828918457
			vertex -8.357425689697266 60 24.62018394470215
		endloop
	endfacet
	facet normal 0.3522498664799024 0 -0.9359059950469871
		outer loop
			vertex -8.993061065673828 60 21.71116828918457
			vertex -7.553827285766602 60 22.252857208251953
			vertex -8.993061065673828 3 21.71116828918457
		endloop
	endfacet
	facet normal 0.3522498664799024 0 -0.9359059950469871
		outer loop
			vertex -7.553827285766602 3 22.252857208251953
			vertex -8.993061065673828 3 21.71116828918457
			vertex -7.553827285766602 60 22.252857208251953
		endloop
	endfacet
	facet normal 0 1 0
		outer loop
			vertex -8.993061065673828 3 21.71116828918457
			vertex -7.553827285766602 3 22.252857208251953
			vertex -6.505618572235107 3 15.705951690673828
		endloop
	endfacet
	facet normal 0 1 0
		outer loop
			vertex -5.464470863342285 3 16.09781265258789
			vertex -6.505618572235107 3 15.705951690673828
			vertex -7.553827285766602 3 22.252857208251953
		endloop
	endfacet
	facet normal 0.3522506085392994 0 -0.9359057157554352
		outer loop
			vertex -6.505618572235107 3 15.705951690673828
			vertex -5.464470863342285 3 16.09781265258789
			vertex -6.505618572235107 0 15.705951690673828
		endloop
	endfacet
	facet normal 0.3522506085392994 0 -0.9359057157554352
		outer loop
			vertex -5.464470863342285 0 16.09781265258789
			vertex -6.505618572235107 0 15.705951690673828
			vertex -5.464470863342285 3 16.09781265258789
		endloop
	endfacet
	facet normal 0 -1 0
		outer loop
			vertex -6.505618572235107 0 15.705951690673828
			vertex -5.464470863342285 0 16.09781265258789
			vertex -9.949769020080566 0 24.0208683013916
		endloop
	endfacet
	facet normal 0 -1 0
		outer loop
			vertex -8.357425689697266 0 24.62018394470215
			vertex -9.949769020080566 0 24.0208683013916
			vertex -5.464470863342285 0 16.09781265258789
		endloop
	endfacet
	facet normal -0.2902841279443559 0 0.9569405023634358
		outer loop
			vertex -8.357425689697266 0 24.62018394470215
			vertex -6.729295253753662 0 25.114070892333984
			vertex -8.357425689697266 60 24.62018394470215
		endloop
	endfacet
	facet normal -0.2902841279443559 0 0.9569405023634358
		outer loop
			vertex -6.729295253753662 60 25.114070892333984
			vertex -8.357425689697266 60 24.62018394470215
			vertex -6.729295253753662 0 25.114070892333984
		endloop
	endfacet
	facet normal 0 1 0
		outer loop
			vertex -8.357425689697266 60 24.62018394470215
			vertex -6.729295253753662 60 25.114070892333984
			vertex -7.553827285766602 60 22.252857208251953
		endloop
	endfacet
	facet normal 0 1 0
		outer loop
			vertex -6.082247734069824 60 22.699256896972656
			vertex -7.553827285766602 60 22.252857208251953
			vertex -6.729295253753662 60 25.114070892333984
		endloop
	endfacet
	facet normal 0.2902852203658986 0 -0.9569401709809876
		outer loop
			vertex -7.553827285766602 60 22.252857208251953
			vertex -6.082247734069824 60 22.699256896972656
			vertex -7.553827285766602 3 22.252857208251953
		endloop
	endfacet
	facet normal 0.2902852203658986 0 -0.9569401709809876
		outer loop
			vertex -6.082247734069824 3 22.699256896972656
			vertex -7.553827285766602 3 22.252857208251953
			vertex -6.082247734069824 60 22.699256896972656
		endloop
	endfacet
	facet normal 0 1 0
		outer loop
			vertex -7.553827285766602 3 22.252857208251953
			vertex -6.082247734069824 3 22.699256896972656
			vertex -5.464470863342285 3 16.09781265258789
		endloop
	endfacet
	facet normal 0 1 0
		outer loop
			vertex -4.399923801422119 3 16.420738220214844
			vertex -5.464470863342285 3 16.09781265258789
			vertex -6.082247734069824 3 22.699256896972656
		endloop
	endfacet
	facet normal 0.29028364569765147 0 -0.9569406486509393
		outer loop
			vertex -5.464470863342285 3 16.09781265258789
			vertex -4.399923801422119 3 16.420738220214844
			vertex -5.464470863342285 0 16.09781265258789
		endloop
	endfacet
	facet normal 0.29028364569765147 0 -0.9569406486509393
		outer loop
			vertex -4.399923801422119 0 16.420738220214844
			vertex -5.464470863342285 0 16.09781265258789
			vertex -4.399923801422119 3 16.420738220214844
		endloop
	endfacet
	facet normal 0 -1 0
		outer loop
			vertex -5.464470863342285 0 16.09781265258789
			vertex -4.399923801422119 0 16.420738220214844
			vertex -8.357425689697266 0 24.62018394470215
		endloop
	endfacet
	facet normal 0 -1 0
		outer loop
			vertex -6.729295253753662 0 25.114070892333984
			vertex -8.357425689697266 0 24.62018394470215
			vertex -4.399923801422119 0 16.420738220214844
		endloop
	endfacet
	facet normal -0.22707684443044965 0 0.973876843714599
		outer loop
			vertex -6.729295253753662 0 25.114070892333984
			vertex -5.072348594665527 0 25.500417709350586
			vertex -6.729295253753662 60 25.114070892333984
		endloop
	endfacet
	facet normal -0.22707684443044965 0 0.973876843714599
		outer loop
			vertex -5.072348594665527 60 25.500417709350586
			vertex -6.729295253753662 60 25.114070892333984
			vertex -5.072348594665527 0 25.500417709350586
		endloop
	endfacet
	facet normal 0 1 0
		outer loop
			vertex -6.729295253753662 60 25.114070892333984
			vertex -5.072348594665527 60 25.500417709350586
			vertex -6.082247734069824 60 22.699256896972656
		endloop
	endfacet
	facet normal 0 1 0
		outer loop
			vertex -4.584622383117676 60 23.04845428466797
			vertex -6.082247734069824 60 22.699256896972656
			vertex -5.072348594665527 60 25.500417709350586
		endloop
	endfacet
	facet normal 0.22707634471687507 0 -0.9738769602316419
		outer loop
			vertex -6.082247734069824 60 22.699256896972656
			vertex -4.584622383117676 60 23.04845428466797
			vertex -6.082247734069824 3 22.699256896972656
		endloop
	endfacet
	facet normal 0.22707634471687507 0 -0.9738769602316419
		outer loop
			vertex -4.584622383117676 3 23.04845428466797
			vertex -6.082247734069824 3 22.699256896972656
			vertex -4.584622383117676 60 23.04845428466797
		endloop
	endfacet
	facet normal 0 1 0
		outer loop
			vertex -6.082247734069824 3 22.699256896972656
			vertex -4.584622383117676 3 23.04845428466797
			vertex -4.399923801422119 3 16.420738220214844
		endloop
	endfacet
	facet normal 0 1 0
		outer loop
			vertex -3.316535472869873 3 16.673349380493164
			vertex -4.399923801422119 3 16.420738220214844
			vertex -4.584622383117676 3 23.04845428466797
		endloop
	endfacet
	facet normal 0.22707663127820493 0 -0.9738768934148413
		outer loop
			vertex -4.399923801422119 3 16.420738220214844
			vertex -3.316535472869873 3 16.673349380493164
			vertex -4.399923801422119 0 16.420738220214844
		endloop
	endfacet
	facet normal 0.22707663127820493 0 -0.9738768934148413
		outer loop
			vertex -3.316535472869873 0 16.673349380493164
			vertex -4.399923801422119 0 16.420738220214844
			vertex -3.316535472869873 3 16.673349380493164
		endloop
	endfacet
	facet normal 0 -1 0
		outer loop
			vertex -4.399923801422119 0 16.420738220214844
			vertex -3.316535472869873 0 16.673349380493164
			vertex -6.729295253753662 0 25.114070892333984
		endloop
	endfacet
	facet normal 0 -1 0
		outer loop
			vertex -5.072348594665527 0 25.500417709350586
			vertex -6.729295253753662 0 25.114070892333984
			vertex -3.316535472869873 0 16.673349380493164
		endloop
	endfacet
	facet normal -0.162895511749074 0 0.9866433257525271
		outer loop
			vertex -5.072348594665527 0 25.500417709350586
			vertex -3.393681049346924 0 25.77756690979004
			vertex -5.072348594665527 60 25.500417709350586
		endloop
	endfacet
	facet normal -0.162895511749074 0 0.9866433257525271
		outer loop
			vertex -3.393681049346924 60 25.77756690979004
			vertex -5.072348594665527 60 25.500417709350586
			vertex -3.393681049346924 0 25.77756690979004
		endloop
	endfacet
	facet normal 0 1 0
		outer loop
			vertex -5.072348594665527 60 25.500417709350586
			vertex -3.393681049346924 60 25.77756690979004
			vertex -4.584622383117676 60 23.04845428466797
		endloop
	endfacet
	facet normal 0 1 0
		outer loop
			vertex -3.0673654079437256 60 23.298954010009766
			vertex -4.584622383117676 60 23.04845428466797
			vertex -3.393681049346924 60 25.77756690979004
		endloop
	endfacet
	facet normal 0.16289521063904835 0 -0.9866433754659585
		outer loop
			vertex -4.584622383117676 60 23.04845428466797
			vertex -3.0673654079437256 60 23.298954010009766
			vertex -4.584622383117676 3 23.04845428466797
		endloop
	endfacet
	facet normal 0.16289521063904835 0 -0.9866433754659585
		outer loop
			vertex -3.0673654079437256 3 23.298954010009766
			vertex -4.584622383117676 3 23.04845428466797
			vertex -3.0673654079437256 60 23.298954010009766
		endloop
	endfacet
	facet normal 0 1 0
		outer loop
			vertex -4.584622383117676 3 23.04845428466797
			vertex -3.0673654079437256 3 23.298954010009766
			vertex -3.316535472869873 3 16.673349380493164
		endloop
	endfacet
	facet normal 0 1 0
		outer loop
			vertex -2.218945264816284 3 16.854562759399414
			vertex -3.316535472869873 3 16.673349380493164
			vertex -3.0673654079437256 3 23.298954010009766
		endloop
	endfacet
	facet normal 0.16289591281316526 0 -0.9866432595364779
		outer loop
			vertex -3.316535472869873 3 16.673349380493164
			vertex -2.218945264816284 3 16.854562759399414
			vertex -3.316535472869873 0 16.673349380493164
		endloop
	endfacet
	facet normal 0.16289591281316526 0 -0.9866432595364779
		outer loop
			vertex -2.218945264816284 0 16.854562759399414
			vertex -3.316535472869873 0 16.673349380493164
			vertex -2.218945264816284 3 16.854562759399414
		endloop
	endfacet
	facet normal 0 -1 0
		outer loop
			vertex -3.316535472869873 0 16.673349380493164
			vertex -2.218945264816284 0 16.854562759399414
			vertex -5.072348594665527 0 25.500417709350586
		endloop
	endfacet
	facet normal 0 -1 0
		outer loop
			vertex -3.393681049346924 0 25.77756690979004
			vertex -5.072348594665527 0 25.500417709350586
			vertex -2.218945264816284 0 16.854562759399414
		endloop
	endfacet
	facet normal -0.09801691030515364 0 0.9951847493275968
		outer loop
			vertex -3.393681049346924 0 25.77756690979004
			vertex -1.7004814147949219 0 25.944332122802734
			vertex -3.393681049346924 60 25.77756690979004
		endloop
	endfacet
	facet normal -0.09801691030515364 0 0.9951847493275968
		outer loop
			vertex -1.7004814147949219 60 25.944332122802734
			vertex -3.393681049346924 60 25.77756690979004
			vertex -1.7004814147949219 0 25.944332122802734
		endloop
	endfacet
	facet normal 0 1 0
		outer loop
			vertex -3.393681049346924 60 25.77756690979004
			vertex -1.7004814147949219 60 25.944332122802734
			vertex -3.0673654079437256 60 23.298954010009766
		endloop
	endfacet
	facet normal 0 1 0
		outer loop
			vertex -1.5369735956192017 60 23.449684143066406
			vertex -3.0673654079437256 60 23.298954010009766
			vertex -1.7004814147949219 60 25.944332122802734
		endloop
	endfacet
	facet normal 0.09801694439812458 0 -0.9951847459697397
		outer loop
			vertex -3.0673654079437256 60 23.298954010009766
			vertex -1.5369735956192017 60 23.449684143066406
			vertex -3.0673654079437256 3 23.298954010009766
		endloop
	endfacet
	facet normal 0.09801694439812458 0 -0.9951847459697397
		outer loop
			vertex -1.5369735956192017 3 23.449684143066406
			vertex -3.0673654079437256 3 23.298954010009766
			vertex -1.5369735956192017 60 23.449684143066406
		endloop
	endfacet
	facet normal 0 1 0
		outer loop
			vertex -3.0673654079437256 3 23.298954010009766
			vertex -1.5369735956192017 3 23.449684143066406
			vertex -2.218945264816284 3 16.854562759399414
		endloop
	endfacet
	facet normal 0 1 0
		outer loop
			vertex -1.1118532419204712 3 16.96360206604004
			vertex -2.218945264816284 3 16.854562759399414
			vertex -1.5369735956192017 3 23.449684143066406
		endloop
	endfacet
	facet normal 0.09801737150015044 0 -0.9951847039038542
		outer loop
			vertex -2.218945264816284 3 16.854562759399414
			vertex -1.1118532419204712 3 16.96360206604004
			vertex -2.218945264816284 0 16.854562759399414
		endloop
	endfacet
	facet normal 0.09801737150015044 0 -0.9951847039038542
		outer loop
			vertex -1.1118532419204712 0 16.96360206604004
			vertex -2.218945264816284 0 16.854562759399414
			vertex -1.1118532419204712 3 16.96360206604004
		endloop
	endfacet
	facet normal 0 -1 0
		outer loop
			vertex -2.218945264816284 0 16.854562759399414
			vertex -1.1118532419204712 0 16.96360206604004
			vertex -3.393681049346924 0 25.77756690979004
		endloop
	endfacet
	facet normal 0 -1 0
		outer loop
			vertex -1.7004814147949219 0 25.944332122802734
			vertex -3.393681049346924 0 25.77756690979004
			vertex -1.1118532419204712 0 16.96360206604004
		endloop
	endfacet
	facet normal -0.032719012135852446 0 0.9994645897903808
		outer loop
			vertex -1.7004814147949219 0 25.944332122802734
			vertex -6.3681635275637544e-15 0 26
			vertex -1.7004814147949219 60 25.944332122802734
		endloop
	endfacet
	facet normal -0.032719012135852446 0 0.9994645897903808
		outer loop
			vertex -6.3681635275637544e-15 60 26
			vertex -1.7004814147949219 60 25.944332122802734
			vertex -6.3681635275637544e-15 0 26
		endloop
	endfacet
	facet normal 0 1 0
		outer loop
			vertex -1.7004814147949219 60 25.944332122802734
			vertex -6.3681635275637544e-15 60 26
			vertex -1.5369735956192017 60 23.449684143066406
		endloop
	endfacet
	facet normal 0 1 0
		outer loop
			vertex -5.755840021861832e-15 60 23.5
			vertex -1.5369735956192017 60 23.449684143066406
			vertex -6.3681635275637544e-15 60 26
		endloop
	endfacet
	facet normal 0.03271944082013118 0 -0.9994645757566488
		outer loop
			vertex -1.5369735956192017 60 23.449684143066406
			vertex -5.755840021861832e-15 60 23.5
			vertex -1.5369735956192017 3 23.449684143066406
		endloop
	endfacet
	facet normal 0.03271944082013118 0 -0.9994645757566488
		outer loop
			vertex -5.755840021861832e-15 3 23.5
			vertex -1.5369735956192017 3 23.449684143066406
			vertex -5.755840021861832e-15 60 23.5
		endloop
	endfacet
	facet normal 0 1 0
		outer loop
			vertex -1.5369735956192017 3 23.449684143066406
			vertex -5.755840021861832e-15 3 23.5
			vertex -1.1118532419204712 3 16.96360206604004
		endloop
	endfacet
	facet normal 0 1 0
		outer loop
			vertex -4.1637992458500115e-15 3 17
			vertex -1.1118532419204712 3 16.96360206604004
			vertex -5.755840021861832e-15 3 23.5
		endloop
	endfacet
	facet normal 0.03271874837182577 0 -0.9994645984250674
		outer loop
			vertex -1.1118532419204712 3 16.96360206604004
			vertex -4.1637992458500115e-15 3 17
			vertex -1.1118532419204712 0 16.96360206604004
		endloop
	endfacet
	facet normal 0.03271874837182577 0 -0.9994645984250674
		outer loop
			vertex -4.1637992458500115e-15 0 17
			vertex -1.1118532419204712 0 16.96360206604004
			vertex -4.1637992458500115e-15 3 17
		endloop
	endfacet
	facet normal 0 -1 0
		outer loop
			vertex -1.1118532419204712 0 16.96360206604004
			vertex -4.1637992458500115e-15 0 17
			vertex -1.7004814147949219 0 25.944332122802734
		endloop
	endfacet
	facet normal 0 -1 0
		outer loop
			vertex -6.3681635275637544e-15 0 26
			vertex -1.7004814147949219 0 25.944332122802734
			vertex -4.1637992458500115e-15 0 17
		endloop
	endfacet
endsolid exported
