solid exported
	facet normal 0.03271901213585232 0 0.9994645897903807
		outer loop
			vertex 0 0 26
			vertex 1.7004814147949219 0 25.944332122802734
			vertex 0 12 26
		endloop
	endfacet
	facet normal 0.03271901213585232 0 0.9994645897903807
		outer loop
			vertex 1.7004814147949219 12 25.944332122802734
			vertex 0 12 26
			vertex 1.7004814147949219 0 25.944332122802734
		endloop
	endfacet
	facet normal 0.027228348488375062 -0.5544945354627305 0.8317418031940959
		outer loop
			vertex 0 12 26
			vertex 1.7004814147949219 12 25.944332122802734
			vertex 0 75 68
		endloop
	endfacet
	facet normal 0.027228128825412833 -0.5544945428877694 0.8317418054350462
		outer loop
			vertex 4.447412967681885 75 67.85440826416016
			vertex 0 75 68
			vertex 1.7004814147949219 12 25.944332122802734
		endloop
	endfacet
	facet normal 0 -1 0
		outer loop
			vertex 0 75 68
			vertex 4.447412967681885 75 67.85440826416016
			vertex 0 75 74
		endloop
	endfacet
	facet normal 0 -1 0
		outer loop
			vertex 4.839831352233887 75 73.84156036376953
			vertex 0 75 74
			vertex 4.447412967681885 75 67.85440826416016
		endloop
	endfacet
	facet normal 0.032719075145400636 0 0.9994645877276641
		outer loop
			vertex 0 75 74
			vertex 4.839831352233887 75 73.84156036376953
			vertex 0 77.5 74
		endloop
	endfacet
	facet normal 0.032719075145400636 0 0.9994645877276641
		outer loop
			vertex 4.839831352233887 77.5 73.84156036376953
			vertex 0 77.5 74
			vertex 4.839831352233887 75 73.84156036376953
		endloop
	endfacet
	facet normal 0 1 0
		outer loop
			vertex 0 77.5 74
			vertex 4.839831352233887 77.5 73.84156036376953
			vertex 0 77.5 65.5
		endloop
	endfacet
	facet normal 0 1 0
		outer loop
			vertex 4.283905029296875 77.5 65.35975646972656
			vertex 0 77.5 65.5
			vertex 4.839831352233887 77.5 73.84156036376953
		endloop
	endfacet
	facet normal -0.02754794914714681 0.5395780345501974 -0.8414847919770936
		outer loop
			vertex 0 77.5 65.5
			vertex 4.283905029296875 77.5 65.35975646972656
			vertex 0 12 23.5
		endloop
	endfacet
	facet normal -0.027547662035832046 0.539578025491319 -0.8414848071850431
		outer loop
			vertex 1.5369735956192017 12 23.449684143066406
			vertex 0 12 23.5
			vertex 4.283905029296875 77.5 65.35975646972656
		endloop
	endfacet
	facet normal -0.03271944082013106 0 -0.9994645757566489
		outer loop
			vertex 0 12 23.5
			vertex 1.5369735956192017 12 23.449684143066406
			vertex 0 0 23.5
		endloop
	endfacet
	facet normal -0.03271944082013106 0 -0.9994645757566489
		outer loop
			vertex 1.5369735956192017 0 23.449684143066406
			vertex 0 0 23.5
			vertex 1.5369735956192017 12 23.449684143066406
		endloop
	endfacet
	facet normal 0 -1 0
		outer loop
			vertex 0 0 23.5
			vertex 1.5369735956192017 0 23.449684143066406
			vertex 0 0 26
		endloop
	endfacet
	facet normal 0 -1 0
		outer loop
			vertex 1.7004814147949219 0 25.944332122802734
			vertex 0 0 26
			vertex 1.5369735956192017 0 23.449684143066406
		endloop
	endfacet
	facet normal 0.09801691030515362 0 0.9951847493275967
		outer loop
			vertex 1.7004814147949219 0 25.944332122802734
			vertex 3.393681049346924 0 25.77756690979004
			vertex 1.7004814147949219 12 25.944332122802734
		endloop
	endfacet
	facet normal 0.09801691030515362 0 0.9951847493275967
		outer loop
			vertex 3.393681049346924 12 25.77756690979004
			vertex 1.7004814147949219 12 25.944332122802734
			vertex 3.393681049346924 0 25.77756690979004
		endloop
	endfacet
	facet normal 0.08156843334240245 -0.5544945500214313 0.8281801643836906
		outer loop
			vertex 1.7004814147949219 12 25.944332122802734
			vertex 3.393681049346924 12 25.77756690979004
			vertex 4.447412967681885 75 67.85440826416016
		endloop
	endfacet
	facet normal 0.08156881799460039 -0.5544945369827806 0.8281801352285719
		outer loop
			vertex 8.875781059265137 75 67.41825103759766
			vertex 4.447412967681885 75 67.85440826416016
			vertex 3.393681049346924 12 25.77756690979004
		endloop
	endfacet
	facet normal 0 -1 0
		outer loop
			vertex 4.447412967681885 75 67.85440826416016
			vertex 8.875781059265137 75 67.41825103759766
			vertex 4.839831352233887 75 73.84156036376953
		endloop
	endfacet
	facet normal 0 -1 0
		outer loop
			vertex 9.65893840789795 75 73.3669204711914
			vertex 4.839831352233887 75 73.84156036376953
			vertex 8.875781059265137 75 67.41825103759766
		endloop
	endfacet
	facet normal 0.09801699220037831 0 0.9951847412616369
		outer loop
			vertex 4.839831352233887 75 73.84156036376953
			vertex 9.65893840789795 75 73.3669204711914
			vertex 4.839831352233887 77.5 73.84156036376953
		endloop
	endfacet
	facet normal 0.09801699220037831 0 0.9951847412616369
		outer loop
			vertex 9.65893840789795 77.5 73.3669204711914
			vertex 4.839831352233887 77.5 73.84156036376953
			vertex 9.65893840789795 75 73.3669204711914
		endloop
	endfacet
	facet normal 0 1 0
		outer loop
			vertex 4.839831352233887 77.5 73.84156036376953
			vertex 9.65893840789795 77.5 73.3669204711914
			vertex 4.283905029296875 77.5 65.35975646972656
		endloop
	endfacet
	facet normal 0 1 0
		outer loop
			vertex 8.54946517944336 77.5 64.93963623046875
			vertex 4.283905029296875 77.5 65.35975646972656
			vertex 9.65893840789795 77.5 73.3669204711914
		endloop
	endfacet
	facet normal -0.08252397095501451 0.5395780233324885 -0.8378814659332314
		outer loop
			vertex 4.283905029296875 77.5 65.35975646972656
			vertex 8.54946517944336 77.5 64.93963623046875
			vertex 1.5369735956192017 12 23.449684143066406
		endloop
	endfacet
	facet normal -0.0825239550511353 0.5395780228278587 -0.8378814678245946
		outer loop
			vertex 3.0673654079437256 12 23.298954010009766
			vertex 1.5369735956192017 12 23.449684143066406
			vertex 8.54946517944336 77.5 64.93963623046875
		endloop
	endfacet
	facet normal -0.09801694439812458 0 -0.9951847459697397
		outer loop
			vertex 1.5369735956192017 12 23.449684143066406
			vertex 3.0673654079437256 12 23.298954010009766
			vertex 1.5369735956192017 0 23.449684143066406
		endloop
	endfacet
	facet normal -0.09801694439812458 0 -0.9951847459697397
		outer loop
			vertex 3.0673654079437256 0 23.298954010009766
			vertex 1.5369735956192017 0 23.449684143066406
			vertex 3.0673654079437256 12 23.298954010009766
		endloop
	endfacet
	facet normal 0 -1 0
		outer loop
			vertex 1.5369735956192017 0 23.449684143066406
			vertex 3.0673654079437256 0 23.298954010009766
			vertex 1.7004814147949219 0 25.944332122802734
		endloop
	endfacet
	facet normal 0 -1 0
		outer loop
			vertex 3.393681049346924 0 25.77756690979004
			vertex 1.7004814147949219 0 25.944332122802734
			vertex 3.0673654079437256 0 23.298954010009766
		endloop
	endfacet
	facet normal 0.16289551174907402 0 0.9866433257525272
		outer loop
			vertex 3.393681049346924 0 25.77756690979004
			vertex 5.072348594665527 0 25.500417709350586
			vertex 3.393681049346924 12 25.77756690979004
		endloop
	endfacet
	facet normal 0.16289551174907402 0 0.9866433257525272
		outer loop
			vertex 5.072348594665527 12 25.500417709350586
			vertex 3.393681049346924 12 25.77756690979004
			vertex 5.072348594665527 0 25.500417709350586
		endloop
	endfacet
	facet normal 0.13555958686976935 -0.5544945335402917 0.8210721105247896
		outer loop
			vertex 3.393681049346924 12 25.77756690979004
			vertex 5.072348594665527 12 25.500417709350586
			vertex 8.875781059265137 75 67.41825103759766
		endloop
	endfacet
	facet normal 0.13555992187158605 -0.55449452210343 0.8210720629393369
		outer loop
			vertex 13.266141891479492 75 66.69339752197266
			vertex 8.875781059265137 75 67.41825103759766
			vertex 5.072348594665527 12 25.500417709350586
		endloop
	endfacet
	facet normal 0 -1 0
		outer loop
			vertex 8.875781059265137 75 67.41825103759766
			vertex 13.266141891479492 75 66.69339752197266
			vertex 9.65893840789795 75 73.3669204711914
		endloop
	endfacet
	facet normal 0 -1 0
		outer loop
			vertex 14.436683654785156 75 72.57810974121094
			vertex 9.65893840789795 75 73.3669204711914
			vertex 13.266141891479492 75 66.69339752197266
		endloop
	endfacet
	facet normal 0.1628958346964508 0 0.9866432724336323
		outer loop
			vertex 9.65893840789795 75 73.3669204711914
			vertex 14.436683654785156 75 72.57810974121094
			vertex 9.65893840789795 77.5 73.3669204711914
		endloop
	endfacet
	facet normal 0.1628958346964508 0 0.9866432724336323
		outer loop
			vertex 14.436683654785156 77.5 72.57810974121094
			vertex 9.65893840789795 77.5 73.3669204711914
			vertex 14.436683654785156 75 72.57810974121094
		endloop
	endfacet
	facet normal 0 1 0
		outer loop
			vertex 9.65893840789795 77.5 73.3669204711914
			vertex 14.436683654785156 77.5 72.57810974121094
			vertex 8.54946517944336 77.5 64.93963623046875
		endloop
	endfacet
	facet normal 0 1 0
		outer loop
			vertex 12.77841567993164 77.5 64.2414321899414
			vertex 8.54946517944336 77.5 64.93963623046875
			vertex 14.436683654785156 77.5 72.57810974121094
		endloop
	endfacet
	facet normal -0.1371477829546652 0.5395780209806177 -0.8306901016054423
		outer loop
			vertex 8.54946517944336 77.5 64.93963623046875
			vertex 12.77841567993164 77.5 64.2414321899414
			vertex 3.0673654079437256 12 23.298954010009766
		endloop
	endfacet
	facet normal -0.13714727904971694 0.5395780048315891 -0.83069019529017
		outer loop
			vertex 4.584622383117676 12 23.04845428466797
			vertex 3.0673654079437256 12 23.298954010009766
			vertex 12.77841567993164 77.5 64.2414321899414
		endloop
	endfacet
	facet normal -0.16289521063904833 0 -0.9866433754659584
		outer loop
			vertex 3.0673654079437256 12 23.298954010009766
			vertex 4.584622383117676 12 23.04845428466797
			vertex 3.0673654079437256 0 23.298954010009766
		endloop
	endfacet
	facet normal -0.16289521063904833 0 -0.9866433754659584
		outer loop
			vertex 4.584622383117676 0 23.04845428466797
			vertex 3.0673654079437256 0 23.298954010009766
			vertex 4.584622383117676 12 23.04845428466797
		endloop
	endfacet
	facet normal 0 -1 0
		outer loop
			vertex 3.0673654079437256 0 23.298954010009766
			vertex 4.584622383117676 0 23.04845428466797
			vertex 3.393681049346924 0 25.77756690979004
		endloop
	endfacet
	facet normal 0 -1 0
		outer loop
			vertex 5.072348594665527 0 25.500417709350586
			vertex 3.393681049346924 0 25.77756690979004
			vertex 4.584622383117676 0 23.04845428466797
		endloop
	endfacet
	facet normal 0.22707684443044968 0 0.9738768437145991
		outer loop
			vertex 5.072348594665527 0 25.500417709350586
			vertex 6.729295253753662 0 25.114070892333984
			vertex 5.072348594665527 12 25.500417709350586
		endloop
	endfacet
	facet normal 0.22707684443044968 0 0.9738768437145991
		outer loop
			vertex 6.729295253753662 12 25.114070892333984
			vertex 5.072348594665527 12 25.500417709350586
			vertex 6.729295253753662 0 25.114070892333984
		endloop
	endfacet
	facet normal 0.18897048476439618 -0.5544945090954286 0.8104480213258152
		outer loop
			vertex 5.072348594665527 12 25.500417709350586
			vertex 6.729295253753662 12 25.114070892333984
			vertex 13.266141891479492 75 66.69339752197266
		endloop
	endfacet
	facet normal 0.18897030645005972 -0.5544945152534406 0.8104480586897735
		outer loop
			vertex 17.599695205688477 75 65.68295288085938
			vertex 13.266141891479492 75 66.69339752197266
			vertex 6.729295253753662 12 25.114070892333984
		endloop
	endfacet
	facet normal 0 -1 0
		outer loop
			vertex 13.266141891479492 75 66.69339752197266
			vertex 17.599695205688477 75 65.68295288085938
			vertex 14.436683654785156 75 72.57810974121094
		endloop
	endfacet
	facet normal 0 -1 0
		outer loop
			vertex 19.15260887145996 75 71.47850799560547
			vertex 14.436683654785156 75 72.57810974121094
			vertex 17.599695205688477 75 65.68295288085938
		endloop
	endfacet
	facet normal 0.22707669572328082 0 0.9738768783883294
		outer loop
			vertex 14.436683654785156 75 72.57810974121094
			vertex 19.15260887145996 75 71.47850799560547
			vertex 14.436683654785156 77.5 72.57810974121094
		endloop
	endfacet
	facet normal 0.22707669572328082 0 0.9738768783883294
		outer loop
			vertex 19.15260887145996 77.5 71.47850799560547
			vertex 14.436683654785156 77.5 72.57810974121094
			vertex 19.15260887145996 75 71.47850799560547
		endloop
	endfacet
	facet normal 0 1 0
		outer loop
			vertex 14.436683654785156 77.5 72.57810974121094
			vertex 19.15260887145996 77.5 71.47850799560547
			vertex 12.77841567993164 77.5 64.2414321899414
		endloop
	endfacet
	facet normal 0 1 0
		outer loop
			vertex 16.952648162841797 77.5 63.26814270019531
			vertex 12.77841567993164 77.5 64.2414321899414
			vertex 19.15260887145996 77.5 71.47850799560547
		endloop
	endfacet
	facet normal -0.19118265564820464 0.5395780227535222 -0.8199419183946505
		outer loop
			vertex 12.77841567993164 77.5 64.2414321899414
			vertex 16.952648162841797 77.5 63.26814270019531
			vertex 4.584622383117676 12 23.04845428466797
		endloop
	endfacet
	facet normal -0.19118365418983543 0.5395780552190921 -0.8199416642033773
		outer loop
			vertex 6.082247734069824 12 22.699256896972656
			vertex 4.584622383117676 12 23.04845428466797
			vertex 16.952648162841797 77.5 63.26814270019531
		endloop
	endfacet
	facet normal -0.2270763447168751 0 -0.9738769602316419
		outer loop
			vertex 4.584622383117676 12 23.04845428466797
			vertex 6.082247734069824 12 22.699256896972656
			vertex 4.584622383117676 0 23.04845428466797
		endloop
	endfacet
	facet normal -0.2270763447168751 0 -0.9738769602316419
		outer loop
			vertex 6.082247734069824 0 22.699256896972656
			vertex 4.584622383117676 0 23.04845428466797
			vertex 6.082247734069824 12 22.699256896972656
		endloop
	endfacet
	facet normal 0 -1 0
		outer loop
			vertex 4.584622383117676 0 23.04845428466797
			vertex 6.082247734069824 0 22.699256896972656
			vertex 5.072348594665527 0 25.500417709350586
		endloop
	endfacet
	facet normal 0 -1 0
		outer loop
			vertex 6.729295253753662 0 25.114070892333984
			vertex 5.072348594665527 0 25.500417709350586
			vertex 6.082247734069824 0 22.699256896972656
		endloop
	endfacet
	facet normal 0.29028412794435593 0 0.9569405023634359
		outer loop
			vertex 6.729295253753662 0 25.114070892333984
			vertex 8.357425689697266 0 24.62018394470215
			vertex 6.729295253753662 12 25.114070892333984
		endloop
	endfacet
	facet normal 0.29028412794435593 0 0.9569405023634359
		outer loop
			vertex 8.357425689697266 12 24.62018394470215
			vertex 6.729295253753662 12 25.114070892333984
			vertex 8.357425689697266 0 24.62018394470215
		endloop
	endfacet
	facet normal 0.24157078682358735 -0.5544945181702183 0.7963538059635369
		outer loop
			vertex 6.729295253753662 12 25.114070892333984
			vertex 8.357425689697266 12 24.62018394470215
			vertex 17.599695205688477 75 65.68295288085938
		endloop
	endfacet
	facet normal 0.24157038276157475 -0.5544945323487402 0.796353918661658
		outer loop
			vertex 21.85788345336914 75 64.39125061035156
			vertex 17.599695205688477 75 65.68295288085938
			vertex 8.357425689697266 12 24.62018394470215
		endloop
	endfacet
	facet normal 0 -1 0
		outer loop
			vertex 17.599695205688477 75 65.68295288085938
			vertex 21.85788345336914 75 64.39125061035156
			vertex 19.15260887145996 75 71.47850799560547
		endloop
	endfacet
	facet normal 0 -1 0
		outer loop
			vertex 23.78652000427246 75 70.07283020019531
			vertex 19.15260887145996 75 71.47850799560547
			vertex 21.85788345336914 75 64.39125061035156
		endloop
	endfacet
	facet normal 0.29028396264659645 0 0.9569405525058438
		outer loop
			vertex 19.15260887145996 75 71.47850799560547
			vertex 23.78652000427246 75 70.07283020019531
			vertex 19.15260887145996 77.5 71.47850799560547
		endloop
	endfacet
	facet normal 0.29028396264659645 0 0.9569405525058438
		outer loop
			vertex 23.78652000427246 77.5 70.07283020019531
			vertex 19.15260887145996 77.5 71.47850799560547
			vertex 23.78652000427246 75 70.07283020019531
		endloop
	endfacet
	facet normal 0 1 0
		outer loop
			vertex 19.15260887145996 77.5 71.47850799560547
			vertex 23.78652000427246 77.5 70.07283020019531
			vertex 16.952648162841797 77.5 63.26814270019531
		endloop
	endfacet
	facet normal 0 1 0
		outer loop
			vertex 21.054285049438477 77.5 62.023921966552734
			vertex 16.952648162841797 77.5 63.26814270019531
			vertex 23.78652000427246 77.5 70.07283020019531
		endloop
	endfacet
	facet normal -0.2444015012488511 0.5395780465167439 -0.8056819706959332
		outer loop
			vertex 16.952648162841797 77.5 63.26814270019531
			vertex 21.054285049438477 77.5 62.023921966552734
			vertex 6.082247734069824 12 22.699256896972656
		endloop
	endfacet
	facet normal -0.2444014575137623 0.5395780450675781 -0.805681984933385
		outer loop
			vertex 7.553827285766602 12 22.252857208251953
			vertex 6.082247734069824 12 22.699256896972656
			vertex 21.054285049438477 77.5 62.023921966552734
		endloop
	endfacet
	facet normal -0.2902852203658986 0 -0.9569401709809876
		outer loop
			vertex 6.082247734069824 12 22.699256896972656
			vertex 7.553827285766602 12 22.252857208251953
			vertex 6.082247734069824 0 22.699256896972656
		endloop
	endfacet
	facet normal -0.2902852203658986 0 -0.9569401709809876
		outer loop
			vertex 7.553827285766602 0 22.252857208251953
			vertex 6.082247734069824 0 22.699256896972656
			vertex 7.553827285766602 12 22.252857208251953
		endloop
	endfacet
	facet normal 0 -1 0
		outer loop
			vertex 6.082247734069824 0 22.699256896972656
			vertex 7.553827285766602 0 22.252857208251953
			vertex 6.729295253753662 0 25.114070892333984
		endloop
	endfacet
	facet normal 0 -1 0
		outer loop
			vertex 8.357425689697266 0 24.62018394470215
			vertex 6.729295253753662 0 25.114070892333984
			vertex 7.553827285766602 0 22.252857208251953
		endloop
	endfacet
	facet normal 0.35225007440117584 0 0.9359059167909808
		outer loop
			vertex 8.357425689697266 0 24.62018394470215
			vertex 9.949769020080566 0 24.0208683013916
			vertex 8.357425689697266 12 24.62018394470215
		endloop
	endfacet
	facet normal 0.35225007440117584 0 0.9359059167909808
		outer loop
			vertex 9.949769020080566 12 24.0208683013916
			vertex 8.357425689697266 12 24.62018394470215
			vertex 9.949769020080566 0 24.0208683013916
		endloop
	endfacet
	facet normal 0.293138058828188 -0.5544945454337649 0.7788490723822199
		outer loop
			vertex 8.357425689697266 12 24.62018394470215
			vertex 9.949769020080566 12 24.0208683013916
			vertex 21.85788345336914 75 64.39125061035156
		endloop
	endfacet
	facet normal 0.2931385070999814 -0.5544945293763685 0.7788489150964222
		outer loop
			vertex 26.02247428894043 75 62.82380676269531
			vertex 21.85788345336914 75 64.39125061035156
			vertex 9.949769020080566 12 24.0208683013916
		endloop
	endfacet
	facet normal 0 -1 0
		outer loop
			vertex 21.85788345336914 75 64.39125061035156
			vertex 26.02247428894043 75 62.82380676269531
			vertex 23.78652000427246 75 70.07283020019531
		endloop
	endfacet
	facet normal 0 -1 0
		outer loop
			vertex 28.318574905395508 75 68.3670883178711
			vertex 23.78652000427246 75 70.07283020019531
			vertex 26.02247428894043 75 62.82380676269531
		endloop
	endfacet
	facet normal 0.3522495417574468 0 0.9359061172637291
		outer loop
			vertex 23.78652000427246 75 70.07283020019531
			vertex 28.318574905395508 75 68.3670883178711
			vertex 23.78652000427246 77.5 70.07283020019531
		endloop
	endfacet
	facet normal 0.3522495417574468 0 0.9359061172637291
		outer loop
			vertex 28.318574905395508 77.5 68.3670883178711
			vertex 23.78652000427246 77.5 70.07283020019531
			vertex 28.318574905395508 75 68.3670883178711
		endloop
	endfacet
	facet normal 0 1 0
		outer loop
			vertex 23.78652000427246 77.5 70.07283020019531
			vertex 28.318574905395508 77.5 68.3670883178711
			vertex 21.054285049438477 77.5 62.023921966552734
		endloop
	endfacet
	facet normal 0 1 0
		outer loop
			vertex 25.065765380859375 77.5 60.51411056518555
			vertex 21.054285049438477 77.5 62.023921966552734
			vertex 28.318574905395508 77.5 68.3670883178711
		endloop
	endfacet
	facet normal -0.29657135436921667 0.5395780461042261 -0.7879726923757918
		outer loop
			vertex 21.054285049438477 77.5 62.023921966552734
			vertex 25.065765380859375 77.5 60.51411056518555
			vertex 7.553827285766602 12 22.252857208251953
		endloop
	endfacet
	facet normal -0.2965716953897909 0.5395780576752658 -0.7879725561014246
		outer loop
			vertex 8.993061065673828 12 21.71116828918457
			vertex 7.553827285766602 12 22.252857208251953
			vertex 25.065765380859375 77.5 60.51411056518555
		endloop
	endfacet
	facet normal -0.3522498664799024 0 -0.9359059950469871
		outer loop
			vertex 7.553827285766602 12 22.252857208251953
			vertex 8.993061065673828 12 21.71116828918457
			vertex 7.553827285766602 0 22.252857208251953
		endloop
	endfacet
	facet normal -0.3522498664799024 0 -0.9359059950469871
		outer loop
			vertex 8.993061065673828 0 21.71116828918457
			vertex 7.553827285766602 0 22.252857208251953
			vertex 8.993061065673828 12 21.71116828918457
		endloop
	endfacet
	facet normal 0 -1 0
		outer loop
			vertex 7.553827285766602 0 22.252857208251953
			vertex 8.993061065673828 0 21.71116828918457
			vertex 8.357425689697266 0 24.62018394470215
		endloop
	endfacet
	facet normal 0 -1 0
		outer loop
			vertex 9.949769020080566 0 24.0208683013916
			vertex 8.357425689697266 0 24.62018394470215
			vertex 8.993061065673828 0 21.71116828918457
		endloop
	endfacet
	facet normal 0.4127072047967755 0 0.9108637456331394
		outer loop
			vertex 9.949769020080566 0 24.0208683013916
			vertex 11.499505996704102 0 23.31869125366211
			vertex 9.949769020080566 12 24.0208683013916
		endloop
	endfacet
	facet normal 0.4127072047967755 0 0.9108637456331394
		outer loop
			vertex 11.499505996704102 12 23.31869125366211
			vertex 9.949769020080566 12 24.0208683013916
			vertex 11.499505996704102 0 23.31869125366211
		endloop
	endfacet
	facet normal 0.34344972531594525 -0.5544945204809184 0.7580093092680581
		outer loop
			vertex 9.949769020080566 12 24.0208683013916
			vertex 11.499505996704102 12 23.31869125366211
			vertex 26.02247428894043 75 62.82380676269531
		endloop
	endfacet
	facet normal 0.34344943208341805 -0.5544945312549643 0.7580094342486213
		outer loop
			vertex 30.07563018798828 75 60.98734664916992
			vertex 26.02247428894043 75 62.82380676269531
			vertex 11.499505996704102 12 23.31869125366211
		endloop
	endfacet
	facet normal 0 -1 0
		outer loop
			vertex 26.02247428894043 75 62.82380676269531
			vertex 30.07563018798828 75 60.98734664916992
			vertex 28.318574905395508 75 68.3670883178711
		endloop
	endfacet
	facet normal 0 -1 0
		outer loop
			vertex 32.72936248779297 75 66.36858367919922
			vertex 28.318574905395508 75 68.3670883178711
			vertex 30.07563018798828 75 60.98734664916992
		endloop
	endfacet
	facet normal 0.41270750703001136 0 0.9108636086929114
		outer loop
			vertex 28.318574905395508 75 68.3670883178711
			vertex 32.72936248779297 75 66.36858367919922
			vertex 28.318574905395508 77.5 68.3670883178711
		endloop
	endfacet
	facet normal 0.41270750703001136 0 0.9108636086929114
		outer loop
			vertex 32.72936248779297 77.5 66.36858367919922
			vertex 28.318574905395508 77.5 68.3670883178711
			vertex 32.72936248779297 75 66.36858367919922
		endloop
	endfacet
	facet normal 0 1 0
		outer loop
			vertex 28.318574905395508 77.5 68.3670883178711
			vertex 32.72936248779297 77.5 66.36858367919922
			vertex 25.065765380859375 77.5 60.51411056518555
		endloop
	endfacet
	facet normal 0 1 0
		outer loop
			vertex 28.96990966796875 77.5 58.74516296386719
			vertex 25.065765380859375 77.5 60.51411056518555
			vertex 32.72936248779297 77.5 66.36858367919922
		endloop
	endfacet
	facet normal -0.3474731962735215 0.5395780521994173 -0.7668884556805804
		outer loop
			vertex 25.065765380859375 77.5 60.51411056518555
			vertex 28.96990966796875 77.5 58.74516296386719
			vertex 8.993061065673828 12 21.71116828918457
		endloop
	endfacet
	facet normal -0.34747241014534624 0.5395780247495936 -0.7668888311842279
		outer loop
			vertex 10.393784523010254 12 21.076509475708008
			vertex 8.993061065673828 12 21.71116828918457
			vertex 28.96990966796875 77.5 58.74516296386719
		endloop
	endfacet
	facet normal -0.41270663692519044 0 -0.9108640029323254
		outer loop
			vertex 8.993061065673828 12 21.71116828918457
			vertex 10.393784523010254 12 21.076509475708008
			vertex 8.993061065673828 0 21.71116828918457
		endloop
	endfacet
	facet normal -0.41270663692519044 0 -0.9108640029323254
		outer loop
			vertex 10.393784523010254 0 21.076509475708008
			vertex 8.993061065673828 0 21.71116828918457
			vertex 10.393784523010254 12 21.076509475708008
		endloop
	endfacet
	facet normal 0 -1 0
		outer loop
			vertex 8.993061065673828 0 21.71116828918457
			vertex 10.393784523010254 0 21.076509475708008
			vertex 9.949769020080566 0 24.0208683013916
		endloop
	endfacet
	facet normal 0 -1 0
		outer loop
			vertex 11.499505996704102 0 23.31869125366211
			vertex 9.949769020080566 0 24.0208683013916
			vertex 10.393784523010254 0 21.076509475708008
		endloop
	endfacet
	facet normal 0.4713966495866888 0 0.8819213109787317
		outer loop
			vertex 11.499505996704102 0 23.31869125366211
			vertex 13 0 22.516660690307617
			vertex 11.499505996704102 12 23.31869125366211
		endloop
	endfacet
	facet normal 0.4713966495866888 0 0.8819213109787317
		outer loop
			vertex 13 12 22.516660690307617
			vertex 11.499505996704102 12 23.31869125366211
			vertex 13 0 22.516660690307617
		endloop
	endfacet
	facet normal 0.3922903359307382 -0.5544945344024301 0.7339237723722953
		outer loop
			vertex 11.499505996704102 12 23.31869125366211
			vertex 13 12 22.516660690307617
			vertex 30.07563018798828 75 60.98734664916992
		endloop
	endfacet
	facet normal 0.39229022346540404 -0.5544945386625364 0.7339238292676457
		outer loop
			vertex 34 75 58.88972854614258
			vertex 30.07563018798828 75 60.98734664916992
			vertex 13 12 22.516660690307617
		endloop
	endfacet
	facet normal 0 -1 0
		outer loop
			vertex 30.07563018798828 75 60.98734664916992
			vertex 34 75 58.88972854614258
			vertex 32.72936248779297 75 66.36858367919922
		endloop
	endfacet
	facet normal 0 -1 0
		outer loop
			vertex 37 75 64.08587646484375
			vertex 32.72936248779297 75 66.36858367919922
			vertex 34 75 58.88972854614258
		endloop
	endfacet
	facet normal 0.4713973642789375 0 0.8819209289674844
		outer loop
			vertex 32.72936248779297 75 66.36858367919922
			vertex 37 75 64.08587646484375
			vertex 32.72936248779297 77.5 66.36858367919922
		endloop
	endfacet
	facet normal 0.4713973642789375 0 0.8819209289674844
		outer loop
			vertex 37 77.5 64.08587646484375
			vertex 32.72936248779297 77.5 66.36858367919922
			vertex 37 75 64.08587646484375
		endloop
	endfacet
	facet normal 0 1 0
		outer loop
			vertex 32.72936248779297 77.5 66.36858367919922
			vertex 37 77.5 64.08587646484375
			vertex 28.96990966796875 77.5 58.74516296386719
		endloop
	endfacet
	facet normal 0 1 0
		outer loop
			vertex 32.75 77.5 56.72466278076172
			vertex 28.96990966796875 77.5 58.74516296386719
			vertex 37 77.5 64.08587646484375
		endloop
	endfacet
	facet normal -0.3968856630226614 0.5395780311709001 -0.7425209214323848
		outer loop
			vertex 28.96990966796875 77.5 58.74516296386719
			vertex 32.75 77.5 56.72466278076172
			vertex 10.393784523010254 12 21.076509475708008
		endloop
	endfacet
	facet normal -0.3968858474950327 0.5395780378347084 -0.7425208179873449
		outer loop
			vertex 11.75 12 20.35159683227539
			vertex 10.393784523010254 12 21.076509475708008
			vertex 32.75 77.5 56.72466278076172
		endloop
	endfacet
	facet normal -0.4713969230703549 0 -0.881921164798647
		outer loop
			vertex 10.393784523010254 12 21.076509475708008
			vertex 11.75 12 20.35159683227539
			vertex 10.393784523010254 0 21.076509475708008
		endloop
	endfacet
	facet normal -0.4713969230703549 0 -0.881921164798647
		outer loop
			vertex 11.75 0 20.35159683227539
			vertex 10.393784523010254 0 21.076509475708008
			vertex 11.75 12 20.35159683227539
		endloop
	endfacet
	facet normal 0 -1 0
		outer loop
			vertex 10.393784523010254 0 21.076509475708008
			vertex 11.75 0 20.35159683227539
			vertex 11.499505996704102 0 23.31869125366211
		endloop
	endfacet
	facet normal 0 -1 0
		outer loop
			vertex 13 0 22.516660690307617
			vertex 11.499505996704102 0 23.31869125366211
			vertex 11.75 0 20.35159683227539
		endloop
	endfacet
	facet normal 0.5280679485108017 0 0.8492021206730429
		outer loop
			vertex 13 0 22.516660690307617
			vertex 14.444826126098633 0 21.618209838867188
			vertex 13 12 22.516660690307617
		endloop
	endfacet
	facet normal 0.5280679485108017 0 0.8492021206730429
		outer loop
			vertex 14.444826126098633 12 21.618209838867188
			vertex 13 12 22.516660690307617
			vertex 14.444826126098633 0 21.618209838867188
		endloop
	endfacet
	facet normal 0.43945147288048175 -0.5544945400924097 0.7066952723705475
		outer loop
			vertex 13 12 22.516660690307617
			vertex 14.444826126098633 12 21.618209838867188
			vertex 34 75 58.88972854614258
		endloop
	endfacet
	facet normal 0.4394518633801984 -0.5544945247603241 0.7066950415720303
		outer loop
			vertex 37.77877426147461 75 56.53993225097656
			vertex 34 75 58.88972854614258
			vertex 14.444826126098633 12 21.618209838867188
		endloop
	endfacet
	facet normal 0 -1 0
		outer loop
			vertex 34 75 58.88972854614258
			vertex 37.77877426147461 75 56.53993225097656
			vertex 37 75 64.08587646484375
		endloop
	endfacet
	facet normal 0 -1 0
		outer loop
			vertex 41.11219787597656 75 61.528751373291016
			vertex 37 75 64.08587646484375
			vertex 37.77877426147461 75 56.53993225097656
		endloop
	endfacet
	facet normal 0.5280672741072318 0 0.8492025400438684
		outer loop
			vertex 37 75 64.08587646484375
			vertex 41.11219787597656 75 61.528751373291016
			vertex 37 77.5 64.08587646484375
		endloop
	endfacet
	facet normal 0.5280672741072318 0 0.8492025400438684
		outer loop
			vertex 41.11219787597656 77.5 61.528751373291016
			vertex 37 77.5 64.08587646484375
			vertex 41.11219787597656 75 61.528751373291016
		endloop
	endfacet
	facet normal 0 1 0
		outer loop
			vertex 37 77.5 64.08587646484375
			vertex 41.11219787597656 77.5 61.528751373291016
			vertex 32.75 77.5 56.72466278076172
		endloop
	endfacet
	facet normal 0 1 0
		outer loop
			vertex 36.38985061645508 77.5 54.46125793457031
			vertex 32.75 77.5 56.72466278076172
			vertex 41.11219787597656 77.5 61.528751373291016
		endloop
	endfacet
	facet normal -0.4445991597462893 0.5395780347866961 -0.7149735180610682
		outer loop
			vertex 32.75 77.5 56.72466278076172
			vertex 36.38985061645508 77.5 54.46125793457031
			vertex 11.75 12 20.35159683227539
		endloop
	endfacet
	facet normal -0.4445991781586672 0.5395780354786784 -0.7149735060892871
		outer loop
			vertex 13.055900573730469 12 19.539535522460938
			vertex 11.75 12 20.35159683227539
			vertex 36.38985061645508 77.5 54.46125793457031
		endloop
	endfacet
	facet normal -0.5280679206137769 0 -0.8492021380205316
		outer loop
			vertex 11.75 12 20.35159683227539
			vertex 13.055900573730469 12 19.539535522460938
			vertex 11.75 0 20.35159683227539
		endloop
	endfacet
	facet normal -0.5280679206137769 0 -0.8492021380205316
		outer loop
			vertex 13.055900573730469 0 19.539535522460938
			vertex 11.75 0 20.35159683227539
			vertex 13.055900573730469 12 19.539535522460938
		endloop
	endfacet
	facet normal 0 -1 0
		outer loop
			vertex 11.75 0 20.35159683227539
			vertex 13.055900573730469 0 19.539535522460938
			vertex 13 0 22.516660690307617
		endloop
	endfacet
	facet normal 0 -1 0
		outer loop
			vertex 14.444826126098633 0 21.618209838867188
			vertex 13 0 22.516660690307617
			vertex 13.055900573730469 0 19.539535522460938
		endloop
	endfacet
	facet normal 0.5824774026913557 0 0.8128468953953951
		outer loop
			vertex 14.444826126098633 0 21.618209838867188
			vertex 15.827796936035156 0 20.627187728881836
			vertex 14.444826126098633 12 21.618209838867188
		endloop
	endfacet
	facet normal 0.5824774026913557 0 0.8128468953953951
		outer loop
			vertex 15.827796936035156 12 20.627187728881836
			vertex 14.444826126098633 12 21.618209838867188
			vertex 15.827796936035156 0 20.627187728881836
		endloop
	endfacet
	facet normal 0.4847303405640441 -0.5544945206227353 0.6764409239069062
		outer loop
			vertex 14.444826126098633 12 21.618209838867188
			vertex 15.827796936035156 12 20.627187728881836
			vertex 37.77877426147461 75 56.53993225097656
		endloop
	endfacet
	facet normal 0.4847299604910246 -0.5544945361798983 0.6764411835104434
		outer loop
			vertex 41.39577865600586 75 53.948028564453125
			vertex 37.77877426147461 75 56.53993225097656
			vertex 15.827796936035156 12 20.627187728881836
		endloop
	endfacet
	facet normal 0 -1 0
		outer loop
			vertex 37.77877426147461 75 56.53993225097656
			vertex 41.39577865600586 75 53.948028564453125
			vertex 41.11219787597656 75 61.528751373291016
		endloop
	endfacet
	facet normal 0 -1 0
		outer loop
			vertex 45.04834747314453 75 58.70814895629883
			vertex 41.11219787597656 75 61.528751373291016
			vertex 41.39577865600586 75 53.948028564453125
		endloop
	endfacet
	facet normal 0.5824773563342384 0 0.8128469286144081
		outer loop
			vertex 41.11219787597656 75 61.528751373291016
			vertex 45.04834747314453 75 58.70814895629883
			vertex 41.11219787597656 77.5 61.528751373291016
		endloop
	endfacet
	facet normal 0.5824773563342384 0 0.8128469286144081
		outer loop
			vertex 45.04834747314453 77.5 58.70814895629883
			vertex 41.11219787597656 77.5 61.528751373291016
			vertex 45.04834747314453 75 58.70814895629883
		endloop
	endfacet
	facet normal 0 1 0
		outer loop
			vertex 41.11219787597656 77.5 61.528751373291016
			vertex 45.04834747314453 77.5 58.70814895629883
			vertex 36.38985061645508 77.5 54.46125793457031
		endloop
	endfacet
	facet normal 0 1 0
		outer loop
			vertex 39.87387466430664 77.5 51.96464538574219
			vertex 36.38985061645508 77.5 54.46125793457031
			vertex 45.04834747314453 77.5 58.70814895629883
		endloop
	endfacet
	facet normal -0.4904082120407492 0.5395780439749301 -0.6843649026821758
		outer loop
			vertex 36.38985061645508 77.5 54.46125793457031
			vertex 39.87387466430664 77.5 51.96464538574219
			vertex 13.055900573730469 12 19.539535522460938
		endloop
	endfacet
	facet normal -0.4904088130778473 0.5395780676195957 -0.6843644533430124
		outer loop
			vertex 14.305893898010254 12 18.643802642822266
			vertex 13.055900573730469 12 19.539535522460938
			vertex 39.87387466430664 77.5 51.96464538574219
		endloop
	endfacet
	facet normal -0.58247783898532 0 -0.8128465827516234
		outer loop
			vertex 13.055900573730469 12 19.539535522460938
			vertex 14.305893898010254 12 18.643802642822266
			vertex 13.055900573730469 0 19.539535522460938
		endloop
	endfacet
	facet normal -0.58247783898532 0 -0.8128465827516234
		outer loop
			vertex 14.305893898010254 0 18.643802642822266
			vertex 13.055900573730469 0 19.539535522460938
			vertex 14.305893898010254 12 18.643802642822266
		endloop
	endfacet
	facet normal 0 -1 0
		outer loop
			vertex 13.055900573730469 0 19.539535522460938
			vertex 14.305893898010254 0 18.643802642822266
			vertex 14.444826126098633 0 21.618209838867188
		endloop
	endfacet
	facet normal 0 -1 0
		outer loop
			vertex 15.827796936035156 0 20.627187728881836
			vertex 14.444826126098633 0 21.618209838867188
			vertex 14.305893898010254 0 18.643802642822266
		endloop
	endfacet
	facet normal 0.6343935024724109 0 0.7730102742013117
		outer loop
			vertex 15.827796936035156 0 20.627187728881836
			vertex 17.14299201965332 0 19.547834396362305
			vertex 15.827796936035156 12 20.627187728881836
		endloop
	endfacet
	facet normal 0.6343935024724109 0 0.7730102742013117
		outer loop
			vertex 17.14299201965332 12 19.547834396362305
			vertex 15.827796936035156 12 20.627187728881836
			vertex 17.14299201965332 0 19.547834396362305
		endloop
	endfacet
	facet normal 0.5279342531504643 -0.5544945447406523 0.643289378276463
		outer loop
			vertex 15.827796936035156 12 20.627187728881836
			vertex 17.14299201965332 12 19.547834396362305
			vertex 41.39577865600586 75 53.948028564453125
		endloop
	endfacet
	facet normal 0.5279345067405189 -0.5544945338507292 0.6432891795470429
		outer loop
			vertex 44.835514068603516 75 51.12510681152344
			vertex 41.39577865600586 75 53.948028564453125
			vertex 17.14299201965332 12 19.547834396362305
		endloop
	endfacet
	facet normal 0 -1 0
		outer loop
			vertex 41.39577865600586 75 53.948028564453125
			vertex 44.835514068603516 75 51.12510681152344
			vertex 45.04834747314453 75 58.70814895629883
		endloop
	endfacet
	facet normal 0 -1 0
		outer loop
			vertex 48.79159164428711 75 55.636146545410156
			vertex 45.04834747314453 75 58.70814895629883
			vertex 44.835514068603516 75 51.12510681152344
		endloop
	endfacet
	facet normal 0.6343934459061028 0 0.7730103206241044
		outer loop
			vertex 45.04834747314453 75 58.70814895629883
			vertex 48.79159164428711 75 55.636146545410156
			vertex 45.04834747314453 77.5 58.70814895629883
		endloop
	endfacet
	facet normal 0.6343934459061028 0 0.7730103206241044
		outer loop
			vertex 48.79159164428711 77.5 55.636146545410156
			vertex 45.04834747314453 77.5 58.70814895629883
			vertex 48.79159164428711 75 55.636146545410156
		endloop
	endfacet
	facet normal 0 1 0
		outer loop
			vertex 45.04834747314453 77.5 58.70814895629883
			vertex 48.79159164428711 77.5 55.636146545410156
			vertex 39.87387466430664 77.5 51.96464538574219
		endloop
	endfacet
	facet normal 0 1 0
		outer loop
			vertex 43.18714904785156 77.5 49.245506286621094
			vertex 39.87387466430664 77.5 51.96464538574219
			vertex 48.79159164428711 77.5 55.636146545410156
		endloop
	endfacet
	facet normal -0.5341188757108173 0.5395780534131216 -0.6508245161979681
		outer loop
			vertex 39.87387466430664 77.5 51.96464538574219
			vertex 43.18714904785156 77.5 49.245506286621094
			vertex 14.305893898010254 12 18.643802642822266
		endloop
	endfacet
	facet normal -0.534117909233235 0.5395780133475274 -0.6508253425829801
		outer loop
			vertex 15.494626998901367 12 17.668235778808594
			vertex 14.305893898010254 12 18.643802642822266
			vertex 43.18714904785156 77.5 49.245506286621094
		endloop
	endfacet
	facet normal -0.6343928257088484 0 -0.7730108296066383
		outer loop
			vertex 14.305893898010254 12 18.643802642822266
			vertex 15.494626998901367 12 17.668235778808594
			vertex 14.305893898010254 0 18.643802642822266
		endloop
	endfacet
	facet normal -0.6343928257088484 0 -0.7730108296066383
		outer loop
			vertex 15.494626998901367 0 17.668235778808594
			vertex 14.305893898010254 0 18.643802642822266
			vertex 15.494626998901367 12 17.668235778808594
		endloop
	endfacet
	facet normal 0 -1 0
		outer loop
			vertex 14.305893898010254 0 18.643802642822266
			vertex 15.494626998901367 0 17.668235778808594
			vertex 15.827796936035156 0 20.627187728881836
		endloop
	endfacet
	facet normal 0 -1 0
		outer loop
			vertex 17.14299201965332 0 19.547834396362305
			vertex 15.827796936035156 0 20.627187728881836
			vertex 15.494626998901367 0 17.668235778808594
		endloop
	endfacet
	facet normal 0.6835918975366246 0 0.7298644515403371
		outer loop
			vertex 17.14299201965332 0 19.547834396362305
			vertex 18.384777069091797 0 18.384777069091797
			vertex 17.14299201965332 12 19.547834396362305
		endloop
	endfacet
	facet normal 0.6835918975366246 0 0.7298644515403371
		outer loop
			vertex 18.384777069091797 12 18.384777069091797
			vertex 17.14299201965332 12 19.547834396362305
			vertex 18.384777069091797 0 18.384777069091797
		endloop
	endfacet
	facet normal 0.5688765417457294 -0.5544945312203974 0.6073839766556993
		outer loop
			vertex 17.14299201965332 12 19.547834396362305
			vertex 18.384777069091797 12 18.384777069091797
			vertex 44.835514068603516 75 51.12510681152344
		endloop
	endfacet
	facet normal 0.5688770492021477 -0.554494508199682 0.6073835223871734
		outer loop
			vertex 48.08325958251953 75 48.08325958251953
			vertex 44.835514068603516 75 51.12510681152344
			vertex 18.384777069091797 12 18.384777069091797
		endloop
	endfacet
	facet normal 0 -1 0
		outer loop
			vertex 44.835514068603516 75 51.12510681152344
			vertex 48.08325958251953 75 48.08325958251953
			vertex 48.79159164428711 75 55.636146545410156
		endloop
	endfacet
	facet normal 0 -1 0
		outer loop
			vertex 52.32590103149414 75 52.32590103149414
			vertex 48.79159164428711 75 55.636146545410156
			vertex 48.08325958251953 75 48.08325958251953
		endloop
	endfacet
	facet normal 0.6835926912427008 0 0.7298637081534891
		outer loop
			vertex 48.79159164428711 75 55.636146545410156
			vertex 52.32590103149414 75 52.32590103149414
			vertex 48.79159164428711 77.5 55.636146545410156
		endloop
	endfacet
	facet normal 0.6835926912427008 0 0.7298637081534891
		outer loop
			vertex 52.32590103149414 77.5 52.32590103149414
			vertex 48.79159164428711 77.5 55.636146545410156
			vertex 52.32590103149414 75 52.32590103149414
		endloop
	endfacet
	facet normal 0 1 0
		outer loop
			vertex 48.79159164428711 77.5 55.636146545410156
			vertex 52.32590103149414 77.5 52.32590103149414
			vertex 43.18714904785156 77.5 49.245506286621094
		endloop
	endfacet
	facet normal 0 1 0
		outer loop
			vertex 46.315494537353516 77.5 46.315494537353516
			vertex 43.18714904785156 77.5 49.245506286621094
			vertex 52.32590103149414 77.5 52.32590103149414
		endloop
	endfacet
	facet normal -0.5755403230536479 0.5395780279021721 -0.6144988920612515
		outer loop
			vertex 43.18714904785156 77.5 49.245506286621094
			vertex 46.315494537353516 77.5 46.315494537353516
			vertex 15.494626998901367 12 17.668235778808594
		endloop
	endfacet
	facet normal -0.5755404453352917 0.5395780332839257 -0.6144987728065083
		outer loop
			vertex 16.61701011657715 12 16.61701011657715
			vertex 15.494626998901367 12 17.668235778808594
			vertex 46.315494537353516 77.5 46.315494537353516
		endloop
	endfacet
	facet normal -0.6835920096575697 0 -0.7298643465277127
		outer loop
			vertex 15.494626998901367 12 17.668235778808594
			vertex 16.61701011657715 12 16.61701011657715
			vertex 15.494626998901367 0 17.668235778808594
		endloop
	endfacet
	facet normal -0.6835920096575697 0 -0.7298643465277127
		outer loop
			vertex 16.61701011657715 0 16.61701011657715
			vertex 15.494626998901367 0 17.668235778808594
			vertex 16.61701011657715 12 16.61701011657715
		endloop
	endfacet
	facet normal 0 -1 0
		outer loop
			vertex 15.494626998901367 0 17.668235778808594
			vertex 16.61701011657715 0 16.61701011657715
			vertex 17.14299201965332 0 19.547834396362305
		endloop
	endfacet
	facet normal 0 -1 0
		outer loop
			vertex 18.384777069091797 0 18.384777069091797
			vertex 17.14299201965332 0 19.547834396362305
			vertex 16.61701011657715 0 16.61701011657715
		endloop
	endfacet
	facet normal 0.7298644515403371 0 0.6835918975366246
		outer loop
			vertex 18.384777069091797 0 18.384777069091797
			vertex 19.547834396362305 0 17.14299201965332
			vertex 18.384777069091797 12 18.384777069091797
		endloop
	endfacet
	facet normal 0.7298644515403371 0 0.6835918975366246
		outer loop
			vertex 19.547834396362305 12 17.14299201965332
			vertex 18.384777069091797 12 18.384777069091797
			vertex 19.547834396362305 0 17.14299201965332
		endloop
	endfacet
	facet normal 0.6073839928532381 -0.5544944979137681 0.5688765569163631
		outer loop
			vertex 18.384777069091797 12 18.384777069091797
			vertex 19.547834396362305 12 17.14299201965332
			vertex 48.08325958251953 75 48.08325958251953
		endloop
	endfacet
	facet normal 0.6073835161940064 -0.55449452093456 0.5688770434016107
		outer loop
			vertex 51.12510681152344 75 44.835514068603516
			vertex 48.08325958251953 75 48.08325958251953
			vertex 19.547834396362305 12 17.14299201965332
		endloop
	endfacet
	facet normal 0 -1 0
		outer loop
			vertex 48.08325958251953 75 48.08325958251953
			vertex 51.12510681152344 75 44.835514068603516
			vertex 52.32590103149414 75 52.32590103149414
		endloop
	endfacet
	facet normal 0 -1 0
		outer loop
			vertex 55.636146545410156 75 48.79159164428711
			vertex 52.32590103149414 75 52.32590103149414
			vertex 51.12510681152344 75 44.835514068603516
		endloop
	endfacet
	facet normal 0.7298637081534891 0 0.6835926912427008
		outer loop
			vertex 52.32590103149414 75 52.32590103149414
			vertex 55.636146545410156 75 48.79159164428711
			vertex 52.32590103149414 77.5 52.32590103149414
		endloop
	endfacet
	facet normal 0.7298637081534891 0 0.6835926912427008
		outer loop
			vertex 55.636146545410156 77.5 48.79159164428711
			vertex 52.32590103149414 77.5 52.32590103149414
			vertex 55.636146545410156 75 48.79159164428711
		endloop
	endfacet
	facet normal 0 1 0
		outer loop
			vertex 52.32590103149414 77.5 52.32590103149414
			vertex 55.636146545410156 77.5 48.79159164428711
			vertex 46.315494537353516 77.5 46.315494537353516
		endloop
	endfacet
	facet normal 0 1 0
		outer loop
			vertex 49.245506286621094 77.5 43.18714904785156
			vertex 46.315494537353516 77.5 46.315494537353516
			vertex 55.636146545410156 77.5 48.79159164428711
		endloop
	endfacet
	facet normal -0.6144988907318807 0.5395780307442013 -0.5755403218085576
		outer loop
			vertex 46.315494537353516 77.5 46.315494537353516
			vertex 49.245506286621094 77.5 43.18714904785156
			vertex 16.61701011657715 12 16.61701011657715
		endloop
	endfacet
	facet normal -0.6144987765117759 0.5395780253625242 -0.5755404488056506
		outer loop
			vertex 17.668235778808594 12 15.494626998901367
			vertex 16.61701011657715 12 16.61701011657715
			vertex 49.245506286621094 77.5 43.18714904785156
		endloop
	endfacet
	facet normal -0.7298643465277127 0 -0.6835920096575697
		outer loop
			vertex 16.61701011657715 12 16.61701011657715
			vertex 17.668235778808594 12 15.494626998901367
			vertex 16.61701011657715 0 16.61701011657715
		endloop
	endfacet
	facet normal -0.7298643465277127 0 -0.6835920096575697
		outer loop
			vertex 17.668235778808594 0 15.494626998901367
			vertex 16.61701011657715 0 16.61701011657715
			vertex 17.668235778808594 12 15.494626998901367
		endloop
	endfacet
	facet normal 0 -1 0
		outer loop
			vertex 16.61701011657715 0 16.61701011657715
			vertex 17.668235778808594 0 15.494626998901367
			vertex 18.384777069091797 0 18.384777069091797
		endloop
	endfacet
	facet normal 0 -1 0
		outer loop
			vertex 19.547834396362305 0 17.14299201965332
			vertex 18.384777069091797 0 18.384777069091797
			vertex 17.668235778808594 0 15.494626998901367
		endloop
	endfacet
	facet normal 0.7730102742013117 0 0.6343935024724109
		outer loop
			vertex 19.547834396362305 0 17.14299201965332
			vertex 20.627187728881836 0 15.827796936035156
			vertex 19.547834396362305 12 17.14299201965332
		endloop
	endfacet
	facet normal 0.7730102742013117 0 0.6343935024724109
		outer loop
			vertex 20.627187728881836 12 15.827796936035156
			vertex 19.547834396362305 12 17.14299201965332
			vertex 20.627187728881836 0 15.827796936035156
		endloop
	endfacet
	facet normal 0.6432893863915699 -0.5544945289851295 0.527934259810364
		outer loop
			vertex 19.547834396362305 12 17.14299201965332
			vertex 20.627187728881836 12 15.827796936035156
			vertex 51.12510681152344 75 44.835514068603516
		endloop
	endfacet
	facet normal 0.6432891764442049 -0.5544945398749076 0.5279345041940822
		outer loop
			vertex 53.948028564453125 75 41.39577865600586
			vertex 51.12510681152344 75 44.835514068603516
			vertex 20.627187728881836 12 15.827796936035156
		endloop
	endfacet
	facet normal 0 -1 0
		outer loop
			vertex 51.12510681152344 75 44.835514068603516
			vertex 53.948028564453125 75 41.39577865600586
			vertex 55.636146545410156 75 48.79159164428711
		endloop
	endfacet
	facet normal 0 -1 0
		outer loop
			vertex 58.70814895629883 75 45.04834747314453
			vertex 55.636146545410156 75 48.79159164428711
			vertex 53.948028564453125 75 41.39577865600586
		endloop
	endfacet
	facet normal 0.7730103206241044 0 0.6343934459061028
		outer loop
			vertex 55.636146545410156 75 48.79159164428711
			vertex 58.70814895629883 75 45.04834747314453
			vertex 55.636146545410156 77.5 48.79159164428711
		endloop
	endfacet
	facet normal 0.7730103206241044 0 0.6343934459061028
		outer loop
			vertex 58.70814895629883 77.5 45.04834747314453
			vertex 55.636146545410156 77.5 48.79159164428711
			vertex 58.70814895629883 75 45.04834747314453
		endloop
	endfacet
	facet normal 0 1 0
		outer loop
			vertex 55.636146545410156 77.5 48.79159164428711
			vertex 58.70814895629883 77.5 45.04834747314453
			vertex 49.245506286621094 77.5 43.18714904785156
		endloop
	endfacet
	facet normal 0 1 0
		outer loop
			vertex 51.96464538574219 77.5 39.87387466430664
			vertex 49.245506286621094 77.5 43.18714904785156
			vertex 58.70814895629883 77.5 45.04834747314453
		endloop
	endfacet
	facet normal -0.6508245266798898 0.5395780322548364 -0.5341188843131242
		outer loop
			vertex 49.245506286621094 77.5 43.18714904785156
			vertex 51.96464538574219 77.5 39.87387466430664
			vertex 17.668235778808594 12 15.494626998901367
		endloop
	endfacet
	facet normal -0.6508253133673653 0.5395780723206401 -0.5341178852566284
		outer loop
			vertex 18.643802642822266 12 14.305893898010254
			vertex 17.668235778808594 12 15.494626998901367
			vertex 51.96464538574219 77.5 39.87387466430664
		endloop
	endfacet
	facet normal -0.7730108296066383 0 -0.6343928257088484
		outer loop
			vertex 17.668235778808594 12 15.494626998901367
			vertex 18.643802642822266 12 14.305893898010254
			vertex 17.668235778808594 0 15.494626998901367
		endloop
	endfacet
	facet normal -0.7730108296066383 0 -0.6343928257088484
		outer loop
			vertex 18.643802642822266 0 14.305893898010254
			vertex 17.668235778808594 0 15.494626998901367
			vertex 18.643802642822266 12 14.305893898010254
		endloop
	endfacet
	facet normal 0 -1 0
		outer loop
			vertex 17.668235778808594 0 15.494626998901367
			vertex 18.643802642822266 0 14.305893898010254
			vertex 19.547834396362305 0 17.14299201965332
		endloop
	endfacet
	facet normal 0 -1 0
		outer loop
			vertex 20.627187728881836 0 15.827796936035156
			vertex 19.547834396362305 0 17.14299201965332
			vertex 18.643802642822266 0 14.305893898010254
		endloop
	endfacet
	facet normal 0.8128468953953951 0 0.5824774026913557
		outer loop
			vertex 20.627187728881836 0 15.827796936035156
			vertex 21.618209838867188 0 14.444826126098633
			vertex 20.627187728881836 12 15.827796936035156
		endloop
	endfacet
	facet normal 0.8128468953953951 0 0.5824774026913557
		outer loop
			vertex 21.618209838867188 12 14.444826126098633
			vertex 20.627187728881836 12 15.827796936035156
			vertex 21.618209838867188 0 14.444826126098633
		endloop
	endfacet
	facet normal 0.6764409117161612 -0.5544945431311729 0.48473033182828634
		outer loop
			vertex 20.627187728881836 12 15.827796936035156
			vertex 21.618209838867188 12 14.444826126098633
			vertex 53.948028564453125 75 41.39577865600586
		endloop
	endfacet
	facet normal 0.6764411881716094 -0.5544945275737366 0.4847299638311625
		outer loop
			vertex 56.53993225097656 75 37.77877426147461
			vertex 53.948028564453125 75 41.39577865600586
			vertex 21.618209838867188 12 14.444826126098633
		endloop
	endfacet
	facet normal 0 -1 0
		outer loop
			vertex 53.948028564453125 75 41.39577865600586
			vertex 56.53993225097656 75 37.77877426147461
			vertex 58.70814895629883 75 45.04834747314453
		endloop
	endfacet
	facet normal 0 -1 0
		outer loop
			vertex 61.528751373291016 75 41.11219787597656
			vertex 58.70814895629883 75 45.04834747314453
			vertex 56.53993225097656 75 37.77877426147461
		endloop
	endfacet
	facet normal 0.8128469286144081 0 0.5824773563342384
		outer loop
			vertex 58.70814895629883 75 45.04834747314453
			vertex 61.528751373291016 75 41.11219787597656
			vertex 58.70814895629883 77.5 45.04834747314453
		endloop
	endfacet
	facet normal 0.8128469286144081 0 0.5824773563342384
		outer loop
			vertex 61.528751373291016 77.5 41.11219787597656
			vertex 58.70814895629883 77.5 45.04834747314453
			vertex 61.528751373291016 75 41.11219787597656
		endloop
	endfacet
	facet normal 0 1 0
		outer loop
			vertex 58.70814895629883 77.5 45.04834747314453
			vertex 61.528751373291016 77.5 41.11219787597656
			vertex 51.96464538574219 77.5 39.87387466430664
		endloop
	endfacet
	facet normal 0 1 0
		outer loop
			vertex 54.46125793457031 77.5 36.38985061645508
			vertex 51.96464538574219 77.5 39.87387466430664
			vertex 61.528751373291016 77.5 41.11219787597656
		endloop
	endfacet
	facet normal -0.6843648961775279 0.5395780564613957 -0.49040820737959157
		outer loop
			vertex 51.96464538574219 77.5 39.87387466430664
			vertex 54.46125793457031 77.5 36.38985061645508
			vertex 18.643802642822266 12 14.305893898010254
		endloop
	endfacet
	facet normal -0.6843644714729658 0.5395780328169154 -0.4904088260695929
		outer loop
			vertex 19.539535522460938 12 13.055900573730469
			vertex 18.643802642822266 12 14.305893898010254
			vertex 54.46125793457031 77.5 36.38985061645508
		endloop
	endfacet
	facet normal -0.8128465827516234 0 -0.58247783898532
		outer loop
			vertex 18.643802642822266 12 14.305893898010254
			vertex 19.539535522460938 12 13.055900573730469
			vertex 18.643802642822266 0 14.305893898010254
		endloop
	endfacet
	facet normal -0.8128465827516234 0 -0.58247783898532
		outer loop
			vertex 19.539535522460938 0 13.055900573730469
			vertex 18.643802642822266 0 14.305893898010254
			vertex 19.539535522460938 12 13.055900573730469
		endloop
	endfacet
	facet normal 0 -1 0
		outer loop
			vertex 18.643802642822266 0 14.305893898010254
			vertex 19.539535522460938 0 13.055900573730469
			vertex 20.627187728881836 0 15.827796936035156
		endloop
	endfacet
	facet normal 0 -1 0
		outer loop
			vertex 21.618209838867188 0 14.444826126098633
			vertex 20.627187728881836 0 15.827796936035156
			vertex 19.539535522460938 0 13.055900573730469
		endloop
	endfacet
	facet normal 0.8492021206730429 0 0.5280679485108017
		outer loop
			vertex 21.618209838867188 0 14.444826126098633
			vertex 22.516660690307617 0 13
			vertex 21.618209838867188 12 14.444826126098633
		endloop
	endfacet
	facet normal 0.8492021206730429 0 0.5280679485108017
		outer loop
			vertex 22.516660690307617 12 13
			vertex 21.618209838867188 12 14.444826126098633
			vertex 22.516660690307617 0 13
		endloop
	endfacet
	facet normal 0.7066952849220903 -0.5544945179099401 0.43945148068553463
		outer loop
			vertex 21.618209838867188 12 14.444826126098633
			vertex 22.516660690307617 12 13
			vertex 56.53993225097656 75 37.77877426147461
		endloop
	endfacet
	facet normal 0.706695036772912 -0.5544945332418577 0.4394518603959105
		outer loop
			vertex 58.88972854614258 75 34
			vertex 56.53993225097656 75 37.77877426147461
			vertex 22.516660690307617 12 13
		endloop
	endfacet
	facet normal 0 -1 0
		outer loop
			vertex 56.53993225097656 75 37.77877426147461
			vertex 58.88972854614258 75 34
			vertex 61.528751373291016 75 41.11219787597656
		endloop
	endfacet
	facet normal 0 -1 0
		outer loop
			vertex 64.08587646484375 75 37
			vertex 61.528751373291016 75 41.11219787597656
			vertex 58.88972854614258 75 34
		endloop
	endfacet
	facet normal 0.8492025400438684 0 0.5280672741072318
		outer loop
			vertex 61.528751373291016 75 41.11219787597656
			vertex 64.08587646484375 75 37
			vertex 61.528751373291016 77.5 41.11219787597656
		endloop
	endfacet
	facet normal 0.8492025400438684 0 0.5280672741072318
		outer loop
			vertex 64.08587646484375 77.5 37
			vertex 61.528751373291016 77.5 41.11219787597656
			vertex 64.08587646484375 75 37
		endloop
	endfacet
	facet normal 0 1 0
		outer loop
			vertex 61.528751373291016 77.5 41.11219787597656
			vertex 64.08587646484375 77.5 37
			vertex 54.46125793457031 77.5 36.38985061645508
		endloop
	endfacet
	facet normal 0 1 0
		outer loop
			vertex 56.72466278076172 77.5 32.75
			vertex 54.46125793457031 77.5 36.38985061645508
			vertex 64.08587646484375 77.5 37
		endloop
	endfacet
	facet normal -0.714973517862189 0.5395780351521252 -0.4445991596226182
		outer loop
			vertex 54.46125793457031 77.5 36.38985061645508
			vertex 56.72466278076172 77.5 32.75
			vertex 19.539535522460938 12 13.055900573730469
		endloop
	endfacet
	facet normal -0.7149735066436104 0.5395780344601417 -0.4445991785033676
		outer loop
			vertex 20.35159683227539 12 11.75
			vertex 19.539535522460938 12 13.055900573730469
			vertex 56.72466278076172 77.5 32.75
		endloop
	endfacet
	facet normal -0.8492021380205316 0 -0.5280679206137769
		outer loop
			vertex 19.539535522460938 12 13.055900573730469
			vertex 20.35159683227539 12 11.75
			vertex 19.539535522460938 0 13.055900573730469
		endloop
	endfacet
	facet normal -0.8492021380205316 0 -0.5280679206137769
		outer loop
			vertex 20.35159683227539 0 11.75
			vertex 19.539535522460938 0 13.055900573730469
			vertex 20.35159683227539 12 11.75
		endloop
	endfacet
	facet normal 0 -1 0
		outer loop
			vertex 19.539535522460938 0 13.055900573730469
			vertex 20.35159683227539 0 11.75
			vertex 21.618209838867188 0 14.444826126098633
		endloop
	endfacet
	facet normal 0 -1 0
		outer loop
			vertex 22.516660690307617 0 13
			vertex 21.618209838867188 0 14.444826126098633
			vertex 20.35159683227539 0 11.75
		endloop
	endfacet
	facet normal 0.8819213109787317 0 0.4713966495866888
		outer loop
			vertex 22.516660690307617 0 13
			vertex 23.31869125366211 0 11.499505996704102
			vertex 22.516660690307617 12 13
		endloop
	endfacet
	facet normal 0.8819213109787317 0 0.4713966495866888
		outer loop
			vertex 23.31869125366211 12 11.499505996704102
			vertex 22.516660690307617 12 13
			vertex 23.31869125366211 0 11.499505996704102
		endloop
	endfacet
	facet normal 0.7339237687503788 -0.5544945405660018 0.39229033399478386
		outer loop
			vertex 22.516660690307617 12 13
			vertex 23.31869125366211 12 11.499505996704102
			vertex 58.88972854614258 75 34
		endloop
	endfacet
	facet normal 0.733923830652496 -0.554494536305877 0.3922902242056216
		outer loop
			vertex 60.98734664916992 75 30.07563018798828
			vertex 58.88972854614258 75 34
			vertex 23.31869125366211 12 11.499505996704102
		endloop
	endfacet
	facet normal 0 -1 0
		outer loop
			vertex 58.88972854614258 75 34
			vertex 60.98734664916992 75 30.07563018798828
			vertex 64.08587646484375 75 37
		endloop
	endfacet
	facet normal 0 -1 0
		outer loop
			vertex 66.36858367919922 75 32.72936248779297
			vertex 64.08587646484375 75 37
			vertex 60.98734664916992 75 30.07563018798828
		endloop
	endfacet
	facet normal 0.8819209289674844 0 0.4713973642789375
		outer loop
			vertex 64.08587646484375 75 37
			vertex 66.36858367919922 75 32.72936248779297
			vertex 64.08587646484375 77.5 37
		endloop
	endfacet
	facet normal 0.8819209289674844 0 0.4713973642789375
		outer loop
			vertex 66.36858367919922 77.5 32.72936248779297
			vertex 64.08587646484375 77.5 37
			vertex 66.36858367919922 75 32.72936248779297
		endloop
	endfacet
	facet normal 0 1 0
		outer loop
			vertex 64.08587646484375 77.5 37
			vertex 66.36858367919922 77.5 32.72936248779297
			vertex 56.72466278076172 77.5 32.75
		endloop
	endfacet
	facet normal 0 1 0
		outer loop
			vertex 58.74516296386719 77.5 28.96990966796875
			vertex 56.72466278076172 77.5 32.75
			vertex 66.36858367919922 77.5 32.72936248779297
		endloop
	endfacet
	facet normal -0.7425209194433792 0.5395780346899934 -0.3968856619595158
		outer loop
			vertex 56.72466278076172 77.5 32.75
			vertex 58.74516296386719 77.5 28.96990966796875
			vertex 20.35159683227539 12 11.75
		endloop
	endfacet
	facet normal -0.7425208235311681 0.5395780280261719 -0.39688585045826946
		outer loop
			vertex 21.076509475708008 12 10.393784523010254
			vertex 20.35159683227539 12 11.75
			vertex 58.74516296386719 77.5 28.96990966796875
		endloop
	endfacet
	facet normal -0.881921164798647 0 -0.4713969230703549
		outer loop
			vertex 20.35159683227539 12 11.75
			vertex 21.076509475708008 12 10.393784523010254
			vertex 20.35159683227539 0 11.75
		endloop
	endfacet
	facet normal -0.881921164798647 0 -0.4713969230703549
		outer loop
			vertex 21.076509475708008 0 10.393784523010254
			vertex 20.35159683227539 0 11.75
			vertex 21.076509475708008 12 10.393784523010254
		endloop
	endfacet
	facet normal 0 -1 0
		outer loop
			vertex 20.35159683227539 0 11.75
			vertex 21.076509475708008 0 10.393784523010254
			vertex 22.516660690307617 0 13
		endloop
	endfacet
	facet normal 0 -1 0
		outer loop
			vertex 23.31869125366211 0 11.499505996704102
			vertex 22.516660690307617 0 13
			vertex 21.076509475708008 0 10.393784523010254
		endloop
	endfacet
	facet normal 0.9108637456331394 0 0.4127072047967755
		outer loop
			vertex 23.31869125366211 0 11.499505996704102
			vertex 24.0208683013916 0 9.949769020080566
			vertex 23.31869125366211 12 11.499505996704102
		endloop
	endfacet
	facet normal 0.9108637456331394 0 0.4127072047967755
		outer loop
			vertex 24.0208683013916 12 9.949769020080566
			vertex 23.31869125366211 12 11.499505996704102
			vertex 24.0208683013916 0 9.949769020080566
		endloop
	endfacet
	facet normal 0.7580092998074419 -0.5544945360688988 0.34344972102939364
		outer loop
			vertex 23.31869125366211 12 11.499505996704102
			vertex 24.0208683013916 12 9.949769020080566
			vertex 60.98734664916992 75 30.07563018798828
		endloop
	endfacet
	facet normal 0.7580094378659191 -0.5544945252948497 0.3434494337223935
		outer loop
			vertex 62.82380676269531 75 26.02247428894043
			vertex 60.98734664916992 75 30.07563018798828
			vertex 24.0208683013916 12 9.949769020080566
		endloop
	endfacet
	facet normal 0 -1 0
		outer loop
			vertex 60.98734664916992 75 30.07563018798828
			vertex 62.82380676269531 75 26.02247428894043
			vertex 66.36858367919922 75 32.72936248779297
		endloop
	endfacet
	facet normal 0 -1 0
		outer loop
			vertex 68.3670883178711 75 28.318574905395508
			vertex 66.36858367919922 75 32.72936248779297
			vertex 62.82380676269531 75 26.02247428894043
		endloop
	endfacet
	facet normal 0.9108636086929114 0 0.41270750703001136
		outer loop
			vertex 66.36858367919922 75 32.72936248779297
			vertex 68.3670883178711 75 28.318574905395508
			vertex 66.36858367919922 77.5 32.72936248779297
		endloop
	endfacet
	facet normal 0.9108636086929114 0 0.41270750703001136
		outer loop
			vertex 68.3670883178711 77.5 28.318574905395508
			vertex 66.36858367919922 77.5 32.72936248779297
			vertex 68.3670883178711 75 28.318574905395508
		endloop
	endfacet
	facet normal 0 1 0
		outer loop
			vertex 66.36858367919922 77.5 32.72936248779297
			vertex 68.3670883178711 77.5 28.318574905395508
			vertex 58.74516296386719 77.5 28.96990966796875
		endloop
	endfacet
	facet normal 0 1 0
		outer loop
			vertex 60.51411056518555 77.5 25.065765380859375
			vertex 58.74516296386719 77.5 28.96990966796875
			vertex 68.3670883178711 77.5 28.318574905395508
		endloop
	endfacet
	facet normal -0.7668884641426483 0.5395780377034313 -0.34747320010764077
		outer loop
			vertex 58.74516296386719 77.5 28.96990966796875
			vertex 60.51411056518555 77.5 25.065765380859375
			vertex 21.076509475708008 12 10.393784523010254
		endloop
	endfacet
	facet normal -0.7668888075984412 0.5395780651533206 -0.34747239945877756
		outer loop
			vertex 21.71116828918457 12 8.993061065673828
			vertex 21.076509475708008 12 10.393784523010254
			vertex 60.51411056518555 77.5 25.065765380859375
		endloop
	endfacet
	facet normal -0.9108640029323254 0 -0.41270663692519044
		outer loop
			vertex 21.076509475708008 12 10.393784523010254
			vertex 21.71116828918457 12 8.993061065673828
			vertex 21.076509475708008 0 10.393784523010254
		endloop
	endfacet
	facet normal -0.9108640029323254 0 -0.41270663692519044
		outer loop
			vertex 21.71116828918457 0 8.993061065673828
			vertex 21.076509475708008 0 10.393784523010254
			vertex 21.71116828918457 12 8.993061065673828
		endloop
	endfacet
	facet normal 0 -1 0
		outer loop
			vertex 21.076509475708008 0 10.393784523010254
			vertex 21.71116828918457 0 8.993061065673828
			vertex 23.31869125366211 0 11.499505996704102
		endloop
	endfacet
	facet normal 0 -1 0
		outer loop
			vertex 24.0208683013916 0 9.949769020080566
			vertex 23.31869125366211 0 11.499505996704102
			vertex 21.71116828918457 0 8.993061065673828
		endloop
	endfacet
	facet normal 0.9359059167909808 0 0.35225007440117584
		outer loop
			vertex 24.0208683013916 0 9.949769020080566
			vertex 24.62018394470215 0 8.357425689697266
			vertex 24.0208683013916 12 9.949769020080566
		endloop
	endfacet
	facet normal 0.9359059167909808 0 0.35225007440117584
		outer loop
			vertex 24.62018394470215 12 8.357425689697266
			vertex 24.0208683013916 12 9.949769020080566
			vertex 24.62018394470215 0 8.357425689697266
		endloop
	endfacet
	facet normal 0.7788490868696988 -0.5544945222018784 0.2931380642808894
		outer loop
			vertex 24.0208683013916 12 9.949769020080566
			vertex 24.62018394470215 12 8.357425689697266
			vertex 62.82380676269531 75 26.02247428894043
		endloop
	endfacet
	facet normal 0.7788489095570951 -0.5544945382591454 0.29313850501512256
		outer loop
			vertex 64.39125061035156 75 21.85788345336914
			vertex 62.82380676269531 75 26.02247428894043
			vertex 24.62018394470215 12 8.357425689697266
		endloop
	endfacet
	facet normal 0 -1 0
		outer loop
			vertex 62.82380676269531 75 26.02247428894043
			vertex 64.39125061035156 75 21.85788345336914
			vertex 68.3670883178711 75 28.318574905395508
		endloop
	endfacet
	facet normal 0 -1 0
		outer loop
			vertex 70.07283020019531 75 23.78652000427246
			vertex 68.3670883178711 75 28.318574905395508
			vertex 64.39125061035156 75 21.85788345336914
		endloop
	endfacet
	facet normal 0.9359061172637291 0 0.3522495417574468
		outer loop
			vertex 68.3670883178711 75 28.318574905395508
			vertex 70.07283020019531 75 23.78652000427246
			vertex 68.3670883178711 77.5 28.318574905395508
		endloop
	endfacet
	facet normal 0.9359061172637291 0 0.3522495417574468
		outer loop
			vertex 70.07283020019531 77.5 23.78652000427246
			vertex 68.3670883178711 77.5 28.318574905395508
			vertex 70.07283020019531 75 23.78652000427246
		endloop
	endfacet
	facet normal 0 1 0
		outer loop
			vertex 68.3670883178711 77.5 28.318574905395508
			vertex 70.07283020019531 77.5 23.78652000427246
			vertex 60.51411056518555 77.5 25.065765380859375
		endloop
	endfacet
	facet normal 0 1 0
		outer loop
			vertex 62.023921966552734 77.5 21.054285049438477
			vertex 60.51411056518555 77.5 25.065765380859375
			vertex 70.07283020019531 77.5 23.78652000427246
		endloop
	endfacet
	facet normal -0.7879726887106945 0.5395780522147409 -0.29657135298977433
		outer loop
			vertex 60.51411056518555 77.5 25.065765380859375
			vertex 62.023921966552734 77.5 21.054285049438477
			vertex 21.71116828918457 12 8.993061065673828
		endloop
	endfacet
	facet normal -0.7879725663169025 0.5395780406438382 -0.29657169923462223
		outer loop
			vertex 22.252857208251953 12 7.553827285766602
			vertex 21.71116828918457 12 8.993061065673828
			vertex 62.023921966552734 77.5 21.054285049438477
		endloop
	endfacet
	facet normal -0.9359059950469871 0 -0.3522498664799024
		outer loop
			vertex 21.71116828918457 12 8.993061065673828
			vertex 22.252857208251953 12 7.553827285766602
			vertex 21.71116828918457 0 8.993061065673828
		endloop
	endfacet
	facet normal -0.9359059950469871 0 -0.3522498664799024
		outer loop
			vertex 22.252857208251953 0 7.553827285766602
			vertex 21.71116828918457 0 8.993061065673828
			vertex 22.252857208251953 12 7.553827285766602
		endloop
	endfacet
	facet normal 0 -1 0
		outer loop
			vertex 21.71116828918457 0 8.993061065673828
			vertex 22.252857208251953 0 7.553827285766602
			vertex 24.0208683013916 0 9.949769020080566
		endloop
	endfacet
	facet normal 0 -1 0
		outer loop
			vertex 24.62018394470215 0 8.357425689697266
			vertex 24.0208683013916 0 9.949769020080566
			vertex 22.252857208251953 0 7.553827285766602
		endloop
	endfacet
	facet normal 0.9569405023634359 0 0.29028412794435593
		outer loop
			vertex 24.62018394470215 0 8.357425689697266
			vertex 25.114070892333984 0 6.729295253753662
			vertex 24.62018394470215 12 8.357425689697266
		endloop
	endfacet
	facet normal 0.9569405023634359 0 0.29028412794435593
		outer loop
			vertex 25.114070892333984 12 6.729295253753662
			vertex 24.62018394470215 12 8.357425689697266
			vertex 25.114070892333984 0 6.729295253753662
		endloop
	endfacet
	facet normal 0.7963537928835278 -0.5544945386840583 0.24157078285581818
		outer loop
			vertex 24.62018394470215 12 8.357425689697266
			vertex 25.114070892333984 12 6.729295253753662
			vertex 64.39125061035156 75 21.85788345336914
		endloop
	endfacet
	facet normal 0.7963539236628382 -0.5544945245052136 0.24157038427866032
		outer loop
			vertex 65.68295288085938 75 17.599695205688477
			vertex 64.39125061035156 75 21.85788345336914
			vertex 25.114070892333984 12 6.729295253753662
		endloop
	endfacet
	facet normal 0 -1 0
		outer loop
			vertex 64.39125061035156 75 21.85788345336914
			vertex 65.68295288085938 75 17.599695205688477
			vertex 70.07283020019531 75 23.78652000427246
		endloop
	endfacet
	facet normal 0 -1 0
		outer loop
			vertex 71.47850799560547 75 19.15260887145996
			vertex 70.07283020019531 75 23.78652000427246
			vertex 65.68295288085938 75 17.599695205688477
		endloop
	endfacet
	facet normal 0.9569405525058438 0 0.29028396264659645
		outer loop
			vertex 70.07283020019531 75 23.78652000427246
			vertex 71.47850799560547 75 19.15260887145996
			vertex 70.07283020019531 77.5 23.78652000427246
		endloop
	endfacet
	facet normal 0.9569405525058438 0 0.29028396264659645
		outer loop
			vertex 71.47850799560547 77.5 19.15260887145996
			vertex 70.07283020019531 77.5 23.78652000427246
			vertex 71.47850799560547 75 19.15260887145996
		endloop
	endfacet
	facet normal 0 1 0
		outer loop
			vertex 70.07283020019531 77.5 23.78652000427246
			vertex 71.47850799560547 77.5 19.15260887145996
			vertex 62.023921966552734 77.5 21.054285049438477
		endloop
	endfacet
	facet normal 0 1 0
		outer loop
			vertex 63.26814270019531 77.5 16.952648162841797
			vertex 62.023921966552734 77.5 21.054285049438477
			vertex 71.47850799560547 77.5 19.15260887145996
		endloop
	endfacet
	facet normal -0.8056819711652756 0.5395780457514476 -0.24440150139122488
		outer loop
			vertex 62.023921966552734 77.5 21.054285049438477
			vertex 63.26814270019531 77.5 16.952648162841797
			vertex 22.252857208251953 12 7.553827285766602
		endloop
	endfacet
	facet normal -0.8056819836252181 0.539578047200638 -0.2444014571169334
		outer loop
			vertex 22.699256896972656 12 6.082247734069824
			vertex 22.252857208251953 12 7.553827285766602
			vertex 63.26814270019531 77.5 16.952648162841797
		endloop
	endfacet
	facet normal -0.9569401709809876 0 -0.2902852203658986
		outer loop
			vertex 22.252857208251953 12 7.553827285766602
			vertex 22.699256896972656 12 6.082247734069824
			vertex 22.252857208251953 0 7.553827285766602
		endloop
	endfacet
	facet normal -0.9569401709809876 0 -0.2902852203658986
		outer loop
			vertex 22.699256896972656 0 6.082247734069824
			vertex 22.252857208251953 0 7.553827285766602
			vertex 22.699256896972656 12 6.082247734069824
		endloop
	endfacet
	facet normal 0 -1 0
		outer loop
			vertex 22.252857208251953 0 7.553827285766602
			vertex 22.699256896972656 0 6.082247734069824
			vertex 24.62018394470215 0 8.357425689697266
		endloop
	endfacet
	facet normal 0 -1 0
		outer loop
			vertex 25.114070892333984 0 6.729295253753662
			vertex 24.62018394470215 0 8.357425689697266
			vertex 22.699256896972656 0 6.082247734069824
		endloop
	endfacet
	facet normal 0.9738768437145991 0 0.22707684443044968
		outer loop
			vertex 25.114070892333984 0 6.729295253753662
			vertex 25.500417709350586 0 5.072348594665527
			vertex 25.114070892333984 12 6.729295253753662
		endloop
	endfacet
	facet normal 0.9738768437145991 0 0.22707684443044968
		outer loop
			vertex 25.500417709350586 12 5.072348594665527
			vertex 25.114070892333984 12 6.729295253753662
			vertex 25.500417709350586 0 5.072348594665527
		endloop
	endfacet
	facet normal 0.8104480155444697 -0.554494518004835 0.18897048341637182
		outer loop
			vertex 25.114070892333984 12 6.729295253753662
			vertex 25.500417709350586 12 5.072348594665527
			vertex 65.68295288085938 75 17.599695205688477
		endloop
	endfacet
	facet normal 0.810448060900288 -0.554494511846903 0.18897030696548028
		outer loop
			vertex 66.69339752197266 75 13.266141891479492
			vertex 65.68295288085938 75 17.599695205688477
			vertex 25.500417709350586 12 5.072348594665527
		endloop
	endfacet
	facet normal 0 -1 0
		outer loop
			vertex 65.68295288085938 75 17.599695205688477
			vertex 66.69339752197266 75 13.266141891479492
			vertex 71.47850799560547 75 19.15260887145996
		endloop
	endfacet
	facet normal 0 -1 0
		outer loop
			vertex 72.57810974121094 75 14.436683654785156
			vertex 71.47850799560547 75 19.15260887145996
			vertex 66.69339752197266 75 13.266141891479492
		endloop
	endfacet
	facet normal 0.9738768783883294 0 0.22707669572328082
		outer loop
			vertex 71.47850799560547 75 19.15260887145996
			vertex 72.57810974121094 75 14.436683654785156
			vertex 71.47850799560547 77.5 19.15260887145996
		endloop
	endfacet
	facet normal 0.9738768783883294 0 0.22707669572328082
		outer loop
			vertex 72.57810974121094 77.5 14.436683654785156
			vertex 71.47850799560547 77.5 19.15260887145996
			vertex 72.57810974121094 75 14.436683654785156
		endloop
	endfacet
	facet normal 0 1 0
		outer loop
			vertex 71.47850799560547 77.5 19.15260887145996
			vertex 72.57810974121094 77.5 14.436683654785156
			vertex 63.26814270019531 77.5 16.952648162841797
		endloop
	endfacet
	facet normal 0 1 0
		outer loop
			vertex 64.2414321899414 77.5 12.77841567993164
			vertex 63.26814270019531 77.5 16.952648162841797
			vertex 72.57810974121094 77.5 14.436683654785156
		endloop
	endfacet
	facet normal -0.8199419076940734 0.5395780398981317 -0.19118265315319286
		outer loop
			vertex 63.26814270019531 77.5 16.952648162841797
			vertex 64.2414321899414 77.5 12.77841567993164
			vertex 22.699256896972656 12 6.082247734069824
		endloop
	endfacet
	facet normal -0.8199416940283739 0.539578007433065 -0.19118366114405191
		outer loop
			vertex 23.04845428466797 12 4.584622383117676
			vertex 22.699256896972656 12 6.082247734069824
			vertex 64.2414321899414 77.5 12.77841567993164
		endloop
	endfacet
	facet normal -0.9738769602316419 0 -0.2270763447168751
		outer loop
			vertex 22.699256896972656 12 6.082247734069824
			vertex 23.04845428466797 12 4.584622383117676
			vertex 22.699256896972656 0 6.082247734069824
		endloop
	endfacet
	facet normal -0.9738769602316419 0 -0.2270763447168751
		outer loop
			vertex 23.04845428466797 0 4.584622383117676
			vertex 22.699256896972656 0 6.082247734069824
			vertex 23.04845428466797 12 4.584622383117676
		endloop
	endfacet
	facet normal 0 -1 0
		outer loop
			vertex 22.699256896972656 0 6.082247734069824
			vertex 23.04845428466797 0 4.584622383117676
			vertex 25.114070892333984 0 6.729295253753662
		endloop
	endfacet
	facet normal 0 -1 0
		outer loop
			vertex 25.500417709350586 0 5.072348594665527
			vertex 25.114070892333984 0 6.729295253753662
			vertex 23.04845428466797 0 4.584622383117676
		endloop
	endfacet
	facet normal 0.9866433257525272 0 0.16289551174907402
		outer loop
			vertex 25.500417709350586 0 5.072348594665527
			vertex 25.77756690979004 0 3.393681049346924
			vertex 25.500417709350586 12 5.072348594665527
		endloop
	endfacet
	facet normal 0.9866433257525272 0 0.16289551174907402
		outer loop
			vertex 25.77756690979004 12 3.393681049346924
			vertex 25.500417709350586 12 5.072348594665527
			vertex 25.77756690979004 0 3.393681049346924
		endloop
	endfacet
	facet normal 0.8210721214028837 -0.5544945169933976 0.13555958866575038
		outer loop
			vertex 25.500417709350586 12 5.072348594665527
			vertex 25.77756690979004 12 3.393681049346924
			vertex 66.69339752197266 75 13.266141891479492
		endloop
	endfacet
	facet normal 0.8210720587800658 -0.5544945284301839 0.13555992118488575
		outer loop
			vertex 67.41825103759766 75 8.875781059265137
			vertex 66.69339752197266 75 13.266141891479492
			vertex 25.77756690979004 12 3.393681049346924
		endloop
	endfacet
	facet normal 0 -1 0
		outer loop
			vertex 66.69339752197266 75 13.266141891479492
			vertex 67.41825103759766 75 8.875781059265137
			vertex 72.57810974121094 75 14.436683654785156
		endloop
	endfacet
	facet normal 0 -1 0
		outer loop
			vertex 73.3669204711914 75 9.65893840789795
			vertex 72.57810974121094 75 14.436683654785156
			vertex 67.41825103759766 75 8.875781059265137
		endloop
	endfacet
	facet normal 0.9866432724336323 0 0.1628958346964508
		outer loop
			vertex 72.57810974121094 75 14.436683654785156
			vertex 73.3669204711914 75 9.65893840789795
			vertex 72.57810974121094 77.5 14.436683654785156
		endloop
	endfacet
	facet normal 0.9866432724336323 0 0.1628958346964508
		outer loop
			vertex 73.3669204711914 77.5 9.65893840789795
			vertex 72.57810974121094 77.5 14.436683654785156
			vertex 73.3669204711914 75 9.65893840789795
		endloop
	endfacet
	facet normal 0 1 0
		outer loop
			vertex 72.57810974121094 77.5 14.436683654785156
			vertex 73.3669204711914 77.5 9.65893840789795
			vertex 64.2414321899414 77.5 12.77841567993164
		endloop
	endfacet
	facet normal 0 1 0
		outer loop
			vertex 64.93963623046875 77.5 8.54946517944336
			vertex 64.2414321899414 77.5 12.77841567993164
			vertex 73.3669204711914 77.5 9.65893840789795
		endloop
	endfacet
	facet normal -0.8306901069979397 0.539578012452476 -0.137147783844972
		outer loop
			vertex 64.2414321899414 77.5 12.77841567993164
			vertex 64.93963623046875 77.5 8.54946517944336
			vertex 23.04845428466797 12 4.584622383117676
		endloop
	endfacet
	facet normal -0.8306901802600141 0.5395780286015197 -0.13714727656823225
		outer loop
			vertex 23.298954010009766 12 3.0673654079437256
			vertex 23.04845428466797 12 4.584622383117676
			vertex 64.93963623046875 77.5 8.54946517944336
		endloop
	endfacet
	facet normal -0.9866433754659584 0 -0.16289521063904833
		outer loop
			vertex 23.04845428466797 12 4.584622383117676
			vertex 23.298954010009766 12 3.0673654079437256
			vertex 23.04845428466797 0 4.584622383117676
		endloop
	endfacet
	facet normal -0.9866433754659584 0 -0.16289521063904833
		outer loop
			vertex 23.298954010009766 0 3.0673654079437256
			vertex 23.04845428466797 0 4.584622383117676
			vertex 23.298954010009766 12 3.0673654079437256
		endloop
	endfacet
	facet normal 0 -1 0
		outer loop
			vertex 23.04845428466797 0 4.584622383117676
			vertex 23.298954010009766 0 3.0673654079437256
			vertex 25.500417709350586 0 5.072348594665527
		endloop
	endfacet
	facet normal 0 -1 0
		outer loop
			vertex 25.77756690979004 0 3.393681049346924
			vertex 25.500417709350586 0 5.072348594665527
			vertex 23.298954010009766 0 3.0673654079437256
		endloop
	endfacet
	facet normal 0.9951847493275967 0 0.09801691030515362
		outer loop
			vertex 25.77756690979004 0 3.393681049346924
			vertex 25.944332122802734 0 1.7004814147949219
			vertex 25.77756690979004 12 3.393681049346924
		endloop
	endfacet
	facet normal 0.9951847493275967 0 0.09801691030515362
		outer loop
			vertex 25.944332122802734 12 1.7004814147949219
			vertex 25.77756690979004 12 3.393681049346924
			vertex 25.944332122802734 0 1.7004814147949219
		endloop
	endfacet
	facet normal 0.8281801768927187 -0.5544945311570006 0.08156843457443128
		outer loop
			vertex 25.77756690979004 12 3.393681049346924
			vertex 25.944332122802734 12 1.7004814147949219
			vertex 67.41825103759766 75 8.875781059265137
		endloop
	endfacet
	facet normal 0.8281801304457084 -0.5544945441956511 0.08156881752352832
		outer loop
			vertex 67.85440826416016 75 4.447412967681885
			vertex 67.41825103759766 75 8.875781059265137
			vertex 25.944332122802734 12 1.7004814147949219
		endloop
	endfacet
	facet normal 0 -1 0
		outer loop
			vertex 67.41825103759766 75 8.875781059265137
			vertex 67.85440826416016 75 4.447412967681885
			vertex 73.3669204711914 75 9.65893840789795
		endloop
	endfacet
	facet normal 0 -1 0
		outer loop
			vertex 73.84156036376953 75 4.839831352233887
			vertex 73.3669204711914 75 9.65893840789795
			vertex 67.85440826416016 75 4.447412967681885
		endloop
	endfacet
	facet normal 0.9951847412616369 0 0.09801699220037831
		outer loop
			vertex 73.3669204711914 75 9.65893840789795
			vertex 73.84156036376953 75 4.839831352233887
			vertex 73.3669204711914 77.5 9.65893840789795
		endloop
	endfacet
	facet normal 0.9951847412616369 0 0.09801699220037831
		outer loop
			vertex 73.84156036376953 77.5 4.839831352233887
			vertex 73.3669204711914 77.5 9.65893840789795
			vertex 73.84156036376953 75 4.839831352233887
		endloop
	endfacet
	facet normal 0 1 0
		outer loop
			vertex 73.3669204711914 77.5 9.65893840789795
			vertex 73.84156036376953 77.5 4.839831352233887
			vertex 64.93963623046875 77.5 8.54946517944336
		endloop
	endfacet
	facet normal 0 1 0
		outer loop
			vertex 65.35975646972656 77.5 4.283905029296875
			vertex 64.93963623046875 77.5 8.54946517944336
			vertex 73.84156036376953 77.5 4.839831352233887
		endloop
	endfacet
	facet normal -0.837881466103196 0.5395780230659993 -0.08252397097175454
		outer loop
			vertex 64.93963623046875 77.5 8.54946517944336
			vertex 65.35975646972656 77.5 4.283905029296875
			vertex 23.298954010009766 12 3.0673654079437256
		endloop
	endfacet
	facet normal -0.8378814673508632 0.5395780235706262 -0.08252395500447693
		outer loop
			vertex 23.449684143066406 12 1.5369735956192017
			vertex 23.298954010009766 12 3.0673654079437256
			vertex 65.35975646972656 77.5 4.283905029296875
		endloop
	endfacet
	facet normal -0.9951847459697397 0 -0.09801694439812458
		outer loop
			vertex 23.298954010009766 12 3.0673654079437256
			vertex 23.449684143066406 12 1.5369735956192017
			vertex 23.298954010009766 0 3.0673654079437256
		endloop
	endfacet
	facet normal -0.9951847459697397 0 -0.09801694439812458
		outer loop
			vertex 23.449684143066406 0 1.5369735956192017
			vertex 23.298954010009766 0 3.0673654079437256
			vertex 23.449684143066406 12 1.5369735956192017
		endloop
	endfacet
	facet normal 0 -1 0
		outer loop
			vertex 23.298954010009766 0 3.0673654079437256
			vertex 23.449684143066406 0 1.5369735956192017
			vertex 25.77756690979004 0 3.393681049346924
		endloop
	endfacet
	facet normal 0 -1 0
		outer loop
			vertex 25.944332122802734 0 1.7004814147949219
			vertex 25.77756690979004 0 3.393681049346924
			vertex 23.449684143066406 0 1.5369735956192017
		endloop
	endfacet
	facet normal 0.9994645897903808 0 0.03271901213585235
		outer loop
			vertex 25.944332122802734 0 1.7004814147949219
			vertex 26 0 1.5920408818909386e-15
			vertex 25.944332122802734 12 1.7004814147949219
		endloop
	endfacet
	facet normal 0.9994645897903808 0 0.03271901213585235
		outer loop
			vertex 26 12 1.5920408818909386e-15
			vertex 25.944332122802734 12 1.7004814147949219
			vertex 26 0 1.5920408818909386e-15
		endloop
	endfacet
	facet normal 0.8317417960400034 -0.5544945462053699 0.02722834825417486
		outer loop
			vertex 25.944332122802734 12 1.7004814147949219
			vertex 26 12 1.5920408818909386e-15
			vertex 67.85440826416016 75 4.447412967681885
		endloop
	endfacet
	facet normal 0.8317418081704346 -0.5544945387802898 0.02722812891495929
		outer loop
			vertex 68 75 4.1637992458500115e-15
			vertex 67.85440826416016 75 4.447412967681885
			vertex 26 12 1.5920408818909386e-15
		endloop
	endfacet
	facet normal 0 -1 0
		outer loop
			vertex 67.85440826416016 75 4.447412967681885
			vertex 68 75 4.1637992458500115e-15
			vertex 73.84156036376953 75 4.839831352233887
		endloop
	endfacet
	facet normal 0 -1 0
		outer loop
			vertex 74 75 4.531193010457986e-15
			vertex 73.84156036376953 75 4.839831352233887
			vertex 68 75 4.1637992458500115e-15
		endloop
	endfacet
	facet normal 0.9994645877276641 0 0.032719075145400664
		outer loop
			vertex 73.84156036376953 75 4.839831352233887
			vertex 74 75 4.531193010457986e-15
			vertex 73.84156036376953 77.5 4.839831352233887
		endloop
	endfacet
	facet normal 0.9994645877276641 0 0.032719075145400664
		outer loop
			vertex 74 77.5 4.531193010457986e-15
			vertex 73.84156036376953 77.5 4.839831352233887
			vertex 74 75 4.531193010457986e-15
		endloop
	endfacet
	facet normal 0 1 0
		outer loop
			vertex 73.84156036376953 77.5 4.839831352233887
			vertex 74 77.5 4.531193010457986e-15
			vertex 65.35975646972656 77.5 4.283905029296875
		endloop
	endfacet
	facet normal 0 1 0
		outer loop
			vertex 65.5 77.5 4.010718369424531e-15
			vertex 65.35975646972656 77.5 4.283905029296875
			vertex 74 77.5 4.531193010457986e-15
		endloop
	endfacet
	facet normal -0.841484795041373 0.5395780297662588 -0.027547949247463108
		outer loop
			vertex 65.35975646972656 77.5 4.283905029296875
			vertex 65.5 77.5 4.010718369424531e-15
			vertex 23.449684143066406 12 1.5369735956192017
		endloop
	endfacet
	facet normal -0.8414847986441791 0.5395780388252751 -0.027547661756230066
		outer loop
			vertex 23.5 12 1.438960005465458e-15
			vertex 23.449684143066406 12 1.5369735956192017
			vertex 65.5 77.5 4.010718369424531e-15
		endloop
	endfacet
	facet normal -0.9994645757566489 0 -0.03271944082013109
		outer loop
			vertex 23.449684143066406 12 1.5369735956192017
			vertex 23.5 12 1.438960005465458e-15
			vertex 23.449684143066406 0 1.5369735956192017
		endloop
	endfacet
	facet normal -0.9994645757566489 0 -0.03271944082013109
		outer loop
			vertex 23.5 0 1.438960005465458e-15
			vertex 23.449684143066406 0 1.5369735956192017
			vertex 23.5 12 1.438960005465458e-15
		endloop
	endfacet
	facet normal 0 -1 0
		outer loop
			vertex 23.449684143066406 0 1.5369735956192017
			vertex 23.5 0 1.438960005465458e-15
			vertex 25.944332122802734 0 1.7004814147949219
		endloop
	endfacet
	facet normal 0 -1 0
		outer loop
			vertex 26 0 1.5920408818909386e-15
			vertex 25.944332122802734 0 1.7004814147949219
			vertex 23.5 0 1.438960005465458e-15
		endloop
	endfacet
	facet normal 0.9994645897903807 0 -0.03271901213585229
		outer loop
			vertex 26 0 1.5920408818909386e-15
			vertex 25.944332122802734 0 -1.7004814147949219
			vertex 26 12 1.5920408818909386e-15
		endloop
	endfacet
	facet normal 0.9994645897903807 0 -0.03271901213585229
		outer loop
			vertex 25.944332122802734 12 -1.7004814147949219
			vertex 26 12 1.5920408818909386e-15
			vertex 25.944332122802734 0 -1.7004814147949219
		endloop
	endfacet
	facet normal 0.8317418031940961 -0.5544945354627308 -0.027228348488375048
		outer loop
			vertex 26 12 1.5920408818909386e-15
			vertex 25.944332122802734 12 -1.7004814147949219
			vertex 68 75 4.1637992458500115e-15
		endloop
	endfacet
	facet normal 0.8317418054350464 -0.5544945428877696 -0.027228128825412812
		outer loop
			vertex 67.85440826416016 75 -4.447412967681885
			vertex 68 75 4.1637992458500115e-15
			vertex 25.944332122802734 12 -1.7004814147949219
		endloop
	endfacet
	facet normal 0 -1 0
		outer loop
			vertex 68 75 4.1637992458500115e-15
			vertex 67.85440826416016 75 -4.447412967681885
			vertex 74 75 4.531193010457986e-15
		endloop
	endfacet
	facet normal 0 -1 0
		outer loop
			vertex 73.84156036376953 75 -4.839831352233887
			vertex 74 75 4.531193010457986e-15
			vertex 67.85440826416016 75 -4.447412967681885
		endloop
	endfacet
	facet normal 0.9994645877276641 0 -0.03271907514540061
		outer loop
			vertex 74 75 4.531193010457986e-15
			vertex 73.84156036376953 75 -4.839831352233887
			vertex 74 77.5 4.531193010457986e-15
		endloop
	endfacet
	facet normal 0.9994645877276641 0 -0.03271907514540061
		outer loop
			vertex 73.84156036376953 77.5 -4.839831352233887
			vertex 74 77.5 4.531193010457986e-15
			vertex 73.84156036376953 75 -4.839831352233887
		endloop
	endfacet
	facet normal 0 1 0
		outer loop
			vertex 74 77.5 4.531193010457986e-15
			vertex 73.84156036376953 77.5 -4.839831352233887
			vertex 65.5 77.5 4.010718369424531e-15
		endloop
	endfacet
	facet normal 0 1 0
		outer loop
			vertex 65.35975646972656 77.5 -4.283905029296875
			vertex 65.5 77.5 4.010718369424531e-15
			vertex 73.84156036376953 77.5 -4.839831352233887
		endloop
	endfacet
	facet normal -0.8414847919770935 0.5395780345501974 0.027547949147146776
		outer loop
			vertex 65.5 77.5 4.010718369424531e-15
			vertex 65.35975646972656 77.5 -4.283905029296875
			vertex 23.5 12 1.438960005465458e-15
		endloop
	endfacet
	facet normal -0.8414848071850431 0.539578025491319 0.027547662035832022
		outer loop
			vertex 23.449684143066406 12 -1.5369735956192017
			vertex 23.5 12 1.438960005465458e-15
			vertex 65.35975646972656 77.5 -4.283905029296875
		endloop
	endfacet
	facet normal -0.9994645757566489 0 0.032719440820131035
		outer loop
			vertex 23.5 12 1.438960005465458e-15
			vertex 23.449684143066406 12 -1.5369735956192017
			vertex 23.5 0 1.438960005465458e-15
		endloop
	endfacet
	facet normal -0.9994645757566489 0 0.032719440820131035
		outer loop
			vertex 23.449684143066406 0 -1.5369735956192017
			vertex 23.5 0 1.438960005465458e-15
			vertex 23.449684143066406 12 -1.5369735956192017
		endloop
	endfacet
	facet normal 0 -1 0
		outer loop
			vertex 23.5 0 1.438960005465458e-15
			vertex 23.449684143066406 0 -1.5369735956192017
			vertex 26 0 1.5920408818909386e-15
		endloop
	endfacet
	facet normal 0 -1 0
		outer loop
			vertex 25.944332122802734 0 -1.7004814147949219
			vertex 26 0 1.5920408818909386e-15
			vertex 23.449684143066406 0 -1.5369735956192017
		endloop
	endfacet
	facet normal 0.9951847493275967 0 -0.09801691030515362
		outer loop
			vertex 25.944332122802734 0 -1.7004814147949219
			vertex 25.77756690979004 0 -3.393681049346924
			vertex 25.944332122802734 12 -1.7004814147949219
		endloop
	endfacet
	facet normal 0.9951847493275967 0 -0.09801691030515362
		outer loop
			vertex 25.77756690979004 12 -3.393681049346924
			vertex 25.944332122802734 12 -1.7004814147949219
			vertex 25.77756690979004 0 -3.393681049346924
		endloop
	endfacet
	facet normal 0.8281801643836906 -0.5544945500214313 -0.08156843334240245
		outer loop
			vertex 25.944332122802734 12 -1.7004814147949219
			vertex 25.77756690979004 12 -3.393681049346924
			vertex 67.85440826416016 75 -4.447412967681885
		endloop
	endfacet
	facet normal 0.8281801352285719 -0.5544945369827806 -0.08156881799460039
		outer loop
			vertex 67.41825103759766 75 -8.875781059265137
			vertex 67.85440826416016 75 -4.447412967681885
			vertex 25.77756690979004 12 -3.393681049346924
		endloop
	endfacet
	facet normal 0 -1 0
		outer loop
			vertex 67.85440826416016 75 -4.447412967681885
			vertex 67.41825103759766 75 -8.875781059265137
			vertex 73.84156036376953 75 -4.839831352233887
		endloop
	endfacet
	facet normal 0 -1 0
		outer loop
			vertex 73.3669204711914 75 -9.65893840789795
			vertex 73.84156036376953 75 -4.839831352233887
			vertex 67.41825103759766 75 -8.875781059265137
		endloop
	endfacet
	facet normal 0.9951847412616369 0 -0.09801699220037831
		outer loop
			vertex 73.84156036376953 75 -4.839831352233887
			vertex 73.3669204711914 75 -9.65893840789795
			vertex 73.84156036376953 77.5 -4.839831352233887
		endloop
	endfacet
	facet normal 0.9951847412616369 0 -0.09801699220037831
		outer loop
			vertex 73.3669204711914 77.5 -9.65893840789795
			vertex 73.84156036376953 77.5 -4.839831352233887
			vertex 73.3669204711914 75 -9.65893840789795
		endloop
	endfacet
	facet normal 0 1 0
		outer loop
			vertex 73.84156036376953 77.5 -4.839831352233887
			vertex 73.3669204711914 77.5 -9.65893840789795
			vertex 65.35975646972656 77.5 -4.283905029296875
		endloop
	endfacet
	facet normal 0 1 0
		outer loop
			vertex 64.93963623046875 77.5 -8.54946517944336
			vertex 65.35975646972656 77.5 -4.283905029296875
			vertex 73.3669204711914 77.5 -9.65893840789795
		endloop
	endfacet
	facet normal -0.8378814659332314 0.5395780233324885 0.08252397095501451
		outer loop
			vertex 65.35975646972656 77.5 -4.283905029296875
			vertex 64.93963623046875 77.5 -8.54946517944336
			vertex 23.449684143066406 12 -1.5369735956192017
		endloop
	endfacet
	facet normal -0.8378814678245946 0.5395780228278587 0.0825239550511353
		outer loop
			vertex 23.298954010009766 12 -3.0673654079437256
			vertex 23.449684143066406 12 -1.5369735956192017
			vertex 64.93963623046875 77.5 -8.54946517944336
		endloop
	endfacet
	facet normal -0.9951847459697397 0 0.09801694439812458
		outer loop
			vertex 23.449684143066406 12 -1.5369735956192017
			vertex 23.298954010009766 12 -3.0673654079437256
			vertex 23.449684143066406 0 -1.5369735956192017
		endloop
	endfacet
	facet normal -0.9951847459697397 0 0.09801694439812458
		outer loop
			vertex 23.298954010009766 0 -3.0673654079437256
			vertex 23.449684143066406 0 -1.5369735956192017
			vertex 23.298954010009766 12 -3.0673654079437256
		endloop
	endfacet
	facet normal 0 -1 0
		outer loop
			vertex 23.449684143066406 0 -1.5369735956192017
			vertex 23.298954010009766 0 -3.0673654079437256
			vertex 25.944332122802734 0 -1.7004814147949219
		endloop
	endfacet
	facet normal 0 -1 0
		outer loop
			vertex 25.77756690979004 0 -3.393681049346924
			vertex 25.944332122802734 0 -1.7004814147949219
			vertex 23.298954010009766 0 -3.0673654079437256
		endloop
	endfacet
	facet normal 0.9866433257525272 0 -0.16289551174907402
		outer loop
			vertex 25.77756690979004 0 -3.393681049346924
			vertex 25.500417709350586 0 -5.072348594665527
			vertex 25.77756690979004 12 -3.393681049346924
		endloop
	endfacet
	facet normal 0.9866433257525272 0 -0.16289551174907402
		outer loop
			vertex 25.500417709350586 12 -5.072348594665527
			vertex 25.77756690979004 12 -3.393681049346924
			vertex 25.500417709350586 0 -5.072348594665527
		endloop
	endfacet
	facet normal 0.8210721105247896 -0.5544945335402917 -0.13555958686976935
		outer loop
			vertex 25.77756690979004 12 -3.393681049346924
			vertex 25.500417709350586 12 -5.072348594665527
			vertex 67.41825103759766 75 -8.875781059265137
		endloop
	endfacet
	facet normal 0.8210720629393369 -0.55449452210343 -0.13555992187158605
		outer loop
			vertex 66.69339752197266 75 -13.266141891479492
			vertex 67.41825103759766 75 -8.875781059265137
			vertex 25.500417709350586 12 -5.072348594665527
		endloop
	endfacet
	facet normal 0 -1 0
		outer loop
			vertex 67.41825103759766 75 -8.875781059265137
			vertex 66.69339752197266 75 -13.266141891479492
			vertex 73.3669204711914 75 -9.65893840789795
		endloop
	endfacet
	facet normal 0 -1 0
		outer loop
			vertex 72.57810974121094 75 -14.436683654785156
			vertex 73.3669204711914 75 -9.65893840789795
			vertex 66.69339752197266 75 -13.266141891479492
		endloop
	endfacet
	facet normal 0.9866432724336323 0 -0.1628958346964508
		outer loop
			vertex 73.3669204711914 75 -9.65893840789795
			vertex 72.57810974121094 75 -14.436683654785156
			vertex 73.3669204711914 77.5 -9.65893840789795
		endloop
	endfacet
	facet normal 0.9866432724336323 0 -0.1628958346964508
		outer loop
			vertex 72.57810974121094 77.5 -14.436683654785156
			vertex 73.3669204711914 77.5 -9.65893840789795
			vertex 72.57810974121094 75 -14.436683654785156
		endloop
	endfacet
	facet normal 0 1 0
		outer loop
			vertex 73.3669204711914 77.5 -9.65893840789795
			vertex 72.57810974121094 77.5 -14.436683654785156
			vertex 64.93963623046875 77.5 -8.54946517944336
		endloop
	endfacet
	facet normal 0 1 0
		outer loop
			vertex 64.2414321899414 77.5 -12.77841567993164
			vertex 64.93963623046875 77.5 -8.54946517944336
			vertex 72.57810974121094 77.5 -14.436683654785156
		endloop
	endfacet
	facet normal -0.8306901016054425 0.5395780209806178 0.13714778295466523
		outer loop
			vertex 64.93963623046875 77.5 -8.54946517944336
			vertex 64.2414321899414 77.5 -12.77841567993164
			vertex 23.298954010009766 12 -3.0673654079437256
		endloop
	endfacet
	facet normal -0.83069019529017 0.5395780048315891 0.13714727904971694
		outer loop
			vertex 23.04845428466797 12 -4.584622383117676
			vertex 23.298954010009766 12 -3.0673654079437256
			vertex 64.2414321899414 77.5 -12.77841567993164
		endloop
	endfacet
	facet normal -0.9866433754659584 0 0.16289521063904833
		outer loop
			vertex 23.298954010009766 12 -3.0673654079437256
			vertex 23.04845428466797 12 -4.584622383117676
			vertex 23.298954010009766 0 -3.0673654079437256
		endloop
	endfacet
	facet normal -0.9866433754659584 0 0.16289521063904833
		outer loop
			vertex 23.04845428466797 0 -4.584622383117676
			vertex 23.298954010009766 0 -3.0673654079437256
			vertex 23.04845428466797 12 -4.584622383117676
		endloop
	endfacet
	facet normal 0 -1 0
		outer loop
			vertex 23.298954010009766 0 -3.0673654079437256
			vertex 23.04845428466797 0 -4.584622383117676
			vertex 25.77756690979004 0 -3.393681049346924
		endloop
	endfacet
	facet normal 0 -1 0
		outer loop
			vertex 25.500417709350586 0 -5.072348594665527
			vertex 25.77756690979004 0 -3.393681049346924
			vertex 23.04845428466797 0 -4.584622383117676
		endloop
	endfacet
	facet normal 0.9738768437145991 0 -0.22707684443044968
		outer loop
			vertex 25.500417709350586 0 -5.072348594665527
			vertex 25.114070892333984 0 -6.729295253753662
			vertex 25.500417709350586 12 -5.072348594665527
		endloop
	endfacet
	facet normal 0.9738768437145991 0 -0.22707684443044968
		outer loop
			vertex 25.114070892333984 12 -6.729295253753662
			vertex 25.500417709350586 12 -5.072348594665527
			vertex 25.114070892333984 0 -6.729295253753662
		endloop
	endfacet
	facet normal 0.8104480213258152 -0.5544945090954286 -0.18897048476439618
		outer loop
			vertex 25.500417709350586 12 -5.072348594665527
			vertex 25.114070892333984 12 -6.729295253753662
			vertex 66.69339752197266 75 -13.266141891479492
		endloop
	endfacet
	facet normal 0.8104480586897735 -0.5544945152534406 -0.18897030645005972
		outer loop
			vertex 65.68295288085938 75 -17.599695205688477
			vertex 66.69339752197266 75 -13.266141891479492
			vertex 25.114070892333984 12 -6.729295253753662
		endloop
	endfacet
	facet normal 0 -1 0
		outer loop
			vertex 66.69339752197266 75 -13.266141891479492
			vertex 65.68295288085938 75 -17.599695205688477
			vertex 72.57810974121094 75 -14.436683654785156
		endloop
	endfacet
	facet normal 0 -1 0
		outer loop
			vertex 71.47850799560547 75 -19.15260887145996
			vertex 72.57810974121094 75 -14.436683654785156
			vertex 65.68295288085938 75 -17.599695205688477
		endloop
	endfacet
	facet normal 0.9738768783883294 0 -0.22707669572328082
		outer loop
			vertex 72.57810974121094 75 -14.436683654785156
			vertex 71.47850799560547 75 -19.15260887145996
			vertex 72.57810974121094 77.5 -14.436683654785156
		endloop
	endfacet
	facet normal 0.9738768783883294 0 -0.22707669572328082
		outer loop
			vertex 71.47850799560547 77.5 -19.15260887145996
			vertex 72.57810974121094 77.5 -14.436683654785156
			vertex 71.47850799560547 75 -19.15260887145996
		endloop
	endfacet
	facet normal 0 1 0
		outer loop
			vertex 72.57810974121094 77.5 -14.436683654785156
			vertex 71.47850799560547 77.5 -19.15260887145996
			vertex 64.2414321899414 77.5 -12.77841567993164
		endloop
	endfacet
	facet normal 0 1 0
		outer loop
			vertex 63.26814270019531 77.5 -16.952648162841797
			vertex 64.2414321899414 77.5 -12.77841567993164
			vertex 71.47850799560547 77.5 -19.15260887145996
		endloop
	endfacet
	facet normal -0.8199419183946505 0.5395780227535222 0.19118265564820464
		outer loop
			vertex 64.2414321899414 77.5 -12.77841567993164
			vertex 63.26814270019531 77.5 -16.952648162841797
			vertex 23.04845428466797 12 -4.584622383117676
		endloop
	endfacet
	facet normal -0.8199416642033773 0.5395780552190921 0.19118365418983543
		outer loop
			vertex 22.699256896972656 12 -6.082247734069824
			vertex 23.04845428466797 12 -4.584622383117676
			vertex 63.26814270019531 77.5 -16.952648162841797
		endloop
	endfacet
	facet normal -0.9738769602316419 0 0.2270763447168751
		outer loop
			vertex 23.04845428466797 12 -4.584622383117676
			vertex 22.699256896972656 12 -6.082247734069824
			vertex 23.04845428466797 0 -4.584622383117676
		endloop
	endfacet
	facet normal -0.9738769602316419 0 0.2270763447168751
		outer loop
			vertex 22.699256896972656 0 -6.082247734069824
			vertex 23.04845428466797 0 -4.584622383117676
			vertex 22.699256896972656 12 -6.082247734069824
		endloop
	endfacet
	facet normal 0 -1 0
		outer loop
			vertex 23.04845428466797 0 -4.584622383117676
			vertex 22.699256896972656 0 -6.082247734069824
			vertex 25.500417709350586 0 -5.072348594665527
		endloop
	endfacet
	facet normal 0 -1 0
		outer loop
			vertex 25.114070892333984 0 -6.729295253753662
			vertex 25.500417709350586 0 -5.072348594665527
			vertex 22.699256896972656 0 -6.082247734069824
		endloop
	endfacet
	facet normal 0.9569405023634359 0 -0.29028412794435593
		outer loop
			vertex 25.114070892333984 0 -6.729295253753662
			vertex 24.62018394470215 0 -8.357425689697266
			vertex 25.114070892333984 12 -6.729295253753662
		endloop
	endfacet
	facet normal 0.9569405023634359 0 -0.29028412794435593
		outer loop
			vertex 24.62018394470215 12 -8.357425689697266
			vertex 25.114070892333984 12 -6.729295253753662
			vertex 24.62018394470215 0 -8.357425689697266
		endloop
	endfacet
	facet normal 0.7963538059635369 -0.5544945181702183 -0.24157078682358735
		outer loop
			vertex 25.114070892333984 12 -6.729295253753662
			vertex 24.62018394470215 12 -8.357425689697266
			vertex 65.68295288085938 75 -17.599695205688477
		endloop
	endfacet
	facet normal 0.796353918661658 -0.5544945323487402 -0.24157038276157475
		outer loop
			vertex 64.39125061035156 75 -21.85788345336914
			vertex 65.68295288085938 75 -17.599695205688477
			vertex 24.62018394470215 12 -8.357425689697266
		endloop
	endfacet
	facet normal 0 -1 0
		outer loop
			vertex 65.68295288085938 75 -17.599695205688477
			vertex 64.39125061035156 75 -21.85788345336914
			vertex 71.47850799560547 75 -19.15260887145996
		endloop
	endfacet
	facet normal 0 -1 0
		outer loop
			vertex 70.07283020019531 75 -23.78652000427246
			vertex 71.47850799560547 75 -19.15260887145996
			vertex 64.39125061035156 75 -21.85788345336914
		endloop
	endfacet
	facet normal 0.9569405525058438 0 -0.29028396264659645
		outer loop
			vertex 71.47850799560547 75 -19.15260887145996
			vertex 70.07283020019531 75 -23.78652000427246
			vertex 71.47850799560547 77.5 -19.15260887145996
		endloop
	endfacet
	facet normal 0.9569405525058438 0 -0.29028396264659645
		outer loop
			vertex 70.07283020019531 77.5 -23.78652000427246
			vertex 71.47850799560547 77.5 -19.15260887145996
			vertex 70.07283020019531 75 -23.78652000427246
		endloop
	endfacet
	facet normal 0 1 0
		outer loop
			vertex 71.47850799560547 77.5 -19.15260887145996
			vertex 70.07283020019531 77.5 -23.78652000427246
			vertex 63.26814270019531 77.5 -16.952648162841797
		endloop
	endfacet
	facet normal 0 1 0
		outer loop
			vertex 62.023921966552734 77.5 -21.054285049438477
			vertex 63.26814270019531 77.5 -16.952648162841797
			vertex 70.07283020019531 77.5 -23.78652000427246
		endloop
	endfacet
	facet normal -0.8056819706959332 0.5395780465167439 0.2444015012488511
		outer loop
			vertex 63.26814270019531 77.5 -16.952648162841797
			vertex 62.023921966552734 77.5 -21.054285049438477
			vertex 22.699256896972656 12 -6.082247734069824
		endloop
	endfacet
	facet normal -0.805681984933385 0.5395780450675781 0.2444014575137623
		outer loop
			vertex 22.252857208251953 12 -7.553827285766602
			vertex 22.699256896972656 12 -6.082247734069824
			vertex 62.023921966552734 77.5 -21.054285049438477
		endloop
	endfacet
	facet normal -0.9569401709809876 0 0.2902852203658986
		outer loop
			vertex 22.699256896972656 12 -6.082247734069824
			vertex 22.252857208251953 12 -7.553827285766602
			vertex 22.699256896972656 0 -6.082247734069824
		endloop
	endfacet
	facet normal -0.9569401709809876 0 0.2902852203658986
		outer loop
			vertex 22.252857208251953 0 -7.553827285766602
			vertex 22.699256896972656 0 -6.082247734069824
			vertex 22.252857208251953 12 -7.553827285766602
		endloop
	endfacet
	facet normal 0 -1 0
		outer loop
			vertex 22.699256896972656 0 -6.082247734069824
			vertex 22.252857208251953 0 -7.553827285766602
			vertex 25.114070892333984 0 -6.729295253753662
		endloop
	endfacet
	facet normal 0 -1 0
		outer loop
			vertex 24.62018394470215 0 -8.357425689697266
			vertex 25.114070892333984 0 -6.729295253753662
			vertex 22.252857208251953 0 -7.553827285766602
		endloop
	endfacet
	facet normal 0.9359059167909808 0 -0.35225007440117584
		outer loop
			vertex 24.62018394470215 0 -8.357425689697266
			vertex 24.0208683013916 0 -9.949769020080566
			vertex 24.62018394470215 12 -8.357425689697266
		endloop
	endfacet
	facet normal 0.9359059167909808 0 -0.35225007440117584
		outer loop
			vertex 24.0208683013916 12 -9.949769020080566
			vertex 24.62018394470215 12 -8.357425689697266
			vertex 24.0208683013916 0 -9.949769020080566
		endloop
	endfacet
	facet normal 0.7788490723822199 -0.5544945454337649 -0.293138058828188
		outer loop
			vertex 24.62018394470215 12 -8.357425689697266
			vertex 24.0208683013916 12 -9.949769020080566
			vertex 64.39125061035156 75 -21.85788345336914
		endloop
	endfacet
	facet normal 0.7788489150964222 -0.5544945293763685 -0.2931385070999814
		outer loop
			vertex 62.82380676269531 75 -26.02247428894043
			vertex 64.39125061035156 75 -21.85788345336914
			vertex 24.0208683013916 12 -9.949769020080566
		endloop
	endfacet
	facet normal 0 -1 0
		outer loop
			vertex 64.39125061035156 75 -21.85788345336914
			vertex 62.82380676269531 75 -26.02247428894043
			vertex 70.07283020019531 75 -23.78652000427246
		endloop
	endfacet
	facet normal 0 -1 0
		outer loop
			vertex 68.3670883178711 75 -28.318574905395508
			vertex 70.07283020019531 75 -23.78652000427246
			vertex 62.82380676269531 75 -26.02247428894043
		endloop
	endfacet
	facet normal 0.9359061172637291 0 -0.3522495417574468
		outer loop
			vertex 70.07283020019531 75 -23.78652000427246
			vertex 68.3670883178711 75 -28.318574905395508
			vertex 70.07283020019531 77.5 -23.78652000427246
		endloop
	endfacet
	facet normal 0.9359061172637291 0 -0.3522495417574468
		outer loop
			vertex 68.3670883178711 77.5 -28.318574905395508
			vertex 70.07283020019531 77.5 -23.78652000427246
			vertex 68.3670883178711 75 -28.318574905395508
		endloop
	endfacet
	facet normal 0 1 0
		outer loop
			vertex 70.07283020019531 77.5 -23.78652000427246
			vertex 68.3670883178711 77.5 -28.318574905395508
			vertex 62.023921966552734 77.5 -21.054285049438477
		endloop
	endfacet
	facet normal 0 1 0
		outer loop
			vertex 60.51411056518555 77.5 -25.065765380859375
			vertex 62.023921966552734 77.5 -21.054285049438477
			vertex 68.3670883178711 77.5 -28.318574905395508
		endloop
	endfacet
	facet normal -0.7879726923757918 0.5395780461042261 0.29657135436921667
		outer loop
			vertex 62.023921966552734 77.5 -21.054285049438477
			vertex 60.51411056518555 77.5 -25.065765380859375
			vertex 22.252857208251953 12 -7.553827285766602
		endloop
	endfacet
	facet normal -0.7879725561014246 0.5395780576752658 0.2965716953897909
		outer loop
			vertex 21.71116828918457 12 -8.993061065673828
			vertex 22.252857208251953 12 -7.553827285766602
			vertex 60.51411056518555 77.5 -25.065765380859375
		endloop
	endfacet
	facet normal -0.9359059950469871 0 0.3522498664799024
		outer loop
			vertex 22.252857208251953 12 -7.553827285766602
			vertex 21.71116828918457 12 -8.993061065673828
			vertex 22.252857208251953 0 -7.553827285766602
		endloop
	endfacet
	facet normal -0.9359059950469871 0 0.3522498664799024
		outer loop
			vertex 21.71116828918457 0 -8.993061065673828
			vertex 22.252857208251953 0 -7.553827285766602
			vertex 21.71116828918457 12 -8.993061065673828
		endloop
	endfacet
	facet normal 0 -1 0
		outer loop
			vertex 22.252857208251953 0 -7.553827285766602
			vertex 21.71116828918457 0 -8.993061065673828
			vertex 24.62018394470215 0 -8.357425689697266
		endloop
	endfacet
	facet normal 0 -1 0
		outer loop
			vertex 24.0208683013916 0 -9.949769020080566
			vertex 24.62018394470215 0 -8.357425689697266
			vertex 21.71116828918457 0 -8.993061065673828
		endloop
	endfacet
	facet normal 0.9108637456331394 0 -0.4127072047967755
		outer loop
			vertex 24.0208683013916 0 -9.949769020080566
			vertex 23.31869125366211 0 -11.499505996704102
			vertex 24.0208683013916 12 -9.949769020080566
		endloop
	endfacet
	facet normal 0.9108637456331394 0 -0.4127072047967755
		outer loop
			vertex 23.31869125366211 12 -11.499505996704102
			vertex 24.0208683013916 12 -9.949769020080566
			vertex 23.31869125366211 0 -11.499505996704102
		endloop
	endfacet
	facet normal 0.7580093092680581 -0.5544945204809184 -0.34344972531594525
		outer loop
			vertex 24.0208683013916 12 -9.949769020080566
			vertex 23.31869125366211 12 -11.499505996704102
			vertex 62.82380676269531 75 -26.02247428894043
		endloop
	endfacet
	facet normal 0.7580094342486213 -0.5544945312549643 -0.34344943208341805
		outer loop
			vertex 60.98734664916992 75 -30.07563018798828
			vertex 62.82380676269531 75 -26.02247428894043
			vertex 23.31869125366211 12 -11.499505996704102
		endloop
	endfacet
	facet normal 0 -1 0
		outer loop
			vertex 62.82380676269531 75 -26.02247428894043
			vertex 60.98734664916992 75 -30.07563018798828
			vertex 68.3670883178711 75 -28.318574905395508
		endloop
	endfacet
	facet normal 0 -1 0
		outer loop
			vertex 66.36858367919922 75 -32.72936248779297
			vertex 68.3670883178711 75 -28.318574905395508
			vertex 60.98734664916992 75 -30.07563018798828
		endloop
	endfacet
	facet normal 0.9108636086929114 0 -0.41270750703001136
		outer loop
			vertex 68.3670883178711 75 -28.318574905395508
			vertex 66.36858367919922 75 -32.72936248779297
			vertex 68.3670883178711 77.5 -28.318574905395508
		endloop
	endfacet
	facet normal 0.9108636086929114 0 -0.41270750703001136
		outer loop
			vertex 66.36858367919922 77.5 -32.72936248779297
			vertex 68.3670883178711 77.5 -28.318574905395508
			vertex 66.36858367919922 75 -32.72936248779297
		endloop
	endfacet
	facet normal 0 1 0
		outer loop
			vertex 68.3670883178711 77.5 -28.318574905395508
			vertex 66.36858367919922 77.5 -32.72936248779297
			vertex 60.51411056518555 77.5 -25.065765380859375
		endloop
	endfacet
	facet normal 0 1 0
		outer loop
			vertex 58.74516296386719 77.5 -28.96990966796875
			vertex 60.51411056518555 77.5 -25.065765380859375
			vertex 66.36858367919922 77.5 -32.72936248779297
		endloop
	endfacet
	facet normal -0.7668884556805804 0.5395780521994173 0.3474731962735215
		outer loop
			vertex 60.51411056518555 77.5 -25.065765380859375
			vertex 58.74516296386719 77.5 -28.96990966796875
			vertex 21.71116828918457 12 -8.993061065673828
		endloop
	endfacet
	facet normal -0.7668888311842279 0.5395780247495936 0.34747241014534624
		outer loop
			vertex 21.076509475708008 12 -10.393784523010254
			vertex 21.71116828918457 12 -8.993061065673828
			vertex 58.74516296386719 77.5 -28.96990966796875
		endloop
	endfacet
	facet normal -0.9108640029323254 0 0.41270663692519044
		outer loop
			vertex 21.71116828918457 12 -8.993061065673828
			vertex 21.076509475708008 12 -10.393784523010254
			vertex 21.71116828918457 0 -8.993061065673828
		endloop
	endfacet
	facet normal -0.9108640029323254 0 0.41270663692519044
		outer loop
			vertex 21.076509475708008 0 -10.393784523010254
			vertex 21.71116828918457 0 -8.993061065673828
			vertex 21.076509475708008 12 -10.393784523010254
		endloop
	endfacet
	facet normal 0 -1 0
		outer loop
			vertex 21.71116828918457 0 -8.993061065673828
			vertex 21.076509475708008 0 -10.393784523010254
			vertex 24.0208683013916 0 -9.949769020080566
		endloop
	endfacet
	facet normal 0 -1 0
		outer loop
			vertex 23.31869125366211 0 -11.499505996704102
			vertex 24.0208683013916 0 -9.949769020080566
			vertex 21.076509475708008 0 -10.393784523010254
		endloop
	endfacet
	facet normal 0.8819213109787317 0 -0.4713966495866888
		outer loop
			vertex 23.31869125366211 0 -11.499505996704102
			vertex 22.516660690307617 0 -13
			vertex 23.31869125366211 12 -11.499505996704102
		endloop
	endfacet
	facet normal 0.8819213109787317 0 -0.4713966495866888
		outer loop
			vertex 22.516660690307617 12 -13
			vertex 23.31869125366211 12 -11.499505996704102
			vertex 22.516660690307617 0 -13
		endloop
	endfacet
	facet normal 0.7339237723722953 -0.5544945344024301 -0.3922903359307382
		outer loop
			vertex 23.31869125366211 12 -11.499505996704102
			vertex 22.516660690307617 12 -13
			vertex 60.98734664916992 75 -30.07563018798828
		endloop
	endfacet
	facet normal 0.7339238292676457 -0.5544945386625364 -0.39229022346540404
		outer loop
			vertex 58.88972854614258 75 -34
			vertex 60.98734664916992 75 -30.07563018798828
			vertex 22.516660690307617 12 -13
		endloop
	endfacet
	facet normal 0 -1 0
		outer loop
			vertex 60.98734664916992 75 -30.07563018798828
			vertex 58.88972854614258 75 -34
			vertex 66.36858367919922 75 -32.72936248779297
		endloop
	endfacet
	facet normal 0 -1 0
		outer loop
			vertex 64.08587646484375 75 -37
			vertex 66.36858367919922 75 -32.72936248779297
			vertex 58.88972854614258 75 -34
		endloop
	endfacet
	facet normal 0.8819209289674844 0 -0.4713973642789375
		outer loop
			vertex 66.36858367919922 75 -32.72936248779297
			vertex 64.08587646484375 75 -37
			vertex 66.36858367919922 77.5 -32.72936248779297
		endloop
	endfacet
	facet normal 0.8819209289674844 0 -0.4713973642789375
		outer loop
			vertex 64.08587646484375 77.5 -37
			vertex 66.36858367919922 77.5 -32.72936248779297
			vertex 64.08587646484375 75 -37
		endloop
	endfacet
	facet normal 0 1 0
		outer loop
			vertex 66.36858367919922 77.5 -32.72936248779297
			vertex 64.08587646484375 77.5 -37
			vertex 58.74516296386719 77.5 -28.96990966796875
		endloop
	endfacet
	facet normal 0 1 0
		outer loop
			vertex 56.72466278076172 77.5 -32.75
			vertex 58.74516296386719 77.5 -28.96990966796875
			vertex 64.08587646484375 77.5 -37
		endloop
	endfacet
	facet normal -0.7425209214323848 0.5395780311709001 0.3968856630226614
		outer loop
			vertex 58.74516296386719 77.5 -28.96990966796875
			vertex 56.72466278076172 77.5 -32.75
			vertex 21.076509475708008 12 -10.393784523010254
		endloop
	endfacet
	facet normal -0.7425208179873449 0.5395780378347084 0.3968858474950327
		outer loop
			vertex 20.35159683227539 12 -11.75
			vertex 21.076509475708008 12 -10.393784523010254
			vertex 56.72466278076172 77.5 -32.75
		endloop
	endfacet
	facet normal -0.881921164798647 0 0.4713969230703549
		outer loop
			vertex 21.076509475708008 12 -10.393784523010254
			vertex 20.35159683227539 12 -11.75
			vertex 21.076509475708008 0 -10.393784523010254
		endloop
	endfacet
	facet normal -0.881921164798647 0 0.4713969230703549
		outer loop
			vertex 20.35159683227539 0 -11.75
			vertex 21.076509475708008 0 -10.393784523010254
			vertex 20.35159683227539 12 -11.75
		endloop
	endfacet
	facet normal 0 -1 0
		outer loop
			vertex 21.076509475708008 0 -10.393784523010254
			vertex 20.35159683227539 0 -11.75
			vertex 23.31869125366211 0 -11.499505996704102
		endloop
	endfacet
	facet normal 0 -1 0
		outer loop
			vertex 22.516660690307617 0 -13
			vertex 23.31869125366211 0 -11.499505996704102
			vertex 20.35159683227539 0 -11.75
		endloop
	endfacet
	facet normal 0.8492021206730429 0 -0.5280679485108017
		outer loop
			vertex 22.516660690307617 0 -13
			vertex 21.618209838867188 0 -14.444826126098633
			vertex 22.516660690307617 12 -13
		endloop
	endfacet
	facet normal 0.8492021206730429 0 -0.5280679485108017
		outer loop
			vertex 21.618209838867188 12 -14.444826126098633
			vertex 22.516660690307617 12 -13
			vertex 21.618209838867188 0 -14.444826126098633
		endloop
	endfacet
	facet normal 0.7066952723705475 -0.5544945400924097 -0.43945147288048175
		outer loop
			vertex 22.516660690307617 12 -13
			vertex 21.618209838867188 12 -14.444826126098633
			vertex 58.88972854614258 75 -34
		endloop
	endfacet
	facet normal 0.7066950415720303 -0.5544945247603241 -0.4394518633801984
		outer loop
			vertex 56.53993225097656 75 -37.77877426147461
			vertex 58.88972854614258 75 -34
			vertex 21.618209838867188 12 -14.444826126098633
		endloop
	endfacet
	facet normal 0 -1 0
		outer loop
			vertex 58.88972854614258 75 -34
			vertex 56.53993225097656 75 -37.77877426147461
			vertex 64.08587646484375 75 -37
		endloop
	endfacet
	facet normal 0 -1 0
		outer loop
			vertex 61.528751373291016 75 -41.11219787597656
			vertex 64.08587646484375 75 -37
			vertex 56.53993225097656 75 -37.77877426147461
		endloop
	endfacet
	facet normal 0.8492025400438684 0 -0.5280672741072318
		outer loop
			vertex 64.08587646484375 75 -37
			vertex 61.528751373291016 75 -41.11219787597656
			vertex 64.08587646484375 77.5 -37
		endloop
	endfacet
	facet normal 0.8492025400438684 0 -0.5280672741072318
		outer loop
			vertex 61.528751373291016 77.5 -41.11219787597656
			vertex 64.08587646484375 77.5 -37
			vertex 61.528751373291016 75 -41.11219787597656
		endloop
	endfacet
	facet normal 0 1 0
		outer loop
			vertex 64.08587646484375 77.5 -37
			vertex 61.528751373291016 77.5 -41.11219787597656
			vertex 56.72466278076172 77.5 -32.75
		endloop
	endfacet
	facet normal 0 1 0
		outer loop
			vertex 54.46125793457031 77.5 -36.38985061645508
			vertex 56.72466278076172 77.5 -32.75
			vertex 61.528751373291016 77.5 -41.11219787597656
		endloop
	endfacet
	facet normal -0.7149735180610682 0.5395780347866961 0.4445991597462893
		outer loop
			vertex 56.72466278076172 77.5 -32.75
			vertex 54.46125793457031 77.5 -36.38985061645508
			vertex 20.35159683227539 12 -11.75
		endloop
	endfacet
	facet normal -0.7149735060892871 0.5395780354786784 0.4445991781586672
		outer loop
			vertex 19.539535522460938 12 -13.055900573730469
			vertex 20.35159683227539 12 -11.75
			vertex 54.46125793457031 77.5 -36.38985061645508
		endloop
	endfacet
	facet normal -0.8492021380205316 0 0.5280679206137769
		outer loop
			vertex 20.35159683227539 12 -11.75
			vertex 19.539535522460938 12 -13.055900573730469
			vertex 20.35159683227539 0 -11.75
		endloop
	endfacet
	facet normal -0.8492021380205316 0 0.5280679206137769
		outer loop
			vertex 19.539535522460938 0 -13.055900573730469
			vertex 20.35159683227539 0 -11.75
			vertex 19.539535522460938 12 -13.055900573730469
		endloop
	endfacet
	facet normal 0 -1 0
		outer loop
			vertex 20.35159683227539 0 -11.75
			vertex 19.539535522460938 0 -13.055900573730469
			vertex 22.516660690307617 0 -13
		endloop
	endfacet
	facet normal 0 -1 0
		outer loop
			vertex 21.618209838867188 0 -14.444826126098633
			vertex 22.516660690307617 0 -13
			vertex 19.539535522460938 0 -13.055900573730469
		endloop
	endfacet
	facet normal 0.8128468953953951 0 -0.5824774026913557
		outer loop
			vertex 21.618209838867188 0 -14.444826126098633
			vertex 20.627187728881836 0 -15.827796936035156
			vertex 21.618209838867188 12 -14.444826126098633
		endloop
	endfacet
	facet normal 0.8128468953953951 0 -0.5824774026913557
		outer loop
			vertex 20.627187728881836 12 -15.827796936035156
			vertex 21.618209838867188 12 -14.444826126098633
			vertex 20.627187728881836 0 -15.827796936035156
		endloop
	endfacet
	facet normal 0.6764409239069062 -0.5544945206227353 -0.4847303405640441
		outer loop
			vertex 21.618209838867188 12 -14.444826126098633
			vertex 20.627187728881836 12 -15.827796936035156
			vertex 56.53993225097656 75 -37.77877426147461
		endloop
	endfacet
	facet normal 0.6764411835104434 -0.5544945361798983 -0.4847299604910246
		outer loop
			vertex 53.948028564453125 75 -41.39577865600586
			vertex 56.53993225097656 75 -37.77877426147461
			vertex 20.627187728881836 12 -15.827796936035156
		endloop
	endfacet
	facet normal 0 -1 0
		outer loop
			vertex 56.53993225097656 75 -37.77877426147461
			vertex 53.948028564453125 75 -41.39577865600586
			vertex 61.528751373291016 75 -41.11219787597656
		endloop
	endfacet
	facet normal 0 -1 0
		outer loop
			vertex 58.70814895629883 75 -45.04834747314453
			vertex 61.528751373291016 75 -41.11219787597656
			vertex 53.948028564453125 75 -41.39577865600586
		endloop
	endfacet
	facet normal 0.8128469286144081 0 -0.5824773563342384
		outer loop
			vertex 61.528751373291016 75 -41.11219787597656
			vertex 58.70814895629883 75 -45.04834747314453
			vertex 61.528751373291016 77.5 -41.11219787597656
		endloop
	endfacet
	facet normal 0.8128469286144081 0 -0.5824773563342384
		outer loop
			vertex 58.70814895629883 77.5 -45.04834747314453
			vertex 61.528751373291016 77.5 -41.11219787597656
			vertex 58.70814895629883 75 -45.04834747314453
		endloop
	endfacet
	facet normal 0 1 0
		outer loop
			vertex 61.528751373291016 77.5 -41.11219787597656
			vertex 58.70814895629883 77.5 -45.04834747314453
			vertex 54.46125793457031 77.5 -36.38985061645508
		endloop
	endfacet
	facet normal 0 1 0
		outer loop
			vertex 51.96464538574219 77.5 -39.87387466430664
			vertex 54.46125793457031 77.5 -36.38985061645508
			vertex 58.70814895629883 77.5 -45.04834747314453
		endloop
	endfacet
	facet normal -0.6843649026821758 0.5395780439749301 0.4904082120407492
		outer loop
			vertex 54.46125793457031 77.5 -36.38985061645508
			vertex 51.96464538574219 77.5 -39.87387466430664
			vertex 19.539535522460938 12 -13.055900573730469
		endloop
	endfacet
	facet normal -0.6843644533430124 0.5395780676195957 0.4904088130778473
		outer loop
			vertex 18.643802642822266 12 -14.305893898010254
			vertex 19.539535522460938 12 -13.055900573730469
			vertex 51.96464538574219 77.5 -39.87387466430664
		endloop
	endfacet
	facet normal -0.8128465827516234 0 0.58247783898532
		outer loop
			vertex 19.539535522460938 12 -13.055900573730469
			vertex 18.643802642822266 12 -14.305893898010254
			vertex 19.539535522460938 0 -13.055900573730469
		endloop
	endfacet
	facet normal -0.8128465827516234 0 0.58247783898532
		outer loop
			vertex 18.643802642822266 0 -14.305893898010254
			vertex 19.539535522460938 0 -13.055900573730469
			vertex 18.643802642822266 12 -14.305893898010254
		endloop
	endfacet
	facet normal 0 -1 0
		outer loop
			vertex 19.539535522460938 0 -13.055900573730469
			vertex 18.643802642822266 0 -14.305893898010254
			vertex 21.618209838867188 0 -14.444826126098633
		endloop
	endfacet
	facet normal 0 -1 0
		outer loop
			vertex 20.627187728881836 0 -15.827796936035156
			vertex 21.618209838867188 0 -14.444826126098633
			vertex 18.643802642822266 0 -14.305893898010254
		endloop
	endfacet
	facet normal 0.7730102742013117 0 -0.6343935024724109
		outer loop
			vertex 20.627187728881836 0 -15.827796936035156
			vertex 19.547834396362305 0 -17.14299201965332
			vertex 20.627187728881836 12 -15.827796936035156
		endloop
	endfacet
	facet normal 0.7730102742013117 0 -0.6343935024724109
		outer loop
			vertex 19.547834396362305 12 -17.14299201965332
			vertex 20.627187728881836 12 -15.827796936035156
			vertex 19.547834396362305 0 -17.14299201965332
		endloop
	endfacet
	facet normal 0.643289378276463 -0.5544945447406523 -0.5279342531504643
		outer loop
			vertex 20.627187728881836 12 -15.827796936035156
			vertex 19.547834396362305 12 -17.14299201965332
			vertex 53.948028564453125 75 -41.39577865600586
		endloop
	endfacet
	facet normal 0.6432891795470429 -0.5544945338507292 -0.5279345067405189
		outer loop
			vertex 51.12510681152344 75 -44.835514068603516
			vertex 53.948028564453125 75 -41.39577865600586
			vertex 19.547834396362305 12 -17.14299201965332
		endloop
	endfacet
	facet normal 0 -1 0
		outer loop
			vertex 53.948028564453125 75 -41.39577865600586
			vertex 51.12510681152344 75 -44.835514068603516
			vertex 58.70814895629883 75 -45.04834747314453
		endloop
	endfacet
	facet normal 0 -1 0
		outer loop
			vertex 55.636146545410156 75 -48.79159164428711
			vertex 58.70814895629883 75 -45.04834747314453
			vertex 51.12510681152344 75 -44.835514068603516
		endloop
	endfacet
	facet normal 0.7730103206241044 0 -0.6343934459061028
		outer loop
			vertex 58.70814895629883 75 -45.04834747314453
			vertex 55.636146545410156 75 -48.79159164428711
			vertex 58.70814895629883 77.5 -45.04834747314453
		endloop
	endfacet
	facet normal 0.7730103206241044 0 -0.6343934459061028
		outer loop
			vertex 55.636146545410156 77.5 -48.79159164428711
			vertex 58.70814895629883 77.5 -45.04834747314453
			vertex 55.636146545410156 75 -48.79159164428711
		endloop
	endfacet
	facet normal 0 1 0
		outer loop
			vertex 58.70814895629883 77.5 -45.04834747314453
			vertex 55.636146545410156 77.5 -48.79159164428711
			vertex 51.96464538574219 77.5 -39.87387466430664
		endloop
	endfacet
	facet normal 0 1 0
		outer loop
			vertex 49.245506286621094 77.5 -43.18714904785156
			vertex 51.96464538574219 77.5 -39.87387466430664
			vertex 55.636146545410156 77.5 -48.79159164428711
		endloop
	endfacet
	facet normal -0.6508245161979681 0.5395780534131216 0.5341188757108173
		outer loop
			vertex 51.96464538574219 77.5 -39.87387466430664
			vertex 49.245506286621094 77.5 -43.18714904785156
			vertex 18.643802642822266 12 -14.305893898010254
		endloop
	endfacet
	facet normal -0.6508253425829801 0.5395780133475274 0.534117909233235
		outer loop
			vertex 17.668235778808594 12 -15.494626998901367
			vertex 18.643802642822266 12 -14.305893898010254
			vertex 49.245506286621094 77.5 -43.18714904785156
		endloop
	endfacet
	facet normal -0.7730108296066383 0 0.6343928257088484
		outer loop
			vertex 18.643802642822266 12 -14.305893898010254
			vertex 17.668235778808594 12 -15.494626998901367
			vertex 18.643802642822266 0 -14.305893898010254
		endloop
	endfacet
	facet normal -0.7730108296066383 0 0.6343928257088484
		outer loop
			vertex 17.668235778808594 0 -15.494626998901367
			vertex 18.643802642822266 0 -14.305893898010254
			vertex 17.668235778808594 12 -15.494626998901367
		endloop
	endfacet
	facet normal 0 -1 0
		outer loop
			vertex 18.643802642822266 0 -14.305893898010254
			vertex 17.668235778808594 0 -15.494626998901367
			vertex 20.627187728881836 0 -15.827796936035156
		endloop
	endfacet
	facet normal 0 -1 0
		outer loop
			vertex 19.547834396362305 0 -17.14299201965332
			vertex 20.627187728881836 0 -15.827796936035156
			vertex 17.668235778808594 0 -15.494626998901367
		endloop
	endfacet
	facet normal 0.7298644515403371 0 -0.6835918975366246
		outer loop
			vertex 19.547834396362305 0 -17.14299201965332
			vertex 18.384777069091797 0 -18.384777069091797
			vertex 19.547834396362305 12 -17.14299201965332
		endloop
	endfacet
	facet normal 0.7298644515403371 0 -0.6835918975366246
		outer loop
			vertex 18.384777069091797 12 -18.384777069091797
			vertex 19.547834396362305 12 -17.14299201965332
			vertex 18.384777069091797 0 -18.384777069091797
		endloop
	endfacet
	facet normal 0.6073839766556993 -0.5544945312203974 -0.5688765417457294
		outer loop
			vertex 19.547834396362305 12 -17.14299201965332
			vertex 18.384777069091797 12 -18.384777069091797
			vertex 51.12510681152344 75 -44.835514068603516
		endloop
	endfacet
	facet normal 0.6073835223871735 -0.5544945081996822 -0.5688770492021478
		outer loop
			vertex 48.08325958251953 75 -48.08325958251953
			vertex 51.12510681152344 75 -44.835514068603516
			vertex 18.384777069091797 12 -18.384777069091797
		endloop
	endfacet
	facet normal 0 -1 0
		outer loop
			vertex 51.12510681152344 75 -44.835514068603516
			vertex 48.08325958251953 75 -48.08325958251953
			vertex 55.636146545410156 75 -48.79159164428711
		endloop
	endfacet
	facet normal 0 -1 0
		outer loop
			vertex 52.32590103149414 75 -52.32590103149414
			vertex 55.636146545410156 75 -48.79159164428711
			vertex 48.08325958251953 75 -48.08325958251953
		endloop
	endfacet
	facet normal 0.7298637081534891 0 -0.6835926912427008
		outer loop
			vertex 55.636146545410156 75 -48.79159164428711
			vertex 52.32590103149414 75 -52.32590103149414
			vertex 55.636146545410156 77.5 -48.79159164428711
		endloop
	endfacet
	facet normal 0.7298637081534891 0 -0.6835926912427008
		outer loop
			vertex 52.32590103149414 77.5 -52.32590103149414
			vertex 55.636146545410156 77.5 -48.79159164428711
			vertex 52.32590103149414 75 -52.32590103149414
		endloop
	endfacet
	facet normal 0 1 0
		outer loop
			vertex 55.636146545410156 77.5 -48.79159164428711
			vertex 52.32590103149414 77.5 -52.32590103149414
			vertex 49.245506286621094 77.5 -43.18714904785156
		endloop
	endfacet
	facet normal 0 1 0
		outer loop
			vertex 46.315494537353516 77.5 -46.315494537353516
			vertex 49.245506286621094 77.5 -43.18714904785156
			vertex 52.32590103149414 77.5 -52.32590103149414
		endloop
	endfacet
	facet normal -0.6144988920612515 0.5395780279021721 0.5755403230536479
		outer loop
			vertex 49.245506286621094 77.5 -43.18714904785156
			vertex 46.315494537353516 77.5 -46.315494537353516
			vertex 17.668235778808594 12 -15.494626998901367
		endloop
	endfacet
	facet normal -0.6144987728065084 0.5395780332839258 0.5755404453352918
		outer loop
			vertex 16.61701011657715 12 -16.61701011657715
			vertex 17.668235778808594 12 -15.494626998901367
			vertex 46.315494537353516 77.5 -46.315494537353516
		endloop
	endfacet
	facet normal -0.7298643465277127 0 0.6835920096575697
		outer loop
			vertex 17.668235778808594 12 -15.494626998901367
			vertex 16.61701011657715 12 -16.61701011657715
			vertex 17.668235778808594 0 -15.494626998901367
		endloop
	endfacet
	facet normal -0.7298643465277127 0 0.6835920096575697
		outer loop
			vertex 16.61701011657715 0 -16.61701011657715
			vertex 17.668235778808594 0 -15.494626998901367
			vertex 16.61701011657715 12 -16.61701011657715
		endloop
	endfacet
	facet normal 0 -1 0
		outer loop
			vertex 17.668235778808594 0 -15.494626998901367
			vertex 16.61701011657715 0 -16.61701011657715
			vertex 19.547834396362305 0 -17.14299201965332
		endloop
	endfacet
	facet normal 0 -1 0
		outer loop
			vertex 18.384777069091797 0 -18.384777069091797
			vertex 19.547834396362305 0 -17.14299201965332
			vertex 16.61701011657715 0 -16.61701011657715
		endloop
	endfacet
	facet normal 0.6835918975366246 0 -0.7298644515403371
		outer loop
			vertex 18.384777069091797 0 -18.384777069091797
			vertex 17.14299201965332 0 -19.547834396362305
			vertex 18.384777069091797 12 -18.384777069091797
		endloop
	endfacet
	facet normal 0.6835918975366246 0 -0.7298644515403371
		outer loop
			vertex 17.14299201965332 12 -19.547834396362305
			vertex 18.384777069091797 12 -18.384777069091797
			vertex 17.14299201965332 0 -19.547834396362305
		endloop
	endfacet
	facet normal 0.5688765569163631 -0.5544944979137681 -0.6073839928532381
		outer loop
			vertex 18.384777069091797 12 -18.384777069091797
			vertex 17.14299201965332 12 -19.547834396362305
			vertex 48.08325958251953 75 -48.08325958251953
		endloop
	endfacet
	facet normal 0.5688770434016107 -0.55449452093456 -0.6073835161940064
		outer loop
			vertex 44.835514068603516 75 -51.12510681152344
			vertex 48.08325958251953 75 -48.08325958251953
			vertex 17.14299201965332 12 -19.547834396362305
		endloop
	endfacet
	facet normal 0 -1 0
		outer loop
			vertex 48.08325958251953 75 -48.08325958251953
			vertex 44.835514068603516 75 -51.12510681152344
			vertex 52.32590103149414 75 -52.32590103149414
		endloop
	endfacet
	facet normal 0 -1 0
		outer loop
			vertex 48.79159164428711 75 -55.636146545410156
			vertex 52.32590103149414 75 -52.32590103149414
			vertex 44.835514068603516 75 -51.12510681152344
		endloop
	endfacet
	facet normal 0.6835926912427008 0 -0.7298637081534891
		outer loop
			vertex 52.32590103149414 75 -52.32590103149414
			vertex 48.79159164428711 75 -55.636146545410156
			vertex 52.32590103149414 77.5 -52.32590103149414
		endloop
	endfacet
	facet normal 0.6835926912427008 0 -0.7298637081534891
		outer loop
			vertex 48.79159164428711 77.5 -55.636146545410156
			vertex 52.32590103149414 77.5 -52.32590103149414
			vertex 48.79159164428711 75 -55.636146545410156
		endloop
	endfacet
	facet normal 0 1 0
		outer loop
			vertex 52.32590103149414 77.5 -52.32590103149414
			vertex 48.79159164428711 77.5 -55.636146545410156
			vertex 46.315494537353516 77.5 -46.315494537353516
		endloop
	endfacet
	facet normal 0 1 0
		outer loop
			vertex 43.18714904785156 77.5 -49.245506286621094
			vertex 46.315494537353516 77.5 -46.315494537353516
			vertex 48.79159164428711 77.5 -55.636146545410156
		endloop
	endfacet
	facet normal -0.5755403218085576 0.5395780307442013 0.6144988907318807
		outer loop
			vertex 46.315494537353516 77.5 -46.315494537353516
			vertex 43.18714904785156 77.5 -49.245506286621094
			vertex 16.61701011657715 12 -16.61701011657715
		endloop
	endfacet
	facet normal -0.5755404488056506 0.5395780253625242 0.6144987765117759
		outer loop
			vertex 15.494626998901367 12 -17.668235778808594
			vertex 16.61701011657715 12 -16.61701011657715
			vertex 43.18714904785156 77.5 -49.245506286621094
		endloop
	endfacet
	facet normal -0.6835920096575697 0 0.7298643465277127
		outer loop
			vertex 16.61701011657715 12 -16.61701011657715
			vertex 15.494626998901367 12 -17.668235778808594
			vertex 16.61701011657715 0 -16.61701011657715
		endloop
	endfacet
	facet normal -0.6835920096575697 0 0.7298643465277127
		outer loop
			vertex 15.494626998901367 0 -17.668235778808594
			vertex 16.61701011657715 0 -16.61701011657715
			vertex 15.494626998901367 12 -17.668235778808594
		endloop
	endfacet
	facet normal 0 -1 0
		outer loop
			vertex 16.61701011657715 0 -16.61701011657715
			vertex 15.494626998901367 0 -17.668235778808594
			vertex 18.384777069091797 0 -18.384777069091797
		endloop
	endfacet
	facet normal 0 -1 0
		outer loop
			vertex 17.14299201965332 0 -19.547834396362305
			vertex 18.384777069091797 0 -18.384777069091797
			vertex 15.494626998901367 0 -17.668235778808594
		endloop
	endfacet
	facet normal 0.6343935024724109 0 -0.7730102742013117
		outer loop
			vertex 17.14299201965332 0 -19.547834396362305
			vertex 15.827796936035156 0 -20.627187728881836
			vertex 17.14299201965332 12 -19.547834396362305
		endloop
	endfacet
	facet normal 0.6343935024724109 0 -0.7730102742013117
		outer loop
			vertex 15.827796936035156 12 -20.627187728881836
			vertex 17.14299201965332 12 -19.547834396362305
			vertex 15.827796936035156 0 -20.627187728881836
		endloop
	endfacet
	facet normal 0.527934259810364 -0.5544945289851295 -0.6432893863915699
		outer loop
			vertex 17.14299201965332 12 -19.547834396362305
			vertex 15.827796936035156 12 -20.627187728881836
			vertex 44.835514068603516 75 -51.12510681152344
		endloop
	endfacet
	facet normal 0.527934504194082 -0.5544945398749075 -0.6432891764442048
		outer loop
			vertex 41.39577865600586 75 -53.948028564453125
			vertex 44.835514068603516 75 -51.12510681152344
			vertex 15.827796936035156 12 -20.627187728881836
		endloop
	endfacet
	facet normal 0 -1 0
		outer loop
			vertex 44.835514068603516 75 -51.12510681152344
			vertex 41.39577865600586 75 -53.948028564453125
			vertex 48.79159164428711 75 -55.636146545410156
		endloop
	endfacet
	facet normal 0 -1 0
		outer loop
			vertex 45.04834747314453 75 -58.70814895629883
			vertex 48.79159164428711 75 -55.636146545410156
			vertex 41.39577865600586 75 -53.948028564453125
		endloop
	endfacet
	facet normal 0.6343934459061028 0 -0.7730103206241044
		outer loop
			vertex 48.79159164428711 75 -55.636146545410156
			vertex 45.04834747314453 75 -58.70814895629883
			vertex 48.79159164428711 77.5 -55.636146545410156
		endloop
	endfacet
	facet normal 0.6343934459061028 0 -0.7730103206241044
		outer loop
			vertex 45.04834747314453 77.5 -58.70814895629883
			vertex 48.79159164428711 77.5 -55.636146545410156
			vertex 45.04834747314453 75 -58.70814895629883
		endloop
	endfacet
	facet normal 0 1 0
		outer loop
			vertex 48.79159164428711 77.5 -55.636146545410156
			vertex 45.04834747314453 77.5 -58.70814895629883
			vertex 43.18714904785156 77.5 -49.245506286621094
		endloop
	endfacet
	facet normal 0 1 0
		outer loop
			vertex 39.87387466430664 77.5 -51.96464538574219
			vertex 43.18714904785156 77.5 -49.245506286621094
			vertex 45.04834747314453 77.5 -58.70814895629883
		endloop
	endfacet
	facet normal -0.5341188843131242 0.5395780322548364 0.6508245266798898
		outer loop
			vertex 43.18714904785156 77.5 -49.245506286621094
			vertex 39.87387466430664 77.5 -51.96464538574219
			vertex 15.494626998901367 12 -17.668235778808594
		endloop
	endfacet
	facet normal -0.5341178852566284 0.5395780723206401 0.6508253133673653
		outer loop
			vertex 14.305893898010254 12 -18.643802642822266
			vertex 15.494626998901367 12 -17.668235778808594
			vertex 39.87387466430664 77.5 -51.96464538574219
		endloop
	endfacet
	facet normal -0.6343928257088484 0 0.7730108296066383
		outer loop
			vertex 15.494626998901367 12 -17.668235778808594
			vertex 14.305893898010254 12 -18.643802642822266
			vertex 15.494626998901367 0 -17.668235778808594
		endloop
	endfacet
	facet normal -0.6343928257088484 0 0.7730108296066383
		outer loop
			vertex 14.305893898010254 0 -18.643802642822266
			vertex 15.494626998901367 0 -17.668235778808594
			vertex 14.305893898010254 12 -18.643802642822266
		endloop
	endfacet
	facet normal 0 -1 0
		outer loop
			vertex 15.494626998901367 0 -17.668235778808594
			vertex 14.305893898010254 0 -18.643802642822266
			vertex 17.14299201965332 0 -19.547834396362305
		endloop
	endfacet
	facet normal 0 -1 0
		outer loop
			vertex 15.827796936035156 0 -20.627187728881836
			vertex 17.14299201965332 0 -19.547834396362305
			vertex 14.305893898010254 0 -18.643802642822266
		endloop
	endfacet
	facet normal 0.5824774026913557 0 -0.8128468953953951
		outer loop
			vertex 15.827796936035156 0 -20.627187728881836
			vertex 14.444826126098633 0 -21.618209838867188
			vertex 15.827796936035156 12 -20.627187728881836
		endloop
	endfacet
	facet normal 0.5824774026913557 0 -0.8128468953953951
		outer loop
			vertex 14.444826126098633 12 -21.618209838867188
			vertex 15.827796936035156 12 -20.627187728881836
			vertex 14.444826126098633 0 -21.618209838867188
		endloop
	endfacet
	facet normal 0.48473033182828634 -0.5544945431311729 -0.6764409117161612
		outer loop
			vertex 15.827796936035156 12 -20.627187728881836
			vertex 14.444826126098633 12 -21.618209838867188
			vertex 41.39577865600586 75 -53.948028564453125
		endloop
	endfacet
	facet normal 0.4847299638311625 -0.5544945275737366 -0.6764411881716094
		outer loop
			vertex 37.77877426147461 75 -56.53993225097656
			vertex 41.39577865600586 75 -53.948028564453125
			vertex 14.444826126098633 12 -21.618209838867188
		endloop
	endfacet
	facet normal 0 -1 0
		outer loop
			vertex 41.39577865600586 75 -53.948028564453125
			vertex 37.77877426147461 75 -56.53993225097656
			vertex 45.04834747314453 75 -58.70814895629883
		endloop
	endfacet
	facet normal 0 -1 0
		outer loop
			vertex 41.11219787597656 75 -61.528751373291016
			vertex 45.04834747314453 75 -58.70814895629883
			vertex 37.77877426147461 75 -56.53993225097656
		endloop
	endfacet
	facet normal 0.5824773563342384 0 -0.8128469286144081
		outer loop
			vertex 45.04834747314453 75 -58.70814895629883
			vertex 41.11219787597656 75 -61.528751373291016
			vertex 45.04834747314453 77.5 -58.70814895629883
		endloop
	endfacet
	facet normal 0.5824773563342384 0 -0.8128469286144081
		outer loop
			vertex 41.11219787597656 77.5 -61.528751373291016
			vertex 45.04834747314453 77.5 -58.70814895629883
			vertex 41.11219787597656 75 -61.528751373291016
		endloop
	endfacet
	facet normal 0 1 0
		outer loop
			vertex 45.04834747314453 77.5 -58.70814895629883
			vertex 41.11219787597656 77.5 -61.528751373291016
			vertex 39.87387466430664 77.5 -51.96464538574219
		endloop
	endfacet
	facet normal 0 1 0
		outer loop
			vertex 36.38985061645508 77.5 -54.46125793457031
			vertex 39.87387466430664 77.5 -51.96464538574219
			vertex 41.11219787597656 77.5 -61.528751373291016
		endloop
	endfacet
	facet normal -0.49040820737959157 0.5395780564613957 0.6843648961775279
		outer loop
			vertex 39.87387466430664 77.5 -51.96464538574219
			vertex 36.38985061645508 77.5 -54.46125793457031
			vertex 14.305893898010254 12 -18.643802642822266
		endloop
	endfacet
	facet normal -0.4904088260695929 0.5395780328169154 0.6843644714729658
		outer loop
			vertex 13.055900573730469 12 -19.539535522460938
			vertex 14.305893898010254 12 -18.643802642822266
			vertex 36.38985061645508 77.5 -54.46125793457031
		endloop
	endfacet
	facet normal -0.58247783898532 0 0.8128465827516234
		outer loop
			vertex 14.305893898010254 12 -18.643802642822266
			vertex 13.055900573730469 12 -19.539535522460938
			vertex 14.305893898010254 0 -18.643802642822266
		endloop
	endfacet
	facet normal -0.58247783898532 0 0.8128465827516234
		outer loop
			vertex 13.055900573730469 0 -19.539535522460938
			vertex 14.305893898010254 0 -18.643802642822266
			vertex 13.055900573730469 12 -19.539535522460938
		endloop
	endfacet
	facet normal 0 -1 0
		outer loop
			vertex 14.305893898010254 0 -18.643802642822266
			vertex 13.055900573730469 0 -19.539535522460938
			vertex 15.827796936035156 0 -20.627187728881836
		endloop
	endfacet
	facet normal 0 -1 0
		outer loop
			vertex 14.444826126098633 0 -21.618209838867188
			vertex 15.827796936035156 0 -20.627187728881836
			vertex 13.055900573730469 0 -19.539535522460938
		endloop
	endfacet
	facet normal 0.5280679485108017 0 -0.8492021206730429
		outer loop
			vertex 14.444826126098633 0 -21.618209838867188
			vertex 13 0 -22.516660690307617
			vertex 14.444826126098633 12 -21.618209838867188
		endloop
	endfacet
	facet normal 0.5280679485108017 0 -0.8492021206730429
		outer loop
			vertex 13 12 -22.516660690307617
			vertex 14.444826126098633 12 -21.618209838867188
			vertex 13 0 -22.516660690307617
		endloop
	endfacet
	facet normal 0.43945148068553463 -0.5544945179099401 -0.7066952849220903
		outer loop
			vertex 14.444826126098633 12 -21.618209838867188
			vertex 13 12 -22.516660690307617
			vertex 37.77877426147461 75 -56.53993225097656
		endloop
	endfacet
	facet normal 0.4394518603959106 -0.5544945332418578 -0.7066950367729121
		outer loop
			vertex 34 75 -58.88972854614258
			vertex 37.77877426147461 75 -56.53993225097656
			vertex 13 12 -22.516660690307617
		endloop
	endfacet
	facet normal 0 -1 0
		outer loop
			vertex 37.77877426147461 75 -56.53993225097656
			vertex 34 75 -58.88972854614258
			vertex 41.11219787597656 75 -61.528751373291016
		endloop
	endfacet
	facet normal 0 -1 0
		outer loop
			vertex 37 75 -64.08587646484375
			vertex 41.11219787597656 75 -61.528751373291016
			vertex 34 75 -58.88972854614258
		endloop
	endfacet
	facet normal 0.5280672741072318 0 -0.8492025400438684
		outer loop
			vertex 41.11219787597656 75 -61.528751373291016
			vertex 37 75 -64.08587646484375
			vertex 41.11219787597656 77.5 -61.528751373291016
		endloop
	endfacet
	facet normal 0.5280672741072318 0 -0.8492025400438684
		outer loop
			vertex 37 77.5 -64.08587646484375
			vertex 41.11219787597656 77.5 -61.528751373291016
			vertex 37 75 -64.08587646484375
		endloop
	endfacet
	facet normal 0 1 0
		outer loop
			vertex 41.11219787597656 77.5 -61.528751373291016
			vertex 37 77.5 -64.08587646484375
			vertex 36.38985061645508 77.5 -54.46125793457031
		endloop
	endfacet
	facet normal 0 1 0
		outer loop
			vertex 32.75 77.5 -56.72466278076172
			vertex 36.38985061645508 77.5 -54.46125793457031
			vertex 37 77.5 -64.08587646484375
		endloop
	endfacet
	facet normal -0.4445991596226182 0.5395780351521252 0.714973517862189
		outer loop
			vertex 36.38985061645508 77.5 -54.46125793457031
			vertex 32.75 77.5 -56.72466278076172
			vertex 13.055900573730469 12 -19.539535522460938
		endloop
	endfacet
	facet normal -0.4445991785033676 0.5395780344601417 0.7149735066436104
		outer loop
			vertex 11.75 12 -20.35159683227539
			vertex 13.055900573730469 12 -19.539535522460938
			vertex 32.75 77.5 -56.72466278076172
		endloop
	endfacet
	facet normal -0.5280679206137769 0 0.8492021380205316
		outer loop
			vertex 13.055900573730469 12 -19.539535522460938
			vertex 11.75 12 -20.35159683227539
			vertex 13.055900573730469 0 -19.539535522460938
		endloop
	endfacet
	facet normal -0.5280679206137769 0 0.8492021380205316
		outer loop
			vertex 11.75 0 -20.35159683227539
			vertex 13.055900573730469 0 -19.539535522460938
			vertex 11.75 12 -20.35159683227539
		endloop
	endfacet
	facet normal 0 -1 0
		outer loop
			vertex 13.055900573730469 0 -19.539535522460938
			vertex 11.75 0 -20.35159683227539
			vertex 14.444826126098633 0 -21.618209838867188
		endloop
	endfacet
	facet normal 0 -1 0
		outer loop
			vertex 13 0 -22.516660690307617
			vertex 14.444826126098633 0 -21.618209838867188
			vertex 11.75 0 -20.35159683227539
		endloop
	endfacet
	facet normal 0.4713966495866888 0 -0.8819213109787317
		outer loop
			vertex 13 0 -22.516660690307617
			vertex 11.499505996704102 0 -23.31869125366211
			vertex 13 12 -22.516660690307617
		endloop
	endfacet
	facet normal 0.4713966495866888 0 -0.8819213109787317
		outer loop
			vertex 11.499505996704102 12 -23.31869125366211
			vertex 13 12 -22.516660690307617
			vertex 11.499505996704102 0 -23.31869125366211
		endloop
	endfacet
	facet normal 0.39229033399478386 -0.5544945405660018 -0.7339237687503788
		outer loop
			vertex 13 12 -22.516660690307617
			vertex 11.499505996704102 12 -23.31869125366211
			vertex 34 75 -58.88972854614258
		endloop
	endfacet
	facet normal 0.3922902242056216 -0.554494536305877 -0.733923830652496
		outer loop
			vertex 30.07563018798828 75 -60.98734664916992
			vertex 34 75 -58.88972854614258
			vertex 11.499505996704102 12 -23.31869125366211
		endloop
	endfacet
	facet normal 0 -1 0
		outer loop
			vertex 34 75 -58.88972854614258
			vertex 30.07563018798828 75 -60.98734664916992
			vertex 37 75 -64.08587646484375
		endloop
	endfacet
	facet normal 0 -1 0
		outer loop
			vertex 32.72936248779297 75 -66.36858367919922
			vertex 37 75 -64.08587646484375
			vertex 30.07563018798828 75 -60.98734664916992
		endloop
	endfacet
	facet normal 0.4713973642789375 0 -0.8819209289674844
		outer loop
			vertex 37 75 -64.08587646484375
			vertex 32.72936248779297 75 -66.36858367919922
			vertex 37 77.5 -64.08587646484375
		endloop
	endfacet
	facet normal 0.4713973642789375 0 -0.8819209289674844
		outer loop
			vertex 32.72936248779297 77.5 -66.36858367919922
			vertex 37 77.5 -64.08587646484375
			vertex 32.72936248779297 75 -66.36858367919922
		endloop
	endfacet
	facet normal 0 1 0
		outer loop
			vertex 37 77.5 -64.08587646484375
			vertex 32.72936248779297 77.5 -66.36858367919922
			vertex 32.75 77.5 -56.72466278076172
		endloop
	endfacet
	facet normal 0 1 0
		outer loop
			vertex 28.96990966796875 77.5 -58.74516296386719
			vertex 32.75 77.5 -56.72466278076172
			vertex 32.72936248779297 77.5 -66.36858367919922
		endloop
	endfacet
	facet normal -0.3968856619595158 0.5395780346899934 0.7425209194433792
		outer loop
			vertex 32.75 77.5 -56.72466278076172
			vertex 28.96990966796875 77.5 -58.74516296386719
			vertex 11.75 12 -20.35159683227539
		endloop
	endfacet
	facet normal -0.39688585045826935 0.5395780280261718 0.742520823531168
		outer loop
			vertex 10.393784523010254 12 -21.076509475708008
			vertex 11.75 12 -20.35159683227539
			vertex 28.96990966796875 77.5 -58.74516296386719
		endloop
	endfacet
	facet normal -0.4713969230703549 0 0.881921164798647
		outer loop
			vertex 11.75 12 -20.35159683227539
			vertex 10.393784523010254 12 -21.076509475708008
			vertex 11.75 0 -20.35159683227539
		endloop
	endfacet
	facet normal -0.4713969230703549 0 0.881921164798647
		outer loop
			vertex 10.393784523010254 0 -21.076509475708008
			vertex 11.75 0 -20.35159683227539
			vertex 10.393784523010254 12 -21.076509475708008
		endloop
	endfacet
	facet normal 0 -1 0
		outer loop
			vertex 11.75 0 -20.35159683227539
			vertex 10.393784523010254 0 -21.076509475708008
			vertex 13 0 -22.516660690307617
		endloop
	endfacet
	facet normal 0 -1 0
		outer loop
			vertex 11.499505996704102 0 -23.31869125366211
			vertex 13 0 -22.516660690307617
			vertex 10.393784523010254 0 -21.076509475708008
		endloop
	endfacet
	facet normal 0.4127072047967755 0 -0.9108637456331394
		outer loop
			vertex 11.499505996704102 0 -23.31869125366211
			vertex 9.949769020080566 0 -24.0208683013916
			vertex 11.499505996704102 12 -23.31869125366211
		endloop
	endfacet
	facet normal 0.4127072047967755 0 -0.9108637456331394
		outer loop
			vertex 9.949769020080566 12 -24.0208683013916
			vertex 11.499505996704102 12 -23.31869125366211
			vertex 9.949769020080566 0 -24.0208683013916
		endloop
	endfacet
	facet normal 0.3434497210293937 -0.5544945360688989 -0.7580092998074421
		outer loop
			vertex 11.499505996704102 12 -23.31869125366211
			vertex 9.949769020080566 12 -24.0208683013916
			vertex 30.07563018798828 75 -60.98734664916992
		endloop
	endfacet
	facet normal 0.3434494337223935 -0.5544945252948497 -0.7580094378659191
		outer loop
			vertex 26.02247428894043 75 -62.82380676269531
			vertex 30.07563018798828 75 -60.98734664916992
			vertex 9.949769020080566 12 -24.0208683013916
		endloop
	endfacet
	facet normal 0 -1 0
		outer loop
			vertex 30.07563018798828 75 -60.98734664916992
			vertex 26.02247428894043 75 -62.82380676269531
			vertex 32.72936248779297 75 -66.36858367919922
		endloop
	endfacet
	facet normal 0 -1 0
		outer loop
			vertex 28.318574905395508 75 -68.3670883178711
			vertex 32.72936248779297 75 -66.36858367919922
			vertex 26.02247428894043 75 -62.82380676269531
		endloop
	endfacet
	facet normal 0.41270750703001136 0 -0.9108636086929114
		outer loop
			vertex 32.72936248779297 75 -66.36858367919922
			vertex 28.318574905395508 75 -68.3670883178711
			vertex 32.72936248779297 77.5 -66.36858367919922
		endloop
	endfacet
	facet normal 0.41270750703001136 0 -0.9108636086929114
		outer loop
			vertex 28.318574905395508 77.5 -68.3670883178711
			vertex 32.72936248779297 77.5 -66.36858367919922
			vertex 28.318574905395508 75 -68.3670883178711
		endloop
	endfacet
	facet normal 0 1 0
		outer loop
			vertex 32.72936248779297 77.5 -66.36858367919922
			vertex 28.318574905395508 77.5 -68.3670883178711
			vertex 28.96990966796875 77.5 -58.74516296386719
		endloop
	endfacet
	facet normal 0 1 0
		outer loop
			vertex 25.065765380859375 77.5 -60.51411056518555
			vertex 28.96990966796875 77.5 -58.74516296386719
			vertex 28.318574905395508 77.5 -68.3670883178711
		endloop
	endfacet
	facet normal -0.34747320010764077 0.5395780377034313 0.7668884641426483
		outer loop
			vertex 28.96990966796875 77.5 -58.74516296386719
			vertex 25.065765380859375 77.5 -60.51411056518555
			vertex 10.393784523010254 12 -21.076509475708008
		endloop
	endfacet
	facet normal -0.3474723994587775 0.5395780651533205 0.766888807598441
		outer loop
			vertex 8.993061065673828 12 -21.71116828918457
			vertex 10.393784523010254 12 -21.076509475708008
			vertex 25.065765380859375 77.5 -60.51411056518555
		endloop
	endfacet
	facet normal -0.41270663692519044 0 0.9108640029323254
		outer loop
			vertex 10.393784523010254 12 -21.076509475708008
			vertex 8.993061065673828 12 -21.71116828918457
			vertex 10.393784523010254 0 -21.076509475708008
		endloop
	endfacet
	facet normal -0.41270663692519044 0 0.9108640029323254
		outer loop
			vertex 8.993061065673828 0 -21.71116828918457
			vertex 10.393784523010254 0 -21.076509475708008
			vertex 8.993061065673828 12 -21.71116828918457
		endloop
	endfacet
	facet normal 0 -1 0
		outer loop
			vertex 10.393784523010254 0 -21.076509475708008
			vertex 8.993061065673828 0 -21.71116828918457
			vertex 11.499505996704102 0 -23.31869125366211
		endloop
	endfacet
	facet normal 0 -1 0
		outer loop
			vertex 9.949769020080566 0 -24.0208683013916
			vertex 11.499505996704102 0 -23.31869125366211
			vertex 8.993061065673828 0 -21.71116828918457
		endloop
	endfacet
	facet normal 0.35225007440117584 0 -0.9359059167909808
		outer loop
			vertex 9.949769020080566 0 -24.0208683013916
			vertex 8.357425689697266 0 -24.62018394470215
			vertex 9.949769020080566 12 -24.0208683013916
		endloop
	endfacet
	facet normal 0.35225007440117584 0 -0.9359059167909808
		outer loop
			vertex 8.357425689697266 12 -24.62018394470215
			vertex 9.949769020080566 12 -24.0208683013916
			vertex 8.357425689697266 0 -24.62018394470215
		endloop
	endfacet
	facet normal 0.2931380642808894 -0.5544945222018784 -0.7788490868696988
		outer loop
			vertex 9.949769020080566 12 -24.0208683013916
			vertex 8.357425689697266 12 -24.62018394470215
			vertex 26.02247428894043 75 -62.82380676269531
		endloop
	endfacet
	facet normal 0.29313850501512256 -0.5544945382591454 -0.7788489095570951
		outer loop
			vertex 21.85788345336914 75 -64.39125061035156
			vertex 26.02247428894043 75 -62.82380676269531
			vertex 8.357425689697266 12 -24.62018394470215
		endloop
	endfacet
	facet normal 0 -1 0
		outer loop
			vertex 26.02247428894043 75 -62.82380676269531
			vertex 21.85788345336914 75 -64.39125061035156
			vertex 28.318574905395508 75 -68.3670883178711
		endloop
	endfacet
	facet normal 0 -1 0
		outer loop
			vertex 23.78652000427246 75 -70.07283020019531
			vertex 28.318574905395508 75 -68.3670883178711
			vertex 21.85788345336914 75 -64.39125061035156
		endloop
	endfacet
	facet normal 0.3522495417574468 0 -0.9359061172637291
		outer loop
			vertex 28.318574905395508 75 -68.3670883178711
			vertex 23.78652000427246 75 -70.07283020019531
			vertex 28.318574905395508 77.5 -68.3670883178711
		endloop
	endfacet
	facet normal 0.3522495417574468 0 -0.9359061172637291
		outer loop
			vertex 23.78652000427246 77.5 -70.07283020019531
			vertex 28.318574905395508 77.5 -68.3670883178711
			vertex 23.78652000427246 75 -70.07283020019531
		endloop
	endfacet
	facet normal 0 1 0
		outer loop
			vertex 28.318574905395508 77.5 -68.3670883178711
			vertex 23.78652000427246 77.5 -70.07283020019531
			vertex 25.065765380859375 77.5 -60.51411056518555
		endloop
	endfacet
	facet normal 0 1 0
		outer loop
			vertex 21.054285049438477 77.5 -62.023921966552734
			vertex 25.065765380859375 77.5 -60.51411056518555
			vertex 23.78652000427246 77.5 -70.07283020019531
		endloop
	endfacet
	facet normal -0.29657135298977433 0.5395780522147409 0.7879726887106945
		outer loop
			vertex 25.065765380859375 77.5 -60.51411056518555
			vertex 21.054285049438477 77.5 -62.023921966552734
			vertex 8.993061065673828 12 -21.71116828918457
		endloop
	endfacet
	facet normal -0.29657169923462223 0.5395780406438382 0.7879725663169025
		outer loop
			vertex 7.553827285766602 12 -22.252857208251953
			vertex 8.993061065673828 12 -21.71116828918457
			vertex 21.054285049438477 77.5 -62.023921966552734
		endloop
	endfacet
	facet normal -0.3522498664799024 0 0.9359059950469871
		outer loop
			vertex 8.993061065673828 12 -21.71116828918457
			vertex 7.553827285766602 12 -22.252857208251953
			vertex 8.993061065673828 0 -21.71116828918457
		endloop
	endfacet
	facet normal -0.3522498664799024 0 0.9359059950469871
		outer loop
			vertex 7.553827285766602 0 -22.252857208251953
			vertex 8.993061065673828 0 -21.71116828918457
			vertex 7.553827285766602 12 -22.252857208251953
		endloop
	endfacet
	facet normal 0 -1 0
		outer loop
			vertex 8.993061065673828 0 -21.71116828918457
			vertex 7.553827285766602 0 -22.252857208251953
			vertex 9.949769020080566 0 -24.0208683013916
		endloop
	endfacet
	facet normal 0 -1 0
		outer loop
			vertex 8.357425689697266 0 -24.62018394470215
			vertex 9.949769020080566 0 -24.0208683013916
			vertex 7.553827285766602 0 -22.252857208251953
		endloop
	endfacet
	facet normal 0.29028412794435593 0 -0.9569405023634359
		outer loop
			vertex 8.357425689697266 0 -24.62018394470215
			vertex 6.729295253753662 0 -25.114070892333984
			vertex 8.357425689697266 12 -24.62018394470215
		endloop
	endfacet
	facet normal 0.29028412794435593 0 -0.9569405023634359
		outer loop
			vertex 6.729295253753662 12 -25.114070892333984
			vertex 8.357425689697266 12 -24.62018394470215
			vertex 6.729295253753662 0 -25.114070892333984
		endloop
	endfacet
	facet normal 0.24157078285581818 -0.5544945386840583 -0.7963537928835278
		outer loop
			vertex 8.357425689697266 12 -24.62018394470215
			vertex 6.729295253753662 12 -25.114070892333984
			vertex 21.85788345336914 75 -64.39125061035156
		endloop
	endfacet
	facet normal 0.24157038427866032 -0.5544945245052136 -0.7963539236628382
		outer loop
			vertex 17.599695205688477 75 -65.68295288085938
			vertex 21.85788345336914 75 -64.39125061035156
			vertex 6.729295253753662 12 -25.114070892333984
		endloop
	endfacet
	facet normal 0 -1 0
		outer loop
			vertex 21.85788345336914 75 -64.39125061035156
			vertex 17.599695205688477 75 -65.68295288085938
			vertex 23.78652000427246 75 -70.07283020019531
		endloop
	endfacet
	facet normal 0 -1 0
		outer loop
			vertex 19.15260887145996 75 -71.47850799560547
			vertex 23.78652000427246 75 -70.07283020019531
			vertex 17.599695205688477 75 -65.68295288085938
		endloop
	endfacet
	facet normal 0.29028396264659645 0 -0.9569405525058438
		outer loop
			vertex 23.78652000427246 75 -70.07283020019531
			vertex 19.15260887145996 75 -71.47850799560547
			vertex 23.78652000427246 77.5 -70.07283020019531
		endloop
	endfacet
	facet normal 0.29028396264659645 0 -0.9569405525058438
		outer loop
			vertex 19.15260887145996 77.5 -71.47850799560547
			vertex 23.78652000427246 77.5 -70.07283020019531
			vertex 19.15260887145996 75 -71.47850799560547
		endloop
	endfacet
	facet normal 0 1 0
		outer loop
			vertex 23.78652000427246 77.5 -70.07283020019531
			vertex 19.15260887145996 77.5 -71.47850799560547
			vertex 21.054285049438477 77.5 -62.023921966552734
		endloop
	endfacet
	facet normal 0 1 0
		outer loop
			vertex 16.952648162841797 77.5 -63.26814270019531
			vertex 21.054285049438477 77.5 -62.023921966552734
			vertex 19.15260887145996 77.5 -71.47850799560547
		endloop
	endfacet
	facet normal -0.24440150139122488 0.5395780457514476 0.8056819711652756
		outer loop
			vertex 21.054285049438477 77.5 -62.023921966552734
			vertex 16.952648162841797 77.5 -63.26814270019531
			vertex 7.553827285766602 12 -22.252857208251953
		endloop
	endfacet
	facet normal -0.24440145711693334 0.5395780472006378 0.8056819836252179
		outer loop
			vertex 6.082247734069824 12 -22.699256896972656
			vertex 7.553827285766602 12 -22.252857208251953
			vertex 16.952648162841797 77.5 -63.26814270019531
		endloop
	endfacet
	facet normal -0.2902852203658986 0 0.9569401709809876
		outer loop
			vertex 7.553827285766602 12 -22.252857208251953
			vertex 6.082247734069824 12 -22.699256896972656
			vertex 7.553827285766602 0 -22.252857208251953
		endloop
	endfacet
	facet normal -0.2902852203658986 0 0.9569401709809876
		outer loop
			vertex 6.082247734069824 0 -22.699256896972656
			vertex 7.553827285766602 0 -22.252857208251953
			vertex 6.082247734069824 12 -22.699256896972656
		endloop
	endfacet
	facet normal 0 -1 0
		outer loop
			vertex 7.553827285766602 0 -22.252857208251953
			vertex 6.082247734069824 0 -22.699256896972656
			vertex 8.357425689697266 0 -24.62018394470215
		endloop
	endfacet
	facet normal 0 -1 0
		outer loop
			vertex 6.729295253753662 0 -25.114070892333984
			vertex 8.357425689697266 0 -24.62018394470215
			vertex 6.082247734069824 0 -22.699256896972656
		endloop
	endfacet
	facet normal 0.22707684443044968 0 -0.9738768437145991
		outer loop
			vertex 6.729295253753662 0 -25.114070892333984
			vertex 5.072348594665527 0 -25.500417709350586
			vertex 6.729295253753662 12 -25.114070892333984
		endloop
	endfacet
	facet normal 0.22707684443044968 0 -0.9738768437145991
		outer loop
			vertex 5.072348594665527 12 -25.500417709350586
			vertex 6.729295253753662 12 -25.114070892333984
			vertex 5.072348594665527 0 -25.500417709350586
		endloop
	endfacet
	facet normal 0.18897048341637182 -0.554494518004835 -0.8104480155444697
		outer loop
			vertex 6.729295253753662 12 -25.114070892333984
			vertex 5.072348594665527 12 -25.500417709350586
			vertex 17.599695205688477 75 -65.68295288085938
		endloop
	endfacet
	facet normal 0.18897030696548028 -0.554494511846903 -0.810448060900288
		outer loop
			vertex 13.266141891479492 75 -66.69339752197266
			vertex 17.599695205688477 75 -65.68295288085938
			vertex 5.072348594665527 12 -25.500417709350586
		endloop
	endfacet
	facet normal 0 -1 0
		outer loop
			vertex 17.599695205688477 75 -65.68295288085938
			vertex 13.266141891479492 75 -66.69339752197266
			vertex 19.15260887145996 75 -71.47850799560547
		endloop
	endfacet
	facet normal 0 -1 0
		outer loop
			vertex 14.436683654785156 75 -72.57810974121094
			vertex 19.15260887145996 75 -71.47850799560547
			vertex 13.266141891479492 75 -66.69339752197266
		endloop
	endfacet
	facet normal 0.22707669572328082 0 -0.9738768783883294
		outer loop
			vertex 19.15260887145996 75 -71.47850799560547
			vertex 14.436683654785156 75 -72.57810974121094
			vertex 19.15260887145996 77.5 -71.47850799560547
		endloop
	endfacet
	facet normal 0.22707669572328082 0 -0.9738768783883294
		outer loop
			vertex 14.436683654785156 77.5 -72.57810974121094
			vertex 19.15260887145996 77.5 -71.47850799560547
			vertex 14.436683654785156 75 -72.57810974121094
		endloop
	endfacet
	facet normal 0 1 0
		outer loop
			vertex 19.15260887145996 77.5 -71.47850799560547
			vertex 14.436683654785156 77.5 -72.57810974121094
			vertex 16.952648162841797 77.5 -63.26814270019531
		endloop
	endfacet
	facet normal 0 1 0
		outer loop
			vertex 12.77841567993164 77.5 -64.2414321899414
			vertex 16.952648162841797 77.5 -63.26814270019531
			vertex 14.436683654785156 77.5 -72.57810974121094
		endloop
	endfacet
	facet normal -0.19118265315319286 0.5395780398981317 0.8199419076940734
		outer loop
			vertex 16.952648162841797 77.5 -63.26814270019531
			vertex 12.77841567993164 77.5 -64.2414321899414
			vertex 6.082247734069824 12 -22.699256896972656
		endloop
	endfacet
	facet normal -0.19118366114405191 0.539578007433065 0.8199416940283739
		outer loop
			vertex 4.584622383117676 12 -23.04845428466797
			vertex 6.082247734069824 12 -22.699256896972656
			vertex 12.77841567993164 77.5 -64.2414321899414
		endloop
	endfacet
	facet normal -0.2270763447168751 0 0.9738769602316419
		outer loop
			vertex 6.082247734069824 12 -22.699256896972656
			vertex 4.584622383117676 12 -23.04845428466797
			vertex 6.082247734069824 0 -22.699256896972656
		endloop
	endfacet
	facet normal -0.2270763447168751 0 0.9738769602316419
		outer loop
			vertex 4.584622383117676 0 -23.04845428466797
			vertex 6.082247734069824 0 -22.699256896972656
			vertex 4.584622383117676 12 -23.04845428466797
		endloop
	endfacet
	facet normal 0 -1 0
		outer loop
			vertex 6.082247734069824 0 -22.699256896972656
			vertex 4.584622383117676 0 -23.04845428466797
			vertex 6.729295253753662 0 -25.114070892333984
		endloop
	endfacet
	facet normal 0 -1 0
		outer loop
			vertex 5.072348594665527 0 -25.500417709350586
			vertex 6.729295253753662 0 -25.114070892333984
			vertex 4.584622383117676 0 -23.04845428466797
		endloop
	endfacet
	facet normal 0.16289551174907402 0 -0.9866433257525272
		outer loop
			vertex 5.072348594665527 0 -25.500417709350586
			vertex 3.393681049346924 0 -25.77756690979004
			vertex 5.072348594665527 12 -25.500417709350586
		endloop
	endfacet
	facet normal 0.16289551174907402 0 -0.9866433257525272
		outer loop
			vertex 3.393681049346924 12 -25.77756690979004
			vertex 5.072348594665527 12 -25.500417709350586
			vertex 3.393681049346924 0 -25.77756690979004
		endloop
	endfacet
	facet normal 0.13555958866575038 -0.5544945169933976 -0.8210721214028837
		outer loop
			vertex 5.072348594665527 12 -25.500417709350586
			vertex 3.393681049346924 12 -25.77756690979004
			vertex 13.266141891479492 75 -66.69339752197266
		endloop
	endfacet
	facet normal 0.13555992118488575 -0.5544945284301839 -0.8210720587800658
		outer loop
			vertex 8.875781059265137 75 -67.41825103759766
			vertex 13.266141891479492 75 -66.69339752197266
			vertex 3.393681049346924 12 -25.77756690979004
		endloop
	endfacet
	facet normal 0 -1 0
		outer loop
			vertex 13.266141891479492 75 -66.69339752197266
			vertex 8.875781059265137 75 -67.41825103759766
			vertex 14.436683654785156 75 -72.57810974121094
		endloop
	endfacet
	facet normal 0 -1 0
		outer loop
			vertex 9.65893840789795 75 -73.3669204711914
			vertex 14.436683654785156 75 -72.57810974121094
			vertex 8.875781059265137 75 -67.41825103759766
		endloop
	endfacet
	facet normal 0.1628958346964508 0 -0.9866432724336323
		outer loop
			vertex 14.436683654785156 75 -72.57810974121094
			vertex 9.65893840789795 75 -73.3669204711914
			vertex 14.436683654785156 77.5 -72.57810974121094
		endloop
	endfacet
	facet normal 0.1628958346964508 0 -0.9866432724336323
		outer loop
			vertex 9.65893840789795 77.5 -73.3669204711914
			vertex 14.436683654785156 77.5 -72.57810974121094
			vertex 9.65893840789795 75 -73.3669204711914
		endloop
	endfacet
	facet normal 0 1 0
		outer loop
			vertex 14.436683654785156 77.5 -72.57810974121094
			vertex 9.65893840789795 77.5 -73.3669204711914
			vertex 12.77841567993164 77.5 -64.2414321899414
		endloop
	endfacet
	facet normal 0 1 0
		outer loop
			vertex 8.54946517944336 77.5 -64.93963623046875
			vertex 12.77841567993164 77.5 -64.2414321899414
			vertex 9.65893840789795 77.5 -73.3669204711914
		endloop
	endfacet
	facet normal -0.137147783844972 0.539578012452476 0.8306901069979397
		outer loop
			vertex 12.77841567993164 77.5 -64.2414321899414
			vertex 8.54946517944336 77.5 -64.93963623046875
			vertex 4.584622383117676 12 -23.04845428466797
		endloop
	endfacet
	facet normal -0.13714727656823225 0.5395780286015197 0.8306901802600141
		outer loop
			vertex 3.0673654079437256 12 -23.298954010009766
			vertex 4.584622383117676 12 -23.04845428466797
			vertex 8.54946517944336 77.5 -64.93963623046875
		endloop
	endfacet
	facet normal -0.16289521063904833 0 0.9866433754659584
		outer loop
			vertex 4.584622383117676 12 -23.04845428466797
			vertex 3.0673654079437256 12 -23.298954010009766
			vertex 4.584622383117676 0 -23.04845428466797
		endloop
	endfacet
	facet normal -0.16289521063904833 0 0.9866433754659584
		outer loop
			vertex 3.0673654079437256 0 -23.298954010009766
			vertex 4.584622383117676 0 -23.04845428466797
			vertex 3.0673654079437256 12 -23.298954010009766
		endloop
	endfacet
	facet normal 0 -1 0
		outer loop
			vertex 4.584622383117676 0 -23.04845428466797
			vertex 3.0673654079437256 0 -23.298954010009766
			vertex 5.072348594665527 0 -25.500417709350586
		endloop
	endfacet
	facet normal 0 -1 0
		outer loop
			vertex 3.393681049346924 0 -25.77756690979004
			vertex 5.072348594665527 0 -25.500417709350586
			vertex 3.0673654079437256 0 -23.298954010009766
		endloop
	endfacet
	facet normal 0.09801691030515362 0 -0.9951847493275967
		outer loop
			vertex 3.393681049346924 0 -25.77756690979004
			vertex 1.7004814147949219 0 -25.944332122802734
			vertex 3.393681049346924 12 -25.77756690979004
		endloop
	endfacet
	facet normal 0.09801691030515362 0 -0.9951847493275967
		outer loop
			vertex 1.7004814147949219 12 -25.944332122802734
			vertex 3.393681049346924 12 -25.77756690979004
			vertex 1.7004814147949219 0 -25.944332122802734
		endloop
	endfacet
	facet normal 0.08156843457443128 -0.5544945311570006 -0.8281801768927187
		outer loop
			vertex 3.393681049346924 12 -25.77756690979004
			vertex 1.7004814147949219 12 -25.944332122802734
			vertex 8.875781059265137 75 -67.41825103759766
		endloop
	endfacet
	facet normal 0.08156881752352832 -0.5544945441956511 -0.8281801304457084
		outer loop
			vertex 4.447412967681885 75 -67.85440826416016
			vertex 8.875781059265137 75 -67.41825103759766
			vertex 1.7004814147949219 12 -25.944332122802734
		endloop
	endfacet
	facet normal 0 -1 0
		outer loop
			vertex 8.875781059265137 75 -67.41825103759766
			vertex 4.447412967681885 75 -67.85440826416016
			vertex 9.65893840789795 75 -73.3669204711914
		endloop
	endfacet
	facet normal 0 -1 0
		outer loop
			vertex 4.839831352233887 75 -73.84156036376953
			vertex 9.65893840789795 75 -73.3669204711914
			vertex 4.447412967681885 75 -67.85440826416016
		endloop
	endfacet
	facet normal 0.09801699220037831 0 -0.9951847412616369
		outer loop
			vertex 9.65893840789795 75 -73.3669204711914
			vertex 4.839831352233887 75 -73.84156036376953
			vertex 9.65893840789795 77.5 -73.3669204711914
		endloop
	endfacet
	facet normal 0.09801699220037831 0 -0.9951847412616369
		outer loop
			vertex 4.839831352233887 77.5 -73.84156036376953
			vertex 9.65893840789795 77.5 -73.3669204711914
			vertex 4.839831352233887 75 -73.84156036376953
		endloop
	endfacet
	facet normal 0 1 0
		outer loop
			vertex 9.65893840789795 77.5 -73.3669204711914
			vertex 4.839831352233887 77.5 -73.84156036376953
			vertex 8.54946517944336 77.5 -64.93963623046875
		endloop
	endfacet
	facet normal 0 1 0
		outer loop
			vertex 4.283905029296875 77.5 -65.35975646972656
			vertex 8.54946517944336 77.5 -64.93963623046875
			vertex 4.839831352233887 77.5 -73.84156036376953
		endloop
	endfacet
	facet normal -0.08252397097175454 0.5395780230659993 0.837881466103196
		outer loop
			vertex 8.54946517944336 77.5 -64.93963623046875
			vertex 4.283905029296875 77.5 -65.35975646972656
			vertex 3.0673654079437256 12 -23.298954010009766
		endloop
	endfacet
	facet normal -0.08252395500447693 0.5395780235706262 0.8378814673508632
		outer loop
			vertex 1.5369735956192017 12 -23.449684143066406
			vertex 3.0673654079437256 12 -23.298954010009766
			vertex 4.283905029296875 77.5 -65.35975646972656
		endloop
	endfacet
	facet normal -0.09801694439812458 0 0.9951847459697397
		outer loop
			vertex 3.0673654079437256 12 -23.298954010009766
			vertex 1.5369735956192017 12 -23.449684143066406
			vertex 3.0673654079437256 0 -23.298954010009766
		endloop
	endfacet
	facet normal -0.09801694439812458 0 0.9951847459697397
		outer loop
			vertex 1.5369735956192017 0 -23.449684143066406
			vertex 3.0673654079437256 0 -23.298954010009766
			vertex 1.5369735956192017 12 -23.449684143066406
		endloop
	endfacet
	facet normal 0 -1 0
		outer loop
			vertex 3.0673654079437256 0 -23.298954010009766
			vertex 1.5369735956192017 0 -23.449684143066406
			vertex 3.393681049346924 0 -25.77756690979004
		endloop
	endfacet
	facet normal 0 -1 0
		outer loop
			vertex 1.7004814147949219 0 -25.944332122802734
			vertex 3.393681049346924 0 -25.77756690979004
			vertex 1.5369735956192017 0 -23.449684143066406
		endloop
	endfacet
	facet normal 0.03271901213585238 0 -0.9994645897903808
		outer loop
			vertex 1.7004814147949219 0 -25.944332122802734
			vertex 3.1840817637818772e-15 0 -26
			vertex 1.7004814147949219 12 -25.944332122802734
		endloop
	endfacet
	facet normal 0.03271901213585238 0 -0.9994645897903808
		outer loop
			vertex 3.1840817637818772e-15 12 -26
			vertex 1.7004814147949219 12 -25.944332122802734
			vertex 3.1840817637818772e-15 0 -26
		endloop
	endfacet
	facet normal 0.02722834825417488 -0.5544945462053699 -0.8317417960400032
		outer loop
			vertex 1.7004814147949219 12 -25.944332122802734
			vertex 3.1840817637818772e-15 12 -26
			vertex 4.447412967681885 75 -67.85440826416016
		endloop
	endfacet
	facet normal 0.027228128914959317 -0.5544945387802898 -0.8317418081704347
		outer loop
			vertex 8.327598491700023e-15 75 -68
			vertex 4.447412967681885 75 -67.85440826416016
			vertex 3.1840817637818772e-15 12 -26
		endloop
	endfacet
	facet normal 0 -1 0
		outer loop
			vertex 4.447412967681885 75 -67.85440826416016
			vertex 8.327598491700023e-15 75 -68
			vertex 4.839831352233887 75 -73.84156036376953
		endloop
	endfacet
	facet normal 0 -1 0
		outer loop
			vertex 9.062386020915972e-15 75 -74
			vertex 4.839831352233887 75 -73.84156036376953
			vertex 8.327598491700023e-15 75 -68
		endloop
	endfacet
	facet normal 0.0327190751454007 0 -0.9994645877276642
		outer loop
			vertex 4.839831352233887 75 -73.84156036376953
			vertex 9.062386020915972e-15 75 -74
			vertex 4.839831352233887 77.5 -73.84156036376953
		endloop
	endfacet
	facet normal 0.0327190751454007 0 -0.9994645877276642
		outer loop
			vertex 9.062386020915972e-15 77.5 -74
			vertex 4.839831352233887 77.5 -73.84156036376953
			vertex 9.062386020915972e-15 75 -74
		endloop
	endfacet
	facet normal 0 1 0
		outer loop
			vertex 4.839831352233887 77.5 -73.84156036376953
			vertex 9.062386020915972e-15 77.5 -74
			vertex 4.283905029296875 77.5 -65.35975646972656
		endloop
	endfacet
	facet normal 0 1 0
		outer loop
			vertex 8.021436738849062e-15 77.5 -65.5
			vertex 4.283905029296875 77.5 -65.35975646972656
			vertex 9.062386020915972e-15 77.5 -74
		endloop
	endfacet
	facet normal -0.027547949247463125 0.5395780297662588 0.841484795041373
		outer loop
			vertex 4.283905029296875 77.5 -65.35975646972656
			vertex 8.021436738849062e-15 77.5 -65.5
			vertex 1.5369735956192017 12 -23.449684143066406
		endloop
	endfacet
	facet normal -0.027547661756230087 0.539578038825275 0.8414847986441789
		outer loop
			vertex 2.877920010930916e-15 12 -23.5
			vertex 1.5369735956192017 12 -23.449684143066406
			vertex 8.021436738849062e-15 77.5 -65.5
		endloop
	endfacet
	facet normal -0.032719440820131125 0 0.9994645757566489
		outer loop
			vertex 1.5369735956192017 12 -23.449684143066406
			vertex 2.877920010930916e-15 12 -23.5
			vertex 1.5369735956192017 0 -23.449684143066406
		endloop
	endfacet
	facet normal -0.032719440820131125 0 0.9994645757566489
		outer loop
			vertex 2.877920010930916e-15 0 -23.5
			vertex 1.5369735956192017 0 -23.449684143066406
			vertex 2.877920010930916e-15 12 -23.5
		endloop
	endfacet
	facet normal 0 -1 0
		outer loop
			vertex 1.5369735956192017 0 -23.449684143066406
			vertex 2.877920010930916e-15 0 -23.5
			vertex 1.7004814147949219 0 -25.944332122802734
		endloop
	endfacet
	facet normal 0 -1 0
		outer loop
			vertex 3.1840817637818772e-15 0 -26
			vertex 1.7004814147949219 0 -25.944332122802734
			vertex 2.877920010930916e-15 0 -23.5
		endloop
	endfacet
	facet normal -0.032719012135852266 0 -0.9994645897903807
		outer loop
			vertex 3.1840817637818772e-15 0 -26
			vertex -1.7004814147949219 0 -25.944332122802734
			vertex 3.1840817637818772e-15 12 -26
		endloop
	endfacet
	facet normal -0.032719012135852266 0 -0.9994645897903807
		outer loop
			vertex -1.7004814147949219 12 -25.944332122802734
			vertex 3.1840817637818772e-15 12 -26
			vertex -1.7004814147949219 0 -25.944332122802734
		endloop
	endfacet
	facet normal -0.027228348488375013 -0.5544945354627305 -0.8317418031940959
		outer loop
			vertex 3.1840817637818772e-15 12 -26
			vertex -1.7004814147949219 12 -25.944332122802734
			vertex 8.327598491700023e-15 75 -68
		endloop
	endfacet
	facet normal -0.027228128825412787 -0.5544945428877694 -0.8317418054350463
		outer loop
			vertex -4.447412967681885 75 -67.85440826416016
			vertex 8.327598491700023e-15 75 -68
			vertex -1.7004814147949219 12 -25.944332122802734
		endloop
	endfacet
	facet normal 0 -1 0
		outer loop
			vertex 8.327598491700023e-15 75 -68
			vertex -4.447412967681885 75 -67.85440826416016
			vertex 9.062386020915972e-15 75 -74
		endloop
	endfacet
	facet normal 0 -1 0
		outer loop
			vertex -4.839831352233887 75 -73.84156036376953
			vertex 9.062386020915972e-15 75 -74
			vertex -4.447412967681885 75 -67.85440826416016
		endloop
	endfacet
	facet normal -0.03271907514540058 0 -0.9994645877276642
		outer loop
			vertex 9.062386020915972e-15 75 -74
			vertex -4.839831352233887 75 -73.84156036376953
			vertex 9.062386020915972e-15 77.5 -74
		endloop
	endfacet
	facet normal -0.03271907514540058 0 -0.9994645877276642
		outer loop
			vertex -4.839831352233887 77.5 -73.84156036376953
			vertex 9.062386020915972e-15 77.5 -74
			vertex -4.839831352233887 75 -73.84156036376953
		endloop
	endfacet
	facet normal 0 1 0
		outer loop
			vertex 9.062386020915972e-15 77.5 -74
			vertex -4.839831352233887 77.5 -73.84156036376953
			vertex 8.021436738849062e-15 77.5 -65.5
		endloop
	endfacet
	facet normal 0 1 0
		outer loop
			vertex -4.283905029296875 77.5 -65.35975646972656
			vertex 8.021436738849062e-15 77.5 -65.5
			vertex -4.839831352233887 77.5 -73.84156036376953
		endloop
	endfacet
	facet normal 0.02754794914714676 0.5395780345501974 0.8414847919770935
		outer loop
			vertex 8.021436738849062e-15 77.5 -65.5
			vertex -4.283905029296875 77.5 -65.35975646972656
			vertex 2.877920010930916e-15 12 -23.5
		endloop
	endfacet
	facet normal 0.027547662035831994 0.5395780254913191 0.8414848071850431
		outer loop
			vertex -1.5369735956192017 12 -23.449684143066406
			vertex 2.877920010930916e-15 12 -23.5
			vertex -4.283905029296875 77.5 -65.35975646972656
		endloop
	endfacet
	facet normal 0.032719440820131 0 0.9994645757566489
		outer loop
			vertex 2.877920010930916e-15 12 -23.5
			vertex -1.5369735956192017 12 -23.449684143066406
			vertex 2.877920010930916e-15 0 -23.5
		endloop
	endfacet
	facet normal 0.032719440820131 0 0.9994645757566489
		outer loop
			vertex -1.5369735956192017 0 -23.449684143066406
			vertex 2.877920010930916e-15 0 -23.5
			vertex -1.5369735956192017 12 -23.449684143066406
		endloop
	endfacet
	facet normal 0 -1 0
		outer loop
			vertex 2.877920010930916e-15 0 -23.5
			vertex -1.5369735956192017 0 -23.449684143066406
			vertex 3.1840817637818772e-15 0 -26
		endloop
	endfacet
	facet normal 0 -1 0
		outer loop
			vertex -1.7004814147949219 0 -25.944332122802734
			vertex 3.1840817637818772e-15 0 -26
			vertex -1.5369735956192017 0 -23.449684143066406
		endloop
	endfacet
	facet normal -0.09801691030515362 0 -0.9951847493275967
		outer loop
			vertex -1.7004814147949219 0 -25.944332122802734
			vertex -3.393681049346924 0 -25.77756690979004
			vertex -1.7004814147949219 12 -25.944332122802734
		endloop
	endfacet
	facet normal -0.09801691030515362 0 -0.9951847493275967
		outer loop
			vertex -3.393681049346924 12 -25.77756690979004
			vertex -1.7004814147949219 12 -25.944332122802734
			vertex -3.393681049346924 0 -25.77756690979004
		endloop
	endfacet
	facet normal -0.08156843334240245 -0.5544945500214313 -0.8281801643836906
		outer loop
			vertex -1.7004814147949219 12 -25.944332122802734
			vertex -3.393681049346924 12 -25.77756690979004
			vertex -4.447412967681885 75 -67.85440826416016
		endloop
	endfacet
	facet normal -0.08156881799460039 -0.5544945369827806 -0.8281801352285719
		outer loop
			vertex -8.875781059265137 75 -67.41825103759766
			vertex -4.447412967681885 75 -67.85440826416016
			vertex -3.393681049346924 12 -25.77756690979004
		endloop
	endfacet
	facet normal 0 -1 0
		outer loop
			vertex -4.447412967681885 75 -67.85440826416016
			vertex -8.875781059265137 75 -67.41825103759766
			vertex -4.839831352233887 75 -73.84156036376953
		endloop
	endfacet
	facet normal 0 -1 0
		outer loop
			vertex -9.65893840789795 75 -73.3669204711914
			vertex -4.839831352233887 75 -73.84156036376953
			vertex -8.875781059265137 75 -67.41825103759766
		endloop
	endfacet
	facet normal -0.09801699220037831 0 -0.9951847412616369
		outer loop
			vertex -4.839831352233887 75 -73.84156036376953
			vertex -9.65893840789795 75 -73.3669204711914
			vertex -4.839831352233887 77.5 -73.84156036376953
		endloop
	endfacet
	facet normal -0.09801699220037831 0 -0.9951847412616369
		outer loop
			vertex -9.65893840789795 77.5 -73.3669204711914
			vertex -4.839831352233887 77.5 -73.84156036376953
			vertex -9.65893840789795 75 -73.3669204711914
		endloop
	endfacet
	facet normal 0 1 0
		outer loop
			vertex -4.839831352233887 77.5 -73.84156036376953
			vertex -9.65893840789795 77.5 -73.3669204711914
			vertex -4.283905029296875 77.5 -65.35975646972656
		endloop
	endfacet
	facet normal 0 1 0
		outer loop
			vertex -8.54946517944336 77.5 -64.93963623046875
			vertex -4.283905029296875 77.5 -65.35975646972656
			vertex -9.65893840789795 77.5 -73.3669204711914
		endloop
	endfacet
	facet normal 0.08252397095501451 0.5395780233324885 0.8378814659332314
		outer loop
			vertex -4.283905029296875 77.5 -65.35975646972656
			vertex -8.54946517944336 77.5 -64.93963623046875
			vertex -1.5369735956192017 12 -23.449684143066406
		endloop
	endfacet
	facet normal 0.0825239550511353 0.5395780228278587 0.8378814678245946
		outer loop
			vertex -3.0673654079437256 12 -23.298954010009766
			vertex -1.5369735956192017 12 -23.449684143066406
			vertex -8.54946517944336 77.5 -64.93963623046875
		endloop
	endfacet
	facet normal 0.09801694439812458 0 0.9951847459697397
		outer loop
			vertex -1.5369735956192017 12 -23.449684143066406
			vertex -3.0673654079437256 12 -23.298954010009766
			vertex -1.5369735956192017 0 -23.449684143066406
		endloop
	endfacet
	facet normal 0.09801694439812458 0 0.9951847459697397
		outer loop
			vertex -3.0673654079437256 0 -23.298954010009766
			vertex -1.5369735956192017 0 -23.449684143066406
			vertex -3.0673654079437256 12 -23.298954010009766
		endloop
	endfacet
	facet normal 0 -1 0
		outer loop
			vertex -1.5369735956192017 0 -23.449684143066406
			vertex -3.0673654079437256 0 -23.298954010009766
			vertex -1.7004814147949219 0 -25.944332122802734
		endloop
	endfacet
	facet normal 0 -1 0
		outer loop
			vertex -3.393681049346924 0 -25.77756690979004
			vertex -1.7004814147949219 0 -25.944332122802734
			vertex -3.0673654079437256 0 -23.298954010009766
		endloop
	endfacet
	facet normal -0.16289551174907402 0 -0.9866433257525272
		outer loop
			vertex -3.393681049346924 0 -25.77756690979004
			vertex -5.072348594665527 0 -25.500417709350586
			vertex -3.393681049346924 12 -25.77756690979004
		endloop
	endfacet
	facet normal -0.16289551174907402 0 -0.9866433257525272
		outer loop
			vertex -5.072348594665527 12 -25.500417709350586
			vertex -3.393681049346924 12 -25.77756690979004
			vertex -5.072348594665527 0 -25.500417709350586
		endloop
	endfacet
	facet normal -0.13555958686976935 -0.5544945335402917 -0.8210721105247896
		outer loop
			vertex -3.393681049346924 12 -25.77756690979004
			vertex -5.072348594665527 12 -25.500417709350586
			vertex -8.875781059265137 75 -67.41825103759766
		endloop
	endfacet
	facet normal -0.13555992187158605 -0.55449452210343 -0.8210720629393369
		outer loop
			vertex -13.266141891479492 75 -66.69339752197266
			vertex -8.875781059265137 75 -67.41825103759766
			vertex -5.072348594665527 12 -25.500417709350586
		endloop
	endfacet
	facet normal 0 -1 0
		outer loop
			vertex -8.875781059265137 75 -67.41825103759766
			vertex -13.266141891479492 75 -66.69339752197266
			vertex -9.65893840789795 75 -73.3669204711914
		endloop
	endfacet
	facet normal 0 -1 0
		outer loop
			vertex -14.436683654785156 75 -72.57810974121094
			vertex -9.65893840789795 75 -73.3669204711914
			vertex -13.266141891479492 75 -66.69339752197266
		endloop
	endfacet
	facet normal -0.1628958346964508 0 -0.9866432724336323
		outer loop
			vertex -9.65893840789795 75 -73.3669204711914
			vertex -14.436683654785156 75 -72.57810974121094
			vertex -9.65893840789795 77.5 -73.3669204711914
		endloop
	endfacet
	facet normal -0.1628958346964508 0 -0.9866432724336323
		outer loop
			vertex -14.436683654785156 77.5 -72.57810974121094
			vertex -9.65893840789795 77.5 -73.3669204711914
			vertex -14.436683654785156 75 -72.57810974121094
		endloop
	endfacet
	facet normal 0 1 0
		outer loop
			vertex -9.65893840789795 77.5 -73.3669204711914
			vertex -14.436683654785156 77.5 -72.57810974121094
			vertex -8.54946517944336 77.5 -64.93963623046875
		endloop
	endfacet
	facet normal 0 1 0
		outer loop
			vertex -12.77841567993164 77.5 -64.2414321899414
			vertex -8.54946517944336 77.5 -64.93963623046875
			vertex -14.436683654785156 77.5 -72.57810974121094
		endloop
	endfacet
	facet normal 0.1371477829546652 0.5395780209806177 0.8306901016054423
		outer loop
			vertex -8.54946517944336 77.5 -64.93963623046875
			vertex -12.77841567993164 77.5 -64.2414321899414
			vertex -3.0673654079437256 12 -23.298954010009766
		endloop
	endfacet
	facet normal 0.13714727904971694 0.5395780048315891 0.83069019529017
		outer loop
			vertex -4.584622383117676 12 -23.04845428466797
			vertex -3.0673654079437256 12 -23.298954010009766
			vertex -12.77841567993164 77.5 -64.2414321899414
		endloop
	endfacet
	facet normal 0.16289521063904833 0 0.9866433754659584
		outer loop
			vertex -3.0673654079437256 12 -23.298954010009766
			vertex -4.584622383117676 12 -23.04845428466797
			vertex -3.0673654079437256 0 -23.298954010009766
		endloop
	endfacet
	facet normal 0.16289521063904833 0 0.9866433754659584
		outer loop
			vertex -4.584622383117676 0 -23.04845428466797
			vertex -3.0673654079437256 0 -23.298954010009766
			vertex -4.584622383117676 12 -23.04845428466797
		endloop
	endfacet
	facet normal 0 -1 0
		outer loop
			vertex -3.0673654079437256 0 -23.298954010009766
			vertex -4.584622383117676 0 -23.04845428466797
			vertex -3.393681049346924 0 -25.77756690979004
		endloop
	endfacet
	facet normal 0 -1 0
		outer loop
			vertex -5.072348594665527 0 -25.500417709350586
			vertex -3.393681049346924 0 -25.77756690979004
			vertex -4.584622383117676 0 -23.04845428466797
		endloop
	endfacet
	facet normal -0.22707684443044968 0 -0.9738768437145991
		outer loop
			vertex -5.072348594665527 0 -25.500417709350586
			vertex -6.729295253753662 0 -25.114070892333984
			vertex -5.072348594665527 12 -25.500417709350586
		endloop
	endfacet
	facet normal -0.22707684443044968 0 -0.9738768437145991
		outer loop
			vertex -6.729295253753662 12 -25.114070892333984
			vertex -5.072348594665527 12 -25.500417709350586
			vertex -6.729295253753662 0 -25.114070892333984
		endloop
	endfacet
	facet normal -0.18897048476439618 -0.5544945090954286 -0.8104480213258152
		outer loop
			vertex -5.072348594665527 12 -25.500417709350586
			vertex -6.729295253753662 12 -25.114070892333984
			vertex -13.266141891479492 75 -66.69339752197266
		endloop
	endfacet
	facet normal -0.18897030645005972 -0.5544945152534406 -0.8104480586897735
		outer loop
			vertex -17.599695205688477 75 -65.68295288085938
			vertex -13.266141891479492 75 -66.69339752197266
			vertex -6.729295253753662 12 -25.114070892333984
		endloop
	endfacet
	facet normal 0 -1 0
		outer loop
			vertex -13.266141891479492 75 -66.69339752197266
			vertex -17.599695205688477 75 -65.68295288085938
			vertex -14.436683654785156 75 -72.57810974121094
		endloop
	endfacet
	facet normal 0 -1 0
		outer loop
			vertex -19.15260887145996 75 -71.47850799560547
			vertex -14.436683654785156 75 -72.57810974121094
			vertex -17.599695205688477 75 -65.68295288085938
		endloop
	endfacet
	facet normal -0.22707669572328082 0 -0.9738768783883294
		outer loop
			vertex -14.436683654785156 75 -72.57810974121094
			vertex -19.15260887145996 75 -71.47850799560547
			vertex -14.436683654785156 77.5 -72.57810974121094
		endloop
	endfacet
	facet normal -0.22707669572328082 0 -0.9738768783883294
		outer loop
			vertex -19.15260887145996 77.5 -71.47850799560547
			vertex -14.436683654785156 77.5 -72.57810974121094
			vertex -19.15260887145996 75 -71.47850799560547
		endloop
	endfacet
	facet normal 0 1 0
		outer loop
			vertex -14.436683654785156 77.5 -72.57810974121094
			vertex -19.15260887145996 77.5 -71.47850799560547
			vertex -12.77841567993164 77.5 -64.2414321899414
		endloop
	endfacet
	facet normal 0 1 0
		outer loop
			vertex -16.952648162841797 77.5 -63.26814270019531
			vertex -12.77841567993164 77.5 -64.2414321899414
			vertex -19.15260887145996 77.5 -71.47850799560547
		endloop
	endfacet
	facet normal 0.19118265564820464 0.5395780227535222 0.8199419183946505
		outer loop
			vertex -12.77841567993164 77.5 -64.2414321899414
			vertex -16.952648162841797 77.5 -63.26814270019531
			vertex -4.584622383117676 12 -23.04845428466797
		endloop
	endfacet
	facet normal 0.19118365418983543 0.5395780552190921 0.8199416642033773
		outer loop
			vertex -6.082247734069824 12 -22.699256896972656
			vertex -4.584622383117676 12 -23.04845428466797
			vertex -16.952648162841797 77.5 -63.26814270019531
		endloop
	endfacet
	facet normal 0.2270763447168751 0 0.9738769602316419
		outer loop
			vertex -4.584622383117676 12 -23.04845428466797
			vertex -6.082247734069824 12 -22.699256896972656
			vertex -4.584622383117676 0 -23.04845428466797
		endloop
	endfacet
	facet normal 0.2270763447168751 0 0.9738769602316419
		outer loop
			vertex -6.082247734069824 0 -22.699256896972656
			vertex -4.584622383117676 0 -23.04845428466797
			vertex -6.082247734069824 12 -22.699256896972656
		endloop
	endfacet
	facet normal 0 -1 0
		outer loop
			vertex -4.584622383117676 0 -23.04845428466797
			vertex -6.082247734069824 0 -22.699256896972656
			vertex -5.072348594665527 0 -25.500417709350586
		endloop
	endfacet
	facet normal 0 -1 0
		outer loop
			vertex -6.729295253753662 0 -25.114070892333984
			vertex -5.072348594665527 0 -25.500417709350586
			vertex -6.082247734069824 0 -22.699256896972656
		endloop
	endfacet
	facet normal -0.29028412794435593 0 -0.9569405023634359
		outer loop
			vertex -6.729295253753662 0 -25.114070892333984
			vertex -8.357425689697266 0 -24.62018394470215
			vertex -6.729295253753662 12 -25.114070892333984
		endloop
	endfacet
	facet normal -0.29028412794435593 0 -0.9569405023634359
		outer loop
			vertex -8.357425689697266 12 -24.62018394470215
			vertex -6.729295253753662 12 -25.114070892333984
			vertex -8.357425689697266 0 -24.62018394470215
		endloop
	endfacet
	facet normal -0.24157078682358735 -0.5544945181702183 -0.7963538059635369
		outer loop
			vertex -6.729295253753662 12 -25.114070892333984
			vertex -8.357425689697266 12 -24.62018394470215
			vertex -17.599695205688477 75 -65.68295288085938
		endloop
	endfacet
	facet normal -0.24157038276157475 -0.5544945323487402 -0.796353918661658
		outer loop
			vertex -21.85788345336914 75 -64.39125061035156
			vertex -17.599695205688477 75 -65.68295288085938
			vertex -8.357425689697266 12 -24.62018394470215
		endloop
	endfacet
	facet normal 0 -1 0
		outer loop
			vertex -17.599695205688477 75 -65.68295288085938
			vertex -21.85788345336914 75 -64.39125061035156
			vertex -19.15260887145996 75 -71.47850799560547
		endloop
	endfacet
	facet normal 0 -1 0
		outer loop
			vertex -23.78652000427246 75 -70.07283020019531
			vertex -19.15260887145996 75 -71.47850799560547
			vertex -21.85788345336914 75 -64.39125061035156
		endloop
	endfacet
	facet normal -0.29028396264659645 0 -0.9569405525058438
		outer loop
			vertex -19.15260887145996 75 -71.47850799560547
			vertex -23.78652000427246 75 -70.07283020019531
			vertex -19.15260887145996 77.5 -71.47850799560547
		endloop
	endfacet
	facet normal -0.29028396264659645 0 -0.9569405525058438
		outer loop
			vertex -23.78652000427246 77.5 -70.07283020019531
			vertex -19.15260887145996 77.5 -71.47850799560547
			vertex -23.78652000427246 75 -70.07283020019531
		endloop
	endfacet
	facet normal 0 1 0
		outer loop
			vertex -19.15260887145996 77.5 -71.47850799560547
			vertex -23.78652000427246 77.5 -70.07283020019531
			vertex -16.952648162841797 77.5 -63.26814270019531
		endloop
	endfacet
	facet normal 0 1 0
		outer loop
			vertex -21.054285049438477 77.5 -62.023921966552734
			vertex -16.952648162841797 77.5 -63.26814270019531
			vertex -23.78652000427246 77.5 -70.07283020019531
		endloop
	endfacet
	facet normal 0.2444015012488511 0.5395780465167439 0.8056819706959332
		outer loop
			vertex -16.952648162841797 77.5 -63.26814270019531
			vertex -21.054285049438477 77.5 -62.023921966552734
			vertex -6.082247734069824 12 -22.699256896972656
		endloop
	endfacet
	facet normal 0.2444014575137623 0.5395780450675781 0.805681984933385
		outer loop
			vertex -7.553827285766602 12 -22.252857208251953
			vertex -6.082247734069824 12 -22.699256896972656
			vertex -21.054285049438477 77.5 -62.023921966552734
		endloop
	endfacet
	facet normal 0.2902852203658986 0 0.9569401709809876
		outer loop
			vertex -6.082247734069824 12 -22.699256896972656
			vertex -7.553827285766602 12 -22.252857208251953
			vertex -6.082247734069824 0 -22.699256896972656
		endloop
	endfacet
	facet normal 0.2902852203658986 0 0.9569401709809876
		outer loop
			vertex -7.553827285766602 0 -22.252857208251953
			vertex -6.082247734069824 0 -22.699256896972656
			vertex -7.553827285766602 12 -22.252857208251953
		endloop
	endfacet
	facet normal 0 -1 0
		outer loop
			vertex -6.082247734069824 0 -22.699256896972656
			vertex -7.553827285766602 0 -22.252857208251953
			vertex -6.729295253753662 0 -25.114070892333984
		endloop
	endfacet
	facet normal 0 -1 0
		outer loop
			vertex -8.357425689697266 0 -24.62018394470215
			vertex -6.729295253753662 0 -25.114070892333984
			vertex -7.553827285766602 0 -22.252857208251953
		endloop
	endfacet
	facet normal -0.35225007440117584 0 -0.9359059167909808
		outer loop
			vertex -8.357425689697266 0 -24.62018394470215
			vertex -9.949769020080566 0 -24.0208683013916
			vertex -8.357425689697266 12 -24.62018394470215
		endloop
	endfacet
	facet normal -0.35225007440117584 0 -0.9359059167909808
		outer loop
			vertex -9.949769020080566 12 -24.0208683013916
			vertex -8.357425689697266 12 -24.62018394470215
			vertex -9.949769020080566 0 -24.0208683013916
		endloop
	endfacet
	facet normal -0.293138058828188 -0.5544945454337649 -0.7788490723822199
		outer loop
			vertex -8.357425689697266 12 -24.62018394470215
			vertex -9.949769020080566 12 -24.0208683013916
			vertex -21.85788345336914 75 -64.39125061035156
		endloop
	endfacet
	facet normal -0.2931385070999814 -0.5544945293763685 -0.7788489150964222
		outer loop
			vertex -26.02247428894043 75 -62.82380676269531
			vertex -21.85788345336914 75 -64.39125061035156
			vertex -9.949769020080566 12 -24.0208683013916
		endloop
	endfacet
	facet normal 0 -1 0
		outer loop
			vertex -21.85788345336914 75 -64.39125061035156
			vertex -26.02247428894043 75 -62.82380676269531
			vertex -23.78652000427246 75 -70.07283020019531
		endloop
	endfacet
	facet normal 0 -1 0
		outer loop
			vertex -28.318574905395508 75 -68.3670883178711
			vertex -23.78652000427246 75 -70.07283020019531
			vertex -26.02247428894043 75 -62.82380676269531
		endloop
	endfacet
	facet normal -0.3522495417574468 0 -0.9359061172637291
		outer loop
			vertex -23.78652000427246 75 -70.07283020019531
			vertex -28.318574905395508 75 -68.3670883178711
			vertex -23.78652000427246 77.5 -70.07283020019531
		endloop
	endfacet
	facet normal -0.3522495417574468 0 -0.9359061172637291
		outer loop
			vertex -28.318574905395508 77.5 -68.3670883178711
			vertex -23.78652000427246 77.5 -70.07283020019531
			vertex -28.318574905395508 75 -68.3670883178711
		endloop
	endfacet
	facet normal 0 1 0
		outer loop
			vertex -23.78652000427246 77.5 -70.07283020019531
			vertex -28.318574905395508 77.5 -68.3670883178711
			vertex -21.054285049438477 77.5 -62.023921966552734
		endloop
	endfacet
	facet normal 0 1 0
		outer loop
			vertex -25.065765380859375 77.5 -60.51411056518555
			vertex -21.054285049438477 77.5 -62.023921966552734
			vertex -28.318574905395508 77.5 -68.3670883178711
		endloop
	endfacet
	facet normal 0.29657135436921667 0.5395780461042261 0.7879726923757918
		outer loop
			vertex -21.054285049438477 77.5 -62.023921966552734
			vertex -25.065765380859375 77.5 -60.51411056518555
			vertex -7.553827285766602 12 -22.252857208251953
		endloop
	endfacet
	facet normal 0.2965716953897909 0.5395780576752658 0.7879725561014246
		outer loop
			vertex -8.993061065673828 12 -21.71116828918457
			vertex -7.553827285766602 12 -22.252857208251953
			vertex -25.065765380859375 77.5 -60.51411056518555
		endloop
	endfacet
	facet normal 0.3522498664799024 0 0.9359059950469871
		outer loop
			vertex -7.553827285766602 12 -22.252857208251953
			vertex -8.993061065673828 12 -21.71116828918457
			vertex -7.553827285766602 0 -22.252857208251953
		endloop
	endfacet
	facet normal 0.3522498664799024 0 0.9359059950469871
		outer loop
			vertex -8.993061065673828 0 -21.71116828918457
			vertex -7.553827285766602 0 -22.252857208251953
			vertex -8.993061065673828 12 -21.71116828918457
		endloop
	endfacet
	facet normal 0 -1 0
		outer loop
			vertex -7.553827285766602 0 -22.252857208251953
			vertex -8.993061065673828 0 -21.71116828918457
			vertex -8.357425689697266 0 -24.62018394470215
		endloop
	endfacet
	facet normal 0 -1 0
		outer loop
			vertex -9.949769020080566 0 -24.0208683013916
			vertex -8.357425689697266 0 -24.62018394470215
			vertex -8.993061065673828 0 -21.71116828918457
		endloop
	endfacet
	facet normal -0.4127072047967755 0 -0.9108637456331394
		outer loop
			vertex -9.949769020080566 0 -24.0208683013916
			vertex -11.499505996704102 0 -23.31869125366211
			vertex -9.949769020080566 12 -24.0208683013916
		endloop
	endfacet
	facet normal -0.4127072047967755 0 -0.9108637456331394
		outer loop
			vertex -11.499505996704102 12 -23.31869125366211
			vertex -9.949769020080566 12 -24.0208683013916
			vertex -11.499505996704102 0 -23.31869125366211
		endloop
	endfacet
	facet normal -0.34344972531594525 -0.5544945204809184 -0.7580093092680581
		outer loop
			vertex -9.949769020080566 12 -24.0208683013916
			vertex -11.499505996704102 12 -23.31869125366211
			vertex -26.02247428894043 75 -62.82380676269531
		endloop
	endfacet
	facet normal -0.34344943208341805 -0.5544945312549643 -0.7580094342486213
		outer loop
			vertex -30.07563018798828 75 -60.98734664916992
			vertex -26.02247428894043 75 -62.82380676269531
			vertex -11.499505996704102 12 -23.31869125366211
		endloop
	endfacet
	facet normal 0 -1 0
		outer loop
			vertex -26.02247428894043 75 -62.82380676269531
			vertex -30.07563018798828 75 -60.98734664916992
			vertex -28.318574905395508 75 -68.3670883178711
		endloop
	endfacet
	facet normal 0 -1 0
		outer loop
			vertex -32.72936248779297 75 -66.36858367919922
			vertex -28.318574905395508 75 -68.3670883178711
			vertex -30.07563018798828 75 -60.98734664916992
		endloop
	endfacet
	facet normal -0.41270750703001136 0 -0.9108636086929114
		outer loop
			vertex -28.318574905395508 75 -68.3670883178711
			vertex -32.72936248779297 75 -66.36858367919922
			vertex -28.318574905395508 77.5 -68.3670883178711
		endloop
	endfacet
	facet normal -0.41270750703001136 0 -0.9108636086929114
		outer loop
			vertex -32.72936248779297 77.5 -66.36858367919922
			vertex -28.318574905395508 77.5 -68.3670883178711
			vertex -32.72936248779297 75 -66.36858367919922
		endloop
	endfacet
	facet normal 0 1 0
		outer loop
			vertex -28.318574905395508 77.5 -68.3670883178711
			vertex -32.72936248779297 77.5 -66.36858367919922
			vertex -25.065765380859375 77.5 -60.51411056518555
		endloop
	endfacet
	facet normal 0 1 0
		outer loop
			vertex -28.96990966796875 77.5 -58.74516296386719
			vertex -25.065765380859375 77.5 -60.51411056518555
			vertex -32.72936248779297 77.5 -66.36858367919922
		endloop
	endfacet
	facet normal 0.3474731962735215 0.5395780521994173 0.7668884556805804
		outer loop
			vertex -25.065765380859375 77.5 -60.51411056518555
			vertex -28.96990966796875 77.5 -58.74516296386719
			vertex -8.993061065673828 12 -21.71116828918457
		endloop
	endfacet
	facet normal 0.34747241014534624 0.5395780247495936 0.7668888311842279
		outer loop
			vertex -10.393784523010254 12 -21.076509475708008
			vertex -8.993061065673828 12 -21.71116828918457
			vertex -28.96990966796875 77.5 -58.74516296386719
		endloop
	endfacet
	facet normal 0.41270663692519044 0 0.9108640029323254
		outer loop
			vertex -8.993061065673828 12 -21.71116828918457
			vertex -10.393784523010254 12 -21.076509475708008
			vertex -8.993061065673828 0 -21.71116828918457
		endloop
	endfacet
	facet normal 0.41270663692519044 0 0.9108640029323254
		outer loop
			vertex -10.393784523010254 0 -21.076509475708008
			vertex -8.993061065673828 0 -21.71116828918457
			vertex -10.393784523010254 12 -21.076509475708008
		endloop
	endfacet
	facet normal 0 -1 0
		outer loop
			vertex -8.993061065673828 0 -21.71116828918457
			vertex -10.393784523010254 0 -21.076509475708008
			vertex -9.949769020080566 0 -24.0208683013916
		endloop
	endfacet
	facet normal 0 -1 0
		outer loop
			vertex -11.499505996704102 0 -23.31869125366211
			vertex -9.949769020080566 0 -24.0208683013916
			vertex -10.393784523010254 0 -21.076509475708008
		endloop
	endfacet
	facet normal -0.4713966495866888 0 -0.8819213109787317
		outer loop
			vertex -11.499505996704102 0 -23.31869125366211
			vertex -13 0 -22.516660690307617
			vertex -11.499505996704102 12 -23.31869125366211
		endloop
	endfacet
	facet normal -0.4713966495866888 0 -0.8819213109787317
		outer loop
			vertex -13 12 -22.516660690307617
			vertex -11.499505996704102 12 -23.31869125366211
			vertex -13 0 -22.516660690307617
		endloop
	endfacet
	facet normal -0.3922903359307382 -0.5544945344024301 -0.7339237723722953
		outer loop
			vertex -11.499505996704102 12 -23.31869125366211
			vertex -13 12 -22.516660690307617
			vertex -30.07563018798828 75 -60.98734664916992
		endloop
	endfacet
	facet normal -0.39229022346540404 -0.5544945386625364 -0.7339238292676457
		outer loop
			vertex -34 75 -58.88972854614258
			vertex -30.07563018798828 75 -60.98734664916992
			vertex -13 12 -22.516660690307617
		endloop
	endfacet
	facet normal 0 -1 0
		outer loop
			vertex -30.07563018798828 75 -60.98734664916992
			vertex -34 75 -58.88972854614258
			vertex -32.72936248779297 75 -66.36858367919922
		endloop
	endfacet
	facet normal 0 -1 0
		outer loop
			vertex -37 75 -64.08587646484375
			vertex -32.72936248779297 75 -66.36858367919922
			vertex -34 75 -58.88972854614258
		endloop
	endfacet
	facet normal -0.4713973642789375 0 -0.8819209289674844
		outer loop
			vertex -32.72936248779297 75 -66.36858367919922
			vertex -37 75 -64.08587646484375
			vertex -32.72936248779297 77.5 -66.36858367919922
		endloop
	endfacet
	facet normal -0.4713973642789375 0 -0.8819209289674844
		outer loop
			vertex -37 77.5 -64.08587646484375
			vertex -32.72936248779297 77.5 -66.36858367919922
			vertex -37 75 -64.08587646484375
		endloop
	endfacet
	facet normal 0 1 0
		outer loop
			vertex -32.72936248779297 77.5 -66.36858367919922
			vertex -37 77.5 -64.08587646484375
			vertex -28.96990966796875 77.5 -58.74516296386719
		endloop
	endfacet
	facet normal 0 1 0
		outer loop
			vertex -32.75 77.5 -56.72466278076172
			vertex -28.96990966796875 77.5 -58.74516296386719
			vertex -37 77.5 -64.08587646484375
		endloop
	endfacet
	facet normal 0.3968856630226614 0.5395780311709001 0.7425209214323848
		outer loop
			vertex -28.96990966796875 77.5 -58.74516296386719
			vertex -32.75 77.5 -56.72466278076172
			vertex -10.393784523010254 12 -21.076509475708008
		endloop
	endfacet
	facet normal 0.3968858474950327 0.5395780378347084 0.7425208179873449
		outer loop
			vertex -11.75 12 -20.35159683227539
			vertex -10.393784523010254 12 -21.076509475708008
			vertex -32.75 77.5 -56.72466278076172
		endloop
	endfacet
	facet normal 0.4713969230703549 0 0.881921164798647
		outer loop
			vertex -10.393784523010254 12 -21.076509475708008
			vertex -11.75 12 -20.35159683227539
			vertex -10.393784523010254 0 -21.076509475708008
		endloop
	endfacet
	facet normal 0.4713969230703549 0 0.881921164798647
		outer loop
			vertex -11.75 0 -20.35159683227539
			vertex -10.393784523010254 0 -21.076509475708008
			vertex -11.75 12 -20.35159683227539
		endloop
	endfacet
	facet normal 0 -1 0
		outer loop
			vertex -10.393784523010254 0 -21.076509475708008
			vertex -11.75 0 -20.35159683227539
			vertex -11.499505996704102 0 -23.31869125366211
		endloop
	endfacet
	facet normal 0 -1 0
		outer loop
			vertex -13 0 -22.516660690307617
			vertex -11.499505996704102 0 -23.31869125366211
			vertex -11.75 0 -20.35159683227539
		endloop
	endfacet
	facet normal -0.5280679485108017 0 -0.8492021206730429
		outer loop
			vertex -13 0 -22.516660690307617
			vertex -14.444826126098633 0 -21.618209838867188
			vertex -13 12 -22.516660690307617
		endloop
	endfacet
	facet normal -0.5280679485108017 0 -0.8492021206730429
		outer loop
			vertex -14.444826126098633 12 -21.618209838867188
			vertex -13 12 -22.516660690307617
			vertex -14.444826126098633 0 -21.618209838867188
		endloop
	endfacet
	facet normal -0.43945147288048175 -0.5544945400924097 -0.7066952723705475
		outer loop
			vertex -13 12 -22.516660690307617
			vertex -14.444826126098633 12 -21.618209838867188
			vertex -34 75 -58.88972854614258
		endloop
	endfacet
	facet normal -0.4394518633801984 -0.5544945247603241 -0.7066950415720303
		outer loop
			vertex -37.77877426147461 75 -56.53993225097656
			vertex -34 75 -58.88972854614258
			vertex -14.444826126098633 12 -21.618209838867188
		endloop
	endfacet
	facet normal 0 -1 0
		outer loop
			vertex -34 75 -58.88972854614258
			vertex -37.77877426147461 75 -56.53993225097656
			vertex -37 75 -64.08587646484375
		endloop
	endfacet
	facet normal 0 -1 0
		outer loop
			vertex -41.11219787597656 75 -61.528751373291016
			vertex -37 75 -64.08587646484375
			vertex -37.77877426147461 75 -56.53993225097656
		endloop
	endfacet
	facet normal -0.5280672741072318 0 -0.8492025400438684
		outer loop
			vertex -37 75 -64.08587646484375
			vertex -41.11219787597656 75 -61.528751373291016
			vertex -37 77.5 -64.08587646484375
		endloop
	endfacet
	facet normal -0.5280672741072318 0 -0.8492025400438684
		outer loop
			vertex -41.11219787597656 77.5 -61.528751373291016
			vertex -37 77.5 -64.08587646484375
			vertex -41.11219787597656 75 -61.528751373291016
		endloop
	endfacet
	facet normal 0 1 0
		outer loop
			vertex -37 77.5 -64.08587646484375
			vertex -41.11219787597656 77.5 -61.528751373291016
			vertex -32.75 77.5 -56.72466278076172
		endloop
	endfacet
	facet normal 0 1 0
		outer loop
			vertex -36.38985061645508 77.5 -54.46125793457031
			vertex -32.75 77.5 -56.72466278076172
			vertex -41.11219787597656 77.5 -61.528751373291016
		endloop
	endfacet
	facet normal 0.4445991597462893 0.5395780347866961 0.7149735180610682
		outer loop
			vertex -32.75 77.5 -56.72466278076172
			vertex -36.38985061645508 77.5 -54.46125793457031
			vertex -11.75 12 -20.35159683227539
		endloop
	endfacet
	facet normal 0.4445991781586672 0.5395780354786784 0.7149735060892871
		outer loop
			vertex -13.055900573730469 12 -19.539535522460938
			vertex -11.75 12 -20.35159683227539
			vertex -36.38985061645508 77.5 -54.46125793457031
		endloop
	endfacet
	facet normal 0.5280679206137769 0 0.8492021380205316
		outer loop
			vertex -11.75 12 -20.35159683227539
			vertex -13.055900573730469 12 -19.539535522460938
			vertex -11.75 0 -20.35159683227539
		endloop
	endfacet
	facet normal 0.5280679206137769 0 0.8492021380205316
		outer loop
			vertex -13.055900573730469 0 -19.539535522460938
			vertex -11.75 0 -20.35159683227539
			vertex -13.055900573730469 12 -19.539535522460938
		endloop
	endfacet
	facet normal 0 -1 0
		outer loop
			vertex -11.75 0 -20.35159683227539
			vertex -13.055900573730469 0 -19.539535522460938
			vertex -13 0 -22.516660690307617
		endloop
	endfacet
	facet normal 0 -1 0
		outer loop
			vertex -14.444826126098633 0 -21.618209838867188
			vertex -13 0 -22.516660690307617
			vertex -13.055900573730469 0 -19.539535522460938
		endloop
	endfacet
	facet normal -0.5824774026913557 0 -0.8128468953953951
		outer loop
			vertex -14.444826126098633 0 -21.618209838867188
			vertex -15.827796936035156 0 -20.627187728881836
			vertex -14.444826126098633 12 -21.618209838867188
		endloop
	endfacet
	facet normal -0.5824774026913557 0 -0.8128468953953951
		outer loop
			vertex -15.827796936035156 12 -20.627187728881836
			vertex -14.444826126098633 12 -21.618209838867188
			vertex -15.827796936035156 0 -20.627187728881836
		endloop
	endfacet
	facet normal -0.4847303405640441 -0.5544945206227353 -0.6764409239069062
		outer loop
			vertex -14.444826126098633 12 -21.618209838867188
			vertex -15.827796936035156 12 -20.627187728881836
			vertex -37.77877426147461 75 -56.53993225097656
		endloop
	endfacet
	facet normal -0.4847299604910246 -0.5544945361798983 -0.6764411835104434
		outer loop
			vertex -41.39577865600586 75 -53.948028564453125
			vertex -37.77877426147461 75 -56.53993225097656
			vertex -15.827796936035156 12 -20.627187728881836
		endloop
	endfacet
	facet normal 0 -1 0
		outer loop
			vertex -37.77877426147461 75 -56.53993225097656
			vertex -41.39577865600586 75 -53.948028564453125
			vertex -41.11219787597656 75 -61.528751373291016
		endloop
	endfacet
	facet normal 0 -1 0
		outer loop
			vertex -45.04834747314453 75 -58.70814895629883
			vertex -41.11219787597656 75 -61.528751373291016
			vertex -41.39577865600586 75 -53.948028564453125
		endloop
	endfacet
	facet normal -0.5824773563342384 0 -0.8128469286144081
		outer loop
			vertex -41.11219787597656 75 -61.528751373291016
			vertex -45.04834747314453 75 -58.70814895629883
			vertex -41.11219787597656 77.5 -61.528751373291016
		endloop
	endfacet
	facet normal -0.5824773563342384 0 -0.8128469286144081
		outer loop
			vertex -45.04834747314453 77.5 -58.70814895629883
			vertex -41.11219787597656 77.5 -61.528751373291016
			vertex -45.04834747314453 75 -58.70814895629883
		endloop
	endfacet
	facet normal 0 1 0
		outer loop
			vertex -41.11219787597656 77.5 -61.528751373291016
			vertex -45.04834747314453 77.5 -58.70814895629883
			vertex -36.38985061645508 77.5 -54.46125793457031
		endloop
	endfacet
	facet normal 0 1 0
		outer loop
			vertex -39.87387466430664 77.5 -51.96464538574219
			vertex -36.38985061645508 77.5 -54.46125793457031
			vertex -45.04834747314453 77.5 -58.70814895629883
		endloop
	endfacet
	facet normal 0.4904082120407492 0.5395780439749301 0.6843649026821758
		outer loop
			vertex -36.38985061645508 77.5 -54.46125793457031
			vertex -39.87387466430664 77.5 -51.96464538574219
			vertex -13.055900573730469 12 -19.539535522460938
		endloop
	endfacet
	facet normal 0.4904088130778473 0.5395780676195957 0.6843644533430124
		outer loop
			vertex -14.305893898010254 12 -18.643802642822266
			vertex -13.055900573730469 12 -19.539535522460938
			vertex -39.87387466430664 77.5 -51.96464538574219
		endloop
	endfacet
	facet normal 0.58247783898532 0 0.8128465827516234
		outer loop
			vertex -13.055900573730469 12 -19.539535522460938
			vertex -14.305893898010254 12 -18.643802642822266
			vertex -13.055900573730469 0 -19.539535522460938
		endloop
	endfacet
	facet normal 0.58247783898532 0 0.8128465827516234
		outer loop
			vertex -14.305893898010254 0 -18.643802642822266
			vertex -13.055900573730469 0 -19.539535522460938
			vertex -14.305893898010254 12 -18.643802642822266
		endloop
	endfacet
	facet normal 0 -1 0
		outer loop
			vertex -13.055900573730469 0 -19.539535522460938
			vertex -14.305893898010254 0 -18.643802642822266
			vertex -14.444826126098633 0 -21.618209838867188
		endloop
	endfacet
	facet normal 0 -1 0
		outer loop
			vertex -15.827796936035156 0 -20.627187728881836
			vertex -14.444826126098633 0 -21.618209838867188
			vertex -14.305893898010254 0 -18.643802642822266
		endloop
	endfacet
	facet normal -0.6343935024724109 0 -0.7730102742013117
		outer loop
			vertex -15.827796936035156 0 -20.627187728881836
			vertex -17.14299201965332 0 -19.547834396362305
			vertex -15.827796936035156 12 -20.627187728881836
		endloop
	endfacet
	facet normal -0.6343935024724109 0 -0.7730102742013117
		outer loop
			vertex -17.14299201965332 12 -19.547834396362305
			vertex -15.827796936035156 12 -20.627187728881836
			vertex -17.14299201965332 0 -19.547834396362305
		endloop
	endfacet
	facet normal -0.5279342531504643 -0.5544945447406523 -0.643289378276463
		outer loop
			vertex -15.827796936035156 12 -20.627187728881836
			vertex -17.14299201965332 12 -19.547834396362305
			vertex -41.39577865600586 75 -53.948028564453125
		endloop
	endfacet
	facet normal -0.5279345067405189 -0.5544945338507292 -0.6432891795470429
		outer loop
			vertex -44.835514068603516 75 -51.12510681152344
			vertex -41.39577865600586 75 -53.948028564453125
			vertex -17.14299201965332 12 -19.547834396362305
		endloop
	endfacet
	facet normal 0 -1 0
		outer loop
			vertex -41.39577865600586 75 -53.948028564453125
			vertex -44.835514068603516 75 -51.12510681152344
			vertex -45.04834747314453 75 -58.70814895629883
		endloop
	endfacet
	facet normal 0 -1 0
		outer loop
			vertex -48.79159164428711 75 -55.636146545410156
			vertex -45.04834747314453 75 -58.70814895629883
			vertex -44.835514068603516 75 -51.12510681152344
		endloop
	endfacet
	facet normal -0.6343934459061028 0 -0.7730103206241044
		outer loop
			vertex -45.04834747314453 75 -58.70814895629883
			vertex -48.79159164428711 75 -55.636146545410156
			vertex -45.04834747314453 77.5 -58.70814895629883
		endloop
	endfacet
	facet normal -0.6343934459061028 0 -0.7730103206241044
		outer loop
			vertex -48.79159164428711 77.5 -55.636146545410156
			vertex -45.04834747314453 77.5 -58.70814895629883
			vertex -48.79159164428711 75 -55.636146545410156
		endloop
	endfacet
	facet normal 0 1 0
		outer loop
			vertex -45.04834747314453 77.5 -58.70814895629883
			vertex -48.79159164428711 77.5 -55.636146545410156
			vertex -39.87387466430664 77.5 -51.96464538574219
		endloop
	endfacet
	facet normal 0 1 0
		outer loop
			vertex -43.18714904785156 77.5 -49.245506286621094
			vertex -39.87387466430664 77.5 -51.96464538574219
			vertex -48.79159164428711 77.5 -55.636146545410156
		endloop
	endfacet
	facet normal 0.5341188757108173 0.5395780534131216 0.6508245161979681
		outer loop
			vertex -39.87387466430664 77.5 -51.96464538574219
			vertex -43.18714904785156 77.5 -49.245506286621094
			vertex -14.305893898010254 12 -18.643802642822266
		endloop
	endfacet
	facet normal 0.534117909233235 0.5395780133475274 0.6508253425829801
		outer loop
			vertex -15.494626998901367 12 -17.668235778808594
			vertex -14.305893898010254 12 -18.643802642822266
			vertex -43.18714904785156 77.5 -49.245506286621094
		endloop
	endfacet
	facet normal 0.6343928257088484 0 0.7730108296066383
		outer loop
			vertex -14.305893898010254 12 -18.643802642822266
			vertex -15.494626998901367 12 -17.668235778808594
			vertex -14.305893898010254 0 -18.643802642822266
		endloop
	endfacet
	facet normal 0.6343928257088484 0 0.7730108296066383
		outer loop
			vertex -15.494626998901367 0 -17.668235778808594
			vertex -14.305893898010254 0 -18.643802642822266
			vertex -15.494626998901367 12 -17.668235778808594
		endloop
	endfacet
	facet normal 0 -1 0
		outer loop
			vertex -14.305893898010254 0 -18.643802642822266
			vertex -15.494626998901367 0 -17.668235778808594
			vertex -15.827796936035156 0 -20.627187728881836
		endloop
	endfacet
	facet normal 0 -1 0
		outer loop
			vertex -17.14299201965332 0 -19.547834396362305
			vertex -15.827796936035156 0 -20.627187728881836
			vertex -15.494626998901367 0 -17.668235778808594
		endloop
	endfacet
	facet normal -0.6835918975366246 0 -0.7298644515403371
		outer loop
			vertex -17.14299201965332 0 -19.547834396362305
			vertex -18.384777069091797 0 -18.384777069091797
			vertex -17.14299201965332 12 -19.547834396362305
		endloop
	endfacet
	facet normal -0.6835918975366246 0 -0.7298644515403371
		outer loop
			vertex -18.384777069091797 12 -18.384777069091797
			vertex -17.14299201965332 12 -19.547834396362305
			vertex -18.384777069091797 0 -18.384777069091797
		endloop
	endfacet
	facet normal -0.5688765417457294 -0.5544945312203974 -0.6073839766556993
		outer loop
			vertex -17.14299201965332 12 -19.547834396362305
			vertex -18.384777069091797 12 -18.384777069091797
			vertex -44.835514068603516 75 -51.12510681152344
		endloop
	endfacet
	facet normal -0.5688770492021477 -0.554494508199682 -0.6073835223871734
		outer loop
			vertex -48.08325958251953 75 -48.08325958251953
			vertex -44.835514068603516 75 -51.12510681152344
			vertex -18.384777069091797 12 -18.384777069091797
		endloop
	endfacet
	facet normal 0 -1 0
		outer loop
			vertex -44.835514068603516 75 -51.12510681152344
			vertex -48.08325958251953 75 -48.08325958251953
			vertex -48.79159164428711 75 -55.636146545410156
		endloop
	endfacet
	facet normal 0 -1 0
		outer loop
			vertex -52.32590103149414 75 -52.32590103149414
			vertex -48.79159164428711 75 -55.636146545410156
			vertex -48.08325958251953 75 -48.08325958251953
		endloop
	endfacet
	facet normal -0.6835926912427008 0 -0.7298637081534891
		outer loop
			vertex -48.79159164428711 75 -55.636146545410156
			vertex -52.32590103149414 75 -52.32590103149414
			vertex -48.79159164428711 77.5 -55.636146545410156
		endloop
	endfacet
	facet normal -0.6835926912427008 0 -0.7298637081534891
		outer loop
			vertex -52.32590103149414 77.5 -52.32590103149414
			vertex -48.79159164428711 77.5 -55.636146545410156
			vertex -52.32590103149414 75 -52.32590103149414
		endloop
	endfacet
	facet normal 0 1 0
		outer loop
			vertex -48.79159164428711 77.5 -55.636146545410156
			vertex -52.32590103149414 77.5 -52.32590103149414
			vertex -43.18714904785156 77.5 -49.245506286621094
		endloop
	endfacet
	facet normal 0 1 0
		outer loop
			vertex -46.315494537353516 77.5 -46.315494537353516
			vertex -43.18714904785156 77.5 -49.245506286621094
			vertex -52.32590103149414 77.5 -52.32590103149414
		endloop
	endfacet
	facet normal 0.5755403230536479 0.5395780279021721 0.6144988920612515
		outer loop
			vertex -43.18714904785156 77.5 -49.245506286621094
			vertex -46.315494537353516 77.5 -46.315494537353516
			vertex -15.494626998901367 12 -17.668235778808594
		endloop
	endfacet
	facet normal 0.5755404453352917 0.5395780332839257 0.6144987728065083
		outer loop
			vertex -16.61701011657715 12 -16.61701011657715
			vertex -15.494626998901367 12 -17.668235778808594
			vertex -46.315494537353516 77.5 -46.315494537353516
		endloop
	endfacet
	facet normal 0.6835920096575697 0 0.7298643465277127
		outer loop
			vertex -15.494626998901367 12 -17.668235778808594
			vertex -16.61701011657715 12 -16.61701011657715
			vertex -15.494626998901367 0 -17.668235778808594
		endloop
	endfacet
	facet normal 0.6835920096575697 0 0.7298643465277127
		outer loop
			vertex -16.61701011657715 0 -16.61701011657715
			vertex -15.494626998901367 0 -17.668235778808594
			vertex -16.61701011657715 12 -16.61701011657715
		endloop
	endfacet
	facet normal 0 -1 0
		outer loop
			vertex -15.494626998901367 0 -17.668235778808594
			vertex -16.61701011657715 0 -16.61701011657715
			vertex -17.14299201965332 0 -19.547834396362305
		endloop
	endfacet
	facet normal 0 -1 0
		outer loop
			vertex -18.384777069091797 0 -18.384777069091797
			vertex -17.14299201965332 0 -19.547834396362305
			vertex -16.61701011657715 0 -16.61701011657715
		endloop
	endfacet
	facet normal -0.7298644515403371 0 -0.6835918975366246
		outer loop
			vertex -18.384777069091797 0 -18.384777069091797
			vertex -19.547834396362305 0 -17.14299201965332
			vertex -18.384777069091797 12 -18.384777069091797
		endloop
	endfacet
	facet normal -0.7298644515403371 0 -0.6835918975366246
		outer loop
			vertex -19.547834396362305 12 -17.14299201965332
			vertex -18.384777069091797 12 -18.384777069091797
			vertex -19.547834396362305 0 -17.14299201965332
		endloop
	endfacet
	facet normal -0.6073839928532381 -0.5544944979137681 -0.5688765569163631
		outer loop
			vertex -18.384777069091797 12 -18.384777069091797
			vertex -19.547834396362305 12 -17.14299201965332
			vertex -48.08325958251953 75 -48.08325958251953
		endloop
	endfacet
	facet normal -0.6073835161940064 -0.55449452093456 -0.5688770434016107
		outer loop
			vertex -51.12510681152344 75 -44.835514068603516
			vertex -48.08325958251953 75 -48.08325958251953
			vertex -19.547834396362305 12 -17.14299201965332
		endloop
	endfacet
	facet normal 0 -1 0
		outer loop
			vertex -48.08325958251953 75 -48.08325958251953
			vertex -51.12510681152344 75 -44.835514068603516
			vertex -52.32590103149414 75 -52.32590103149414
		endloop
	endfacet
	facet normal 0 -1 0
		outer loop
			vertex -55.636146545410156 75 -48.79159164428711
			vertex -52.32590103149414 75 -52.32590103149414
			vertex -51.12510681152344 75 -44.835514068603516
		endloop
	endfacet
	facet normal -0.7298637081534891 0 -0.6835926912427008
		outer loop
			vertex -52.32590103149414 75 -52.32590103149414
			vertex -55.636146545410156 75 -48.79159164428711
			vertex -52.32590103149414 77.5 -52.32590103149414
		endloop
	endfacet
	facet normal -0.7298637081534891 0 -0.6835926912427008
		outer loop
			vertex -55.636146545410156 77.5 -48.79159164428711
			vertex -52.32590103149414 77.5 -52.32590103149414
			vertex -55.636146545410156 75 -48.79159164428711
		endloop
	endfacet
	facet normal 0 1 0
		outer loop
			vertex -52.32590103149414 77.5 -52.32590103149414
			vertex -55.636146545410156 77.5 -48.79159164428711
			vertex -46.315494537353516 77.5 -46.315494537353516
		endloop
	endfacet
	facet normal 0 1 0
		outer loop
			vertex -49.245506286621094 77.5 -43.18714904785156
			vertex -46.315494537353516 77.5 -46.315494537353516
			vertex -55.636146545410156 77.5 -48.79159164428711
		endloop
	endfacet
	facet normal 0.6144988907318807 0.5395780307442013 0.5755403218085576
		outer loop
			vertex -46.315494537353516 77.5 -46.315494537353516
			vertex -49.245506286621094 77.5 -43.18714904785156
			vertex -16.61701011657715 12 -16.61701011657715
		endloop
	endfacet
	facet normal 0.6144987765117759 0.5395780253625242 0.5755404488056506
		outer loop
			vertex -17.668235778808594 12 -15.494626998901367
			vertex -16.61701011657715 12 -16.61701011657715
			vertex -49.245506286621094 77.5 -43.18714904785156
		endloop
	endfacet
	facet normal 0.7298643465277127 0 0.6835920096575697
		outer loop
			vertex -16.61701011657715 12 -16.61701011657715
			vertex -17.668235778808594 12 -15.494626998901367
			vertex -16.61701011657715 0 -16.61701011657715
		endloop
	endfacet
	facet normal 0.7298643465277127 0 0.6835920096575697
		outer loop
			vertex -17.668235778808594 0 -15.494626998901367
			vertex -16.61701011657715 0 -16.61701011657715
			vertex -17.668235778808594 12 -15.494626998901367
		endloop
	endfacet
	facet normal 0 -1 0
		outer loop
			vertex -16.61701011657715 0 -16.61701011657715
			vertex -17.668235778808594 0 -15.494626998901367
			vertex -18.384777069091797 0 -18.384777069091797
		endloop
	endfacet
	facet normal 0 -1 0
		outer loop
			vertex -19.547834396362305 0 -17.14299201965332
			vertex -18.384777069091797 0 -18.384777069091797
			vertex -17.668235778808594 0 -15.494626998901367
		endloop
	endfacet
	facet normal -0.7730102742013117 0 -0.6343935024724109
		outer loop
			vertex -19.547834396362305 0 -17.14299201965332
			vertex -20.627187728881836 0 -15.827796936035156
			vertex -19.547834396362305 12 -17.14299201965332
		endloop
	endfacet
	facet normal -0.7730102742013117 0 -0.6343935024724109
		outer loop
			vertex -20.627187728881836 12 -15.827796936035156
			vertex -19.547834396362305 12 -17.14299201965332
			vertex -20.627187728881836 0 -15.827796936035156
		endloop
	endfacet
	facet normal -0.6432893863915699 -0.5544945289851295 -0.527934259810364
		outer loop
			vertex -19.547834396362305 12 -17.14299201965332
			vertex -20.627187728881836 12 -15.827796936035156
			vertex -51.12510681152344 75 -44.835514068603516
		endloop
	endfacet
	facet normal -0.6432891764442049 -0.5544945398749076 -0.5279345041940822
		outer loop
			vertex -53.948028564453125 75 -41.39577865600586
			vertex -51.12510681152344 75 -44.835514068603516
			vertex -20.627187728881836 12 -15.827796936035156
		endloop
	endfacet
	facet normal 0 -1 0
		outer loop
			vertex -51.12510681152344 75 -44.835514068603516
			vertex -53.948028564453125 75 -41.39577865600586
			vertex -55.636146545410156 75 -48.79159164428711
		endloop
	endfacet
	facet normal 0 -1 0
		outer loop
			vertex -58.70814895629883 75 -45.04834747314453
			vertex -55.636146545410156 75 -48.79159164428711
			vertex -53.948028564453125 75 -41.39577865600586
		endloop
	endfacet
	facet normal -0.7730103206241044 0 -0.6343934459061028
		outer loop
			vertex -55.636146545410156 75 -48.79159164428711
			vertex -58.70814895629883 75 -45.04834747314453
			vertex -55.636146545410156 77.5 -48.79159164428711
		endloop
	endfacet
	facet normal -0.7730103206241044 0 -0.6343934459061028
		outer loop
			vertex -58.70814895629883 77.5 -45.04834747314453
			vertex -55.636146545410156 77.5 -48.79159164428711
			vertex -58.70814895629883 75 -45.04834747314453
		endloop
	endfacet
	facet normal 0 1 0
		outer loop
			vertex -55.636146545410156 77.5 -48.79159164428711
			vertex -58.70814895629883 77.5 -45.04834747314453
			vertex -49.245506286621094 77.5 -43.18714904785156
		endloop
	endfacet
	facet normal 0 1 0
		outer loop
			vertex -51.96464538574219 77.5 -39.87387466430664
			vertex -49.245506286621094 77.5 -43.18714904785156
			vertex -58.70814895629883 77.5 -45.04834747314453
		endloop
	endfacet
	facet normal 0.6508245266798898 0.5395780322548364 0.5341188843131242
		outer loop
			vertex -49.245506286621094 77.5 -43.18714904785156
			vertex -51.96464538574219 77.5 -39.87387466430664
			vertex -17.668235778808594 12 -15.494626998901367
		endloop
	endfacet
	facet normal 0.6508253133673653 0.5395780723206401 0.5341178852566284
		outer loop
			vertex -18.643802642822266 12 -14.305893898010254
			vertex -17.668235778808594 12 -15.494626998901367
			vertex -51.96464538574219 77.5 -39.87387466430664
		endloop
	endfacet
	facet normal 0.7730108296066383 0 0.6343928257088484
		outer loop
			vertex -17.668235778808594 12 -15.494626998901367
			vertex -18.643802642822266 12 -14.305893898010254
			vertex -17.668235778808594 0 -15.494626998901367
		endloop
	endfacet
	facet normal 0.7730108296066383 0 0.6343928257088484
		outer loop
			vertex -18.643802642822266 0 -14.305893898010254
			vertex -17.668235778808594 0 -15.494626998901367
			vertex -18.643802642822266 12 -14.305893898010254
		endloop
	endfacet
	facet normal 0 -1 0
		outer loop
			vertex -17.668235778808594 0 -15.494626998901367
			vertex -18.643802642822266 0 -14.305893898010254
			vertex -19.547834396362305 0 -17.14299201965332
		endloop
	endfacet
	facet normal 0 -1 0
		outer loop
			vertex -20.627187728881836 0 -15.827796936035156
			vertex -19.547834396362305 0 -17.14299201965332
			vertex -18.643802642822266 0 -14.305893898010254
		endloop
	endfacet
	facet normal -0.8128468953953951 0 -0.5824774026913557
		outer loop
			vertex -20.627187728881836 0 -15.827796936035156
			vertex -21.618209838867188 0 -14.444826126098633
			vertex -20.627187728881836 12 -15.827796936035156
		endloop
	endfacet
	facet normal -0.8128468953953951 0 -0.5824774026913557
		outer loop
			vertex -21.618209838867188 12 -14.444826126098633
			vertex -20.627187728881836 12 -15.827796936035156
			vertex -21.618209838867188 0 -14.444826126098633
		endloop
	endfacet
	facet normal -0.6764409117161612 -0.5544945431311729 -0.48473033182828634
		outer loop
			vertex -20.627187728881836 12 -15.827796936035156
			vertex -21.618209838867188 12 -14.444826126098633
			vertex -53.948028564453125 75 -41.39577865600586
		endloop
	endfacet
	facet normal -0.6764411881716094 -0.5544945275737366 -0.4847299638311625
		outer loop
			vertex -56.53993225097656 75 -37.77877426147461
			vertex -53.948028564453125 75 -41.39577865600586
			vertex -21.618209838867188 12 -14.444826126098633
		endloop
	endfacet
	facet normal 0 -1 0
		outer loop
			vertex -53.948028564453125 75 -41.39577865600586
			vertex -56.53993225097656 75 -37.77877426147461
			vertex -58.70814895629883 75 -45.04834747314453
		endloop
	endfacet
	facet normal 0 -1 0
		outer loop
			vertex -61.528751373291016 75 -41.11219787597656
			vertex -58.70814895629883 75 -45.04834747314453
			vertex -56.53993225097656 75 -37.77877426147461
		endloop
	endfacet
	facet normal -0.8128469286144081 0 -0.5824773563342384
		outer loop
			vertex -58.70814895629883 75 -45.04834747314453
			vertex -61.528751373291016 75 -41.11219787597656
			vertex -58.70814895629883 77.5 -45.04834747314453
		endloop
	endfacet
	facet normal -0.8128469286144081 0 -0.5824773563342384
		outer loop
			vertex -61.528751373291016 77.5 -41.11219787597656
			vertex -58.70814895629883 77.5 -45.04834747314453
			vertex -61.528751373291016 75 -41.11219787597656
		endloop
	endfacet
	facet normal 0 1 0
		outer loop
			vertex -58.70814895629883 77.5 -45.04834747314453
			vertex -61.528751373291016 77.5 -41.11219787597656
			vertex -51.96464538574219 77.5 -39.87387466430664
		endloop
	endfacet
	facet normal 0 1 0
		outer loop
			vertex -54.46125793457031 77.5 -36.38985061645508
			vertex -51.96464538574219 77.5 -39.87387466430664
			vertex -61.528751373291016 77.5 -41.11219787597656
		endloop
	endfacet
	facet normal 0.6843648961775279 0.5395780564613957 0.49040820737959157
		outer loop
			vertex -51.96464538574219 77.5 -39.87387466430664
			vertex -54.46125793457031 77.5 -36.38985061645508
			vertex -18.643802642822266 12 -14.305893898010254
		endloop
	endfacet
	facet normal 0.6843644714729658 0.5395780328169154 0.4904088260695929
		outer loop
			vertex -19.539535522460938 12 -13.055900573730469
			vertex -18.643802642822266 12 -14.305893898010254
			vertex -54.46125793457031 77.5 -36.38985061645508
		endloop
	endfacet
	facet normal 0.8128465827516234 0 0.58247783898532
		outer loop
			vertex -18.643802642822266 12 -14.305893898010254
			vertex -19.539535522460938 12 -13.055900573730469
			vertex -18.643802642822266 0 -14.305893898010254
		endloop
	endfacet
	facet normal 0.8128465827516234 0 0.58247783898532
		outer loop
			vertex -19.539535522460938 0 -13.055900573730469
			vertex -18.643802642822266 0 -14.305893898010254
			vertex -19.539535522460938 12 -13.055900573730469
		endloop
	endfacet
	facet normal 0 -1 0
		outer loop
			vertex -18.643802642822266 0 -14.305893898010254
			vertex -19.539535522460938 0 -13.055900573730469
			vertex -20.627187728881836 0 -15.827796936035156
		endloop
	endfacet
	facet normal 0 -1 0
		outer loop
			vertex -21.618209838867188 0 -14.444826126098633
			vertex -20.627187728881836 0 -15.827796936035156
			vertex -19.539535522460938 0 -13.055900573730469
		endloop
	endfacet
	facet normal -0.8492021206730429 0 -0.5280679485108017
		outer loop
			vertex -21.618209838867188 0 -14.444826126098633
			vertex -22.516660690307617 0 -13
			vertex -21.618209838867188 12 -14.444826126098633
		endloop
	endfacet
	facet normal -0.8492021206730429 0 -0.5280679485108017
		outer loop
			vertex -22.516660690307617 12 -13
			vertex -21.618209838867188 12 -14.444826126098633
			vertex -22.516660690307617 0 -13
		endloop
	endfacet
	facet normal -0.7066952849220903 -0.5544945179099401 -0.43945148068553463
		outer loop
			vertex -21.618209838867188 12 -14.444826126098633
			vertex -22.516660690307617 12 -13
			vertex -56.53993225097656 75 -37.77877426147461
		endloop
	endfacet
	facet normal -0.706695036772912 -0.5544945332418577 -0.4394518603959105
		outer loop
			vertex -58.88972854614258 75 -34
			vertex -56.53993225097656 75 -37.77877426147461
			vertex -22.516660690307617 12 -13
		endloop
	endfacet
	facet normal 0 -1 0
		outer loop
			vertex -56.53993225097656 75 -37.77877426147461
			vertex -58.88972854614258 75 -34
			vertex -61.528751373291016 75 -41.11219787597656
		endloop
	endfacet
	facet normal 0 -1 0
		outer loop
			vertex -64.08587646484375 75 -37
			vertex -61.528751373291016 75 -41.11219787597656
			vertex -58.88972854614258 75 -34
		endloop
	endfacet
	facet normal -0.8492025400438684 0 -0.5280672741072318
		outer loop
			vertex -61.528751373291016 75 -41.11219787597656
			vertex -64.08587646484375 75 -37
			vertex -61.528751373291016 77.5 -41.11219787597656
		endloop
	endfacet
	facet normal -0.8492025400438684 0 -0.5280672741072318
		outer loop
			vertex -64.08587646484375 77.5 -37
			vertex -61.528751373291016 77.5 -41.11219787597656
			vertex -64.08587646484375 75 -37
		endloop
	endfacet
	facet normal 0 1 0
		outer loop
			vertex -61.528751373291016 77.5 -41.11219787597656
			vertex -64.08587646484375 77.5 -37
			vertex -54.46125793457031 77.5 -36.38985061645508
		endloop
	endfacet
	facet normal 0 1 0
		outer loop
			vertex -56.72466278076172 77.5 -32.75
			vertex -54.46125793457031 77.5 -36.38985061645508
			vertex -64.08587646484375 77.5 -37
		endloop
	endfacet
	facet normal 0.714973517862189 0.5395780351521252 0.4445991596226182
		outer loop
			vertex -54.46125793457031 77.5 -36.38985061645508
			vertex -56.72466278076172 77.5 -32.75
			vertex -19.539535522460938 12 -13.055900573730469
		endloop
	endfacet
	facet normal 0.7149735066436104 0.5395780344601417 0.4445991785033676
		outer loop
			vertex -20.35159683227539 12 -11.75
			vertex -19.539535522460938 12 -13.055900573730469
			vertex -56.72466278076172 77.5 -32.75
		endloop
	endfacet
	facet normal 0.8492021380205316 0 0.5280679206137769
		outer loop
			vertex -19.539535522460938 12 -13.055900573730469
			vertex -20.35159683227539 12 -11.75
			vertex -19.539535522460938 0 -13.055900573730469
		endloop
	endfacet
	facet normal 0.8492021380205316 0 0.5280679206137769
		outer loop
			vertex -20.35159683227539 0 -11.75
			vertex -19.539535522460938 0 -13.055900573730469
			vertex -20.35159683227539 12 -11.75
		endloop
	endfacet
	facet normal 0 -1 0
		outer loop
			vertex -19.539535522460938 0 -13.055900573730469
			vertex -20.35159683227539 0 -11.75
			vertex -21.618209838867188 0 -14.444826126098633
		endloop
	endfacet
	facet normal 0 -1 0
		outer loop
			vertex -22.516660690307617 0 -13
			vertex -21.618209838867188 0 -14.444826126098633
			vertex -20.35159683227539 0 -11.75
		endloop
	endfacet
	facet normal -0.8819213109787317 0 -0.4713966495866888
		outer loop
			vertex -22.516660690307617 0 -13
			vertex -23.31869125366211 0 -11.499505996704102
			vertex -22.516660690307617 12 -13
		endloop
	endfacet
	facet normal -0.8819213109787317 0 -0.4713966495866888
		outer loop
			vertex -23.31869125366211 12 -11.499505996704102
			vertex -22.516660690307617 12 -13
			vertex -23.31869125366211 0 -11.499505996704102
		endloop
	endfacet
	facet normal -0.7339237687503788 -0.5544945405660018 -0.39229033399478386
		outer loop
			vertex -22.516660690307617 12 -13
			vertex -23.31869125366211 12 -11.499505996704102
			vertex -58.88972854614258 75 -34
		endloop
	endfacet
	facet normal -0.733923830652496 -0.554494536305877 -0.3922902242056216
		outer loop
			vertex -60.98734664916992 75 -30.07563018798828
			vertex -58.88972854614258 75 -34
			vertex -23.31869125366211 12 -11.499505996704102
		endloop
	endfacet
	facet normal 0 -1 0
		outer loop
			vertex -58.88972854614258 75 -34
			vertex -60.98734664916992 75 -30.07563018798828
			vertex -64.08587646484375 75 -37
		endloop
	endfacet
	facet normal 0 -1 0
		outer loop
			vertex -66.36858367919922 75 -32.72936248779297
			vertex -64.08587646484375 75 -37
			vertex -60.98734664916992 75 -30.07563018798828
		endloop
	endfacet
	facet normal -0.8819209289674844 0 -0.4713973642789375
		outer loop
			vertex -64.08587646484375 75 -37
			vertex -66.36858367919922 75 -32.72936248779297
			vertex -64.08587646484375 77.5 -37
		endloop
	endfacet
	facet normal -0.8819209289674844 0 -0.4713973642789375
		outer loop
			vertex -66.36858367919922 77.5 -32.72936248779297
			vertex -64.08587646484375 77.5 -37
			vertex -66.36858367919922 75 -32.72936248779297
		endloop
	endfacet
	facet normal 0 1 0
		outer loop
			vertex -64.08587646484375 77.5 -37
			vertex -66.36858367919922 77.5 -32.72936248779297
			vertex -56.72466278076172 77.5 -32.75
		endloop
	endfacet
	facet normal 0 1 0
		outer loop
			vertex -58.74516296386719 77.5 -28.96990966796875
			vertex -56.72466278076172 77.5 -32.75
			vertex -66.36858367919922 77.5 -32.72936248779297
		endloop
	endfacet
	facet normal 0.7425209194433792 0.5395780346899934 0.3968856619595158
		outer loop
			vertex -56.72466278076172 77.5 -32.75
			vertex -58.74516296386719 77.5 -28.96990966796875
			vertex -20.35159683227539 12 -11.75
		endloop
	endfacet
	facet normal 0.7425208235311681 0.5395780280261719 0.39688585045826946
		outer loop
			vertex -21.076509475708008 12 -10.393784523010254
			vertex -20.35159683227539 12 -11.75
			vertex -58.74516296386719 77.5 -28.96990966796875
		endloop
	endfacet
	facet normal 0.881921164798647 0 0.4713969230703549
		outer loop
			vertex -20.35159683227539 12 -11.75
			vertex -21.076509475708008 12 -10.393784523010254
			vertex -20.35159683227539 0 -11.75
		endloop
	endfacet
	facet normal 0.881921164798647 0 0.4713969230703549
		outer loop
			vertex -21.076509475708008 0 -10.393784523010254
			vertex -20.35159683227539 0 -11.75
			vertex -21.076509475708008 12 -10.393784523010254
		endloop
	endfacet
	facet normal 0 -1 0
		outer loop
			vertex -20.35159683227539 0 -11.75
			vertex -21.076509475708008 0 -10.393784523010254
			vertex -22.516660690307617 0 -13
		endloop
	endfacet
	facet normal 0 -1 0
		outer loop
			vertex -23.31869125366211 0 -11.499505996704102
			vertex -22.516660690307617 0 -13
			vertex -21.076509475708008 0 -10.393784523010254
		endloop
	endfacet
	facet normal -0.9108637456331394 0 -0.4127072047967755
		outer loop
			vertex -23.31869125366211 0 -11.499505996704102
			vertex -24.0208683013916 0 -9.949769020080566
			vertex -23.31869125366211 12 -11.499505996704102
		endloop
	endfacet
	facet normal -0.9108637456331394 0 -0.4127072047967755
		outer loop
			vertex -24.0208683013916 12 -9.949769020080566
			vertex -23.31869125366211 12 -11.499505996704102
			vertex -24.0208683013916 0 -9.949769020080566
		endloop
	endfacet
	facet normal -0.7580092998074419 -0.5544945360688988 -0.34344972102939364
		outer loop
			vertex -23.31869125366211 12 -11.499505996704102
			vertex -24.0208683013916 12 -9.949769020080566
			vertex -60.98734664916992 75 -30.07563018798828
		endloop
	endfacet
	facet normal -0.7580094378659191 -0.5544945252948497 -0.3434494337223935
		outer loop
			vertex -62.82380676269531 75 -26.02247428894043
			vertex -60.98734664916992 75 -30.07563018798828
			vertex -24.0208683013916 12 -9.949769020080566
		endloop
	endfacet
	facet normal 0 -1 0
		outer loop
			vertex -60.98734664916992 75 -30.07563018798828
			vertex -62.82380676269531 75 -26.02247428894043
			vertex -66.36858367919922 75 -32.72936248779297
		endloop
	endfacet
	facet normal 0 -1 0
		outer loop
			vertex -68.3670883178711 75 -28.318574905395508
			vertex -66.36858367919922 75 -32.72936248779297
			vertex -62.82380676269531 75 -26.02247428894043
		endloop
	endfacet
	facet normal -0.9108636086929114 0 -0.41270750703001136
		outer loop
			vertex -66.36858367919922 75 -32.72936248779297
			vertex -68.3670883178711 75 -28.318574905395508
			vertex -66.36858367919922 77.5 -32.72936248779297
		endloop
	endfacet
	facet normal -0.9108636086929114 0 -0.41270750703001136
		outer loop
			vertex -68.3670883178711 77.5 -28.318574905395508
			vertex -66.36858367919922 77.5 -32.72936248779297
			vertex -68.3670883178711 75 -28.318574905395508
		endloop
	endfacet
	facet normal 0 1 0
		outer loop
			vertex -66.36858367919922 77.5 -32.72936248779297
			vertex -68.3670883178711 77.5 -28.318574905395508
			vertex -58.74516296386719 77.5 -28.96990966796875
		endloop
	endfacet
	facet normal 0 1 0
		outer loop
			vertex -60.51411056518555 77.5 -25.065765380859375
			vertex -58.74516296386719 77.5 -28.96990966796875
			vertex -68.3670883178711 77.5 -28.318574905395508
		endloop
	endfacet
	facet normal 0.7668884641426483 0.5395780377034313 0.34747320010764077
		outer loop
			vertex -58.74516296386719 77.5 -28.96990966796875
			vertex -60.51411056518555 77.5 -25.065765380859375
			vertex -21.076509475708008 12 -10.393784523010254
		endloop
	endfacet
	facet normal 0.7668888075984412 0.5395780651533206 0.34747239945877756
		outer loop
			vertex -21.71116828918457 12 -8.993061065673828
			vertex -21.076509475708008 12 -10.393784523010254
			vertex -60.51411056518555 77.5 -25.065765380859375
		endloop
	endfacet
	facet normal 0.9108640029323254 0 0.41270663692519044
		outer loop
			vertex -21.076509475708008 12 -10.393784523010254
			vertex -21.71116828918457 12 -8.993061065673828
			vertex -21.076509475708008 0 -10.393784523010254
		endloop
	endfacet
	facet normal 0.9108640029323254 0 0.41270663692519044
		outer loop
			vertex -21.71116828918457 0 -8.993061065673828
			vertex -21.076509475708008 0 -10.393784523010254
			vertex -21.71116828918457 12 -8.993061065673828
		endloop
	endfacet
	facet normal 0 -1 0
		outer loop
			vertex -21.076509475708008 0 -10.393784523010254
			vertex -21.71116828918457 0 -8.993061065673828
			vertex -23.31869125366211 0 -11.499505996704102
		endloop
	endfacet
	facet normal 0 -1 0
		outer loop
			vertex -24.0208683013916 0 -9.949769020080566
			vertex -23.31869125366211 0 -11.499505996704102
			vertex -21.71116828918457 0 -8.993061065673828
		endloop
	endfacet
	facet normal -0.9359059167909808 0 -0.35225007440117584
		outer loop
			vertex -24.0208683013916 0 -9.949769020080566
			vertex -24.62018394470215 0 -8.357425689697266
			vertex -24.0208683013916 12 -9.949769020080566
		endloop
	endfacet
	facet normal -0.9359059167909808 0 -0.35225007440117584
		outer loop
			vertex -24.62018394470215 12 -8.357425689697266
			vertex -24.0208683013916 12 -9.949769020080566
			vertex -24.62018394470215 0 -8.357425689697266
		endloop
	endfacet
	facet normal -0.7788490868696988 -0.5544945222018784 -0.2931380642808894
		outer loop
			vertex -24.0208683013916 12 -9.949769020080566
			vertex -24.62018394470215 12 -8.357425689697266
			vertex -62.82380676269531 75 -26.02247428894043
		endloop
	endfacet
	facet normal -0.7788489095570951 -0.5544945382591454 -0.29313850501512256
		outer loop
			vertex -64.39125061035156 75 -21.85788345336914
			vertex -62.82380676269531 75 -26.02247428894043
			vertex -24.62018394470215 12 -8.357425689697266
		endloop
	endfacet
	facet normal 0 -1 0
		outer loop
			vertex -62.82380676269531 75 -26.02247428894043
			vertex -64.39125061035156 75 -21.85788345336914
			vertex -68.3670883178711 75 -28.318574905395508
		endloop
	endfacet
	facet normal 0 -1 0
		outer loop
			vertex -70.07283020019531 75 -23.78652000427246
			vertex -68.3670883178711 75 -28.318574905395508
			vertex -64.39125061035156 75 -21.85788345336914
		endloop
	endfacet
	facet normal -0.9359061172637291 0 -0.3522495417574468
		outer loop
			vertex -68.3670883178711 75 -28.318574905395508
			vertex -70.07283020019531 75 -23.78652000427246
			vertex -68.3670883178711 77.5 -28.318574905395508
		endloop
	endfacet
	facet normal -0.9359061172637291 0 -0.3522495417574468
		outer loop
			vertex -70.07283020019531 77.5 -23.78652000427246
			vertex -68.3670883178711 77.5 -28.318574905395508
			vertex -70.07283020019531 75 -23.78652000427246
		endloop
	endfacet
	facet normal 0 1 0
		outer loop
			vertex -68.3670883178711 77.5 -28.318574905395508
			vertex -70.07283020019531 77.5 -23.78652000427246
			vertex -60.51411056518555 77.5 -25.065765380859375
		endloop
	endfacet
	facet normal 0 1 0
		outer loop
			vertex -62.023921966552734 77.5 -21.054285049438477
			vertex -60.51411056518555 77.5 -25.065765380859375
			vertex -70.07283020019531 77.5 -23.78652000427246
		endloop
	endfacet
	facet normal 0.7879726887106945 0.5395780522147409 0.29657135298977433
		outer loop
			vertex -60.51411056518555 77.5 -25.065765380859375
			vertex -62.023921966552734 77.5 -21.054285049438477
			vertex -21.71116828918457 12 -8.993061065673828
		endloop
	endfacet
	facet normal 0.7879725663169025 0.5395780406438382 0.29657169923462223
		outer loop
			vertex -22.252857208251953 12 -7.553827285766602
			vertex -21.71116828918457 12 -8.993061065673828
			vertex -62.023921966552734 77.5 -21.054285049438477
		endloop
	endfacet
	facet normal 0.9359059950469871 0 0.3522498664799024
		outer loop
			vertex -21.71116828918457 12 -8.993061065673828
			vertex -22.252857208251953 12 -7.553827285766602
			vertex -21.71116828918457 0 -8.993061065673828
		endloop
	endfacet
	facet normal 0.9359059950469871 0 0.3522498664799024
		outer loop
			vertex -22.252857208251953 0 -7.553827285766602
			vertex -21.71116828918457 0 -8.993061065673828
			vertex -22.252857208251953 12 -7.553827285766602
		endloop
	endfacet
	facet normal 0 -1 0
		outer loop
			vertex -21.71116828918457 0 -8.993061065673828
			vertex -22.252857208251953 0 -7.553827285766602
			vertex -24.0208683013916 0 -9.949769020080566
		endloop
	endfacet
	facet normal 0 -1 0
		outer loop
			vertex -24.62018394470215 0 -8.357425689697266
			vertex -24.0208683013916 0 -9.949769020080566
			vertex -22.252857208251953 0 -7.553827285766602
		endloop
	endfacet
	facet normal -0.9569405023634359 0 -0.29028412794435593
		outer loop
			vertex -24.62018394470215 0 -8.357425689697266
			vertex -25.114070892333984 0 -6.729295253753662
			vertex -24.62018394470215 12 -8.357425689697266
		endloop
	endfacet
	facet normal -0.9569405023634359 0 -0.29028412794435593
		outer loop
			vertex -25.114070892333984 12 -6.729295253753662
			vertex -24.62018394470215 12 -8.357425689697266
			vertex -25.114070892333984 0 -6.729295253753662
		endloop
	endfacet
	facet normal -0.7963537928835278 -0.5544945386840583 -0.24157078285581818
		outer loop
			vertex -24.62018394470215 12 -8.357425689697266
			vertex -25.114070892333984 12 -6.729295253753662
			vertex -64.39125061035156 75 -21.85788345336914
		endloop
	endfacet
	facet normal -0.7963539236628382 -0.5544945245052136 -0.24157038427866032
		outer loop
			vertex -65.68295288085938 75 -17.599695205688477
			vertex -64.39125061035156 75 -21.85788345336914
			vertex -25.114070892333984 12 -6.729295253753662
		endloop
	endfacet
	facet normal 0 -1 0
		outer loop
			vertex -64.39125061035156 75 -21.85788345336914
			vertex -65.68295288085938 75 -17.599695205688477
			vertex -70.07283020019531 75 -23.78652000427246
		endloop
	endfacet
	facet normal 0 -1 0
		outer loop
			vertex -71.47850799560547 75 -19.15260887145996
			vertex -70.07283020019531 75 -23.78652000427246
			vertex -65.68295288085938 75 -17.599695205688477
		endloop
	endfacet
	facet normal -0.9569405525058438 0 -0.29028396264659645
		outer loop
			vertex -70.07283020019531 75 -23.78652000427246
			vertex -71.47850799560547 75 -19.15260887145996
			vertex -70.07283020019531 77.5 -23.78652000427246
		endloop
	endfacet
	facet normal -0.9569405525058438 0 -0.29028396264659645
		outer loop
			vertex -71.47850799560547 77.5 -19.15260887145996
			vertex -70.07283020019531 77.5 -23.78652000427246
			vertex -71.47850799560547 75 -19.15260887145996
		endloop
	endfacet
	facet normal 0 1 0
		outer loop
			vertex -70.07283020019531 77.5 -23.78652000427246
			vertex -71.47850799560547 77.5 -19.15260887145996
			vertex -62.023921966552734 77.5 -21.054285049438477
		endloop
	endfacet
	facet normal 0 1 0
		outer loop
			vertex -63.26814270019531 77.5 -16.952648162841797
			vertex -62.023921966552734 77.5 -21.054285049438477
			vertex -71.47850799560547 77.5 -19.15260887145996
		endloop
	endfacet
	facet normal 0.8056819711652756 0.5395780457514476 0.24440150139122488
		outer loop
			vertex -62.023921966552734 77.5 -21.054285049438477
			vertex -63.26814270019531 77.5 -16.952648162841797
			vertex -22.252857208251953 12 -7.553827285766602
		endloop
	endfacet
	facet normal 0.8056819836252181 0.539578047200638 0.2444014571169334
		outer loop
			vertex -22.699256896972656 12 -6.082247734069824
			vertex -22.252857208251953 12 -7.553827285766602
			vertex -63.26814270019531 77.5 -16.952648162841797
		endloop
	endfacet
	facet normal 0.9569401709809876 0 0.2902852203658986
		outer loop
			vertex -22.252857208251953 12 -7.553827285766602
			vertex -22.699256896972656 12 -6.082247734069824
			vertex -22.252857208251953 0 -7.553827285766602
		endloop
	endfacet
	facet normal 0.9569401709809876 0 0.2902852203658986
		outer loop
			vertex -22.699256896972656 0 -6.082247734069824
			vertex -22.252857208251953 0 -7.553827285766602
			vertex -22.699256896972656 12 -6.082247734069824
		endloop
	endfacet
	facet normal 0 -1 0
		outer loop
			vertex -22.252857208251953 0 -7.553827285766602
			vertex -22.699256896972656 0 -6.082247734069824
			vertex -24.62018394470215 0 -8.357425689697266
		endloop
	endfacet
	facet normal 0 -1 0
		outer loop
			vertex -25.114070892333984 0 -6.729295253753662
			vertex -24.62018394470215 0 -8.357425689697266
			vertex -22.699256896972656 0 -6.082247734069824
		endloop
	endfacet
	facet normal -0.9738768437145991 0 -0.22707684443044968
		outer loop
			vertex -25.114070892333984 0 -6.729295253753662
			vertex -25.500417709350586 0 -5.072348594665527
			vertex -25.114070892333984 12 -6.729295253753662
		endloop
	endfacet
	facet normal -0.9738768437145991 0 -0.22707684443044968
		outer loop
			vertex -25.500417709350586 12 -5.072348594665527
			vertex -25.114070892333984 12 -6.729295253753662
			vertex -25.500417709350586 0 -5.072348594665527
		endloop
	endfacet
	facet normal -0.8104480155444697 -0.554494518004835 -0.18897048341637182
		outer loop
			vertex -25.114070892333984 12 -6.729295253753662
			vertex -25.500417709350586 12 -5.072348594665527
			vertex -65.68295288085938 75 -17.599695205688477
		endloop
	endfacet
	facet normal -0.810448060900288 -0.554494511846903 -0.18897030696548028
		outer loop
			vertex -66.69339752197266 75 -13.266141891479492
			vertex -65.68295288085938 75 -17.599695205688477
			vertex -25.500417709350586 12 -5.072348594665527
		endloop
	endfacet
	facet normal 0 -1 0
		outer loop
			vertex -65.68295288085938 75 -17.599695205688477
			vertex -66.69339752197266 75 -13.266141891479492
			vertex -71.47850799560547 75 -19.15260887145996
		endloop
	endfacet
	facet normal 0 -1 0
		outer loop
			vertex -72.57810974121094 75 -14.436683654785156
			vertex -71.47850799560547 75 -19.15260887145996
			vertex -66.69339752197266 75 -13.266141891479492
		endloop
	endfacet
	facet normal -0.9738768783883294 0 -0.22707669572328082
		outer loop
			vertex -71.47850799560547 75 -19.15260887145996
			vertex -72.57810974121094 75 -14.436683654785156
			vertex -71.47850799560547 77.5 -19.15260887145996
		endloop
	endfacet
	facet normal -0.9738768783883294 0 -0.22707669572328082
		outer loop
			vertex -72.57810974121094 77.5 -14.436683654785156
			vertex -71.47850799560547 77.5 -19.15260887145996
			vertex -72.57810974121094 75 -14.436683654785156
		endloop
	endfacet
	facet normal 0 1 0
		outer loop
			vertex -71.47850799560547 77.5 -19.15260887145996
			vertex -72.57810974121094 77.5 -14.436683654785156
			vertex -63.26814270019531 77.5 -16.952648162841797
		endloop
	endfacet
	facet normal 0 1 0
		outer loop
			vertex -64.2414321899414 77.5 -12.77841567993164
			vertex -63.26814270019531 77.5 -16.952648162841797
			vertex -72.57810974121094 77.5 -14.436683654785156
		endloop
	endfacet
	facet normal 0.8199419076940734 0.5395780398981317 0.19118265315319286
		outer loop
			vertex -63.26814270019531 77.5 -16.952648162841797
			vertex -64.2414321899414 77.5 -12.77841567993164
			vertex -22.699256896972656 12 -6.082247734069824
		endloop
	endfacet
	facet normal 0.8199416940283739 0.539578007433065 0.19118366114405191
		outer loop
			vertex -23.04845428466797 12 -4.584622383117676
			vertex -22.699256896972656 12 -6.082247734069824
			vertex -64.2414321899414 77.5 -12.77841567993164
		endloop
	endfacet
	facet normal 0.9738769602316419 0 0.2270763447168751
		outer loop
			vertex -22.699256896972656 12 -6.082247734069824
			vertex -23.04845428466797 12 -4.584622383117676
			vertex -22.699256896972656 0 -6.082247734069824
		endloop
	endfacet
	facet normal 0.9738769602316419 0 0.2270763447168751
		outer loop
			vertex -23.04845428466797 0 -4.584622383117676
			vertex -22.699256896972656 0 -6.082247734069824
			vertex -23.04845428466797 12 -4.584622383117676
		endloop
	endfacet
	facet normal 0 -1 0
		outer loop
			vertex -22.699256896972656 0 -6.082247734069824
			vertex -23.04845428466797 0 -4.584622383117676
			vertex -25.114070892333984 0 -6.729295253753662
		endloop
	endfacet
	facet normal 0 -1 0
		outer loop
			vertex -25.500417709350586 0 -5.072348594665527
			vertex -25.114070892333984 0 -6.729295253753662
			vertex -23.04845428466797 0 -4.584622383117676
		endloop
	endfacet
	facet normal -0.9866433257525272 0 -0.16289551174907402
		outer loop
			vertex -25.500417709350586 0 -5.072348594665527
			vertex -25.77756690979004 0 -3.393681049346924
			vertex -25.500417709350586 12 -5.072348594665527
		endloop
	endfacet
	facet normal -0.9866433257525272 0 -0.16289551174907402
		outer loop
			vertex -25.77756690979004 12 -3.393681049346924
			vertex -25.500417709350586 12 -5.072348594665527
			vertex -25.77756690979004 0 -3.393681049346924
		endloop
	endfacet
	facet normal -0.8210721214028837 -0.5544945169933976 -0.13555958866575038
		outer loop
			vertex -25.500417709350586 12 -5.072348594665527
			vertex -25.77756690979004 12 -3.393681049346924
			vertex -66.69339752197266 75 -13.266141891479492
		endloop
	endfacet
	facet normal -0.8210720587800658 -0.5544945284301839 -0.13555992118488575
		outer loop
			vertex -67.41825103759766 75 -8.875781059265137
			vertex -66.69339752197266 75 -13.266141891479492
			vertex -25.77756690979004 12 -3.393681049346924
		endloop
	endfacet
	facet normal 0 -1 0
		outer loop
			vertex -66.69339752197266 75 -13.266141891479492
			vertex -67.41825103759766 75 -8.875781059265137
			vertex -72.57810974121094 75 -14.436683654785156
		endloop
	endfacet
	facet normal 0 -1 0
		outer loop
			vertex -73.3669204711914 75 -9.65893840789795
			vertex -72.57810974121094 75 -14.436683654785156
			vertex -67.41825103759766 75 -8.875781059265137
		endloop
	endfacet
	facet normal -0.9866432724336323 0 -0.1628958346964508
		outer loop
			vertex -72.57810974121094 75 -14.436683654785156
			vertex -73.3669204711914 75 -9.65893840789795
			vertex -72.57810974121094 77.5 -14.436683654785156
		endloop
	endfacet
	facet normal -0.9866432724336323 0 -0.1628958346964508
		outer loop
			vertex -73.3669204711914 77.5 -9.65893840789795
			vertex -72.57810974121094 77.5 -14.436683654785156
			vertex -73.3669204711914 75 -9.65893840789795
		endloop
	endfacet
	facet normal 0 1 0
		outer loop
			vertex -72.57810974121094 77.5 -14.436683654785156
			vertex -73.3669204711914 77.5 -9.65893840789795
			vertex -64.2414321899414 77.5 -12.77841567993164
		endloop
	endfacet
	facet normal 0 1 0
		outer loop
			vertex -64.93963623046875 77.5 -8.54946517944336
			vertex -64.2414321899414 77.5 -12.77841567993164
			vertex -73.3669204711914 77.5 -9.65893840789795
		endloop
	endfacet
	facet normal 0.8306901069979397 0.539578012452476 0.137147783844972
		outer loop
			vertex -64.2414321899414 77.5 -12.77841567993164
			vertex -64.93963623046875 77.5 -8.54946517944336
			vertex -23.04845428466797 12 -4.584622383117676
		endloop
	endfacet
	facet normal 0.8306901802600141 0.5395780286015197 0.13714727656823225
		outer loop
			vertex -23.298954010009766 12 -3.0673654079437256
			vertex -23.04845428466797 12 -4.584622383117676
			vertex -64.93963623046875 77.5 -8.54946517944336
		endloop
	endfacet
	facet normal 0.9866433754659584 0 0.16289521063904833
		outer loop
			vertex -23.04845428466797 12 -4.584622383117676
			vertex -23.298954010009766 12 -3.0673654079437256
			vertex -23.04845428466797 0 -4.584622383117676
		endloop
	endfacet
	facet normal 0.9866433754659584 0 0.16289521063904833
		outer loop
			vertex -23.298954010009766 0 -3.0673654079437256
			vertex -23.04845428466797 0 -4.584622383117676
			vertex -23.298954010009766 12 -3.0673654079437256
		endloop
	endfacet
	facet normal 0 -1 0
		outer loop
			vertex -23.04845428466797 0 -4.584622383117676
			vertex -23.298954010009766 0 -3.0673654079437256
			vertex -25.500417709350586 0 -5.072348594665527
		endloop
	endfacet
	facet normal 0 -1 0
		outer loop
			vertex -25.77756690979004 0 -3.393681049346924
			vertex -25.500417709350586 0 -5.072348594665527
			vertex -23.298954010009766 0 -3.0673654079437256
		endloop
	endfacet
	facet normal -0.9951847493275967 0 -0.09801691030515362
		outer loop
			vertex -25.77756690979004 0 -3.393681049346924
			vertex -25.944332122802734 0 -1.7004814147949219
			vertex -25.77756690979004 12 -3.393681049346924
		endloop
	endfacet
	facet normal -0.9951847493275967 0 -0.09801691030515362
		outer loop
			vertex -25.944332122802734 12 -1.7004814147949219
			vertex -25.77756690979004 12 -3.393681049346924
			vertex -25.944332122802734 0 -1.7004814147949219
		endloop
	endfacet
	facet normal -0.8281801768927187 -0.5544945311570006 -0.08156843457443128
		outer loop
			vertex -25.77756690979004 12 -3.393681049346924
			vertex -25.944332122802734 12 -1.7004814147949219
			vertex -67.41825103759766 75 -8.875781059265137
		endloop
	endfacet
	facet normal -0.8281801304457084 -0.5544945441956511 -0.08156881752352832
		outer loop
			vertex -67.85440826416016 75 -4.447412967681885
			vertex -67.41825103759766 75 -8.875781059265137
			vertex -25.944332122802734 12 -1.7004814147949219
		endloop
	endfacet
	facet normal 0 -1 0
		outer loop
			vertex -67.41825103759766 75 -8.875781059265137
			vertex -67.85440826416016 75 -4.447412967681885
			vertex -73.3669204711914 75 -9.65893840789795
		endloop
	endfacet
	facet normal 0 -1 0
		outer loop
			vertex -73.84156036376953 75 -4.839831352233887
			vertex -73.3669204711914 75 -9.65893840789795
			vertex -67.85440826416016 75 -4.447412967681885
		endloop
	endfacet
	facet normal -0.9951847412616369 0 -0.09801699220037831
		outer loop
			vertex -73.3669204711914 75 -9.65893840789795
			vertex -73.84156036376953 75 -4.839831352233887
			vertex -73.3669204711914 77.5 -9.65893840789795
		endloop
	endfacet
	facet normal -0.9951847412616369 0 -0.09801699220037831
		outer loop
			vertex -73.84156036376953 77.5 -4.839831352233887
			vertex -73.3669204711914 77.5 -9.65893840789795
			vertex -73.84156036376953 75 -4.839831352233887
		endloop
	endfacet
	facet normal 0 1 0
		outer loop
			vertex -73.3669204711914 77.5 -9.65893840789795
			vertex -73.84156036376953 77.5 -4.839831352233887
			vertex -64.93963623046875 77.5 -8.54946517944336
		endloop
	endfacet
	facet normal 0 1 0
		outer loop
			vertex -65.35975646972656 77.5 -4.283905029296875
			vertex -64.93963623046875 77.5 -8.54946517944336
			vertex -73.84156036376953 77.5 -4.839831352233887
		endloop
	endfacet
	facet normal 0.837881466103196 0.5395780230659993 0.08252397097175454
		outer loop
			vertex -64.93963623046875 77.5 -8.54946517944336
			vertex -65.35975646972656 77.5 -4.283905029296875
			vertex -23.298954010009766 12 -3.0673654079437256
		endloop
	endfacet
	facet normal 0.8378814673508632 0.5395780235706262 0.08252395500447693
		outer loop
			vertex -23.449684143066406 12 -1.5369735956192017
			vertex -23.298954010009766 12 -3.0673654079437256
			vertex -65.35975646972656 77.5 -4.283905029296875
		endloop
	endfacet
	facet normal 0.9951847459697397 0 0.09801694439812458
		outer loop
			vertex -23.298954010009766 12 -3.0673654079437256
			vertex -23.449684143066406 12 -1.5369735956192017
			vertex -23.298954010009766 0 -3.0673654079437256
		endloop
	endfacet
	facet normal 0.9951847459697397 0 0.09801694439812458
		outer loop
			vertex -23.449684143066406 0 -1.5369735956192017
			vertex -23.298954010009766 0 -3.0673654079437256
			vertex -23.449684143066406 12 -1.5369735956192017
		endloop
	endfacet
	facet normal 0 -1 0
		outer loop
			vertex -23.298954010009766 0 -3.0673654079437256
			vertex -23.449684143066406 0 -1.5369735956192017
			vertex -25.77756690979004 0 -3.393681049346924
		endloop
	endfacet
	facet normal 0 -1 0
		outer loop
			vertex -25.944332122802734 0 -1.7004814147949219
			vertex -25.77756690979004 0 -3.393681049346924
			vertex -23.449684143066406 0 -1.5369735956192017
		endloop
	endfacet
	facet normal -0.9994645897903807 0 -0.03271901213585241
		outer loop
			vertex -25.944332122802734 0 -1.7004814147949219
			vertex -26 0 -4.776122328035461e-15
			vertex -25.944332122802734 12 -1.7004814147949219
		endloop
	endfacet
	facet normal -0.9994645897903807 0 -0.03271901213585241
		outer loop
			vertex -26 12 -4.776122328035461e-15
			vertex -25.944332122802734 12 -1.7004814147949219
			vertex -26 0 -4.776122328035461e-15
		endloop
	endfacet
	facet normal -0.8317417960400033 -0.5544945462053699 -0.02722834825417491
		outer loop
			vertex -25.944332122802734 12 -1.7004814147949219
			vertex -26 12 -4.776122328035461e-15
			vertex -67.85440826416016 75 -4.447412967681885
		endloop
	endfacet
	facet normal -0.8317418081704347 -0.5544945387802899 -0.027228128914959345
		outer loop
			vertex -68 75 -1.2491397314033561e-14
			vertex -67.85440826416016 75 -4.447412967681885
			vertex -26 12 -4.776122328035461e-15
		endloop
	endfacet
	facet normal 0 -1 0
		outer loop
			vertex -67.85440826416016 75 -4.447412967681885
			vertex -68 75 -1.2491397314033561e-14
			vertex -73.84156036376953 75 -4.839831352233887
		endloop
	endfacet
	facet normal 0 -1 0
		outer loop
			vertex -74 75 -1.3593579454890432e-14
			vertex -73.84156036376953 75 -4.839831352233887
			vertex -68 75 -1.2491397314033561e-14
		endloop
	endfacet
	facet normal -0.9994645877276642 0 -0.03271907514540073
		outer loop
			vertex -73.84156036376953 75 -4.839831352233887
			vertex -74 75 -1.3593579454890432e-14
			vertex -73.84156036376953 77.5 -4.839831352233887
		endloop
	endfacet
	facet normal -0.9994645877276642 0 -0.03271907514540073
		outer loop
			vertex -74 77.5 -1.3593579454890432e-14
			vertex -73.84156036376953 77.5 -4.839831352233887
			vertex -74 75 -1.3593579454890432e-14
		endloop
	endfacet
	facet normal 0 1 0
		outer loop
			vertex -73.84156036376953 77.5 -4.839831352233887
			vertex -74 77.5 -1.3593579454890432e-14
			vertex -65.35975646972656 77.5 -4.283905029296875
		endloop
	endfacet
	facet normal 0 1 0
		outer loop
			vertex -65.5 77.5 -1.2032154684757119e-14
			vertex -65.35975646972656 77.5 -4.283905029296875
			vertex -74 77.5 -1.3593579454890432e-14
		endloop
	endfacet
	facet normal 0.841484795041373 0.5395780297662588 0.027547949247463156
		outer loop
			vertex -65.35975646972656 77.5 -4.283905029296875
			vertex -65.5 77.5 -1.2032154684757119e-14
			vertex -23.449684143066406 12 -1.5369735956192017
		endloop
	endfacet
	facet normal 0.8414847986441789 0.5395780388252751 0.02754766175623011
		outer loop
			vertex -23.5 12 -4.316880122275492e-15
			vertex -23.449684143066406 12 -1.5369735956192017
			vertex -65.5 77.5 -1.2032154684757119e-14
		endloop
	endfacet
	facet normal 0.9994645757566489 0 0.03271944082013115
		outer loop
			vertex -23.449684143066406 12 -1.5369735956192017
			vertex -23.5 12 -4.316880122275492e-15
			vertex -23.449684143066406 0 -1.5369735956192017
		endloop
	endfacet
	facet normal 0.9994645757566489 0 0.03271944082013115
		outer loop
			vertex -23.5 0 -4.316880122275492e-15
			vertex -23.449684143066406 0 -1.5369735956192017
			vertex -23.5 12 -4.316880122275492e-15
		endloop
	endfacet
	facet normal 0 -1 0
		outer loop
			vertex -23.449684143066406 0 -1.5369735956192017
			vertex -23.5 0 -4.316880122275492e-15
			vertex -25.944332122802734 0 -1.7004814147949219
		endloop
	endfacet
	facet normal 0 -1 0
		outer loop
			vertex -26 0 -4.776122328035461e-15
			vertex -25.944332122802734 0 -1.7004814147949219
			vertex -23.5 0 -4.316880122275492e-15
		endloop
	endfacet
	facet normal -0.9994645897903807 0 0.03271901213585223
		outer loop
			vertex -26 0 -4.776122328035461e-15
			vertex -25.944332122802734 0 1.7004814147949219
			vertex -26 12 -4.776122328035461e-15
		endloop
	endfacet
	facet normal -0.9994645897903807 0 0.03271901213585223
		outer loop
			vertex -25.944332122802734 12 1.7004814147949219
			vertex -26 12 -4.776122328035461e-15
			vertex -25.944332122802734 0 1.7004814147949219
		endloop
	endfacet
	facet normal -0.8317418031940959 -0.5544945354627305 0.027228348488374982
		outer loop
			vertex -26 12 -4.776122328035461e-15
			vertex -25.944332122802734 12 1.7004814147949219
			vertex -68 75 -1.2491397314033561e-14
		endloop
	endfacet
	facet normal -0.8317418054350463 -0.5544945428877694 0.02722812882541276
		outer loop
			vertex -67.85440826416016 75 4.447412967681885
			vertex -68 75 -1.2491397314033561e-14
			vertex -25.944332122802734 12 1.7004814147949219
		endloop
	endfacet
	facet normal 0 -1 0
		outer loop
			vertex -68 75 -1.2491397314033561e-14
			vertex -67.85440826416016 75 4.447412967681885
			vertex -74 75 -1.3593579454890432e-14
		endloop
	endfacet
	facet normal 0 -1 0
		outer loop
			vertex -73.84156036376953 75 4.839831352233887
			vertex -74 75 -1.3593579454890432e-14
			vertex -67.85440826416016 75 4.447412967681885
		endloop
	endfacet
	facet normal -0.9994645877276642 0 0.03271907514540055
		outer loop
			vertex -74 75 -1.3593579454890432e-14
			vertex -73.84156036376953 75 4.839831352233887
			vertex -74 77.5 -1.3593579454890432e-14
		endloop
	endfacet
	facet normal -0.9994645877276642 0 0.03271907514540055
		outer loop
			vertex -73.84156036376953 77.5 4.839831352233887
			vertex -74 77.5 -1.3593579454890432e-14
			vertex -73.84156036376953 75 4.839831352233887
		endloop
	endfacet
	facet normal 0 1 0
		outer loop
			vertex -74 77.5 -1.3593579454890432e-14
			vertex -73.84156036376953 77.5 4.839831352233887
			vertex -65.5 77.5 -1.2032154684757119e-14
		endloop
	endfacet
	facet normal 0 1 0
		outer loop
			vertex -65.35975646972656 77.5 4.283905029296875
			vertex -65.5 77.5 -1.2032154684757119e-14
			vertex -73.84156036376953 77.5 4.839831352233887
		endloop
	endfacet
	facet normal 0.8414847919770936 0.5395780345501974 -0.02754794914714673
		outer loop
			vertex -65.5 77.5 -1.2032154684757119e-14
			vertex -65.35975646972656 77.5 4.283905029296875
			vertex -23.5 12 -4.316880122275492e-15
		endloop
	endfacet
	facet normal 0.8414848071850433 0.539578025491319 -0.027547662035831973
		outer loop
			vertex -23.449684143066406 12 1.5369735956192017
			vertex -23.5 12 -4.316880122275492e-15
			vertex -65.35975646972656 77.5 4.283905029296875
		endloop
	endfacet
	facet normal 0.9994645757566489 0 -0.03271944082013097
		outer loop
			vertex -23.5 12 -4.316880122275492e-15
			vertex -23.449684143066406 12 1.5369735956192017
			vertex -23.5 0 -4.316880122275492e-15
		endloop
	endfacet
	facet normal 0.9994645757566489 0 -0.03271944082013097
		outer loop
			vertex -23.449684143066406 0 1.5369735956192017
			vertex -23.5 0 -4.316880122275492e-15
			vertex -23.449684143066406 12 1.5369735956192017
		endloop
	endfacet
	facet normal 0 -1 0
		outer loop
			vertex -23.5 0 -4.316880122275492e-15
			vertex -23.449684143066406 0 1.5369735956192017
			vertex -26 0 -4.776122328035461e-15
		endloop
	endfacet
	facet normal 0 -1 0
		outer loop
			vertex -25.944332122802734 0 1.7004814147949219
			vertex -26 0 -4.776122328035461e-15
			vertex -23.449684143066406 0 1.5369735956192017
		endloop
	endfacet
	facet normal -0.9951847493275967 0 0.09801691030515362
		outer loop
			vertex -25.944332122802734 0 1.7004814147949219
			vertex -25.77756690979004 0 3.393681049346924
			vertex -25.944332122802734 12 1.7004814147949219
		endloop
	endfacet
	facet normal -0.9951847493275967 0 0.09801691030515362
		outer loop
			vertex -25.77756690979004 12 3.393681049346924
			vertex -25.944332122802734 12 1.7004814147949219
			vertex -25.77756690979004 0 3.393681049346924
		endloop
	endfacet
	facet normal -0.8281801643836906 -0.5544945500214313 0.08156843334240245
		outer loop
			vertex -25.944332122802734 12 1.7004814147949219
			vertex -25.77756690979004 12 3.393681049346924
			vertex -67.85440826416016 75 4.447412967681885
		endloop
	endfacet
	facet normal -0.8281801352285719 -0.5544945369827806 0.08156881799460039
		outer loop
			vertex -67.41825103759766 75 8.875781059265137
			vertex -67.85440826416016 75 4.447412967681885
			vertex -25.77756690979004 12 3.393681049346924
		endloop
	endfacet
	facet normal 0 -1 0
		outer loop
			vertex -67.85440826416016 75 4.447412967681885
			vertex -67.41825103759766 75 8.875781059265137
			vertex -73.84156036376953 75 4.839831352233887
		endloop
	endfacet
	facet normal 0 -1 0
		outer loop
			vertex -73.3669204711914 75 9.65893840789795
			vertex -73.84156036376953 75 4.839831352233887
			vertex -67.41825103759766 75 8.875781059265137
		endloop
	endfacet
	facet normal -0.9951847412616369 0 0.09801699220037831
		outer loop
			vertex -73.84156036376953 75 4.839831352233887
			vertex -73.3669204711914 75 9.65893840789795
			vertex -73.84156036376953 77.5 4.839831352233887
		endloop
	endfacet
	facet normal -0.9951847412616369 0 0.09801699220037831
		outer loop
			vertex -73.3669204711914 77.5 9.65893840789795
			vertex -73.84156036376953 77.5 4.839831352233887
			vertex -73.3669204711914 75 9.65893840789795
		endloop
	endfacet
	facet normal 0 1 0
		outer loop
			vertex -73.84156036376953 77.5 4.839831352233887
			vertex -73.3669204711914 77.5 9.65893840789795
			vertex -65.35975646972656 77.5 4.283905029296875
		endloop
	endfacet
	facet normal 0 1 0
		outer loop
			vertex -64.93963623046875 77.5 8.54946517944336
			vertex -65.35975646972656 77.5 4.283905029296875
			vertex -73.3669204711914 77.5 9.65893840789795
		endloop
	endfacet
	facet normal 0.8378814659332314 0.5395780233324885 -0.08252397095501451
		outer loop
			vertex -65.35975646972656 77.5 4.283905029296875
			vertex -64.93963623046875 77.5 8.54946517944336
			vertex -23.449684143066406 12 1.5369735956192017
		endloop
	endfacet
	facet normal 0.8378814678245946 0.5395780228278587 -0.0825239550511353
		outer loop
			vertex -23.298954010009766 12 3.0673654079437256
			vertex -23.449684143066406 12 1.5369735956192017
			vertex -64.93963623046875 77.5 8.54946517944336
		endloop
	endfacet
	facet normal 0.9951847459697397 0 -0.09801694439812458
		outer loop
			vertex -23.449684143066406 12 1.5369735956192017
			vertex -23.298954010009766 12 3.0673654079437256
			vertex -23.449684143066406 0 1.5369735956192017
		endloop
	endfacet
	facet normal 0.9951847459697397 0 -0.09801694439812458
		outer loop
			vertex -23.298954010009766 0 3.0673654079437256
			vertex -23.449684143066406 0 1.5369735956192017
			vertex -23.298954010009766 12 3.0673654079437256
		endloop
	endfacet
	facet normal 0 -1 0
		outer loop
			vertex -23.449684143066406 0 1.5369735956192017
			vertex -23.298954010009766 0 3.0673654079437256
			vertex -25.944332122802734 0 1.7004814147949219
		endloop
	endfacet
	facet normal 0 -1 0
		outer loop
			vertex -25.77756690979004 0 3.393681049346924
			vertex -25.944332122802734 0 1.7004814147949219
			vertex -23.298954010009766 0 3.0673654079437256
		endloop
	endfacet
	facet normal -0.9866433257525272 0 0.16289551174907402
		outer loop
			vertex -25.77756690979004 0 3.393681049346924
			vertex -25.500417709350586 0 5.072348594665527
			vertex -25.77756690979004 12 3.393681049346924
		endloop
	endfacet
	facet normal -0.9866433257525272 0 0.16289551174907402
		outer loop
			vertex -25.500417709350586 12 5.072348594665527
			vertex -25.77756690979004 12 3.393681049346924
			vertex -25.500417709350586 0 5.072348594665527
		endloop
	endfacet
	facet normal -0.8210721105247896 -0.5544945335402917 0.13555958686976935
		outer loop
			vertex -25.77756690979004 12 3.393681049346924
			vertex -25.500417709350586 12 5.072348594665527
			vertex -67.41825103759766 75 8.875781059265137
		endloop
	endfacet
	facet normal -0.8210720629393369 -0.55449452210343 0.13555992187158605
		outer loop
			vertex -66.69339752197266 75 13.266141891479492
			vertex -67.41825103759766 75 8.875781059265137
			vertex -25.500417709350586 12 5.072348594665527
		endloop
	endfacet
	facet normal 0 -1 0
		outer loop
			vertex -67.41825103759766 75 8.875781059265137
			vertex -66.69339752197266 75 13.266141891479492
			vertex -73.3669204711914 75 9.65893840789795
		endloop
	endfacet
	facet normal 0 -1 0
		outer loop
			vertex -72.57810974121094 75 14.436683654785156
			vertex -73.3669204711914 75 9.65893840789795
			vertex -66.69339752197266 75 13.266141891479492
		endloop
	endfacet
	facet normal -0.9866432724336323 0 0.1628958346964508
		outer loop
			vertex -73.3669204711914 75 9.65893840789795
			vertex -72.57810974121094 75 14.436683654785156
			vertex -73.3669204711914 77.5 9.65893840789795
		endloop
	endfacet
	facet normal -0.9866432724336323 0 0.1628958346964508
		outer loop
			vertex -72.57810974121094 77.5 14.436683654785156
			vertex -73.3669204711914 77.5 9.65893840789795
			vertex -72.57810974121094 75 14.436683654785156
		endloop
	endfacet
	facet normal 0 1 0
		outer loop
			vertex -73.3669204711914 77.5 9.65893840789795
			vertex -72.57810974121094 77.5 14.436683654785156
			vertex -64.93963623046875 77.5 8.54946517944336
		endloop
	endfacet
	facet normal 0 1 0
		outer loop
			vertex -64.2414321899414 77.5 12.77841567993164
			vertex -64.93963623046875 77.5 8.54946517944336
			vertex -72.57810974121094 77.5 14.436683654785156
		endloop
	endfacet
	facet normal 0.8306901016054425 0.5395780209806178 -0.13714778295466523
		outer loop
			vertex -64.93963623046875 77.5 8.54946517944336
			vertex -64.2414321899414 77.5 12.77841567993164
			vertex -23.298954010009766 12 3.0673654079437256
		endloop
	endfacet
	facet normal 0.83069019529017 0.5395780048315891 -0.13714727904971694
		outer loop
			vertex -23.04845428466797 12 4.584622383117676
			vertex -23.298954010009766 12 3.0673654079437256
			vertex -64.2414321899414 77.5 12.77841567993164
		endloop
	endfacet
	facet normal 0.9866433754659584 0 -0.16289521063904833
		outer loop
			vertex -23.298954010009766 12 3.0673654079437256
			vertex -23.04845428466797 12 4.584622383117676
			vertex -23.298954010009766 0 3.0673654079437256
		endloop
	endfacet
	facet normal 0.9866433754659584 0 -0.16289521063904833
		outer loop
			vertex -23.04845428466797 0 4.584622383117676
			vertex -23.298954010009766 0 3.0673654079437256
			vertex -23.04845428466797 12 4.584622383117676
		endloop
	endfacet
	facet normal 0 -1 0
		outer loop
			vertex -23.298954010009766 0 3.0673654079437256
			vertex -23.04845428466797 0 4.584622383117676
			vertex -25.77756690979004 0 3.393681049346924
		endloop
	endfacet
	facet normal 0 -1 0
		outer loop
			vertex -25.500417709350586 0 5.072348594665527
			vertex -25.77756690979004 0 3.393681049346924
			vertex -23.04845428466797 0 4.584622383117676
		endloop
	endfacet
	facet normal -0.9738768437145991 0 0.22707684443044968
		outer loop
			vertex -25.500417709350586 0 5.072348594665527
			vertex -25.114070892333984 0 6.729295253753662
			vertex -25.500417709350586 12 5.072348594665527
		endloop
	endfacet
	facet normal -0.9738768437145991 0 0.22707684443044968
		outer loop
			vertex -25.114070892333984 12 6.729295253753662
			vertex -25.500417709350586 12 5.072348594665527
			vertex -25.114070892333984 0 6.729295253753662
		endloop
	endfacet
	facet normal -0.8104480213258152 -0.5544945090954286 0.18897048476439618
		outer loop
			vertex -25.500417709350586 12 5.072348594665527
			vertex -25.114070892333984 12 6.729295253753662
			vertex -66.69339752197266 75 13.266141891479492
		endloop
	endfacet
	facet normal -0.8104480586897735 -0.5544945152534406 0.18897030645005972
		outer loop
			vertex -65.68295288085938 75 17.599695205688477
			vertex -66.69339752197266 75 13.266141891479492
			vertex -25.114070892333984 12 6.729295253753662
		endloop
	endfacet
	facet normal 0 -1 0
		outer loop
			vertex -66.69339752197266 75 13.266141891479492
			vertex -65.68295288085938 75 17.599695205688477
			vertex -72.57810974121094 75 14.436683654785156
		endloop
	endfacet
	facet normal 0 -1 0
		outer loop
			vertex -71.47850799560547 75 19.15260887145996
			vertex -72.57810974121094 75 14.436683654785156
			vertex -65.68295288085938 75 17.599695205688477
		endloop
	endfacet
	facet normal -0.9738768783883294 0 0.22707669572328082
		outer loop
			vertex -72.57810974121094 75 14.436683654785156
			vertex -71.47850799560547 75 19.15260887145996
			vertex -72.57810974121094 77.5 14.436683654785156
		endloop
	endfacet
	facet normal -0.9738768783883294 0 0.22707669572328082
		outer loop
			vertex -71.47850799560547 77.5 19.15260887145996
			vertex -72.57810974121094 77.5 14.436683654785156
			vertex -71.47850799560547 75 19.15260887145996
		endloop
	endfacet
	facet normal 0 1 0
		outer loop
			vertex -72.57810974121094 77.5 14.436683654785156
			vertex -71.47850799560547 77.5 19.15260887145996
			vertex -64.2414321899414 77.5 12.77841567993164
		endloop
	endfacet
	facet normal 0 1 0
		outer loop
			vertex -63.26814270019531 77.5 16.952648162841797
			vertex -64.2414321899414 77.5 12.77841567993164
			vertex -71.47850799560547 77.5 19.15260887145996
		endloop
	endfacet
	facet normal 0.8199419183946505 0.5395780227535222 -0.19118265564820464
		outer loop
			vertex -64.2414321899414 77.5 12.77841567993164
			vertex -63.26814270019531 77.5 16.952648162841797
			vertex -23.04845428466797 12 4.584622383117676
		endloop
	endfacet
	facet normal 0.8199416642033773 0.5395780552190921 -0.19118365418983543
		outer loop
			vertex -22.699256896972656 12 6.082247734069824
			vertex -23.04845428466797 12 4.584622383117676
			vertex -63.26814270019531 77.5 16.952648162841797
		endloop
	endfacet
	facet normal 0.9738769602316419 0 -0.2270763447168751
		outer loop
			vertex -23.04845428466797 12 4.584622383117676
			vertex -22.699256896972656 12 6.082247734069824
			vertex -23.04845428466797 0 4.584622383117676
		endloop
	endfacet
	facet normal 0.9738769602316419 0 -0.2270763447168751
		outer loop
			vertex -22.699256896972656 0 6.082247734069824
			vertex -23.04845428466797 0 4.584622383117676
			vertex -22.699256896972656 12 6.082247734069824
		endloop
	endfacet
	facet normal 0 -1 0
		outer loop
			vertex -23.04845428466797 0 4.584622383117676
			vertex -22.699256896972656 0 6.082247734069824
			vertex -25.500417709350586 0 5.072348594665527
		endloop
	endfacet
	facet normal 0 -1 0
		outer loop
			vertex -25.114070892333984 0 6.729295253753662
			vertex -25.500417709350586 0 5.072348594665527
			vertex -22.699256896972656 0 6.082247734069824
		endloop
	endfacet
	facet normal -0.9569405023634359 0 0.29028412794435593
		outer loop
			vertex -25.114070892333984 0 6.729295253753662
			vertex -24.62018394470215 0 8.357425689697266
			vertex -25.114070892333984 12 6.729295253753662
		endloop
	endfacet
	facet normal -0.9569405023634359 0 0.29028412794435593
		outer loop
			vertex -24.62018394470215 12 8.357425689697266
			vertex -25.114070892333984 12 6.729295253753662
			vertex -24.62018394470215 0 8.357425689697266
		endloop
	endfacet
	facet normal -0.7963538059635369 -0.5544945181702183 0.24157078682358735
		outer loop
			vertex -25.114070892333984 12 6.729295253753662
			vertex -24.62018394470215 12 8.357425689697266
			vertex -65.68295288085938 75 17.599695205688477
		endloop
	endfacet
	facet normal -0.796353918661658 -0.5544945323487402 0.24157038276157475
		outer loop
			vertex -64.39125061035156 75 21.85788345336914
			vertex -65.68295288085938 75 17.599695205688477
			vertex -24.62018394470215 12 8.357425689697266
		endloop
	endfacet
	facet normal 0 -1 0
		outer loop
			vertex -65.68295288085938 75 17.599695205688477
			vertex -64.39125061035156 75 21.85788345336914
			vertex -71.47850799560547 75 19.15260887145996
		endloop
	endfacet
	facet normal 0 -1 0
		outer loop
			vertex -70.07283020019531 75 23.78652000427246
			vertex -71.47850799560547 75 19.15260887145996
			vertex -64.39125061035156 75 21.85788345336914
		endloop
	endfacet
	facet normal -0.9569405525058438 0 0.29028396264659645
		outer loop
			vertex -71.47850799560547 75 19.15260887145996
			vertex -70.07283020019531 75 23.78652000427246
			vertex -71.47850799560547 77.5 19.15260887145996
		endloop
	endfacet
	facet normal -0.9569405525058438 0 0.29028396264659645
		outer loop
			vertex -70.07283020019531 77.5 23.78652000427246
			vertex -71.47850799560547 77.5 19.15260887145996
			vertex -70.07283020019531 75 23.78652000427246
		endloop
	endfacet
	facet normal 0 1 0
		outer loop
			vertex -71.47850799560547 77.5 19.15260887145996
			vertex -70.07283020019531 77.5 23.78652000427246
			vertex -63.26814270019531 77.5 16.952648162841797
		endloop
	endfacet
	facet normal 0 1 0
		outer loop
			vertex -62.023921966552734 77.5 21.054285049438477
			vertex -63.26814270019531 77.5 16.952648162841797
			vertex -70.07283020019531 77.5 23.78652000427246
		endloop
	endfacet
	facet normal 0.8056819706959332 0.5395780465167439 -0.2444015012488511
		outer loop
			vertex -63.26814270019531 77.5 16.952648162841797
			vertex -62.023921966552734 77.5 21.054285049438477
			vertex -22.699256896972656 12 6.082247734069824
		endloop
	endfacet
	facet normal 0.805681984933385 0.5395780450675781 -0.2444014575137623
		outer loop
			vertex -22.252857208251953 12 7.553827285766602
			vertex -22.699256896972656 12 6.082247734069824
			vertex -62.023921966552734 77.5 21.054285049438477
		endloop
	endfacet
	facet normal 0.9569401709809876 0 -0.2902852203658986
		outer loop
			vertex -22.699256896972656 12 6.082247734069824
			vertex -22.252857208251953 12 7.553827285766602
			vertex -22.699256896972656 0 6.082247734069824
		endloop
	endfacet
	facet normal 0.9569401709809876 0 -0.2902852203658986
		outer loop
			vertex -22.252857208251953 0 7.553827285766602
			vertex -22.699256896972656 0 6.082247734069824
			vertex -22.252857208251953 12 7.553827285766602
		endloop
	endfacet
	facet normal 0 -1 0
		outer loop
			vertex -22.699256896972656 0 6.082247734069824
			vertex -22.252857208251953 0 7.553827285766602
			vertex -25.114070892333984 0 6.729295253753662
		endloop
	endfacet
	facet normal 0 -1 0
		outer loop
			vertex -24.62018394470215 0 8.357425689697266
			vertex -25.114070892333984 0 6.729295253753662
			vertex -22.252857208251953 0 7.553827285766602
		endloop
	endfacet
	facet normal -0.9359059167909808 0 0.35225007440117584
		outer loop
			vertex -24.62018394470215 0 8.357425689697266
			vertex -24.0208683013916 0 9.949769020080566
			vertex -24.62018394470215 12 8.357425689697266
		endloop
	endfacet
	facet normal -0.9359059167909808 0 0.35225007440117584
		outer loop
			vertex -24.0208683013916 12 9.949769020080566
			vertex -24.62018394470215 12 8.357425689697266
			vertex -24.0208683013916 0 9.949769020080566
		endloop
	endfacet
	facet normal -0.7788490723822199 -0.5544945454337649 0.293138058828188
		outer loop
			vertex -24.62018394470215 12 8.357425689697266
			vertex -24.0208683013916 12 9.949769020080566
			vertex -64.39125061035156 75 21.85788345336914
		endloop
	endfacet
	facet normal -0.7788489150964222 -0.5544945293763685 0.2931385070999814
		outer loop
			vertex -62.82380676269531 75 26.02247428894043
			vertex -64.39125061035156 75 21.85788345336914
			vertex -24.0208683013916 12 9.949769020080566
		endloop
	endfacet
	facet normal 0 -1 0
		outer loop
			vertex -64.39125061035156 75 21.85788345336914
			vertex -62.82380676269531 75 26.02247428894043
			vertex -70.07283020019531 75 23.78652000427246
		endloop
	endfacet
	facet normal 0 -1 0
		outer loop
			vertex -68.3670883178711 75 28.318574905395508
			vertex -70.07283020019531 75 23.78652000427246
			vertex -62.82380676269531 75 26.02247428894043
		endloop
	endfacet
	facet normal -0.9359061172637291 0 0.3522495417574468
		outer loop
			vertex -70.07283020019531 75 23.78652000427246
			vertex -68.3670883178711 75 28.318574905395508
			vertex -70.07283020019531 77.5 23.78652000427246
		endloop
	endfacet
	facet normal -0.9359061172637291 0 0.3522495417574468
		outer loop
			vertex -68.3670883178711 77.5 28.318574905395508
			vertex -70.07283020019531 77.5 23.78652000427246
			vertex -68.3670883178711 75 28.318574905395508
		endloop
	endfacet
	facet normal 0 1 0
		outer loop
			vertex -70.07283020019531 77.5 23.78652000427246
			vertex -68.3670883178711 77.5 28.318574905395508
			vertex -62.023921966552734 77.5 21.054285049438477
		endloop
	endfacet
	facet normal 0 1 0
		outer loop
			vertex -60.51411056518555 77.5 25.065765380859375
			vertex -62.023921966552734 77.5 21.054285049438477
			vertex -68.3670883178711 77.5 28.318574905395508
		endloop
	endfacet
	facet normal 0.7879726923757918 0.5395780461042261 -0.29657135436921667
		outer loop
			vertex -62.023921966552734 77.5 21.054285049438477
			vertex -60.51411056518555 77.5 25.065765380859375
			vertex -22.252857208251953 12 7.553827285766602
		endloop
	endfacet
	facet normal 0.7879725561014246 0.5395780576752658 -0.2965716953897909
		outer loop
			vertex -21.71116828918457 12 8.993061065673828
			vertex -22.252857208251953 12 7.553827285766602
			vertex -60.51411056518555 77.5 25.065765380859375
		endloop
	endfacet
	facet normal 0.9359059950469871 0 -0.3522498664799024
		outer loop
			vertex -22.252857208251953 12 7.553827285766602
			vertex -21.71116828918457 12 8.993061065673828
			vertex -22.252857208251953 0 7.553827285766602
		endloop
	endfacet
	facet normal 0.9359059950469871 0 -0.3522498664799024
		outer loop
			vertex -21.71116828918457 0 8.993061065673828
			vertex -22.252857208251953 0 7.553827285766602
			vertex -21.71116828918457 12 8.993061065673828
		endloop
	endfacet
	facet normal 0 -1 0
		outer loop
			vertex -22.252857208251953 0 7.553827285766602
			vertex -21.71116828918457 0 8.993061065673828
			vertex -24.62018394470215 0 8.357425689697266
		endloop
	endfacet
	facet normal 0 -1 0
		outer loop
			vertex -24.0208683013916 0 9.949769020080566
			vertex -24.62018394470215 0 8.357425689697266
			vertex -21.71116828918457 0 8.993061065673828
		endloop
	endfacet
	facet normal -0.9108637456331394 0 0.4127072047967755
		outer loop
			vertex -24.0208683013916 0 9.949769020080566
			vertex -23.31869125366211 0 11.499505996704102
			vertex -24.0208683013916 12 9.949769020080566
		endloop
	endfacet
	facet normal -0.9108637456331394 0 0.4127072047967755
		outer loop
			vertex -23.31869125366211 12 11.499505996704102
			vertex -24.0208683013916 12 9.949769020080566
			vertex -23.31869125366211 0 11.499505996704102
		endloop
	endfacet
	facet normal -0.7580093092680581 -0.5544945204809184 0.34344972531594525
		outer loop
			vertex -24.0208683013916 12 9.949769020080566
			vertex -23.31869125366211 12 11.499505996704102
			vertex -62.82380676269531 75 26.02247428894043
		endloop
	endfacet
	facet normal -0.7580094342486213 -0.5544945312549643 0.34344943208341805
		outer loop
			vertex -60.98734664916992 75 30.07563018798828
			vertex -62.82380676269531 75 26.02247428894043
			vertex -23.31869125366211 12 11.499505996704102
		endloop
	endfacet
	facet normal 0 -1 0
		outer loop
			vertex -62.82380676269531 75 26.02247428894043
			vertex -60.98734664916992 75 30.07563018798828
			vertex -68.3670883178711 75 28.318574905395508
		endloop
	endfacet
	facet normal 0 -1 0
		outer loop
			vertex -66.36858367919922 75 32.72936248779297
			vertex -68.3670883178711 75 28.318574905395508
			vertex -60.98734664916992 75 30.07563018798828
		endloop
	endfacet
	facet normal -0.9108636086929114 0 0.41270750703001136
		outer loop
			vertex -68.3670883178711 75 28.318574905395508
			vertex -66.36858367919922 75 32.72936248779297
			vertex -68.3670883178711 77.5 28.318574905395508
		endloop
	endfacet
	facet normal -0.9108636086929114 0 0.41270750703001136
		outer loop
			vertex -66.36858367919922 77.5 32.72936248779297
			vertex -68.3670883178711 77.5 28.318574905395508
			vertex -66.36858367919922 75 32.72936248779297
		endloop
	endfacet
	facet normal 0 1 0
		outer loop
			vertex -68.3670883178711 77.5 28.318574905395508
			vertex -66.36858367919922 77.5 32.72936248779297
			vertex -60.51411056518555 77.5 25.065765380859375
		endloop
	endfacet
	facet normal 0 1 0
		outer loop
			vertex -58.74516296386719 77.5 28.96990966796875
			vertex -60.51411056518555 77.5 25.065765380859375
			vertex -66.36858367919922 77.5 32.72936248779297
		endloop
	endfacet
	facet normal 0.7668884556805804 0.5395780521994173 -0.3474731962735215
		outer loop
			vertex -60.51411056518555 77.5 25.065765380859375
			vertex -58.74516296386719 77.5 28.96990966796875
			vertex -21.71116828918457 12 8.993061065673828
		endloop
	endfacet
	facet normal 0.7668888311842279 0.5395780247495936 -0.34747241014534624
		outer loop
			vertex -21.076509475708008 12 10.393784523010254
			vertex -21.71116828918457 12 8.993061065673828
			vertex -58.74516296386719 77.5 28.96990966796875
		endloop
	endfacet
	facet normal 0.9108640029323254 0 -0.41270663692519044
		outer loop
			vertex -21.71116828918457 12 8.993061065673828
			vertex -21.076509475708008 12 10.393784523010254
			vertex -21.71116828918457 0 8.993061065673828
		endloop
	endfacet
	facet normal 0.9108640029323254 0 -0.41270663692519044
		outer loop
			vertex -21.076509475708008 0 10.393784523010254
			vertex -21.71116828918457 0 8.993061065673828
			vertex -21.076509475708008 12 10.393784523010254
		endloop
	endfacet
	facet normal 0 -1 0
		outer loop
			vertex -21.71116828918457 0 8.993061065673828
			vertex -21.076509475708008 0 10.393784523010254
			vertex -24.0208683013916 0 9.949769020080566
		endloop
	endfacet
	facet normal 0 -1 0
		outer loop
			vertex -23.31869125366211 0 11.499505996704102
			vertex -24.0208683013916 0 9.949769020080566
			vertex -21.076509475708008 0 10.393784523010254
		endloop
	endfacet
	facet normal -0.8819213109787317 0 0.4713966495866888
		outer loop
			vertex -23.31869125366211 0 11.499505996704102
			vertex -22.516660690307617 0 13
			vertex -23.31869125366211 12 11.499505996704102
		endloop
	endfacet
	facet normal -0.8819213109787317 0 0.4713966495866888
		outer loop
			vertex -22.516660690307617 12 13
			vertex -23.31869125366211 12 11.499505996704102
			vertex -22.516660690307617 0 13
		endloop
	endfacet
	facet normal -0.7339237723722953 -0.5544945344024301 0.3922903359307382
		outer loop
			vertex -23.31869125366211 12 11.499505996704102
			vertex -22.516660690307617 12 13
			vertex -60.98734664916992 75 30.07563018798828
		endloop
	endfacet
	facet normal -0.7339238292676457 -0.5544945386625364 0.39229022346540404
		outer loop
			vertex -58.88972854614258 75 34
			vertex -60.98734664916992 75 30.07563018798828
			vertex -22.516660690307617 12 13
		endloop
	endfacet
	facet normal 0 -1 0
		outer loop
			vertex -60.98734664916992 75 30.07563018798828
			vertex -58.88972854614258 75 34
			vertex -66.36858367919922 75 32.72936248779297
		endloop
	endfacet
	facet normal 0 -1 0
		outer loop
			vertex -64.08587646484375 75 37
			vertex -66.36858367919922 75 32.72936248779297
			vertex -58.88972854614258 75 34
		endloop
	endfacet
	facet normal -0.8819209289674844 0 0.4713973642789375
		outer loop
			vertex -66.36858367919922 75 32.72936248779297
			vertex -64.08587646484375 75 37
			vertex -66.36858367919922 77.5 32.72936248779297
		endloop
	endfacet
	facet normal -0.8819209289674844 0 0.4713973642789375
		outer loop
			vertex -64.08587646484375 77.5 37
			vertex -66.36858367919922 77.5 32.72936248779297
			vertex -64.08587646484375 75 37
		endloop
	endfacet
	facet normal 0 1 0
		outer loop
			vertex -66.36858367919922 77.5 32.72936248779297
			vertex -64.08587646484375 77.5 37
			vertex -58.74516296386719 77.5 28.96990966796875
		endloop
	endfacet
	facet normal 0 1 0
		outer loop
			vertex -56.72466278076172 77.5 32.75
			vertex -58.74516296386719 77.5 28.96990966796875
			vertex -64.08587646484375 77.5 37
		endloop
	endfacet
	facet normal 0.7425209214323848 0.5395780311709001 -0.3968856630226614
		outer loop
			vertex -58.74516296386719 77.5 28.96990966796875
			vertex -56.72466278076172 77.5 32.75
			vertex -21.076509475708008 12 10.393784523010254
		endloop
	endfacet
	facet normal 0.7425208179873449 0.5395780378347084 -0.3968858474950327
		outer loop
			vertex -20.35159683227539 12 11.75
			vertex -21.076509475708008 12 10.393784523010254
			vertex -56.72466278076172 77.5 32.75
		endloop
	endfacet
	facet normal 0.881921164798647 0 -0.4713969230703549
		outer loop
			vertex -21.076509475708008 12 10.393784523010254
			vertex -20.35159683227539 12 11.75
			vertex -21.076509475708008 0 10.393784523010254
		endloop
	endfacet
	facet normal 0.881921164798647 0 -0.4713969230703549
		outer loop
			vertex -20.35159683227539 0 11.75
			vertex -21.076509475708008 0 10.393784523010254
			vertex -20.35159683227539 12 11.75
		endloop
	endfacet
	facet normal 0 -1 0
		outer loop
			vertex -21.076509475708008 0 10.393784523010254
			vertex -20.35159683227539 0 11.75
			vertex -23.31869125366211 0 11.499505996704102
		endloop
	endfacet
	facet normal 0 -1 0
		outer loop
			vertex -22.516660690307617 0 13
			vertex -23.31869125366211 0 11.499505996704102
			vertex -20.35159683227539 0 11.75
		endloop
	endfacet
	facet normal -0.8492021206730429 0 0.5280679485108017
		outer loop
			vertex -22.516660690307617 0 13
			vertex -21.618209838867188 0 14.444826126098633
			vertex -22.516660690307617 12 13
		endloop
	endfacet
	facet normal -0.8492021206730429 0 0.5280679485108017
		outer loop
			vertex -21.618209838867188 12 14.444826126098633
			vertex -22.516660690307617 12 13
			vertex -21.618209838867188 0 14.444826126098633
		endloop
	endfacet
	facet normal -0.7066952723705475 -0.5544945400924097 0.43945147288048175
		outer loop
			vertex -22.516660690307617 12 13
			vertex -21.618209838867188 12 14.444826126098633
			vertex -58.88972854614258 75 34
		endloop
	endfacet
	facet normal -0.7066950415720303 -0.5544945247603241 0.4394518633801984
		outer loop
			vertex -56.53993225097656 75 37.77877426147461
			vertex -58.88972854614258 75 34
			vertex -21.618209838867188 12 14.444826126098633
		endloop
	endfacet
	facet normal 0 -1 0
		outer loop
			vertex -58.88972854614258 75 34
			vertex -56.53993225097656 75 37.77877426147461
			vertex -64.08587646484375 75 37
		endloop
	endfacet
	facet normal 0 -1 0
		outer loop
			vertex -61.528751373291016 75 41.11219787597656
			vertex -64.08587646484375 75 37
			vertex -56.53993225097656 75 37.77877426147461
		endloop
	endfacet
	facet normal -0.8492025400438684 0 0.5280672741072318
		outer loop
			vertex -64.08587646484375 75 37
			vertex -61.528751373291016 75 41.11219787597656
			vertex -64.08587646484375 77.5 37
		endloop
	endfacet
	facet normal -0.8492025400438684 0 0.5280672741072318
		outer loop
			vertex -61.528751373291016 77.5 41.11219787597656
			vertex -64.08587646484375 77.5 37
			vertex -61.528751373291016 75 41.11219787597656
		endloop
	endfacet
	facet normal 0 1 0
		outer loop
			vertex -64.08587646484375 77.5 37
			vertex -61.528751373291016 77.5 41.11219787597656
			vertex -56.72466278076172 77.5 32.75
		endloop
	endfacet
	facet normal 0 1 0
		outer loop
			vertex -54.46125793457031 77.5 36.38985061645508
			vertex -56.72466278076172 77.5 32.75
			vertex -61.528751373291016 77.5 41.11219787597656
		endloop
	endfacet
	facet normal 0.7149735180610682 0.5395780347866961 -0.4445991597462893
		outer loop
			vertex -56.72466278076172 77.5 32.75
			vertex -54.46125793457031 77.5 36.38985061645508
			vertex -20.35159683227539 12 11.75
		endloop
	endfacet
	facet normal 0.7149735060892871 0.5395780354786784 -0.4445991781586672
		outer loop
			vertex -19.539535522460938 12 13.055900573730469
			vertex -20.35159683227539 12 11.75
			vertex -54.46125793457031 77.5 36.38985061645508
		endloop
	endfacet
	facet normal 0.8492021380205316 0 -0.5280679206137769
		outer loop
			vertex -20.35159683227539 12 11.75
			vertex -19.539535522460938 12 13.055900573730469
			vertex -20.35159683227539 0 11.75
		endloop
	endfacet
	facet normal 0.8492021380205316 0 -0.5280679206137769
		outer loop
			vertex -19.539535522460938 0 13.055900573730469
			vertex -20.35159683227539 0 11.75
			vertex -19.539535522460938 12 13.055900573730469
		endloop
	endfacet
	facet normal 0 -1 0
		outer loop
			vertex -20.35159683227539 0 11.75
			vertex -19.539535522460938 0 13.055900573730469
			vertex -22.516660690307617 0 13
		endloop
	endfacet
	facet normal 0 -1 0
		outer loop
			vertex -21.618209838867188 0 14.444826126098633
			vertex -22.516660690307617 0 13
			vertex -19.539535522460938 0 13.055900573730469
		endloop
	endfacet
	facet normal -0.8128468953953951 0 0.5824774026913557
		outer loop
			vertex -21.618209838867188 0 14.444826126098633
			vertex -20.627187728881836 0 15.827796936035156
			vertex -21.618209838867188 12 14.444826126098633
		endloop
	endfacet
	facet normal -0.8128468953953951 0 0.5824774026913557
		outer loop
			vertex -20.627187728881836 12 15.827796936035156
			vertex -21.618209838867188 12 14.444826126098633
			vertex -20.627187728881836 0 15.827796936035156
		endloop
	endfacet
	facet normal -0.6764409239069062 -0.5544945206227353 0.4847303405640441
		outer loop
			vertex -21.618209838867188 12 14.444826126098633
			vertex -20.627187728881836 12 15.827796936035156
			vertex -56.53993225097656 75 37.77877426147461
		endloop
	endfacet
	facet normal -0.6764411835104434 -0.5544945361798983 0.4847299604910246
		outer loop
			vertex -53.948028564453125 75 41.39577865600586
			vertex -56.53993225097656 75 37.77877426147461
			vertex -20.627187728881836 12 15.827796936035156
		endloop
	endfacet
	facet normal 0 -1 0
		outer loop
			vertex -56.53993225097656 75 37.77877426147461
			vertex -53.948028564453125 75 41.39577865600586
			vertex -61.528751373291016 75 41.11219787597656
		endloop
	endfacet
	facet normal 0 -1 0
		outer loop
			vertex -58.70814895629883 75 45.04834747314453
			vertex -61.528751373291016 75 41.11219787597656
			vertex -53.948028564453125 75 41.39577865600586
		endloop
	endfacet
	facet normal -0.8128469286144081 0 0.5824773563342384
		outer loop
			vertex -61.528751373291016 75 41.11219787597656
			vertex -58.70814895629883 75 45.04834747314453
			vertex -61.528751373291016 77.5 41.11219787597656
		endloop
	endfacet
	facet normal -0.8128469286144081 0 0.5824773563342384
		outer loop
			vertex -58.70814895629883 77.5 45.04834747314453
			vertex -61.528751373291016 77.5 41.11219787597656
			vertex -58.70814895629883 75 45.04834747314453
		endloop
	endfacet
	facet normal 0 1 0
		outer loop
			vertex -61.528751373291016 77.5 41.11219787597656
			vertex -58.70814895629883 77.5 45.04834747314453
			vertex -54.46125793457031 77.5 36.38985061645508
		endloop
	endfacet
	facet normal 0 1 0
		outer loop
			vertex -51.96464538574219 77.5 39.87387466430664
			vertex -54.46125793457031 77.5 36.38985061645508
			vertex -58.70814895629883 77.5 45.04834747314453
		endloop
	endfacet
	facet normal 0.6843649026821758 0.5395780439749301 -0.4904082120407492
		outer loop
			vertex -54.46125793457031 77.5 36.38985061645508
			vertex -51.96464538574219 77.5 39.87387466430664
			vertex -19.539535522460938 12 13.055900573730469
		endloop
	endfacet
	facet normal 0.6843644533430124 0.5395780676195957 -0.4904088130778473
		outer loop
			vertex -18.643802642822266 12 14.305893898010254
			vertex -19.539535522460938 12 13.055900573730469
			vertex -51.96464538574219 77.5 39.87387466430664
		endloop
	endfacet
	facet normal 0.8128465827516234 0 -0.58247783898532
		outer loop
			vertex -19.539535522460938 12 13.055900573730469
			vertex -18.643802642822266 12 14.305893898010254
			vertex -19.539535522460938 0 13.055900573730469
		endloop
	endfacet
	facet normal 0.8128465827516234 0 -0.58247783898532
		outer loop
			vertex -18.643802642822266 0 14.305893898010254
			vertex -19.539535522460938 0 13.055900573730469
			vertex -18.643802642822266 12 14.305893898010254
		endloop
	endfacet
	facet normal 0 -1 0
		outer loop
			vertex -19.539535522460938 0 13.055900573730469
			vertex -18.643802642822266 0 14.305893898010254
			vertex -21.618209838867188 0 14.444826126098633
		endloop
	endfacet
	facet normal 0 -1 0
		outer loop
			vertex -20.627187728881836 0 15.827796936035156
			vertex -21.618209838867188 0 14.444826126098633
			vertex -18.643802642822266 0 14.305893898010254
		endloop
	endfacet
	facet normal -0.7730102742013117 0 0.6343935024724109
		outer loop
			vertex -20.627187728881836 0 15.827796936035156
			vertex -19.547834396362305 0 17.14299201965332
			vertex -20.627187728881836 12 15.827796936035156
		endloop
	endfacet
	facet normal -0.7730102742013117 0 0.6343935024724109
		outer loop
			vertex -19.547834396362305 12 17.14299201965332
			vertex -20.627187728881836 12 15.827796936035156
			vertex -19.547834396362305 0 17.14299201965332
		endloop
	endfacet
	facet normal -0.643289378276463 -0.5544945447406523 0.5279342531504643
		outer loop
			vertex -20.627187728881836 12 15.827796936035156
			vertex -19.547834396362305 12 17.14299201965332
			vertex -53.948028564453125 75 41.39577865600586
		endloop
	endfacet
	facet normal -0.6432891795470429 -0.5544945338507292 0.5279345067405189
		outer loop
			vertex -51.12510681152344 75 44.835514068603516
			vertex -53.948028564453125 75 41.39577865600586
			vertex -19.547834396362305 12 17.14299201965332
		endloop
	endfacet
	facet normal 0 -1 0
		outer loop
			vertex -53.948028564453125 75 41.39577865600586
			vertex -51.12510681152344 75 44.835514068603516
			vertex -58.70814895629883 75 45.04834747314453
		endloop
	endfacet
	facet normal 0 -1 0
		outer loop
			vertex -55.636146545410156 75 48.79159164428711
			vertex -58.70814895629883 75 45.04834747314453
			vertex -51.12510681152344 75 44.835514068603516
		endloop
	endfacet
	facet normal -0.7730103206241044 0 0.6343934459061028
		outer loop
			vertex -58.70814895629883 75 45.04834747314453
			vertex -55.636146545410156 75 48.79159164428711
			vertex -58.70814895629883 77.5 45.04834747314453
		endloop
	endfacet
	facet normal -0.7730103206241044 0 0.6343934459061028
		outer loop
			vertex -55.636146545410156 77.5 48.79159164428711
			vertex -58.70814895629883 77.5 45.04834747314453
			vertex -55.636146545410156 75 48.79159164428711
		endloop
	endfacet
	facet normal 0 1 0
		outer loop
			vertex -58.70814895629883 77.5 45.04834747314453
			vertex -55.636146545410156 77.5 48.79159164428711
			vertex -51.96464538574219 77.5 39.87387466430664
		endloop
	endfacet
	facet normal 0 1 0
		outer loop
			vertex -49.245506286621094 77.5 43.18714904785156
			vertex -51.96464538574219 77.5 39.87387466430664
			vertex -55.636146545410156 77.5 48.79159164428711
		endloop
	endfacet
	facet normal 0.6508245161979681 0.5395780534131216 -0.5341188757108173
		outer loop
			vertex -51.96464538574219 77.5 39.87387466430664
			vertex -49.245506286621094 77.5 43.18714904785156
			vertex -18.643802642822266 12 14.305893898010254
		endloop
	endfacet
	facet normal 0.6508253425829801 0.5395780133475274 -0.534117909233235
		outer loop
			vertex -17.668235778808594 12 15.494626998901367
			vertex -18.643802642822266 12 14.305893898010254
			vertex -49.245506286621094 77.5 43.18714904785156
		endloop
	endfacet
	facet normal 0.7730108296066383 0 -0.6343928257088484
		outer loop
			vertex -18.643802642822266 12 14.305893898010254
			vertex -17.668235778808594 12 15.494626998901367
			vertex -18.643802642822266 0 14.305893898010254
		endloop
	endfacet
	facet normal 0.7730108296066383 0 -0.6343928257088484
		outer loop
			vertex -17.668235778808594 0 15.494626998901367
			vertex -18.643802642822266 0 14.305893898010254
			vertex -17.668235778808594 12 15.494626998901367
		endloop
	endfacet
	facet normal 0 -1 0
		outer loop
			vertex -18.643802642822266 0 14.305893898010254
			vertex -17.668235778808594 0 15.494626998901367
			vertex -20.627187728881836 0 15.827796936035156
		endloop
	endfacet
	facet normal 0 -1 0
		outer loop
			vertex -19.547834396362305 0 17.14299201965332
			vertex -20.627187728881836 0 15.827796936035156
			vertex -17.668235778808594 0 15.494626998901367
		endloop
	endfacet
	facet normal -0.7298644515403371 0 0.6835918975366246
		outer loop
			vertex -19.547834396362305 0 17.14299201965332
			vertex -18.384777069091797 0 18.384777069091797
			vertex -19.547834396362305 12 17.14299201965332
		endloop
	endfacet
	facet normal -0.7298644515403371 0 0.6835918975366246
		outer loop
			vertex -18.384777069091797 12 18.384777069091797
			vertex -19.547834396362305 12 17.14299201965332
			vertex -18.384777069091797 0 18.384777069091797
		endloop
	endfacet
	facet normal -0.6073839766556993 -0.5544945312203974 0.5688765417457294
		outer loop
			vertex -19.547834396362305 12 17.14299201965332
			vertex -18.384777069091797 12 18.384777069091797
			vertex -51.12510681152344 75 44.835514068603516
		endloop
	endfacet
	facet normal -0.6073835223871735 -0.5544945081996822 0.5688770492021478
		outer loop
			vertex -48.08325958251953 75 48.08325958251953
			vertex -51.12510681152344 75 44.835514068603516
			vertex -18.384777069091797 12 18.384777069091797
		endloop
	endfacet
	facet normal 0 -1 0
		outer loop
			vertex -51.12510681152344 75 44.835514068603516
			vertex -48.08325958251953 75 48.08325958251953
			vertex -55.636146545410156 75 48.79159164428711
		endloop
	endfacet
	facet normal 0 -1 0
		outer loop
			vertex -52.32590103149414 75 52.32590103149414
			vertex -55.636146545410156 75 48.79159164428711
			vertex -48.08325958251953 75 48.08325958251953
		endloop
	endfacet
	facet normal -0.7298637081534891 0 0.6835926912427008
		outer loop
			vertex -55.636146545410156 75 48.79159164428711
			vertex -52.32590103149414 75 52.32590103149414
			vertex -55.636146545410156 77.5 48.79159164428711
		endloop
	endfacet
	facet normal -0.7298637081534891 0 0.6835926912427008
		outer loop
			vertex -52.32590103149414 77.5 52.32590103149414
			vertex -55.636146545410156 77.5 48.79159164428711
			vertex -52.32590103149414 75 52.32590103149414
		endloop
	endfacet
	facet normal 0 1 0
		outer loop
			vertex -55.636146545410156 77.5 48.79159164428711
			vertex -52.32590103149414 77.5 52.32590103149414
			vertex -49.245506286621094 77.5 43.18714904785156
		endloop
	endfacet
	facet normal 0 1 0
		outer loop
			vertex -46.315494537353516 77.5 46.315494537353516
			vertex -49.245506286621094 77.5 43.18714904785156
			vertex -52.32590103149414 77.5 52.32590103149414
		endloop
	endfacet
	facet normal 0.6144988920612515 0.5395780279021721 -0.5755403230536479
		outer loop
			vertex -49.245506286621094 77.5 43.18714904785156
			vertex -46.315494537353516 77.5 46.315494537353516
			vertex -17.668235778808594 12 15.494626998901367
		endloop
	endfacet
	facet normal 0.6144987728065084 0.5395780332839258 -0.5755404453352918
		outer loop
			vertex -16.61701011657715 12 16.61701011657715
			vertex -17.668235778808594 12 15.494626998901367
			vertex -46.315494537353516 77.5 46.315494537353516
		endloop
	endfacet
	facet normal 0.7298643465277127 0 -0.6835920096575697
		outer loop
			vertex -17.668235778808594 12 15.494626998901367
			vertex -16.61701011657715 12 16.61701011657715
			vertex -17.668235778808594 0 15.494626998901367
		endloop
	endfacet
	facet normal 0.7298643465277127 0 -0.6835920096575697
		outer loop
			vertex -16.61701011657715 0 16.61701011657715
			vertex -17.668235778808594 0 15.494626998901367
			vertex -16.61701011657715 12 16.61701011657715
		endloop
	endfacet
	facet normal 0 -1 0
		outer loop
			vertex -17.668235778808594 0 15.494626998901367
			vertex -16.61701011657715 0 16.61701011657715
			vertex -19.547834396362305 0 17.14299201965332
		endloop
	endfacet
	facet normal 0 -1 0
		outer loop
			vertex -18.384777069091797 0 18.384777069091797
			vertex -19.547834396362305 0 17.14299201965332
			vertex -16.61701011657715 0 16.61701011657715
		endloop
	endfacet
	facet normal -0.6835918975366246 0 0.7298644515403371
		outer loop
			vertex -18.384777069091797 0 18.384777069091797
			vertex -17.14299201965332 0 19.547834396362305
			vertex -18.384777069091797 12 18.384777069091797
		endloop
	endfacet
	facet normal -0.6835918975366246 0 0.7298644515403371
		outer loop
			vertex -17.14299201965332 12 19.547834396362305
			vertex -18.384777069091797 12 18.384777069091797
			vertex -17.14299201965332 0 19.547834396362305
		endloop
	endfacet
	facet normal -0.5688765569163631 -0.5544944979137681 0.6073839928532381
		outer loop
			vertex -18.384777069091797 12 18.384777069091797
			vertex -17.14299201965332 12 19.547834396362305
			vertex -48.08325958251953 75 48.08325958251953
		endloop
	endfacet
	facet normal -0.5688770434016107 -0.55449452093456 0.6073835161940064
		outer loop
			vertex -44.835514068603516 75 51.12510681152344
			vertex -48.08325958251953 75 48.08325958251953
			vertex -17.14299201965332 12 19.547834396362305
		endloop
	endfacet
	facet normal 0 -1 0
		outer loop
			vertex -48.08325958251953 75 48.08325958251953
			vertex -44.835514068603516 75 51.12510681152344
			vertex -52.32590103149414 75 52.32590103149414
		endloop
	endfacet
	facet normal 0 -1 0
		outer loop
			vertex -48.79159164428711 75 55.636146545410156
			vertex -52.32590103149414 75 52.32590103149414
			vertex -44.835514068603516 75 51.12510681152344
		endloop
	endfacet
	facet normal -0.6835926912427008 0 0.7298637081534891
		outer loop
			vertex -52.32590103149414 75 52.32590103149414
			vertex -48.79159164428711 75 55.636146545410156
			vertex -52.32590103149414 77.5 52.32590103149414
		endloop
	endfacet
	facet normal -0.6835926912427008 0 0.7298637081534891
		outer loop
			vertex -48.79159164428711 77.5 55.636146545410156
			vertex -52.32590103149414 77.5 52.32590103149414
			vertex -48.79159164428711 75 55.636146545410156
		endloop
	endfacet
	facet normal 0 1 0
		outer loop
			vertex -52.32590103149414 77.5 52.32590103149414
			vertex -48.79159164428711 77.5 55.636146545410156
			vertex -46.315494537353516 77.5 46.315494537353516
		endloop
	endfacet
	facet normal 0 1 0
		outer loop
			vertex -43.18714904785156 77.5 49.245506286621094
			vertex -46.315494537353516 77.5 46.315494537353516
			vertex -48.79159164428711 77.5 55.636146545410156
		endloop
	endfacet
	facet normal 0.5755403218085576 0.5395780307442013 -0.6144988907318807
		outer loop
			vertex -46.315494537353516 77.5 46.315494537353516
			vertex -43.18714904785156 77.5 49.245506286621094
			vertex -16.61701011657715 12 16.61701011657715
		endloop
	endfacet
	facet normal 0.5755404488056506 0.5395780253625242 -0.6144987765117759
		outer loop
			vertex -15.494626998901367 12 17.668235778808594
			vertex -16.61701011657715 12 16.61701011657715
			vertex -43.18714904785156 77.5 49.245506286621094
		endloop
	endfacet
	facet normal 0.6835920096575697 0 -0.7298643465277127
		outer loop
			vertex -16.61701011657715 12 16.61701011657715
			vertex -15.494626998901367 12 17.668235778808594
			vertex -16.61701011657715 0 16.61701011657715
		endloop
	endfacet
	facet normal 0.6835920096575697 0 -0.7298643465277127
		outer loop
			vertex -15.494626998901367 0 17.668235778808594
			vertex -16.61701011657715 0 16.61701011657715
			vertex -15.494626998901367 12 17.668235778808594
		endloop
	endfacet
	facet normal 0 -1 0
		outer loop
			vertex -16.61701011657715 0 16.61701011657715
			vertex -15.494626998901367 0 17.668235778808594
			vertex -18.384777069091797 0 18.384777069091797
		endloop
	endfacet
	facet normal 0 -1 0
		outer loop
			vertex -17.14299201965332 0 19.547834396362305
			vertex -18.384777069091797 0 18.384777069091797
			vertex -15.494626998901367 0 17.668235778808594
		endloop
	endfacet
	facet normal -0.6343935024724109 0 0.7730102742013117
		outer loop
			vertex -17.14299201965332 0 19.547834396362305
			vertex -15.827796936035156 0 20.627187728881836
			vertex -17.14299201965332 12 19.547834396362305
		endloop
	endfacet
	facet normal -0.6343935024724109 0 0.7730102742013117
		outer loop
			vertex -15.827796936035156 12 20.627187728881836
			vertex -17.14299201965332 12 19.547834396362305
			vertex -15.827796936035156 0 20.627187728881836
		endloop
	endfacet
	facet normal -0.527934259810364 -0.5544945289851295 0.6432893863915699
		outer loop
			vertex -17.14299201965332 12 19.547834396362305
			vertex -15.827796936035156 12 20.627187728881836
			vertex -44.835514068603516 75 51.12510681152344
		endloop
	endfacet
	facet normal -0.527934504194082 -0.5544945398749075 0.6432891764442048
		outer loop
			vertex -41.39577865600586 75 53.948028564453125
			vertex -44.835514068603516 75 51.12510681152344
			vertex -15.827796936035156 12 20.627187728881836
		endloop
	endfacet
	facet normal 0 -1 0
		outer loop
			vertex -44.835514068603516 75 51.12510681152344
			vertex -41.39577865600586 75 53.948028564453125
			vertex -48.79159164428711 75 55.636146545410156
		endloop
	endfacet
	facet normal 0 -1 0
		outer loop
			vertex -45.04834747314453 75 58.70814895629883
			vertex -48.79159164428711 75 55.636146545410156
			vertex -41.39577865600586 75 53.948028564453125
		endloop
	endfacet
	facet normal -0.6343934459061028 0 0.7730103206241044
		outer loop
			vertex -48.79159164428711 75 55.636146545410156
			vertex -45.04834747314453 75 58.70814895629883
			vertex -48.79159164428711 77.5 55.636146545410156
		endloop
	endfacet
	facet normal -0.6343934459061028 0 0.7730103206241044
		outer loop
			vertex -45.04834747314453 77.5 58.70814895629883
			vertex -48.79159164428711 77.5 55.636146545410156
			vertex -45.04834747314453 75 58.70814895629883
		endloop
	endfacet
	facet normal 0 1 0
		outer loop
			vertex -48.79159164428711 77.5 55.636146545410156
			vertex -45.04834747314453 77.5 58.70814895629883
			vertex -43.18714904785156 77.5 49.245506286621094
		endloop
	endfacet
	facet normal 0 1 0
		outer loop
			vertex -39.87387466430664 77.5 51.96464538574219
			vertex -43.18714904785156 77.5 49.245506286621094
			vertex -45.04834747314453 77.5 58.70814895629883
		endloop
	endfacet
	facet normal 0.5341188843131242 0.5395780322548364 -0.6508245266798898
		outer loop
			vertex -43.18714904785156 77.5 49.245506286621094
			vertex -39.87387466430664 77.5 51.96464538574219
			vertex -15.494626998901367 12 17.668235778808594
		endloop
	endfacet
	facet normal 0.5341178852566284 0.5395780723206401 -0.6508253133673653
		outer loop
			vertex -14.305893898010254 12 18.643802642822266
			vertex -15.494626998901367 12 17.668235778808594
			vertex -39.87387466430664 77.5 51.96464538574219
		endloop
	endfacet
	facet normal 0.6343928257088484 0 -0.7730108296066383
		outer loop
			vertex -15.494626998901367 12 17.668235778808594
			vertex -14.305893898010254 12 18.643802642822266
			vertex -15.494626998901367 0 17.668235778808594
		endloop
	endfacet
	facet normal 0.6343928257088484 0 -0.7730108296066383
		outer loop
			vertex -14.305893898010254 0 18.643802642822266
			vertex -15.494626998901367 0 17.668235778808594
			vertex -14.305893898010254 12 18.643802642822266
		endloop
	endfacet
	facet normal 0 -1 0
		outer loop
			vertex -15.494626998901367 0 17.668235778808594
			vertex -14.305893898010254 0 18.643802642822266
			vertex -17.14299201965332 0 19.547834396362305
		endloop
	endfacet
	facet normal 0 -1 0
		outer loop
			vertex -15.827796936035156 0 20.627187728881836
			vertex -17.14299201965332 0 19.547834396362305
			vertex -14.305893898010254 0 18.643802642822266
		endloop
	endfacet
	facet normal -0.5824774026913557 0 0.8128468953953951
		outer loop
			vertex -15.827796936035156 0 20.627187728881836
			vertex -14.444826126098633 0 21.618209838867188
			vertex -15.827796936035156 12 20.627187728881836
		endloop
	endfacet
	facet normal -0.5824774026913557 0 0.8128468953953951
		outer loop
			vertex -14.444826126098633 12 21.618209838867188
			vertex -15.827796936035156 12 20.627187728881836
			vertex -14.444826126098633 0 21.618209838867188
		endloop
	endfacet
	facet normal -0.48473033182828634 -0.5544945431311729 0.6764409117161612
		outer loop
			vertex -15.827796936035156 12 20.627187728881836
			vertex -14.444826126098633 12 21.618209838867188
			vertex -41.39577865600586 75 53.948028564453125
		endloop
	endfacet
	facet normal -0.4847299638311625 -0.5544945275737366 0.6764411881716094
		outer loop
			vertex -37.77877426147461 75 56.53993225097656
			vertex -41.39577865600586 75 53.948028564453125
			vertex -14.444826126098633 12 21.618209838867188
		endloop
	endfacet
	facet normal 0 -1 0
		outer loop
			vertex -41.39577865600586 75 53.948028564453125
			vertex -37.77877426147461 75 56.53993225097656
			vertex -45.04834747314453 75 58.70814895629883
		endloop
	endfacet
	facet normal 0 -1 0
		outer loop
			vertex -41.11219787597656 75 61.528751373291016
			vertex -45.04834747314453 75 58.70814895629883
			vertex -37.77877426147461 75 56.53993225097656
		endloop
	endfacet
	facet normal -0.5824773563342384 0 0.8128469286144081
		outer loop
			vertex -45.04834747314453 75 58.70814895629883
			vertex -41.11219787597656 75 61.528751373291016
			vertex -45.04834747314453 77.5 58.70814895629883
		endloop
	endfacet
	facet normal -0.5824773563342384 0 0.8128469286144081
		outer loop
			vertex -41.11219787597656 77.5 61.528751373291016
			vertex -45.04834747314453 77.5 58.70814895629883
			vertex -41.11219787597656 75 61.528751373291016
		endloop
	endfacet
	facet normal 0 1 0
		outer loop
			vertex -45.04834747314453 77.5 58.70814895629883
			vertex -41.11219787597656 77.5 61.528751373291016
			vertex -39.87387466430664 77.5 51.96464538574219
		endloop
	endfacet
	facet normal 0 1 0
		outer loop
			vertex -36.38985061645508 77.5 54.46125793457031
			vertex -39.87387466430664 77.5 51.96464538574219
			vertex -41.11219787597656 77.5 61.528751373291016
		endloop
	endfacet
	facet normal 0.49040820737959157 0.5395780564613957 -0.6843648961775279
		outer loop
			vertex -39.87387466430664 77.5 51.96464538574219
			vertex -36.38985061645508 77.5 54.46125793457031
			vertex -14.305893898010254 12 18.643802642822266
		endloop
	endfacet
	facet normal 0.4904088260695929 0.5395780328169154 -0.6843644714729658
		outer loop
			vertex -13.055900573730469 12 19.539535522460938
			vertex -14.305893898010254 12 18.643802642822266
			vertex -36.38985061645508 77.5 54.46125793457031
		endloop
	endfacet
	facet normal 0.58247783898532 0 -0.8128465827516234
		outer loop
			vertex -14.305893898010254 12 18.643802642822266
			vertex -13.055900573730469 12 19.539535522460938
			vertex -14.305893898010254 0 18.643802642822266
		endloop
	endfacet
	facet normal 0.58247783898532 0 -0.8128465827516234
		outer loop
			vertex -13.055900573730469 0 19.539535522460938
			vertex -14.305893898010254 0 18.643802642822266
			vertex -13.055900573730469 12 19.539535522460938
		endloop
	endfacet
	facet normal 0 -1 0
		outer loop
			vertex -14.305893898010254 0 18.643802642822266
			vertex -13.055900573730469 0 19.539535522460938
			vertex -15.827796936035156 0 20.627187728881836
		endloop
	endfacet
	facet normal 0 -1 0
		outer loop
			vertex -14.444826126098633 0 21.618209838867188
			vertex -15.827796936035156 0 20.627187728881836
			vertex -13.055900573730469 0 19.539535522460938
		endloop
	endfacet
	facet normal -0.5280679485108017 0 0.8492021206730429
		outer loop
			vertex -14.444826126098633 0 21.618209838867188
			vertex -13 0 22.516660690307617
			vertex -14.444826126098633 12 21.618209838867188
		endloop
	endfacet
	facet normal -0.5280679485108017 0 0.8492021206730429
		outer loop
			vertex -13 12 22.516660690307617
			vertex -14.444826126098633 12 21.618209838867188
			vertex -13 0 22.516660690307617
		endloop
	endfacet
	facet normal -0.43945148068553463 -0.5544945179099401 0.7066952849220903
		outer loop
			vertex -14.444826126098633 12 21.618209838867188
			vertex -13 12 22.516660690307617
			vertex -37.77877426147461 75 56.53993225097656
		endloop
	endfacet
	facet normal -0.4394518603959106 -0.5544945332418578 0.7066950367729121
		outer loop
			vertex -34 75 58.88972854614258
			vertex -37.77877426147461 75 56.53993225097656
			vertex -13 12 22.516660690307617
		endloop
	endfacet
	facet normal 0 -1 0
		outer loop
			vertex -37.77877426147461 75 56.53993225097656
			vertex -34 75 58.88972854614258
			vertex -41.11219787597656 75 61.528751373291016
		endloop
	endfacet
	facet normal 0 -1 0
		outer loop
			vertex -37 75 64.08587646484375
			vertex -41.11219787597656 75 61.528751373291016
			vertex -34 75 58.88972854614258
		endloop
	endfacet
	facet normal -0.5280672741072318 0 0.8492025400438684
		outer loop
			vertex -41.11219787597656 75 61.528751373291016
			vertex -37 75 64.08587646484375
			vertex -41.11219787597656 77.5 61.528751373291016
		endloop
	endfacet
	facet normal -0.5280672741072318 0 0.8492025400438684
		outer loop
			vertex -37 77.5 64.08587646484375
			vertex -41.11219787597656 77.5 61.528751373291016
			vertex -37 75 64.08587646484375
		endloop
	endfacet
	facet normal 0 1 0
		outer loop
			vertex -41.11219787597656 77.5 61.528751373291016
			vertex -37 77.5 64.08587646484375
			vertex -36.38985061645508 77.5 54.46125793457031
		endloop
	endfacet
	facet normal 0 1 0
		outer loop
			vertex -32.75 77.5 56.72466278076172
			vertex -36.38985061645508 77.5 54.46125793457031
			vertex -37 77.5 64.08587646484375
		endloop
	endfacet
	facet normal 0.4445991596226182 0.5395780351521252 -0.714973517862189
		outer loop
			vertex -36.38985061645508 77.5 54.46125793457031
			vertex -32.75 77.5 56.72466278076172
			vertex -13.055900573730469 12 19.539535522460938
		endloop
	endfacet
	facet normal 0.4445991785033676 0.5395780344601417 -0.7149735066436104
		outer loop
			vertex -11.75 12 20.35159683227539
			vertex -13.055900573730469 12 19.539535522460938
			vertex -32.75 77.5 56.72466278076172
		endloop
	endfacet
	facet normal 0.5280679206137769 0 -0.8492021380205316
		outer loop
			vertex -13.055900573730469 12 19.539535522460938
			vertex -11.75 12 20.35159683227539
			vertex -13.055900573730469 0 19.539535522460938
		endloop
	endfacet
	facet normal 0.5280679206137769 0 -0.8492021380205316
		outer loop
			vertex -11.75 0 20.35159683227539
			vertex -13.055900573730469 0 19.539535522460938
			vertex -11.75 12 20.35159683227539
		endloop
	endfacet
	facet normal 0 -1 0
		outer loop
			vertex -13.055900573730469 0 19.539535522460938
			vertex -11.75 0 20.35159683227539
			vertex -14.444826126098633 0 21.618209838867188
		endloop
	endfacet
	facet normal 0 -1 0
		outer loop
			vertex -13 0 22.516660690307617
			vertex -14.444826126098633 0 21.618209838867188
			vertex -11.75 0 20.35159683227539
		endloop
	endfacet
	facet normal -0.4713966495866888 0 0.8819213109787317
		outer loop
			vertex -13 0 22.516660690307617
			vertex -11.499505996704102 0 23.31869125366211
			vertex -13 12 22.516660690307617
		endloop
	endfacet
	facet normal -0.4713966495866888 0 0.8819213109787317
		outer loop
			vertex -11.499505996704102 12 23.31869125366211
			vertex -13 12 22.516660690307617
			vertex -11.499505996704102 0 23.31869125366211
		endloop
	endfacet
	facet normal -0.39229033399478386 -0.5544945405660018 0.7339237687503788
		outer loop
			vertex -13 12 22.516660690307617
			vertex -11.499505996704102 12 23.31869125366211
			vertex -34 75 58.88972854614258
		endloop
	endfacet
	facet normal -0.3922902242056216 -0.554494536305877 0.733923830652496
		outer loop
			vertex -30.07563018798828 75 60.98734664916992
			vertex -34 75 58.88972854614258
			vertex -11.499505996704102 12 23.31869125366211
		endloop
	endfacet
	facet normal 0 -1 0
		outer loop
			vertex -34 75 58.88972854614258
			vertex -30.07563018798828 75 60.98734664916992
			vertex -37 75 64.08587646484375
		endloop
	endfacet
	facet normal 0 -1 0
		outer loop
			vertex -32.72936248779297 75 66.36858367919922
			vertex -37 75 64.08587646484375
			vertex -30.07563018798828 75 60.98734664916992
		endloop
	endfacet
	facet normal -0.4713973642789375 0 0.8819209289674844
		outer loop
			vertex -37 75 64.08587646484375
			vertex -32.72936248779297 75 66.36858367919922
			vertex -37 77.5 64.08587646484375
		endloop
	endfacet
	facet normal -0.4713973642789375 0 0.8819209289674844
		outer loop
			vertex -32.72936248779297 77.5 66.36858367919922
			vertex -37 77.5 64.08587646484375
			vertex -32.72936248779297 75 66.36858367919922
		endloop
	endfacet
	facet normal 0 1 0
		outer loop
			vertex -37 77.5 64.08587646484375
			vertex -32.72936248779297 77.5 66.36858367919922
			vertex -32.75 77.5 56.72466278076172
		endloop
	endfacet
	facet normal 0 1 0
		outer loop
			vertex -28.96990966796875 77.5 58.74516296386719
			vertex -32.75 77.5 56.72466278076172
			vertex -32.72936248779297 77.5 66.36858367919922
		endloop
	endfacet
	facet normal 0.3968856619595158 0.5395780346899934 -0.7425209194433792
		outer loop
			vertex -32.75 77.5 56.72466278076172
			vertex -28.96990966796875 77.5 58.74516296386719
			vertex -11.75 12 20.35159683227539
		endloop
	endfacet
	facet normal 0.39688585045826935 0.5395780280261718 -0.742520823531168
		outer loop
			vertex -10.393784523010254 12 21.076509475708008
			vertex -11.75 12 20.35159683227539
			vertex -28.96990966796875 77.5 58.74516296386719
		endloop
	endfacet
	facet normal 0.4713969230703549 0 -0.881921164798647
		outer loop
			vertex -11.75 12 20.35159683227539
			vertex -10.393784523010254 12 21.076509475708008
			vertex -11.75 0 20.35159683227539
		endloop
	endfacet
	facet normal 0.4713969230703549 0 -0.881921164798647
		outer loop
			vertex -10.393784523010254 0 21.076509475708008
			vertex -11.75 0 20.35159683227539
			vertex -10.393784523010254 12 21.076509475708008
		endloop
	endfacet
	facet normal 0 -1 0
		outer loop
			vertex -11.75 0 20.35159683227539
			vertex -10.393784523010254 0 21.076509475708008
			vertex -13 0 22.516660690307617
		endloop
	endfacet
	facet normal 0 -1 0
		outer loop
			vertex -11.499505996704102 0 23.31869125366211
			vertex -13 0 22.516660690307617
			vertex -10.393784523010254 0 21.076509475708008
		endloop
	endfacet
	facet normal -0.4127072047967755 0 0.9108637456331394
		outer loop
			vertex -11.499505996704102 0 23.31869125366211
			vertex -9.949769020080566 0 24.0208683013916
			vertex -11.499505996704102 12 23.31869125366211
		endloop
	endfacet
	facet normal -0.4127072047967755 0 0.9108637456331394
		outer loop
			vertex -9.949769020080566 12 24.0208683013916
			vertex -11.499505996704102 12 23.31869125366211
			vertex -9.949769020080566 0 24.0208683013916
		endloop
	endfacet
	facet normal -0.3434497210293937 -0.5544945360688989 0.7580092998074421
		outer loop
			vertex -11.499505996704102 12 23.31869125366211
			vertex -9.949769020080566 12 24.0208683013916
			vertex -30.07563018798828 75 60.98734664916992
		endloop
	endfacet
	facet normal -0.3434494337223935 -0.5544945252948497 0.7580094378659191
		outer loop
			vertex -26.02247428894043 75 62.82380676269531
			vertex -30.07563018798828 75 60.98734664916992
			vertex -9.949769020080566 12 24.0208683013916
		endloop
	endfacet
	facet normal 0 -1 0
		outer loop
			vertex -30.07563018798828 75 60.98734664916992
			vertex -26.02247428894043 75 62.82380676269531
			vertex -32.72936248779297 75 66.36858367919922
		endloop
	endfacet
	facet normal 0 -1 0
		outer loop
			vertex -28.318574905395508 75 68.3670883178711
			vertex -32.72936248779297 75 66.36858367919922
			vertex -26.02247428894043 75 62.82380676269531
		endloop
	endfacet
	facet normal -0.41270750703001136 0 0.9108636086929114
		outer loop
			vertex -32.72936248779297 75 66.36858367919922
			vertex -28.318574905395508 75 68.3670883178711
			vertex -32.72936248779297 77.5 66.36858367919922
		endloop
	endfacet
	facet normal -0.41270750703001136 0 0.9108636086929114
		outer loop
			vertex -28.318574905395508 77.5 68.3670883178711
			vertex -32.72936248779297 77.5 66.36858367919922
			vertex -28.318574905395508 75 68.3670883178711
		endloop
	endfacet
	facet normal 0 1 0
		outer loop
			vertex -32.72936248779297 77.5 66.36858367919922
			vertex -28.318574905395508 77.5 68.3670883178711
			vertex -28.96990966796875 77.5 58.74516296386719
		endloop
	endfacet
	facet normal 0 1 0
		outer loop
			vertex -25.065765380859375 77.5 60.51411056518555
			vertex -28.96990966796875 77.5 58.74516296386719
			vertex -28.318574905395508 77.5 68.3670883178711
		endloop
	endfacet
	facet normal 0.34747320010764077 0.5395780377034313 -0.7668884641426483
		outer loop
			vertex -28.96990966796875 77.5 58.74516296386719
			vertex -25.065765380859375 77.5 60.51411056518555
			vertex -10.393784523010254 12 21.076509475708008
		endloop
	endfacet
	facet normal 0.3474723994587775 0.5395780651533205 -0.766888807598441
		outer loop
			vertex -8.993061065673828 12 21.71116828918457
			vertex -10.393784523010254 12 21.076509475708008
			vertex -25.065765380859375 77.5 60.51411056518555
		endloop
	endfacet
	facet normal 0.41270663692519044 0 -0.9108640029323254
		outer loop
			vertex -10.393784523010254 12 21.076509475708008
			vertex -8.993061065673828 12 21.71116828918457
			vertex -10.393784523010254 0 21.076509475708008
		endloop
	endfacet
	facet normal 0.41270663692519044 0 -0.9108640029323254
		outer loop
			vertex -8.993061065673828 0 21.71116828918457
			vertex -10.393784523010254 0 21.076509475708008
			vertex -8.993061065673828 12 21.71116828918457
		endloop
	endfacet
	facet normal 0 -1 0
		outer loop
			vertex -10.393784523010254 0 21.076509475708008
			vertex -8.993061065673828 0 21.71116828918457
			vertex -11.499505996704102 0 23.31869125366211
		endloop
	endfacet
	facet normal 0 -1 0
		outer loop
			vertex -9.949769020080566 0 24.0208683013916
			vertex -11.499505996704102 0 23.31869125366211
			vertex -8.993061065673828 0 21.71116828918457
		endloop
	endfacet
	facet normal -0.35225007440117584 0 0.9359059167909808
		outer loop
			vertex -9.949769020080566 0 24.0208683013916
			vertex -8.357425689697266 0 24.62018394470215
			vertex -9.949769020080566 12 24.0208683013916
		endloop
	endfacet
	facet normal -0.35225007440117584 0 0.9359059167909808
		outer loop
			vertex -8.357425689697266 12 24.62018394470215
			vertex -9.949769020080566 12 24.0208683013916
			vertex -8.357425689697266 0 24.62018394470215
		endloop
	endfacet
	facet normal -0.2931380642808894 -0.5544945222018784 0.7788490868696988
		outer loop
			vertex -9.949769020080566 12 24.0208683013916
			vertex -8.357425689697266 12 24.62018394470215
			vertex -26.02247428894043 75 62.82380676269531
		endloop
	endfacet
	facet normal -0.29313850501512256 -0.5544945382591454 0.7788489095570951
		outer loop
			vertex -21.85788345336914 75 64.39125061035156
			vertex -26.02247428894043 75 62.82380676269531
			vertex -8.357425689697266 12 24.62018394470215
		endloop
	endfacet
	facet normal 0 -1 0
		outer loop
			vertex -26.02247428894043 75 62.82380676269531
			vertex -21.85788345336914 75 64.39125061035156
			vertex -28.318574905395508 75 68.3670883178711
		endloop
	endfacet
	facet normal 0 -1 0
		outer loop
			vertex -23.78652000427246 75 70.07283020019531
			vertex -28.318574905395508 75 68.3670883178711
			vertex -21.85788345336914 75 64.39125061035156
		endloop
	endfacet
	facet normal -0.3522495417574468 0 0.9359061172637291
		outer loop
			vertex -28.318574905395508 75 68.3670883178711
			vertex -23.78652000427246 75 70.07283020019531
			vertex -28.318574905395508 77.5 68.3670883178711
		endloop
	endfacet
	facet normal -0.3522495417574468 0 0.9359061172637291
		outer loop
			vertex -23.78652000427246 77.5 70.07283020019531
			vertex -28.318574905395508 77.5 68.3670883178711
			vertex -23.78652000427246 75 70.07283020019531
		endloop
	endfacet
	facet normal 0 1 0
		outer loop
			vertex -28.318574905395508 77.5 68.3670883178711
			vertex -23.78652000427246 77.5 70.07283020019531
			vertex -25.065765380859375 77.5 60.51411056518555
		endloop
	endfacet
	facet normal 0 1 0
		outer loop
			vertex -21.054285049438477 77.5 62.023921966552734
			vertex -25.065765380859375 77.5 60.51411056518555
			vertex -23.78652000427246 77.5 70.07283020019531
		endloop
	endfacet
	facet normal 0.29657135298977433 0.5395780522147409 -0.7879726887106945
		outer loop
			vertex -25.065765380859375 77.5 60.51411056518555
			vertex -21.054285049438477 77.5 62.023921966552734
			vertex -8.993061065673828 12 21.71116828918457
		endloop
	endfacet
	facet normal 0.29657169923462223 0.5395780406438382 -0.7879725663169025
		outer loop
			vertex -7.553827285766602 12 22.252857208251953
			vertex -8.993061065673828 12 21.71116828918457
			vertex -21.054285049438477 77.5 62.023921966552734
		endloop
	endfacet
	facet normal 0.3522498664799024 0 -0.9359059950469871
		outer loop
			vertex -8.993061065673828 12 21.71116828918457
			vertex -7.553827285766602 12 22.252857208251953
			vertex -8.993061065673828 0 21.71116828918457
		endloop
	endfacet
	facet normal 0.3522498664799024 0 -0.9359059950469871
		outer loop
			vertex -7.553827285766602 0 22.252857208251953
			vertex -8.993061065673828 0 21.71116828918457
			vertex -7.553827285766602 12 22.252857208251953
		endloop
	endfacet
	facet normal 0 -1 0
		outer loop
			vertex -8.993061065673828 0 21.71116828918457
			vertex -7.553827285766602 0 22.252857208251953
			vertex -9.949769020080566 0 24.0208683013916
		endloop
	endfacet
	facet normal 0 -1 0
		outer loop
			vertex -8.357425689697266 0 24.62018394470215
			vertex -9.949769020080566 0 24.0208683013916
			vertex -7.553827285766602 0 22.252857208251953
		endloop
	endfacet
	facet normal -0.29028412794435593 0 0.9569405023634359
		outer loop
			vertex -8.357425689697266 0 24.62018394470215
			vertex -6.729295253753662 0 25.114070892333984
			vertex -8.357425689697266 12 24.62018394470215
		endloop
	endfacet
	facet normal -0.29028412794435593 0 0.9569405023634359
		outer loop
			vertex -6.729295253753662 12 25.114070892333984
			vertex -8.357425689697266 12 24.62018394470215
			vertex -6.729295253753662 0 25.114070892333984
		endloop
	endfacet
	facet normal -0.24157078285581818 -0.5544945386840583 0.7963537928835278
		outer loop
			vertex -8.357425689697266 12 24.62018394470215
			vertex -6.729295253753662 12 25.114070892333984
			vertex -21.85788345336914 75 64.39125061035156
		endloop
	endfacet
	facet normal -0.24157038427866032 -0.5544945245052136 0.7963539236628382
		outer loop
			vertex -17.599695205688477 75 65.68295288085938
			vertex -21.85788345336914 75 64.39125061035156
			vertex -6.729295253753662 12 25.114070892333984
		endloop
	endfacet
	facet normal 0 -1 0
		outer loop
			vertex -21.85788345336914 75 64.39125061035156
			vertex -17.599695205688477 75 65.68295288085938
			vertex -23.78652000427246 75 70.07283020019531
		endloop
	endfacet
	facet normal 0 -1 0
		outer loop
			vertex -19.15260887145996 75 71.47850799560547
			vertex -23.78652000427246 75 70.07283020019531
			vertex -17.599695205688477 75 65.68295288085938
		endloop
	endfacet
	facet normal -0.29028396264659645 0 0.9569405525058438
		outer loop
			vertex -23.78652000427246 75 70.07283020019531
			vertex -19.15260887145996 75 71.47850799560547
			vertex -23.78652000427246 77.5 70.07283020019531
		endloop
	endfacet
	facet normal -0.29028396264659645 0 0.9569405525058438
		outer loop
			vertex -19.15260887145996 77.5 71.47850799560547
			vertex -23.78652000427246 77.5 70.07283020019531
			vertex -19.15260887145996 75 71.47850799560547
		endloop
	endfacet
	facet normal 0 1 0
		outer loop
			vertex -23.78652000427246 77.5 70.07283020019531
			vertex -19.15260887145996 77.5 71.47850799560547
			vertex -21.054285049438477 77.5 62.023921966552734
		endloop
	endfacet
	facet normal 0 1 0
		outer loop
			vertex -16.952648162841797 77.5 63.26814270019531
			vertex -21.054285049438477 77.5 62.023921966552734
			vertex -19.15260887145996 77.5 71.47850799560547
		endloop
	endfacet
	facet normal 0.24440150139122488 0.5395780457514476 -0.8056819711652756
		outer loop
			vertex -21.054285049438477 77.5 62.023921966552734
			vertex -16.952648162841797 77.5 63.26814270019531
			vertex -7.553827285766602 12 22.252857208251953
		endloop
	endfacet
	facet normal 0.24440145711693334 0.5395780472006378 -0.8056819836252179
		outer loop
			vertex -6.082247734069824 12 22.699256896972656
			vertex -7.553827285766602 12 22.252857208251953
			vertex -16.952648162841797 77.5 63.26814270019531
		endloop
	endfacet
	facet normal 0.2902852203658986 0 -0.9569401709809876
		outer loop
			vertex -7.553827285766602 12 22.252857208251953
			vertex -6.082247734069824 12 22.699256896972656
			vertex -7.553827285766602 0 22.252857208251953
		endloop
	endfacet
	facet normal 0.2902852203658986 0 -0.9569401709809876
		outer loop
			vertex -6.082247734069824 0 22.699256896972656
			vertex -7.553827285766602 0 22.252857208251953
			vertex -6.082247734069824 12 22.699256896972656
		endloop
	endfacet
	facet normal 0 -1 0
		outer loop
			vertex -7.553827285766602 0 22.252857208251953
			vertex -6.082247734069824 0 22.699256896972656
			vertex -8.357425689697266 0 24.62018394470215
		endloop
	endfacet
	facet normal 0 -1 0
		outer loop
			vertex -6.729295253753662 0 25.114070892333984
			vertex -8.357425689697266 0 24.62018394470215
			vertex -6.082247734069824 0 22.699256896972656
		endloop
	endfacet
	facet normal -0.22707684443044968 0 0.9738768437145991
		outer loop
			vertex -6.729295253753662 0 25.114070892333984
			vertex -5.072348594665527 0 25.500417709350586
			vertex -6.729295253753662 12 25.114070892333984
		endloop
	endfacet
	facet normal -0.22707684443044968 0 0.9738768437145991
		outer loop
			vertex -5.072348594665527 12 25.500417709350586
			vertex -6.729295253753662 12 25.114070892333984
			vertex -5.072348594665527 0 25.500417709350586
		endloop
	endfacet
	facet normal -0.18897048341637182 -0.554494518004835 0.8104480155444697
		outer loop
			vertex -6.729295253753662 12 25.114070892333984
			vertex -5.072348594665527 12 25.500417709350586
			vertex -17.599695205688477 75 65.68295288085938
		endloop
	endfacet
	facet normal -0.18897030696548028 -0.554494511846903 0.810448060900288
		outer loop
			vertex -13.266141891479492 75 66.69339752197266
			vertex -17.599695205688477 75 65.68295288085938
			vertex -5.072348594665527 12 25.500417709350586
		endloop
	endfacet
	facet normal 0 -1 0
		outer loop
			vertex -17.599695205688477 75 65.68295288085938
			vertex -13.266141891479492 75 66.69339752197266
			vertex -19.15260887145996 75 71.47850799560547
		endloop
	endfacet
	facet normal 0 -1 0
		outer loop
			vertex -14.436683654785156 75 72.57810974121094
			vertex -19.15260887145996 75 71.47850799560547
			vertex -13.266141891479492 75 66.69339752197266
		endloop
	endfacet
	facet normal -0.22707669572328082 0 0.9738768783883294
		outer loop
			vertex -19.15260887145996 75 71.47850799560547
			vertex -14.436683654785156 75 72.57810974121094
			vertex -19.15260887145996 77.5 71.47850799560547
		endloop
	endfacet
	facet normal -0.22707669572328082 0 0.9738768783883294
		outer loop
			vertex -14.436683654785156 77.5 72.57810974121094
			vertex -19.15260887145996 77.5 71.47850799560547
			vertex -14.436683654785156 75 72.57810974121094
		endloop
	endfacet
	facet normal 0 1 0
		outer loop
			vertex -19.15260887145996 77.5 71.47850799560547
			vertex -14.436683654785156 77.5 72.57810974121094
			vertex -16.952648162841797 77.5 63.26814270019531
		endloop
	endfacet
	facet normal 0 1 0
		outer loop
			vertex -12.77841567993164 77.5 64.2414321899414
			vertex -16.952648162841797 77.5 63.26814270019531
			vertex -14.436683654785156 77.5 72.57810974121094
		endloop
	endfacet
	facet normal 0.19118265315319286 0.5395780398981317 -0.8199419076940734
		outer loop
			vertex -16.952648162841797 77.5 63.26814270019531
			vertex -12.77841567993164 77.5 64.2414321899414
			vertex -6.082247734069824 12 22.699256896972656
		endloop
	endfacet
	facet normal 0.19118366114405191 0.539578007433065 -0.8199416940283739
		outer loop
			vertex -4.584622383117676 12 23.04845428466797
			vertex -6.082247734069824 12 22.699256896972656
			vertex -12.77841567993164 77.5 64.2414321899414
		endloop
	endfacet
	facet normal 0.2270763447168751 0 -0.9738769602316419
		outer loop
			vertex -6.082247734069824 12 22.699256896972656
			vertex -4.584622383117676 12 23.04845428466797
			vertex -6.082247734069824 0 22.699256896972656
		endloop
	endfacet
	facet normal 0.2270763447168751 0 -0.9738769602316419
		outer loop
			vertex -4.584622383117676 0 23.04845428466797
			vertex -6.082247734069824 0 22.699256896972656
			vertex -4.584622383117676 12 23.04845428466797
		endloop
	endfacet
	facet normal 0 -1 0
		outer loop
			vertex -6.082247734069824 0 22.699256896972656
			vertex -4.584622383117676 0 23.04845428466797
			vertex -6.729295253753662 0 25.114070892333984
		endloop
	endfacet
	facet normal 0 -1 0
		outer loop
			vertex -5.072348594665527 0 25.500417709350586
			vertex -6.729295253753662 0 25.114070892333984
			vertex -4.584622383117676 0 23.04845428466797
		endloop
	endfacet
	facet normal -0.16289551174907402 0 0.9866433257525272
		outer loop
			vertex -5.072348594665527 0 25.500417709350586
			vertex -3.393681049346924 0 25.77756690979004
			vertex -5.072348594665527 12 25.500417709350586
		endloop
	endfacet
	facet normal -0.16289551174907402 0 0.9866433257525272
		outer loop
			vertex -3.393681049346924 12 25.77756690979004
			vertex -5.072348594665527 12 25.500417709350586
			vertex -3.393681049346924 0 25.77756690979004
		endloop
	endfacet
	facet normal -0.13555958866575038 -0.5544945169933976 0.8210721214028837
		outer loop
			vertex -5.072348594665527 12 25.500417709350586
			vertex -3.393681049346924 12 25.77756690979004
			vertex -13.266141891479492 75 66.69339752197266
		endloop
	endfacet
	facet normal -0.13555992118488575 -0.5544945284301839 0.8210720587800658
		outer loop
			vertex -8.875781059265137 75 67.41825103759766
			vertex -13.266141891479492 75 66.69339752197266
			vertex -3.393681049346924 12 25.77756690979004
		endloop
	endfacet
	facet normal 0 -1 0
		outer loop
			vertex -13.266141891479492 75 66.69339752197266
			vertex -8.875781059265137 75 67.41825103759766
			vertex -14.436683654785156 75 72.57810974121094
		endloop
	endfacet
	facet normal 0 -1 0
		outer loop
			vertex -9.65893840789795 75 73.3669204711914
			vertex -14.436683654785156 75 72.57810974121094
			vertex -8.875781059265137 75 67.41825103759766
		endloop
	endfacet
	facet normal -0.1628958346964508 0 0.9866432724336323
		outer loop
			vertex -14.436683654785156 75 72.57810974121094
			vertex -9.65893840789795 75 73.3669204711914
			vertex -14.436683654785156 77.5 72.57810974121094
		endloop
	endfacet
	facet normal -0.1628958346964508 0 0.9866432724336323
		outer loop
			vertex -9.65893840789795 77.5 73.3669204711914
			vertex -14.436683654785156 77.5 72.57810974121094
			vertex -9.65893840789795 75 73.3669204711914
		endloop
	endfacet
	facet normal 0 1 0
		outer loop
			vertex -14.436683654785156 77.5 72.57810974121094
			vertex -9.65893840789795 77.5 73.3669204711914
			vertex -12.77841567993164 77.5 64.2414321899414
		endloop
	endfacet
	facet normal 0 1 0
		outer loop
			vertex -8.54946517944336 77.5 64.93963623046875
			vertex -12.77841567993164 77.5 64.2414321899414
			vertex -9.65893840789795 77.5 73.3669204711914
		endloop
	endfacet
	facet normal 0.137147783844972 0.539578012452476 -0.8306901069979397
		outer loop
			vertex -12.77841567993164 77.5 64.2414321899414
			vertex -8.54946517944336 77.5 64.93963623046875
			vertex -4.584622383117676 12 23.04845428466797
		endloop
	endfacet
	facet normal 0.13714727656823225 0.5395780286015197 -0.8306901802600141
		outer loop
			vertex -3.0673654079437256 12 23.298954010009766
			vertex -4.584622383117676 12 23.04845428466797
			vertex -8.54946517944336 77.5 64.93963623046875
		endloop
	endfacet
	facet normal 0.16289521063904833 0 -0.9866433754659584
		outer loop
			vertex -4.584622383117676 12 23.04845428466797
			vertex -3.0673654079437256 12 23.298954010009766
			vertex -4.584622383117676 0 23.04845428466797
		endloop
	endfacet
	facet normal 0.16289521063904833 0 -0.9866433754659584
		outer loop
			vertex -3.0673654079437256 0 23.298954010009766
			vertex -4.584622383117676 0 23.04845428466797
			vertex -3.0673654079437256 12 23.298954010009766
		endloop
	endfacet
	facet normal 0 -1 0
		outer loop
			vertex -4.584622383117676 0 23.04845428466797
			vertex -3.0673654079437256 0 23.298954010009766
			vertex -5.072348594665527 0 25.500417709350586
		endloop
	endfacet
	facet normal 0 -1 0
		outer loop
			vertex -3.393681049346924 0 25.77756690979004
			vertex -5.072348594665527 0 25.500417709350586
			vertex -3.0673654079437256 0 23.298954010009766
		endloop
	endfacet
	facet normal -0.09801691030515362 0 0.9951847493275967
		outer loop
			vertex -3.393681049346924 0 25.77756690979004
			vertex -1.7004814147949219 0 25.944332122802734
			vertex -3.393681049346924 12 25.77756690979004
		endloop
	endfacet
	facet normal -0.09801691030515362 0 0.9951847493275967
		outer loop
			vertex -1.7004814147949219 12 25.944332122802734
			vertex -3.393681049346924 12 25.77756690979004
			vertex -1.7004814147949219 0 25.944332122802734
		endloop
	endfacet
	facet normal -0.08156843457443128 -0.5544945311570006 0.8281801768927187
		outer loop
			vertex -3.393681049346924 12 25.77756690979004
			vertex -1.7004814147949219 12 25.944332122802734
			vertex -8.875781059265137 75 67.41825103759766
		endloop
	endfacet
	facet normal -0.08156881752352832 -0.5544945441956511 0.8281801304457084
		outer loop
			vertex -4.447412967681885 75 67.85440826416016
			vertex -8.875781059265137 75 67.41825103759766
			vertex -1.7004814147949219 12 25.944332122802734
		endloop
	endfacet
	facet normal 0 -1 0
		outer loop
			vertex -8.875781059265137 75 67.41825103759766
			vertex -4.447412967681885 75 67.85440826416016
			vertex -9.65893840789795 75 73.3669204711914
		endloop
	endfacet
	facet normal 0 -1 0
		outer loop
			vertex -4.839831352233887 75 73.84156036376953
			vertex -9.65893840789795 75 73.3669204711914
			vertex -4.447412967681885 75 67.85440826416016
		endloop
	endfacet
	facet normal -0.09801699220037831 0 0.9951847412616369
		outer loop
			vertex -9.65893840789795 75 73.3669204711914
			vertex -4.839831352233887 75 73.84156036376953
			vertex -9.65893840789795 77.5 73.3669204711914
		endloop
	endfacet
	facet normal -0.09801699220037831 0 0.9951847412616369
		outer loop
			vertex -4.839831352233887 77.5 73.84156036376953
			vertex -9.65893840789795 77.5 73.3669204711914
			vertex -4.839831352233887 75 73.84156036376953
		endloop
	endfacet
	facet normal 0 1 0
		outer loop
			vertex -9.65893840789795 77.5 73.3669204711914
			vertex -4.839831352233887 77.5 73.84156036376953
			vertex -8.54946517944336 77.5 64.93963623046875
		endloop
	endfacet
	facet normal 0 1 0
		outer loop
			vertex -4.283905029296875 77.5 65.35975646972656
			vertex -8.54946517944336 77.5 64.93963623046875
			vertex -4.839831352233887 77.5 73.84156036376953
		endloop
	endfacet
	facet normal 0.08252397097175454 0.5395780230659993 -0.837881466103196
		outer loop
			vertex -8.54946517944336 77.5 64.93963623046875
			vertex -4.283905029296875 77.5 65.35975646972656
			vertex -3.0673654079437256 12 23.298954010009766
		endloop
	endfacet
	facet normal 0.08252395500447693 0.5395780235706262 -0.8378814673508632
		outer loop
			vertex -1.5369735956192017 12 23.449684143066406
			vertex -3.0673654079437256 12 23.298954010009766
			vertex -4.283905029296875 77.5 65.35975646972656
		endloop
	endfacet
	facet normal 0.09801694439812458 0 -0.9951847459697397
		outer loop
			vertex -3.0673654079437256 12 23.298954010009766
			vertex -1.5369735956192017 12 23.449684143066406
			vertex -3.0673654079437256 0 23.298954010009766
		endloop
	endfacet
	facet normal 0.09801694439812458 0 -0.9951847459697397
		outer loop
			vertex -1.5369735956192017 0 23.449684143066406
			vertex -3.0673654079437256 0 23.298954010009766
			vertex -1.5369735956192017 12 23.449684143066406
		endloop
	endfacet
	facet normal 0 -1 0
		outer loop
			vertex -3.0673654079437256 0 23.298954010009766
			vertex -1.5369735956192017 0 23.449684143066406
			vertex -3.393681049346924 0 25.77756690979004
		endloop
	endfacet
	facet normal 0 -1 0
		outer loop
			vertex -1.7004814147949219 0 25.944332122802734
			vertex -3.393681049346924 0 25.77756690979004
			vertex -1.5369735956192017 0 23.449684143066406
		endloop
	endfacet
	facet normal -0.032719012135852446 0 0.9994645897903807
		outer loop
			vertex -1.7004814147949219 0 25.944332122802734
			vertex -6.3681635275637544e-15 0 26
			vertex -1.7004814147949219 12 25.944332122802734
		endloop
	endfacet
	facet normal -0.032719012135852446 0 0.9994645897903807
		outer loop
			vertex -6.3681635275637544e-15 12 26
			vertex -1.7004814147949219 12 25.944332122802734
			vertex -6.3681635275637544e-15 0 26
		endloop
	endfacet
	facet normal -0.027228348254174934 -0.5544945462053699 0.8317417960400032
		outer loop
			vertex -1.7004814147949219 12 25.944332122802734
			vertex -6.3681635275637544e-15 12 26
			vertex -4.447412967681885 75 67.85440826416016
		endloop
	endfacet
	facet normal -0.027228128914959373 -0.5544945387802899 0.8317418081704347
		outer loop
			vertex -1.6655196983400046e-14 75 68
			vertex -4.447412967681885 75 67.85440826416016
			vertex -6.3681635275637544e-15 12 26
		endloop
	endfacet
	facet normal 0 -1 0
		outer loop
			vertex -4.447412967681885 75 67.85440826416016
			vertex -1.6655196983400046e-14 75 68
			vertex -4.839831352233887 75 73.84156036376953
		endloop
	endfacet
	facet normal 0 -1 0
		outer loop
			vertex -1.8124772041831945e-14 75 74
			vertex -4.839831352233887 75 73.84156036376953
			vertex -1.6655196983400046e-14 75 68
		endloop
	endfacet
	facet normal -0.03271907514540076 0 0.9994645877276641
		outer loop
			vertex -4.839831352233887 75 73.84156036376953
			vertex -1.8124772041831945e-14 75 74
			vertex -4.839831352233887 77.5 73.84156036376953
		endloop
	endfacet
	facet normal -0.03271907514540076 0 0.9994645877276641
		outer loop
			vertex -1.8124772041831945e-14 77.5 74
			vertex -4.839831352233887 77.5 73.84156036376953
			vertex -1.8124772041831945e-14 75 74
		endloop
	endfacet
	facet normal 0 1 0
		outer loop
			vertex -4.839831352233887 77.5 73.84156036376953
			vertex -1.8124772041831945e-14 77.5 74
			vertex -4.283905029296875 77.5 65.35975646972656
		endloop
	endfacet
	facet normal 0 1 0
		outer loop
			vertex -1.6042873477698123e-14 77.5 65.5
			vertex -4.283905029296875 77.5 65.35975646972656
			vertex -1.8124772041831945e-14 77.5 74
		endloop
	endfacet
	facet normal 0.027547949247463177 0.5395780297662588 -0.841484795041373
		outer loop
			vertex -4.283905029296875 77.5 65.35975646972656
			vertex -1.6042873477698123e-14 77.5 65.5
			vertex -1.5369735956192017 12 23.449684143066406
		endloop
	endfacet
	facet normal 0.02754766175623014 0.539578038825275 -0.8414847986441789
		outer loop
			vertex -5.755840021861832e-15 12 23.5
			vertex -1.5369735956192017 12 23.449684143066406
			vertex -1.6042873477698123e-14 77.5 65.5
		endloop
	endfacet
	facet normal 0.03271944082013119 0 -0.9994645757566489
		outer loop
			vertex -1.5369735956192017 12 23.449684143066406
			vertex -5.755840021861832e-15 12 23.5
			vertex -1.5369735956192017 0 23.449684143066406
		endloop
	endfacet
	facet normal 0.03271944082013119 0 -0.9994645757566489
		outer loop
			vertex -5.755840021861832e-15 0 23.5
			vertex -1.5369735956192017 0 23.449684143066406
			vertex -5.755840021861832e-15 12 23.5
		endloop
	endfacet
	facet normal 0 -1 0
		outer loop
			vertex -1.5369735956192017 0 23.449684143066406
			vertex -5.755840021861832e-15 0 23.5
			vertex -1.7004814147949219 0 25.944332122802734
		endloop
	endfacet
	facet normal 0 -1 0
		outer loop
			vertex -6.3681635275637544e-15 0 26
			vertex -1.7004814147949219 0 25.944332122802734
			vertex -5.755840021861832e-15 0 23.5
		endloop
	endfacet
endsolid exported
