tree_id,label,r0_mq138,rs_mq138,r0_mq135,rs_mq135,r0_tgs2602,rs_tgs2602,slope_mq138,slope_tgs2602,temp_c,rh_pct,rh_ambient,soil_moist,soil_temp,visual_score,generasi,umur_th
T0000,2,74.63829362785312,47.959718955352706,59.37614235964941,37.1759981100327,22.169762629681774,13.78027614710142,0.5543442344747742,0.6618325693311097,26.83908437864039,94.23752824092446,86.78069054915002,33.294746996031215,25.758289585071996,1,3,18.1
T0000,2,57.800710674583925,46.79570887211028,71.06786598571611,59.15857427858637,29.312779546465453,22.915509418883676,0.22735236475507023,0.3295315240604554,32.014818108594156,64.63369026007643,67.63369026007643,25.116780924609902,26.46520745434452,1,3,18.1
T0000,2,67.04485690048448,47.397918241365616,58.184500526466614,45.45276926672352,54.34478899751824,36.420678198536635,0.3269861007492434,0.4170434212396636,31.09904697281304,91.52891781293818,91.36655311675781,36.17153112357306,30.230122267790478,1,3,18.1
T0000,2,56.65925282219769,37.669448176354635,58.07774704509578,38.35718831133456,44.70865379513421,27.940947609131168,0.5149597099244749,0.46085947798422655,29.780172158075423,86.23262162450973,82.39283022685012,28.999787164303566,26.58814263348481,1,3,18.1
T0000,2,45.885091710793404,36.37150292689117,57.56074885646343,45.19257133043453,41.63944006701526,32.71807363870065,0.2128546027018195,0.27109800675027634,27.17040911317238,65.12774414360497,61.15391469687564,35.33847845575165,29.183528442411102,1,3,18.1
T0000,2,64.56155400350514,41.15788390691305,20.880970613604248,13.54502991121811,69.63040547124118,44.63289491297595,0.4595401420348681,0.5411955540794913,33.21057197295192,80.51982707178446,76.11625360585917,25.029635018636768,27.36130786595774,1,3,18.1
T0000,2,51.50529817803567,25.48893428336476,29.82507825549775,19.085054095674323,29.954412072592017,18.96107178632107,0.7114842097481736,0.4580000875814332,30.00840407945081,60.82952178767662,63.82952178767662,39.386892450463286,30.44566501341803,1,3,18.1
T0000,2,33.97113709662237,24.71572400957557,37.5235598188717,27.926432372404545,49.41185254409518,34.2589402644149,0.32880948995535814,0.44463660623481616,32.39069730881714,96.020589305008,91.69029325844072,40.88687596440138,27.966449879253332,1,3,18.1
T0001,0,40.43544773549146,38.2645776345211,49.929017511889114,48.036377422367835,51.88466246027466,49.42052083979799,0.023853712547474395,0.019975943604512242,31.62903019039529,63.329595268285445,61.85947141508632,26.66721612061449,27.492762533507705,0,1,10.7
T0001,0,78.90835685255213,73.92444637463763,57.22146257948264,52.513854670715304,48.65035241766397,45.49335834265971,0.0394584766898664,0.04828799973826372,30.308322403647423,73.83085661205283,65.68021063798295,30.48489599418221,30.016639359820267,0,1,10.7
T0001,0,22.456817617143187,22.541484411650842,66.6405876517507,65.49555220542909,49.38198450901436,49.648250287958966,0.0,0.0,33.63211223549379,86.27169988862767,85.02416546362167,36.875607726521864,27.824867280968267,0,1,10.7
T0001,0,66.42324096509758,63.01044255253286,71.92739288333976,66.47299216380101,64.36588810859058,60.87786979432535,0.04282796369360731,0.034415296743516045,28.1157600219406,94.85839407721346,85.39782881791912,36.2829208188944,25.744818549116395,0,1,10.7
T0001,0,37.93661906713433,35.94860155157709,55.41921505298894,53.38534482345963,43.81640406487004,42.139003515392616,0.03344963988258736,0.02680669940075275,30.218977733752457,92.57238660689262,87.46000974799435,30.282662300955984,29.932787810859345,0,1,10.7
T0001,0,28.06201479878369,27.05720616848853,41.92270779194801,41.48845728028921,24.030000130866014,24.282965953438474,0.02195557865651276,0.0,24.84811591235763,70.71124236409355,70.94166203346113,35.523555000816756,25.58834390499956,0,1,10.7
T0001,0,55.444687649825966,54.18935758884717,59.20635254056971,57.133549396685254,37.962997490889535,37.90219531284974,0.010122616605780935,0.00046799750347105255,30.345402649517972,74.85208783112193,70.98535879612504,24.099018733650553,27.112461735843326,0,1,10.7
T0001,0,59.1753275938399,54.26135327181944,77.32096569126867,70.28688935306904,50.76392385800668,47.73404568977155,0.07313393393124226,0.05612295751223695,32.743143652908074,75.53456195954094,69.06390186400365,30.52543099992259,25.679213757090817,0,1,10.7
T0002,3,50.49004134877251,36.68153761390569,49.37012039043249,28.186588316021435,39.98564966063827,23.349723343528513,0.35142458446081914,0.7859377763155068,29.160878012571125,74.14452608974723,70.00223836891469,38.11449421164797,29.402905687632924,3,2,13.9
T0002,3,20.555586909267404,14.001863886045182,31.29931848868111,18.602584176476338,21.87701077409867,12.791397048900096,0.5287769171382521,0.8601204016965179,26.6034854341525,67.33711165216563,70.31969411096736,24.28076803364938,28.60074643314148,3,2,13.9
T0002,3,41.69216471835196,21.964904513217228,68.78956074920677,46.933290036687744,39.10394706970758,22.697863928701963,1.0290335959288441,0.8031091938670312,29.692120504306768,77.37682832560633,78.88625224851603,37.83775845698741,28.503669594313212,3,2,13.9
T0002,3,61.58572561578209,34.03708002314528,30.376636186524685,14.852894690217434,50.4375620949226,23.383434932651863,0.6554190021576398,0.9636646175160352,28.140260937892364,77.3935122914367,70.16434029963398,26.184087298993212,25.520038023666697,3,2,13.9
T0002,3,55.742826481143645,38.60988059653526,33.87683238121113,21.632183380028735,72.43330987422809,49.72434188835991,0.2527268745025751,0.3487964909115336,33.93084581930506,83.74850172911341,78.70844269229329,34.23347924140876,28.55385066617709,3,2,13.9
T0002,3,43.70043440243339,33.438995394401225,60.954895892553225,40.9908252297552,28.962449382089048,20.4541235140215,0.2506541995131809,0.3926316249308828,27.96166500059249,91.18952332581114,81.68386443519341,27.163425993450552,26.392208809109153,3,2,13.9
T0002,3,71.93435235926168,39.03564110561269,67.88584614909999,40.08151575620974,25.99174862964377,16.571894937206213,0.5736436915178679,0.43914507845344986,32.58982860557714,90.1353695179718,89.2026478125418,42.564911702107025,29.21800182553826,3,2,13.9
T0002,3,27.866521581573192,16.18336432267192,29.772290033273293,16.462428839452595,61.07372440362064,37.10557397396922,0.7529454323933138,0.6985955253776434,33.7922463370728,83.20654836483556,72.06862977138178,22.378198403767506,30.27449195927904,3,2,13.9
T0003,2,72.60264783587715,46.04353125118517,74.09851121398631,50.7663778690741,79.07411649504525,56.839276899257214,0.49917470011072773,0.3447003269621594,25.85766134871087,79.65733417146289,76.7043936437284,27.333370594494653,30.26499566383991,3,1,16.8
T0003,2,37.76197177460155,31.614511464488746,42.27515822529663,34.966191735784015,44.29129786559203,34.40118113987859,0.1107017690098671,0.15858166042671304,25.37793535927805,73.23324081339477,69.74292884723306,34.6153191023576,29.36176493837284,3,1,16.8
T0003,2,51.85102365726887,30.32505771738857,34.90438423193909,24.02108359806804,34.68779009300873,20.19191073736471,0.5669503532851734,0.5938226909054869,33.41538856738099,68.07196072589961,63.86097079819797,32.09256070822922,30.200095054037575,3,1,16.8
T0003,2,32.46303520109235,22.481990653315318,35.1910763675961,24.907479381315685,21.803274725670725,14.60207071582884,0.2804882547080084,0.32407822299445393,31.773587133276923,88.15278076192149,76.56516868120733,39.19581183050292,30.08424203814598,3,1,16.8
T0003,2,40.544220608637715,26.39830574796525,67.66742182975307,47.90135794142684,57.36252469929249,39.52766203978887,0.2712155259656567,0.24704781747859866,30.081292119145914,80.89320927300662,74.88045222365673,33.98848088094192,29.468176919311887,3,1,16.8
T0003,2,39.149389676484205,24.301646845433638,63.57080770303406,43.51750538340975,47.665965809294455,28.163541570403403,0.44799455636742636,0.5367628128426959,33.2378331609318,78.6316212125219,74.01566729345193,31.525978766771615,28.498476783579953,3,1,16.8
T0003,2,64.31064276119771,43.13826444295918,44.18841224714491,32.62509431280505,53.70913580377996,37.456432670227414,0.5188885377956515,0.4764843051451252,33.50061094624437,76.7700225722812,70.96683656815858,38.60093723070546,28.044670758756773,3,1,16.8
T0003,2,66.68908535264075,45.941654778794806,71.63782408376781,51.982061997216405,34.80082263356884,24.54876189710526,0.39216033944271705,0.541383827059968,28.1930098792781,83.15379326327859,80.7062975405864,27.87372903593007,26.146814017291373,3,1,16.8
T0004,0,56.61364666599475,52.3993456548711,46.636573183758586,42.72259025561281,76.15624996614355,71.3583363484704,0.06054294754253686,0.054955316110153155,29.420790349507193,86.16898135686422,82.44451523978984,36.064408212153815,27.11107836911469,0,1,16.5
T0004,0,34.41357656894019,31.115808463304724,58.68915166155743,54.99111551371744,37.35920816614007,34.806275982894945,0.07380821589774551,0.02965143829518393,28.89824256092463,82.56234790057881,80.2304800036756,32.71008748032923,28.429806870480274,0,1,16.5
T0004,0,31.555449393854587,29.840176995749406,29.237814954657587,26.195710921301856,45.368019952807614,41.9949090470742,0.0421864961028854,0.04646292282671101,26.18856608794632,95.07661353871796,86.1137925360906,48.85526516737702,30.164503912066266,0,1,16.5
T0004,0,59.161204092155316,51.82267116923671,79.5225203316833,74.99512562723446,79.96531455345126,69.92066336075811,0.0809213744564418,0.09176404299797548,24.696406365913948,70.9300011361745,64.41592055513297,31.597529422692336,25.97599543480432,0,1,16.5
T0004,0,68.08336603056338,61.19531145660914,49.47544678348197,45.25068212145552,73.58186117217818,68.98921723956332,0.07839877076943716,0.050364749710900054,33.766640782165894,79.14179201154445,70.18644440412865,32.612187783443446,29.8953438982948,0,1,16.5
T0004,0,69.38747659700569,63.2359248474927,52.33650597585121,49.24366993835526,69.15199275763882,61.16191484776421,0.0685090755486724,0.06545103126424577,25.53525522054614,78.62268540174561,77.08288042476673,40.29024556026678,27.472407589693773,0,1,16.5
T0004,0,69.38645736841399,62.49857404751452,43.910397408452745,41.46838594720357,79.42330744162894,70.068791310031,0.08076048960015364,0.11968424022294895,26.574519593239636,88.76373769487994,84.07452526187369,33.63587158059277,28.767699128468216,0,1,16.5
T0004,0,21.5946658998375,20.18473188134891,22.96754822876094,20.946570618701358,56.09350714736094,52.178035584657614,0.054600062805774334,0.054440975207373524,27.92918176697074,98.15803187239415,88.00269436973063,20.5512175206484,26.800923276714958,0,1,16.5
T0005,3,76.13251663055931,40.49362429990515,23.569201531000402,14.598605910432934,32.91069647772311,17.605891854649098,0.7508050649974239,0.6941602243964033,29.219184707692534,78.06338784953466,70.07198779406019,45.762907604698164,26.47743254791002,3,3,10.6
T0005,3,32.3234178603444,21.14417402175537,73.30192718377043,51.211101839223055,75.7799972551733,51.32594305072384,0.5142320166194762,0.502603440703102,26.140922893367204,63.544129092641185,63.17302305916206,18.08974999048479,26.037014781442885,3,3,10.6
T0005,3,30.22047161951113,21.01690000599582,78.71804863402633,50.669784380700754,49.91837281257891,33.556084861479626,0.3203263253366613,0.35700719173491974,30.19569256310312,73.54035173254364,63.90300685470793,34.51903325152877,27.487625122774965,3,3,10.6
T0005,3,39.755747575866174,24.49915582310117,47.062790011115304,30.2683303250515,54.07605382570955,32.302960428233234,0.30944927222191543,0.4477160425131924,25.28052610547787,77.4384075465079,70.27474004517936,29.21853406421986,28.793767049083506,3,3,10.6
T0005,3,55.843671744430445,36.26108728206561,60.13685953949478,40.720358325992834,23.15455941938332,14.879791015885052,0.4699124789880102,0.6082227335491368,27.207155466940762,75.9285018679523,71.06338578440425,42.69606880741782,27.462423671324718,3,3,10.6
T0005,3,72.72581718695238,39.74127601880885,42.383635253483185,23.93769874190906,53.904674637842334,33.296774879948266,1.0358461178980014,0.5963435946349724,29.789775247502426,63.04867849107046,60.14780156298649,35.018239270856874,26.302941562924595,3,3,10.6
T0005,3,56.43268582964433,36.452170302132274,45.49876313996609,28.11820032997267,42.19906207083187,28.096554350761952,0.45479163846674575,0.2717268106346294,28.965904788462815,85.12680443975852,77.16761356007203,31.914859526838885,26.091995415893344,3,3,10.6
T0005,3,47.70363183107057,25.001008759883888,51.33505363894233,29.94302530927073,32.8595841712992,18.11358981359223,0.6393099682706815,0.7743407891807261,32.37716858187041,76.0798197734409,69.10070830634908,33.25714423402204,26.442371515061506,3,3,10.6
T0006,2,74.17934920436821,43.922461902769044,22.706884742556714,13.890765400642309,76.15244612066483,45.22693159458869,0.6426672114781583,0.8151000251108227,24.80735280002739,95.34103231918395,80.8534229739198,26.24870639060986,26.087521911263007,2,1,20.5
T0006,2,25.65716320928042,18.498715434023687,72.03818243007089,51.00692372641375,62.47063366408687,46.34143705686692,0.38255298384644615,0.2706116866430525,32.34707664326936,68.66750310794441,64.98424547118654,24.911471345238766,30.37948770183948,2,1,20.5
T0006,2,25.385194115071716,18.410196238862074,24.646165115626292,17.106557912607165,66.7921906323387,53.66140914672183,0.2288805855924402,0.2033610245137822,33.43382351277853,70.33779892892585,64.06192821730943,28.505059136221373,30.1534224427231,2,1,20.5
T0006,2,54.11418288222413,32.95182612079913,74.7469277777385,49.56464580610135,52.2331330216604,31.78743717080562,0.5713022851760938,0.5639272696529961,24.351759821844198,63.49148351594589,65.04074692215934,33.94723186308657,26.509336258047707,2,1,20.5
T0006,2,59.19151310136912,45.56020347582838,60.37120368109361,44.59441458191508,46.08558480854277,35.015355108010176,0.23656505089310567,0.28577383980556087,30.17788908505583,97.06565916663764,87.6523785341672,39.526904478368756,29.10953389756338,2,1,20.5
T0006,2,33.678066333390944,23.7867456983268,58.25653881374299,45.73248700435765,23.05000771690863,16.823534845268767,0.3513593974494531,0.23478724178534185,33.366696918651265,67.97423752192454,66.01291452916726,47.95467875129011,27.84502539506336,2,1,20.5
T0006,2,42.25473929250015,32.29977301401527,45.50490605084787,33.22015404514159,68.72737767122355,50.48739220833108,0.24619264389698775,0.22475516996663544,28.75561173232935,68.71523006404297,61.930586194375095,34.241539012002775,29.182865465578665,2,1,20.5
T0006,2,51.763481241577246,44.96795032158666,72.96953396204468,60.44454568940931,65.63276136379201,51.74964821618161,0.18216155427743375,0.27487486385038973,26.154951418127006,89.22972172705715,83.84652296899235,38.665657181671214,26.37590283928002,2,1,20.5
T0007,2,43.52360134492659,26.901369769740555,34.45562698485873,23.12039051048086,65.10684255384689,42.30251774677261,0.540142725542142,0.4347375441614355,29.502396919082578,86.32325069312641,82.56090228877417,45.985085066828574,26.86402165072918,1,2,18.3
T0007,2,67.48708926845734,41.31588191907724,47.65588346438661,32.02478626521085,24.86924002543396,17.389994569023557,0.4381294094933178,0.29959277021711517,28.38821701801949,67.70373469767915,69.69486812279366,32.977669459863336,27.886003166414625,1,2,18.3
T0007,2,36.08510628923306,17.92677031232351,56.377963891562935,33.56662633326625,76.3283212524223,44.21694919368599,0.7094568051620973,0.4677958958473578,28.073623878629725,86.61653436390208,78.18135524132367,23.315571354619177,28.285008909407253,1,2,18.3
T0007,2,60.66251686726817,34.64822242104093,68.86843256185603,43.86246898827835,34.1153833049387,18.51102966365252,0.6271933651430939,0.763883833162106,25.697999737727073,68.71073813626828,66.24593695419698,30.19112101617126,30.322594430696007,1,2,18.3
T0007,2,51.13487854922505,29.955073035974493,68.59644418669224,48.038931763521916,25.342520304503193,15.172170509424484,0.44065676458377445,0.4680456376041243,28.299570499000477,78.92844947301182,73.84049898375571,33.28380280433874,29.235379003149433,1,2,18.3
T0007,2,65.27438829308808,54.2511715911746,25.867279846726586,20.641743967770648,48.09388434161504,37.00669413207119,0.15384159015922805,0.15405328891122025,25.88836420475639,69.6615190191788,66.2558664766908,25.46941810393256,26.42687636401243,1,2,18.3
T0007,2,22.107008666579993,10.220787222058057,29.71649421497787,16.571863519594945,58.3550204213702,29.851013041187738,0.7783130386210622,0.9136515925550931,26.89429707508065,89.71203789700657,85.47393432402787,38.571128644254784,26.554671942443566,1,2,18.3
T0007,2,72.60068832510217,41.902364020163816,51.647457804353536,35.97376007142272,64.68625566900525,39.09235931003774,0.3274337390614667,0.4561298814559402,32.50997120052165,97.71476717266067,87.14818412995459,37.01829201026119,29.24676430849503,1,2,18.3
T0008,0,41.123040454354296,37.01652495463149,58.29341317558021,55.95090313471845,48.43596425828468,45.24353109717585,0.05883836077619167,0.04986115896247096,27.95101837547891,88.40741477050167,85.18052420640089,39.148337841748486,25.969039120038623,0,1,8.0
T0008,0,33.209473469137976,31.47849821410535,62.71506863531472,60.03357065056701,53.81139421817224,50.37962521142707,0.026365992448990096,0.03510991035984024,32.75539044527236,71.6442604109016,69.0896419368485,39.37052487368091,25.776049783539904,0,1,8.0
T0008,0,21.6309280098551,20.63262038557502,77.51091763852713,74.18380882074152,62.6010128032774,58.10823164340515,0.03315322818913751,0.02888141256090324,32.65100231910648,65.49368652764973,60.98857078515303,32.84851684004327,29.219973613474956,0,1,8.0
T0008,0,30.148082442971344,28.310044894153542,32.70632980797862,30.775990202815862,25.400083462705393,24.039898816970297,0.028171165072410572,0.024773267019629598,28.761338210904103,80.29435921477194,74.38503171595266,23.613883021289578,25.856522670924228,0,1,8.0
T0008,0,30.18284630591364,25.856582372880798,67.79430378816149,61.82475689977537,35.64222688015668,32.07707695992902,0.11549924602845378,0.05361870466224085,24.740576833690735,65.94949083619098,64.24134659044523,29.66820091359909,26.731761208916133,0,1,8.0
T0008,0,57.31172183926043,53.501592707201354,56.62012332741079,54.280884590680515,57.412782178564754,54.55075830802596,0.046899333506611574,0.032458582194488265,27.302012955977315,84.24231432727159,81.95359582418881,32.42251476396373,28.967702347933596,0,1,8.0
T0008,0,75.67823648994946,72.14432009410179,49.508754884774596,45.853530355430586,51.71945228649746,50.01251192509752,0.036781825757086384,0.02383274186893443,30.82588122216883,63.68865223249415,62.3702576876386,25.271413723896472,29.18757568648863,0,1,8.0
T0008,0,64.00798656799014,57.05824857958112,21.928945268171013,20.880635405993278,54.198974215641975,51.46290671337672,0.10561990426070478,0.04228602853335142,29.156874385219723,76.96897492928679,75.41093085459339,31.111565572713474,30.205381423823486,0,1,8.0
T0009,1,51.60639388173846,43.32943699618101,58.34163261588043,50.864585294126904,71.59823262209636,59.25403623380701,0.13552677248758202,0.15321165811353255,26.30679125327858,93.98336845332597,88.98533929325632,38.61541724822277,26.51930313664772,0,3,15.8
T0009,1,44.49938135797933,36.27785631116032,64.95044943893197,51.6015965630909,40.01299558870132,32.550319767357465,0.1499674319715007,0.15467027340357267,32.32837054661512,77.714320430172,69.70246645230694,30.476075423417328,26.13612980945914,0,3,15.8
T0009,1,21.30340734224538,17.543486303557007,70.92752678816532,59.91738249413073,29.323827155436536,23.757390402381287,0.2087310375724653,0.1909034998106215,32.505208789213576,72.14898505750261,74.28103483457413,25.61822765349321,27.72344014005373,0,3,15.8
T0009,1,49.64381621970662,43.676024648214174,38.016314728551606,34.077580541574356,48.63397459854779,42.574080547371636,0.06701009449051076,0.0714623980134225,24.71797142360046,91.7026711725053,85.6880720067909,42.55197366082183,26.62207946337343,0,3,15.8
T0009,1,22.55310905880659,17.8666841265157,33.41541925256281,28.178627016125507,47.293664103958335,36.33251321226972,0.1493726916813746,0.14014180304183374,27.52212493565124,88.12016513398693,82.76509912671176,36.71811253787303,26.38333490663581,0,3,15.8
T0009,1,70.98735186830217,64.24586472686015,56.829695348540696,50.71115197623098,56.884204651297345,50.058987460513805,0.05984249840472576,0.07821141919895366,33.25686668736725,73.55342551283016,66.44314620968689,30.30370584666325,28.359209882605548,0,3,15.8
T0009,1,76.55410401886027,64.08529634837943,64.04878074565508,55.800031957820615,32.91462489074899,27.93659867544131,0.12078140028645072,0.14002915694393445,31.397700265661502,70.99472394737153,62.400553835249355,43.62537462811008,27.391002615048407,0,3,15.8
T0009,1,37.10734402491133,35.51690518214352,40.10281265030808,38.21022839462256,70.74196403881834,65.43347313742107,0.0526674425959532,0.07401151423126345,26.41699597981131,80.3359751749079,79.79713958196217,35.29181577964907,29.71365984403236,0,3,15.8
T0010,0,59.08009992440279,55.63810321268959,26.520018248256108,25.060901764788888,20.82664131764302,19.84305851930421,0.0629910103277227,0.0321435599808705,25.41638967972905,67.31572713205591,64.88608428292547,41.450496965652384,27.78273661497026,0,3,12.9
T0010,0,65.83064403730148,60.296446600848036,37.08845531899337,35.47200208857211,67.253335091793,62.3152453127549,0.04432987960702495,0.04234319313856303,32.103025552734664,76.20858476025862,72.09080461417037,31.450759883490754,30.14581316135535,0,3,12.9
T0010,0,27.85527872878994,22.118627326411186,23.103289499983465,19.903532359910592,76.72499434639691,58.84779479872919,0.19555766465663052,0.19871859337289374,24.423461139987047,80.75704273493957,74.2380083528642,32.955786702977846,28.020319532822754,0,3,12.9
T0010,0,31.188997685351833,29.22993050430031,38.084038203211136,37.33199904970344,21.864176004190398,21.443309451700447,0.039132458697696104,0.014767361101734345,28.23655120550605,94.81475710561796,89.76337661600397,32.68248892091686,26.5009171529243,0,3,12.9
T0010,0,22.338762652239225,19.900702724061528,49.67601343846717,47.9859220838733,27.43628326645267,25.357986035800064,0.087981097063804,0.048204456240848445,25.813214587658525,87.62508302594216,81.59400807698783,49.144630538839195,29.235554363437053,0,3,12.9
T0010,0,75.66010414725329,73.3376047649891,35.8744566692757,34.3381026466619,22.373612503411508,21.245652637691347,0.02630827248932057,0.03834336589518397,32.06944224354036,88.64528659638665,89.98103322019051,23.558515006388827,26.70124474139821,0,3,12.9
T0010,0,50.25316133226612,48.93676392468663,51.90943134667606,49.71510301675271,38.87489414215055,37.38595506075568,0.015856379981646407,0.022726777608181464,24.328099994977286,69.43789886171857,68.93935399019934,34.806918697457945,29.323783439663245,0,3,12.9
T0010,0,67.95337529954332,61.10140070626424,56.14461518548686,51.08570422896982,71.41162351499423,66.23533998092152,0.0674080696384335,0.04033518620950933,32.95504577196884,79.23024980856141,73.89917594320946,27.211079853471,26.879619210204066,0,3,12.9
T0011,3,69.43474166304779,36.103349595105826,35.403305692109974,21.622901683079405,78.1862947298606,42.098466855231855,0.794815115158763,0.851655338349741,32.79411733487685,74.40375453225109,68.65091105688445,31.73176424961114,30.33796512998736,3,1,20.6
T0011,3,24.051638865083202,12.693058864173938,50.73457826639763,28.547720206074466,35.5134306889244,19.614192302721467,0.8849977136278241,1.0648541946220507,25.421039258516426,84.8087871183975,76.84672290032044,38.38895444764561,26.093386835394224,3,1,20.6
T0011,3,75.77793126345347,45.21977078190057,76.84958270268709,49.26664080174295,38.883046847921804,21.826970887805043,0.5480610003538204,0.7591076044237155,32.94728581714732,72.11504453186444,65.9511814360227,28.89508226570384,27.76225117417379,3,1,20.6
T0011,3,28.188233242670655,14.15314532276297,39.20965813357216,21.755216790659414,42.10064985238064,22.23839863968215,0.49422172537476594,0.6039657458325305,25.900452159595968,93.92895641106014,88.74801228605999,37.29389724446146,26.984342427537072,3,1,20.6
T0011,3,51.31880684708304,30.17333803634581,74.58785459105266,48.418025319237756,67.62035745538562,40.27972545261947,0.7019867670394988,0.7244332333324676,27.68878380737471,73.75110305685583,68.14557806807304,37.66506949846512,27.645494357346283,3,1,20.6
T0011,3,72.14322717662016,31.61950985852393,22.185811740972998,11.310853555279873,53.37141780786736,26.635797468907814,1.038543806452037,0.7073795101767353,33.867119124482,85.89216449068778,74.6680413171684,37.4756918279256,29.801729453908916,3,1,20.6
T0011,3,38.45770912544782,19.63700586080065,37.947508649991335,20.327168779466746,22.371417121413828,11.605728050670223,0.5624623809439158,0.4897925145148636,28.20222479032438,66.51515925800592,66.01933529988324,24.506997903238492,25.715876125284424,3,1,20.6
T0011,3,43.08100835968048,25.37962481407951,30.842371746008567,18.6377325582633,41.12722843553202,20.83809588932163,0.31013092238444934,0.5936781646173687,31.29495087860979,95.06814064348185,90.36396022877202,38.73619933401823,26.372685658133943,3,1,20.6
T0012,1,54.064735945625166,43.171734234602155,24.14839670043569,17.84193566894246,30.219145286709736,22.082582312802465,0.16961061116582832,0.30082204598846124,24.80277320404037,65.40734708527467,68.40734708527467,40.84888460861931,29.13940445999261,0,2,12.2
T0012,1,29.007773404955426,24.173643781123577,69.84223632475589,55.19178788765318,23.10498473623309,17.273176640993512,0.1364397761208139,0.27441253110573555,31.237452901918378,76.12855595877885,62.12474492938479,42.21270779142138,29.931674119665118,0,2,12.2
T0012,1,70.85998807987839,51.26320948384793,34.252140323135535,24.10584300476148,29.036035660235836,20.699624984743053,0.25014706687100174,0.29553592326029415,30.85214619366133,74.8435911484439,68.42615303220754,33.79837936026315,25.736251694282426,0,2,12.2
T0012,1,67.53625023022414,56.857709510610974,65.18439641723057,46.713485179799896,73.55248968770523,55.4948765924742,0.18147839732737114,0.31026842682062533,33.871863320416935,70.10941543976247,61.43617031924085,26.888892516806095,26.73633541539722,0,2,12.2
T0012,1,31.878844785014426,25.752642577252196,65.91927343631819,49.873928046209834,25.81607250735882,20.360119097509994,0.24139865490132417,0.20301034253165456,26.9741195909358,81.05280750193637,70.55313214564808,31.871816182241936,29.12850485361268,0,2,12.2
T0012,1,29.623359444064164,24.825486457712874,32.14431677022574,26.43877844221913,52.36626551986337,43.34843899300132,0.13484196114925984,0.10315024775211411,30.91847061285653,84.90864689653473,80.21211334948217,28.67521705154704,28.357848922533595,0,2,12.2
T0012,1,55.536497026664264,47.671662632788944,33.30427925822594,29.699856086235,64.04099358732338,54.26679271727068,0.08416851413496963,0.08641448549651629,28.042764563304488,85.71576585985098,78.65530438609795,40.6598178586342,28.467281362949866,0,2,12.2
T0012,1,68.94383813306341,56.963240697172616,43.000567604630476,25.88037073894985,66.3503483613448,48.17899665958337,0.1300797759478921,0.34888413649901884,27.38591443210814,71.2800006771619,74.2800006771619,28.251930395792623,26.054103848493522,0,2,12.2
T0013,2,51.94491918277216,35.570411267459555,58.53904470029211,42.37367099084336,47.756003642648494,34.00832792353241,0.516241397051387,0.3672480386256735,29.221414472090018,85.26102363045354,77.67209985100831,30.372408302922757,26.0972421796435,1,3,18.1
T0013,2,74.14939804537512,65.38166355877443,69.74525500015417,57.521249639285585,57.87715503836511,47.2714051369044,0.07717155730871553,0.14487472542059746,26.327321466761873,91.23136622983974,86.77250388500941,21.81028258802184,28.696063299682507,1,3,18.1
T0013,2,78.19591298298852,52.99821560530116,30.375638466015886,21.35909696744963,39.17993405762522,25.32910732638266,0.4410064677507156,0.4901586141137603,24.16482200596157,92.57462796711462,90.6589625331408,29.42805085703806,28.216545881179783,1,3,18.1
T0013,2,43.76391507670924,23.32431436462858,22.475181950393754,13.30692981516708,25.99711134647078,13.75449669510664,0.6166900822453366,0.675094156196351,30.43740465424273,93.48180139201777,90.40005665837465,35.29722805793613,30.477776497928883,1,3,18.1
T0013,2,40.061553603043535,31.06400670416849,29.95957468922164,20.691920567183505,47.06540964823438,34.94808676925029,0.2671569679468103,0.30519143977809265,29.575834968263827,94.05825915442885,84.03228009224185,37.253171714345534,29.338305163493708,1,3,18.1
T0013,2,28.649428935281506,22.208518517507045,56.85192821261595,40.457291691476,33.95313574658381,24.819768584064008,0.22601494819199874,0.267651106762675,30.52567251767082,65.93628128367713,63.98113243924877,36.998728625774795,27.256114637306492,1,3,18.1
T0013,2,54.27279148111986,43.26860841609286,45.34970503508913,32.971596696997935,53.62243375807238,39.487550404864685,0.19172731843484564,0.25211680071822484,32.19259385559987,82.1324411687192,75.77080960220103,23.142298186496625,26.94276503480476,1,3,18.1
T0013,2,71.77558249728972,37.2125804220366,37.463021147039,23.319065575644235,72.8970332745718,37.238390719441874,0.6217648639338141,0.6826081430252195,24.82427989457127,81.53027826416047,75.89007670871,42.46097197181162,29.493749138808802,1,3,18.1
T0014,0,24.206865922651033,23.23691733171491,54.489243874406924,51.45951651018003,48.036402073540074,44.63016834610168,0.02100084047391644,0.04378772916265349,28.52870165712018,95.66648690546451,89.66236799144039,36.94232556226275,27.736378434541347,0,3,22.6
T0014,0,34.32711976152099,31.276484690487134,60.28421145038191,57.85342966527173,35.307479363458036,32.47689012727663,0.05344079039389411,0.05881390069298148,28.718807124294894,83.59748658199622,78.62397212020525,32.54094096600544,30.24323233958096,0,3,22.6
T0014,0,33.796881069117944,30.648068388429298,30.223490549517493,27.575211777726736,58.56822586001489,54.450150084083965,0.06548206012922515,0.03867683350923673,32.757384859632076,99.0,91.58222659852463,46.35606033810945,26.736282866533852,0,3,22.6
T0014,0,28.199799246729818,27.637966930021918,43.60742443929931,41.51200246631704,73.57429972176098,71.92574227557786,0.011675584569947653,0.015693319949275676,32.605635552736324,72.17224901879086,67.24472129316268,31.880589974560486,26.99379535311316,0,3,22.6
T0014,0,32.37637420432075,27.905874608355436,31.19972622172579,29.226908205151638,49.82155077304893,43.35716702767661,0.09371085791057647,0.06802790993239557,27.340938596599532,75.40363986385739,68.70544605368542,30.56137392263845,26.626486693911666,0,3,22.6
T0014,0,76.68831031664232,72.1448343080159,46.71592795996328,44.62601741551823,60.520668240571304,58.98880681413472,0.040346985879970564,0.022469996845041907,32.37383478305426,67.36351213702157,62.585131646009934,34.40185944985804,30.455001240382444,0,3,22.6
T0014,0,32.99800629235234,30.42464362381245,61.513105562354184,56.3711282254108,61.21097394598801,54.48770994716816,0.06660719056614511,0.11299212686418579,31.995126057182286,95.87039653551797,88.39753274037557,29.77573769316137,30.174789084329255,0,3,22.6
T0014,0,55.75147704385911,52.244144433935986,27.141448998930116,26.336498002079413,34.68590261336661,33.20668951655466,0.03691686170471918,0.01767170133196377,32.35862971269293,63.310826045154386,62.40446105383028,38.117065505987775,29.155149365742055,0,3,22.6
T0015,0,33.19960635963568,29.826188153443944,68.75098041487789,62.13791038355958,64.18124582882135,57.938345415603045,0.04771332759917848,0.05599952163705386,24.282923056381147,83.27614066669884,77.87757748720179,42.51588532730563,27.75607647078633,0,1,13.3
T0015,0,33.953180912220546,28.979489515288297,23.852531093927865,22.014181757367787,66.0504449588539,60.00060944945363,0.10696967618333042,0.07500448464296122,32.264105499727094,86.0278789055621,81.88302989869045,32.06481250913609,27.401177919496522,0,1,13.3
T0015,0,44.6264884133268,41.10795102972274,53.41602327280702,49.770916579951994,75.8426708723388,70.48348045419945,0.06307031101877039,0.06677823009953586,32.15044823408094,74.88690245567611,70.26678067007416,32.65221291688046,28.607292032509722,0,1,13.3
T0015,0,33.30939813048067,32.42157868767841,21.45376124525509,20.795582667504707,76.48201407621481,76.02524307235782,0.017418135946932357,0.0038681714935322083,24.202611282041392,70.9913247248983,67.98554163003905,25.81278758936249,26.134293739808584,0,1,13.3
T0015,0,42.747503665492914,39.656394262532245,58.926494233313264,57.98038498729372,78.07440388900162,73.99413098871132,0.03783911276014134,0.030516784758868317,33.81276523993273,78.93988030878418,79.76512768543988,35.48237578915162,30.114321814625953,0,1,13.3
T0015,0,60.44865805358807,56.782147803829695,23.599450075120895,21.834788985799477,55.387399031351535,53.143041222690364,0.029090126326200075,0.019565257246127902,31.043968789774524,67.60101903448108,64.77389388436315,35.79720994134373,28.44073174057035,0,1,13.3
T0015,0,68.89255656112236,47.86065431666091,30.118692908298716,25.28118108106261,37.01606897633444,28.7366081458537,0.24075725721588537,0.19070030922076026,30.97282295986639,85.8029072010893,79.01742169644226,33.83348115141488,27.122028320708026,0,1,13.3
T0015,0,78.18762246504318,69.6603187675988,26.045691267282383,24.191363626478566,55.530724610340165,49.36054667676379,0.0764486426284836,0.07774282644720133,33.57693408015423,94.0715576296855,88.00942347682715,32.471706017190726,28.214708528862037,0,1,13.3
T0016,1,34.47760710137182,28.12208459805559,23.642431076114704,19.050673762350556,52.93325534039403,45.37216669235153,0.24727310413702605,0.18797572083104985,25.28182073182804,94.84914718609302,89.77901666806093,35.34573639650155,28.552036597167366,0,2,8.4
T0016,1,25.068853740624316,21.714361222551386,66.46507006692698,56.18101567609862,55.39911333458081,44.411767872835405,0.05833092507838469,0.116548866886618,32.218807207718626,77.70790918624787,69.90539226040408,43.855961760617404,25.89752781546185,0,2,8.4
T0016,1,38.849293284700536,29.96452299975212,28.477356025226033,23.183858191634105,36.01601893626371,28.20285857790038,0.11951334102888456,0.13897478177802353,26.929359065038373,94.25272901890696,88.45765922455084,45.70566089612015,28.512084810767053,0,2,8.4
T0016,1,46.8430443682472,36.786796913677776,64.97089865229623,52.7712577934534,78.52425942957329,61.97854060502119,0.1815704073768113,0.1978125837142456,31.899059817355877,67.16178144634738,62.06263783855708,29.294448946508922,28.712629439442665,0,2,8.4
T0016,1,72.96855992867481,61.05116911976723,42.4353104175934,35.291953953018755,46.76190315379347,36.823927569463976,0.13686819514499463,0.21477717404085744,26.486746620361732,98.77816576825887,88.36985323732091,29.401228994813984,26.409714776383762,0,2,8.4
T0016,1,59.55885175498717,30.25393269931976,66.85513946184679,44.22128292743142,65.65717877102023,41.68569287249022,0.8433932956829652,0.6102315292748359,28.484582622688578,69.89180695562422,60.52022751656699,39.92348411790046,26.526299252326012,0,2,8.4
T0016,1,58.45674032751341,48.4142539397168,60.5611376053627,53.797744599195525,39.88845941954744,33.965757115776164,0.14938318518127425,0.14958868006219028,29.468134602405108,87.25423917447692,89.41078809499379,36.14277205762793,26.433460591406327,0,2,8.4
T0016,1,47.250740702136156,34.527276503221124,31.425170279980968,26.23513721151456,31.580452169525977,24.33726232253976,0.335503448105325,0.28476367489217125,27.017933399605937,70.24398935869309,68.16596839339334,28.578793320542367,26.144387023352376,0,2,8.4
T0017,0,71.50606910439095,65.63547717272412,31.027524191366496,26.915183885186565,20.049477010081123,18.136694427755188,0.03716453535161082,0.06396160823994862,31.2136887751384,98.00402210160203,84.35269033540789,21.64787442795378,27.26929319661667,1,3,12.2
T0017,0,24.59831968705289,22.316732433341173,56.24805231302427,51.98133103604562,79.19546455094547,69.06073735397436,0.06167822516609658,0.06848971825632019,25.86138754104239,76.41908927429964,70.61597799869513,28.061083359087657,29.05380767510965,1,3,12.2
T0017,0,37.29911406862812,32.15221977147953,31.701768058689638,25.445032075143104,21.611346615585674,16.979354419204462,0.0927845877748686,0.1476677846240453,30.78011554171796,69.01994454239414,61.285810324111054,27.05521567196314,28.99961085068824,1,3,12.2
T0017,0,25.721207190971615,23.531793197259677,41.102143451015806,38.14140251700972,62.076248426561456,57.50936269079194,0.07007018916856511,0.06076653811829469,27.880535473022476,84.67171927820053,77.76032787007696,35.22460312536402,28.451066371723122,1,3,12.2
T0017,0,46.3610037113735,41.191834515776655,26.72738980834333,19.341664282607812,51.09825655070992,42.00289896138624,0.08815884438056583,0.1410808194832517,31.479016021481755,75.5573084586319,71.35366141240317,23.258087475312394,26.321266936271332,1,3,12.2
T0017,0,78.2815414451305,74.4891769164411,53.18078038066435,51.16601544268611,36.25522360317875,33.02582563349632,0.025581531081498663,0.05453696659446324,33.541082790700074,76.48382102542233,69.11567009420449,35.762657600895,25.686551462014638,1,3,12.2
T0017,0,55.68575020850622,52.049862730723476,58.49962432179542,51.325541266982015,62.59558268855491,55.02257904395561,0.03190294425410131,0.07412751505666217,25.014350508544208,76.85716211655135,69.87995163209615,29.490389657817143,29.59905554092844,1,3,12.2
T0017,0,54.741596491943106,46.15831526887383,49.49394604021994,36.699296609943225,49.21892493829971,38.375471345751166,0.121809449994405,0.13882009918948732,29.333585875147012,76.8638429477745,70.3624640788293,40.561908603358816,29.281471108517252,1,3,12.2
T0018,2,64.24762671150893,48.2059426994554,26.107159324941048,20.77895574291207,25.133458461103587,18.804217702758944,0.2646143072471483,0.27371106005789947,33.994089253876716,90.15261799565928,82.99806948814478,35.55725059342923,25.56232829918941,3,2,18.0
T0018,2,41.080980997355844,28.885171378553085,51.480050566614295,38.20470559334614,72.9876129221554,51.01978239687868,0.40415481539648007,0.5690795392514342,31.076809100800766,85.91862986246704,85.64316580550205,27.44690603747825,28.103853039795844,3,2,18.0
T0018,2,49.72948047612094,31.706127394284263,41.379049019416364,27.728608435767576,53.635968503983534,34.58260391879691,0.4661555669810796,0.6226686010492084,32.217730593732,62.04324842523131,65.04324842523131,44.461731203749395,28.8897140093197,3,2,18.0
T0018,2,29.79068942384862,22.594571363059867,50.43491794770296,39.3094542980456,45.46018573538069,34.35047268670198,0.1805453866016435,0.21960771700735537,27.180641471086794,79.61071188462395,71.07886257155494,34.9092447745916,30.07698468544816,3,2,18.0
T0018,2,78.44657713883493,42.65050824583132,21.70062623428391,13.746960592034178,64.42672128668761,37.43831070403946,0.758383479749478,0.7422501234718932,33.54268276760615,84.98559751334597,69.17580483133497,40.81164838991913,25.873907671136745,3,2,18.0
T0018,2,28.038633153740456,23.29918726281602,50.670377750043386,39.447400524387966,23.262918450009067,18.978709992775197,0.11116699819485447,0.16176206986617853,30.919570984497085,88.46073203858883,80.73482802866522,36.927948224827524,26.66040230334894,3,2,18.0
T0018,2,53.75168724535872,46.61231963442889,53.4559154675273,40.21110974052696,79.07644259605578,63.69154382949119,0.10183831816949013,0.1697933225923427,31.867867120225085,72.74013018350007,61.83369454529684,30.271228194533354,28.309704618005888,3,2,18.0
T0018,2,61.51277958001695,51.48097280226872,53.554533722057094,45.99122683794203,20.059547843037734,16.313399217051714,0.12451926934698934,0.11741825527154656,27.223387728080443,57.319482761916696,60.22673133343834,30.350512316805297,30.45432922053032,3,2,18.0
T0019,1,53.16029387584485,37.57484070398453,45.94012536605347,35.42382570343042,69.6028951761312,52.349711325495136,0.3149559637553399,0.2508521585242346,31.89558204000656,66.70633890709632,60.214905093228325,31.033960298903835,30.160551299076808,0,3,12.9
T0019,1,65.49797260781821,49.00286591566505,43.52254771171137,36.10050787741841,71.25215040169952,62.024511294818055,0.27560461482704884,0.1073708902860027,28.421485574644954,82.26276015604167,82.56768188133881,34.8196136980762,28.352545764727957,0,3,12.9
T0019,1,56.565762109818046,47.040134487447816,30.330239820975454,25.35481302606694,52.601085045425464,45.08331382373056,0.10176898732521629,0.08973958197182172,30.448731146778623,84.55708226794896,82.98162534809397,34.601017827960845,28.10428579352784,0,3,12.9
T0019,1,67.71940775166507,42.76288097585745,33.69780250742633,24.986659591691488,55.53061669290685,38.51615258111828,0.4434094455699563,0.39194386400438336,25.096558991916982,77.41401312734729,72.1900911375563,35.417945692169205,27.017913257971934,0,3,12.9
T0019,1,37.54806228839383,32.75241739912284,67.94644690639637,57.516969041407414,49.89674952261981,43.33343620742064,0.07378150473576102,0.09483128769709064,29.440980914823108,88.40419466551012,88.3484382446144,37.66445293477717,28.613456721780217,0,3,12.9
T0019,1,46.74395980158397,38.424498831658,39.33918308860531,33.59280061442617,43.221026937451015,36.273372619588805,0.12239381148278348,0.09185244560623441,31.110693539776523,79.37957343690069,76.1258548617675,42.64487558802558,26.783379460710837,0,3,12.9
T0019,1,68.35943494313229,48.5429247548347,25.2080266010434,20.63741144211096,22.663837814635407,16.370830746997452,0.3402804809335476,0.250118899029281,24.73712069111652,91.58506718027759,84.50365144048195,40.45433780496515,29.847285616173444,0,3,12.9
T0019,1,39.65072469878895,33.14031829275281,56.9014629142024,49.837182754195155,73.41547601877747,63.86133583156403,0.1994771522671633,0.13008079069637216,33.51279947606618,80.58873547562176,74.02612190126361,43.36711919905889,28.97266395643191,0,3,12.9
T0020,2,23.708717664302924,14.706246868185287,69.32763643424641,47.43392040948409,32.99873213386016,19.079773868093177,0.4801121603269132,0.4684737983421568,28.509152671621038,92.35608991407652,86.73641719779182,39.561135481459246,28.171892216318053,3,2,18.9
T0020,2,39.05931324831245,23.633089287493792,24.976173372090383,17.08595991330872,29.511801747167503,16.6341512584298,0.6460155072696324,0.8047615275203471,24.302099482420704,88.2144662515502,86.10666737045139,33.56552596701674,25.78645373361143,3,2,18.9
T0020,2,67.44041549867657,48.88441264219575,72.69888385363149,56.207159762996525,39.32204489186312,28.210387913167228,0.2808154597001655,0.2488540872123271,33.083456755415966,95.43198502300434,88.48046957311749,44.80594360413242,26.89081141946134,3,2,18.9
T0020,2,52.55264426285158,31.04441635857329,65.11703049630458,41.97956636813315,45.41512089768718,27.44335292631724,0.5472973328380997,0.8384792650592107,31.37857181360408,68.47313576329773,65.47211146355681,29.407028193746505,25.736921169087992,3,2,18.9
T0020,2,79.53483243879495,48.77228465244053,65.26166412389898,45.14958327675817,71.13075170044704,46.033976996017095,0.4908288037809529,0.3629122603221746,28.300265696455213,86.782501146579,88.26704866249497,41.36164525861563,29.151328811400234,3,2,18.9
T0020,2,74.41414508333187,42.51562328851218,54.4115517025069,31.277691760658346,54.74919115183879,32.90588951166923,0.5038422003372877,0.40801418675055684,33.3468322786741,79.76124953139286,75.20663611284137,31.64168237448382,30.374813512118855,3,2,18.9
T0020,2,25.091506613296062,14.220535798935458,50.691868198258845,33.09222049295403,47.044255269097235,29.378746124562895,0.5075065362930393,0.35221418736451165,31.247362184512923,93.45175447381177,85.46544015377,34.05731371754108,27.82301293596518,3,2,18.9
T0020,2,57.83879155701921,46.277960058170166,76.39232535365542,56.17341966193467,77.67563100490278,55.72015226323047,0.1716202353538699,0.32430366756680273,26.61654915632944,75.74413900240509,68.90069585503907,35.60664518495506,29.589079636220845,3,2,18.9
T0021,0,29.211300855871933,28.95894058109087,53.73976966506463,52.60251872692453,59.18540397825097,58.467869902487365,0.0066105097793108265,0.008332385457609653,24.849747531257385,88.99155882650261,86.75570510693935,30.330477389256963,29.391802353891084,0,2,19.4
T0021,0,53.84430913550941,47.93676729036317,23.695703654850846,22.007311680646996,45.85309384465117,41.38982774402539,0.07010448835714414,0.05315105355020628,26.734907162411556,62.76231659729415,60.4985824013608,33.69252734500928,27.639069046814708,0,2,19.4
T0021,0,57.25530438250446,54.97770578913977,44.82453949913942,43.06668890886284,48.21093639218097,47.340389098868705,0.014427478294937892,0.009426759378115216,30.85830447623824,90.59844019179566,86.91022295356095,37.3999979865784,27.699266502958224,0,2,19.4
T0021,0,42.00458593579758,36.80463262643881,43.45763683569835,40.36512685792973,56.231873656300635,50.584315353703474,0.10610002553234472,0.0786901577494443,24.399419250864693,89.81802558836705,85.44087703347695,37.54819518061875,29.521459329383436,0,2,19.4
T0021,0,32.2213609448108,28.341584665472297,26.691280638287317,25.77013677819885,27.192748037400396,24.809581603051228,0.07944337462210449,0.03811149670508671,31.062441116832467,62.9025132087865,62.60615939970617,24.70606178916823,27.561553634286174,0,2,19.4
T0021,0,59.798916762362005,55.117607022496436,50.951566279167196,48.90276302220451,51.39007764466277,49.68411794476589,0.03959609549648244,0.015356347640207062,33.529287906260144,63.97026349473753,60.639357575354005,37.89749723877057,28.60040453326631,0,2,19.4
T0021,0,48.47180535127345,46.22065417359671,71.92591133732601,66.42165958642329,43.18243617587984,40.82191516765392,0.03440371327320147,0.031608209738272657,28.00066556417876,70.68368357178278,64.27186672293924,30.735686125539424,27.02455672642458,0,2,19.4
T0021,0,51.88569033032421,46.799104618498966,55.16656303486199,52.57068656142715,50.60997759786602,46.29913179047637,0.05246803279982741,0.04370294614049305,29.448500336894607,86.95827063202915,81.13475664993462,33.77619846225571,27.98545330903299,0,2,19.4
T0022,3,24.13633710395328,14.50459394890869,55.600407524683845,38.11520664213573,79.34467610253547,47.401233838944144,0.4937452312974027,0.37222394220154087,25.856576956173704,66.36999837189715,66.10832469031115,36.50422481819098,26.030012462599714,3,2,16.6
T0022,3,24.581708208356552,13.125783780101639,32.13851713052589,18.173146630628857,23.286446443426165,11.534535503757708,0.8719554513737026,1.3301515712043113,27.155367459028394,65.5589048315538,64.15129942095697,34.336860041465,27.967420788816085,3,2,16.6
T0022,3,39.41440623496001,25.154849607486508,34.26286252225864,21.036747091959253,20.847594494591274,12.193035766214741,0.39527329880282097,0.5176881496333134,24.873398150717833,74.85833595897665,74.11259596493659,24.290636382889648,27.76595967524533,3,2,16.6
T0022,3,75.78609500810438,45.81810666047077,22.580195044403062,15.652002822407143,53.90888676175323,35.36852206573741,0.5407092096600757,0.4442902215904797,25.80353721634483,82.67688739254982,82.9151990610799,37.994998586840296,26.7530443720153,3,2,16.6
T0022,3,41.30360424770148,18.923417038680025,58.42250059505991,30.002690134439877,52.76836960405781,22.844230075730618,1.0926597372467084,1.1421147160693415,24.877377830826354,83.06086694346273,83.08064466956434,28.973060447334102,27.0666270554724,3,2,16.6
T0022,3,52.82997625664605,21.582224688663416,46.915868481028085,19.69492176963392,69.69166802225699,30.439047491417323,0.9700501830575828,1.1189564837982782,27.78842556973109,84.39471483254405,86.28976744444456,42.041526405710975,26.965188372164093,3,2,16.6
T0022,3,58.827127284413976,34.60232010972062,45.17951556857007,28.727151955658563,30.489136497482914,16.6558726574667,0.5024528762594672,0.5974924408769587,27.95115363206382,87.12079229752862,85.60249821412889,35.96446657118524,27.532990718509815,3,2,16.6
T0022,3,26.05707195788681,14.00674393338029,65.88877690135041,41.797376030230005,70.15526485501054,41.596706967414676,0.748529733323827,0.4920952347619872,29.739842081524884,67.82269333868466,64.99971967234056,26.480168425929023,26.596358754615455,3,2,16.6
T0023,3,66.07144253802866,32.416700012663014,36.07253612463565,17.30617644820706,55.37037982420807,27.83160135150946,0.7066477081036282,0.708108493118248,30.587589892067758,86.99314013774985,77.91113106488615,24.74509235319064,27.089922523082564,4,2,26.0
T0023,3,50.61955502454405,31.176496975202298,50.55801879348931,30.135487489933592,21.22210842106266,12.577709229638426,0.46702886319082,0.4623877278388147,33.51044854172889,89.95152689595899,85.54277894309557,33.81187179594099,29.779854000870625,4,2,26.0
T0023,3,54.85228090618292,30.8828737059388,20.379478834384123,13.181588619381724,74.46175421230535,43.33909532329453,0.7870135048895641,0.7134525463303832,31.957086221250048,75.51385721058267,72.49551967259268,40.381053570709156,27.754623736579973,4,2,26.0
T0023,3,37.70360541883832,20.653204979387468,67.34319677642878,40.350673433558775,53.33350805279683,28.464535202710913,0.48519089768772106,0.356359730854936,29.237823693698754,71.0829907340844,68.96736348150841,40.64606403690256,30.42926600221164,4,2,26.0
T0023,3,53.14151488702596,28.440053640615915,70.15310105318855,34.738951937361975,36.787747320278974,17.93362585073809,0.8053524795207364,0.6619961726508692,32.98816892336918,88.15485500159043,83.22400751101591,32.68202996836865,26.08739842955272,4,2,26.0
T0023,3,41.401567979325264,21.685127302871113,46.96123646198792,21.707494966208326,26.809095986102708,11.832949887494834,0.8652061045107735,0.9780221591396997,25.750049622898384,67.04471421457615,63.27559204321296,29.761746987305244,26.427620948159536,4,2,26.0
T0023,3,78.57205186148535,40.40426938651551,21.965433815821715,13.219954625255243,63.939105330068905,34.95364107572964,1.0473282036793108,0.8642156604952275,24.711688225478937,97.47712118962818,91.22862695300235,35.209945255806886,25.835813819788502,4,2,26.0
T0023,3,68.01199658219019,30.236085262158717,40.41549271356033,22.93005214574044,28.989969961538357,11.632924377629571,0.8294000765874777,1.2828077428813316,27.843066591039577,92.04206775125144,87.78095444893017,30.64179837310112,28.15378200968035,4,2,26.0
T0024,2,71.7487020190087,41.49138810881478,32.696154887221034,19.19949064524723,22.52398652318366,12.25000971647186,0.37415681351970315,0.44046847094482533,33.591705390670484,94.47032421253166,88.40579765088005,36.01974223976406,29.78368342218388,2,1,18.8
T0024,2,24.495301775568127,16.436152885771723,55.39356483745711,39.22327451684034,68.57475213964312,46.55444915112842,0.39674159534274483,0.37016538717653885,31.00010154067424,60.275609254195956,60.235140450056406,35.699720788903875,27.72417879640931,2,1,18.8
T0024,2,67.88237007632112,48.9636327372588,35.51539226294571,27.62893545828263,69.18431241694158,51.11625443847666,0.23592416061841143,0.22440895265459326,29.33040604786356,80.05588895970018,82.01797545924065,34.306120236983105,28.598386810678587,2,1,18.8
T0024,2,26.106107550788355,11.570604474682739,76.383214881368,45.93360394642721,24.0572004577577,11.585337970914523,0.7568516066671646,0.8186882066685339,31.8785995203387,90.96373398092304,87.3162941487155,42.44655283152519,29.701255103139058,2,1,18.8
T0024,2,24.100873423737642,12.418840271017485,59.357186607481154,37.11623198931357,23.117150225483357,12.14710158502523,0.7645652707391176,0.618495406824842,24.182310729889835,65.522751725775,60.79832699861282,36.894317423994714,28.957770735537093,2,1,18.8
T0024,2,27.129652535721558,17.902915158676862,50.72251600780727,34.54349206762613,29.937984860740727,19.039592494812833,0.43787835050379614,0.5809902380895529,27.138866563132357,84.46857558371791,75.55706589445187,27.503759066279105,26.348484661209326,2,1,18.8
T0024,2,32.06096892065359,12.899948137973453,65.6177472852462,30.591132971118515,51.13582611452847,20.125830319670673,1.7878120943172005,1.3206499295159033,25.952416230296706,96.36276710881278,88.68112322483678,31.348865306242782,27.296695169816942,2,1,18.8
T0024,2,29.805757288210195,19.72892289882176,42.27682925051762,29.20429798239097,23.13692064927938,14.770821023181075,0.31380121655524806,0.34745844333908743,25.803420983749422,90.78731325761429,84.2085077646509,19.7316762234952,26.253263787164563,2,1,18.8
T0025,0,54.041633540843506,49.26989227031182,69.72425235162274,56.52308256261307,34.177406091017936,27.490443434654843,0.03501005972987344,0.15273970058016928,27.04955513749195,67.45306409710857,65.76996627184568,35.46399645070808,27.008927168728057,0,3,15.5
T0025,0,28.938669450771265,26.14052460218511,55.043800561763035,43.432664924571256,22.696484210552423,19.50738850131656,0.05581280222563001,0.07274161850855028,27.146878632891923,92.21868794401675,88.09324085081622,27.495812380975032,27.60455849735308,0,3,15.5
T0025,0,34.27012309290747,31.228813622715784,69.70981689607493,56.122180247319776,78.20819067429441,65.6275421692377,0.052351972600041694,0.0937831071163422,27.271708584759057,97.25294317851527,91.01932443835477,22.917430240160147,28.679596325946267,0,3,15.5
T0025,0,71.371703788905,63.660116764154075,66.23355816710598,48.64453686808362,21.1310947422772,16.003677748916335,0.06522601166886072,0.17721129620121,26.414890606217938,93.75630192066015,87.66241222172113,29.213529084612915,28.590369191220443,0,3,15.5
T0025,0,65.79122494371462,63.61378703895662,34.71595058655798,33.620266336438554,25.086484566334683,23.689465498865427,0.025368860337495493,0.03487246869116801,25.30645256025702,75.31954620484682,72.71917067810074,33.86845608470406,29.366896440692422,0,3,15.5
T0025,0,22.9200472904501,19.656489673269892,21.777913158583466,16.31874352518313,79.37950980030462,62.61300976092617,0.09400967375634796,0.1845531875382964,31.333448483633507,77.8763279973607,77.85237371199182,23.61401671432893,27.27759509317623,0,3,15.5
T0025,0,34.557522111537374,29.820122850933593,36.454314333520315,28.107520099329925,68.81159297483237,57.19342967716021,0.14122029485233584,0.22734177302244965,33.80012644944959,69.50110361427942,68.07202513669388,33.272682206787344,28.802918377522758,0,3,15.5
T0025,0,67.43608934333602,59.57304858841052,70.99151289480817,65.60254368297366,78.87573504463933,70.5635897591569,0.07018562659130241,0.07509568004328668,24.37160661819357,86.17199618410473,77.72038701648724,34.33583234662646,29.3453095692001,0,3,15.5
T0026,1,39.30975018179534,28.261185955605264,71.42951572692495,55.169146243298776,33.0679001132189,24.742845714199895,0.2130257873551302,0.1636795797985684,31.29818921063804,70.36625354795085,66.48709614600587,38.78166214016929,30.366279950488256,1,3,14.9
T0026,1,26.556269961965327,18.523072549488045,57.37105795137049,43.527148120897174,70.96770911864967,49.60582683441718,0.22762355021784808,0.22152993522056819,27.036451345381334,83.3956739914575,81.60546292419357,27.662530044008825,26.475715845679932,1,3,14.9
T0026,1,22.337527364967393,18.925275868465103,36.37638870649401,30.797995373683175,79.68820547551829,65.02622267007732,0.1478625732061507,0.19529869430350605,26.72933726749799,75.15473599583517,74.31036687755312,38.143343909645516,26.57537904078167,1,3,14.9
T0026,1,24.984966481523088,20.972560968914266,54.75525175367273,46.50393915337663,44.51100020815128,35.37917486294886,0.12291885640813671,0.19941888254129023,28.637045822685515,93.99771850434186,87.02123349309579,38.74899359250895,27.201722319631937,1,3,14.9
T0026,1,71.39451062895142,57.97695695711509,63.71561855227393,51.335072902474174,48.297428838050166,37.54850300121118,0.14380593934245348,0.18110132677707735,27.0648037731858,65.3211686417022,61.11730533832789,19.369975517322267,29.135078706341854,1,3,14.9
T0026,1,30.041436158662933,23.02702815550149,40.78440475846452,31.972722961411147,67.61466496349638,55.32200982042124,0.288281601291284,0.17685030534402452,27.99951231067491,86.91528288199245,81.3947342662715,38.54271021204667,28.559473106710346,1,3,14.9
T0026,1,35.55708805448933,29.709152361044016,56.31061100018469,46.39748118183054,44.601782822618716,37.366810657068946,0.14773783007827543,0.16394075124355295,29.669291870295467,77.81797008517779,66.2013636087172,30.003905116237622,30.080658439550135,1,3,14.9
T0026,1,46.59067923471727,32.39556846648107,57.02771466107876,40.471368503058656,72.13311400350818,45.30709930955685,0.3791580598705308,0.4102428899177477,26.366759014870183,99.0,89.09764210048866,28.621329063254368,26.48336413144148,1,3,14.9
T0027,0,58.64521144019843,55.83028606195066,43.84003305239245,41.49716364236671,20.264055314213035,18.940528630148002,0.03273024777077995,0.04201522558546205,33.89439906699745,70.17013355798235,62.08690143678516,26.794454376420358,25.530290585651258,1,2,4.0
T0027,0,49.464909589674825,44.852861016867834,21.009556355169483,19.473151358740708,36.453789343422244,33.191216215845586,0.04169439605611011,0.06038481634356806,28.30609902480834,66.36631055654527,62.621436293930486,39.92546001601924,27.079157425442403,1,2,4.0
T0027,0,54.74096658741067,49.19798966258495,51.05031466361295,46.53170398151638,60.85799600750954,56.10118604363588,0.06381091250796694,0.061464104585742294,25.875314465722084,85.98422319912807,75.33482446854237,31.273829505320144,30.203054990837792,1,2,4.0
T0027,0,67.20897750242074,62.655411852788454,74.53838033299303,67.59107778994469,55.616791479077925,49.477244989529034,0.039871964940291126,0.08385989814928356,24.15916303039711,72.59191571426531,67.56395313308751,26.702806912714397,28.91144859329866,1,2,4.0
T0027,0,59.35492771843284,53.86891378834485,28.196264166779322,25.251023484348206,66.52546716036046,55.845630570818024,0.05372531159324129,0.12575370963490567,27.32212778780662,92.45536405141793,86.4495315676655,45.45102680006592,29.15685653566656,1,2,4.0
T0027,0,37.60251036751979,35.05341340396015,34.27184218631719,31.865414642766634,46.55165525439713,43.17733713596076,0.04097650740139117,0.03226444392233094,25.25326009774451,70.92525499766512,62.77586458521613,33.50193975914278,27.667098777542535,1,2,4.0
T0027,0,70.7274739229257,68.73499288718217,26.54325838894588,23.96853946493184,61.702303268595095,56.95798755734771,0.016968240925394496,0.039350498281055794,30.958787682282754,84.29179535565707,78.70307503076768,33.20003184930953,30.498574255314466,1,2,4.0
T0027,0,62.61001642992178,54.55770207459613,54.329798188847505,48.331853855668164,72.7660787572201,61.153536430479875,0.10381359148939583,0.12887375420472497,26.805242054144895,78.31781787014408,74.14740142578327,43.88719999212178,28.91244643001034,1,2,4.0
T0028,0,37.201521527424525,35.74034795563306,65.46299124875925,62.042891567262906,57.7872664834951,55.27299949890723,0.03743117362072385,0.02920856964474896,32.149022590520026,90.54158043448871,83.96246401498703,29.679898145070304,26.75454814437456,0,1,16.9
T0028,0,59.335648121317234,56.42399661085406,61.467920872251725,57.312946080938,33.66866906518304,30.921130306024004,0.023276439809613556,0.04139791374183538,25.53735279488842,83.22457050379585,71.64150342926837,24.106018668353403,26.689549433321655,0,1,16.9
T0028,0,39.09503327710419,37.24718587217154,21.869348649600223,21.19838927326944,57.27399069281981,57.54708841078765,0.03433188317482437,0.0,26.277871909612045,70.00437100197367,67.573888115125,32.14729899442393,25.854002358868293,0,1,16.9
T0028,0,57.98634422387813,56.595273405205646,31.37878289288748,30.28935567028754,75.1638154620646,71.60322635086182,0.019442273491781997,0.031775553256320706,32.72805531995398,82.8079773280986,78.62934618382651,44.920807563025264,25.534390055171666,0,1,16.9
T0028,0,46.37524251808033,44.61203548265865,66.44144515954622,64.68772827666248,59.04679013444856,58.65182075358596,0.018200645463306696,0.0032808375272724457,31.037698077660497,72.1749794775894,71.37151585139195,41.556370736117415,27.514196699966842,0,1,16.9
T0028,0,58.10047495164839,54.44597703690586,56.55192102295692,52.567375610320646,46.09304926528738,43.43908486551065,0.033252179077992744,0.030065873829850296,29.317788432846093,67.68222259755197,66.5397021999743,36.710365509499916,28.46001443724435,0,1,16.9
T0028,0,43.87703397621648,41.07163755332974,34.74708058993541,33.94722567038557,79.9334929252654,75.2797130513251,0.04500959719049162,0.04823712125580601,24.07456431423803,94.00416427894388,87.25253844149596,38.73535922089609,29.653174134914284,0,1,16.9
T0028,0,38.12307556495111,34.98108661741933,28.694849411500392,27.285441062736062,75.31527924645738,72.50092482793917,0.06130872114879066,0.03263766947697194,33.802446252759474,74.60945121823774,67.21675066505871,31.03262341291519,28.617875738513423,0,1,16.9
T0029,2,67.03559214506997,45.238526081433626,44.97880932390802,30.863840801312573,76.24161929472707,51.16613226434019,0.463823628294977,0.4594384725127645,29.057336871843553,99.0,91.49804837701885,32.00462091112984,27.561153248438483,1,2,16.9
T0029,2,47.032388330699575,29.287974134827852,29.88236842945186,19.57934136541102,37.284924376138456,23.784896531706536,0.47874719551094935,0.7754463347715995,27.43667315280857,68.65942628272575,71.65942628272575,35.65382069397446,29.683406094888333,1,2,16.9
T0029,2,53.15287638637879,25.848092236821092,22.511691524410285,13.911646893224367,46.36890599473354,24.534087455568915,0.8704156277360242,0.6875808094908347,30.121498757095143,87.13423427848386,84.10779564641746,24.090844028563854,30.08347539042675,1,2,16.9
T0029,2,39.87069469772794,24.625878588339184,70.0966647591768,51.495455467098324,73.75421107855304,51.21211441255398,0.403303696593002,0.3778220209001878,26.99646896352069,66.15759778111442,65.60593271203388,18.2549993349915,29.971446347403713,1,2,16.9
T0029,2,44.906445600109684,25.46032596021494,58.93081603961665,38.730157459099544,64.00944785179621,38.04521767857515,0.37672924099177196,0.4052256021039635,30.58433426183276,71.88137221580277,62.81483995278036,21.237414738304828,29.23140906367674,1,2,16.9
T0029,2,60.433469264458225,29.339974797895,23.257465264874753,14.480109478772913,71.97022584906463,37.174736993438,0.749642018735361,0.6583148624014854,31.16433175755905,88.59012399903663,80.021849288332,32.69059933271696,28.152375616283162,1,2,16.9
T0029,2,30.21381803556462,17.119224857484635,47.55062219636912,28.82082794808063,30.207464336939008,16.163307903340325,0.5765259386503315,0.7305250397639476,29.7248957578878,82.09986967276318,79.46933588940576,34.59826225794455,25.76044387484845,1,2,16.9
T0029,2,53.65169437618327,23.883998329178276,25.925891462813734,15.62723038671929,26.175879427715817,13.615695248064112,1.2604673463160354,1.0818803283401208,24.729613411601356,64.77296132794194,62.341782098590706,43.637194960098945,27.711411825613194,1,2,16.9
T0030,2,59.18381505918431,38.910972555297626,50.56339301695954,35.052181952845125,32.08739373484065,22.565099771425505,0.46130892800785905,0.28654724428699574,28.0594439748797,77.13847427078883,72.9608552480313,42.890413567252764,29.609352314493503,1,1,13.7
T0030,2,42.10809219863582,22.46276214308183,22.98432593126411,14.32729258151716,39.67285524678703,21.112282591840263,0.6817143751081477,0.6227564216980731,24.62139184133877,69.98179562714999,68.25988798878586,23.909165460233922,30.084782929308922,1,1,13.7
T0030,2,42.70256088832227,22.82010012692495,31.983409821261972,18.098182002718474,26.737173788014303,15.633477800608157,0.47581455907933573,0.2920340657504757,33.56339940073418,88.4436809944855,88.00773789478323,35.06072582657892,28.274127001882842,1,1,13.7
T0030,2,63.55769437392919,45.136707686158246,40.12675555695566,29.335535755770156,20.73540811190163,13.901321669917754,0.49626350665437907,0.3653352666737036,30.084503697937578,79.1843692198046,70.62723801091215,33.63811448131748,30.493477462601913,1,1,13.7
T0030,2,58.05099292371102,34.944026216783925,71.8294970158253,51.34560599633217,22.46919200314402,13.781714509281754,0.6483237312526374,0.5816492297525317,25.839344524690198,76.17431974908061,69.0165426504433,32.68221308849551,26.231949144431038,1,1,13.7
T0030,2,40.3810235281706,31.465567031155288,22.54036703655056,17.235778850544058,72.124746548212,51.39742820860947,0.1844709354826674,0.30362551788251274,33.21230502718369,73.22946558940195,74.00858774609631,39.30512643227672,26.990611459418467,1,1,13.7
T0030,2,69.14473046484335,39.780338346584415,58.67632039006001,39.367910895482886,24.63596181521922,14.810060154596146,0.4909994868938363,0.6276593367970569,31.234095031624598,90.33181803361305,83.95960062556995,36.015074037314946,30.00092947552423,1,1,13.7
T0030,2,69.74229534510096,46.514153389887326,33.14700044507807,20.384722817369884,61.80236174456465,42.62814644141352,0.5414057163242998,0.5047223568966167,33.51832448697469,81.45136987193463,73.69123095450635,36.92297090695402,26.444728752310944,1,1,13.7
T0031,3,28.792338353619918,16.041453686311094,53.16506264434819,31.145376502152626,63.76102669712838,37.54186204202083,0.4428906862172768,0.5480916960868625,29.618778348930107,72.1307823929425,72.40569114266322,24.84485810360397,26.317082887701314,3,3,19.1
T0031,3,67.12664134005024,47.86127507997483,20.365416780507605,13.167241150579388,75.94832308016449,52.86522692199137,0.3815023963800563,0.4969455227824166,32.18112918525573,74.89246474404743,68.56475952191528,36.383969849577184,30.25324439574468,3,3,19.1
T0031,3,68.71256663524358,47.0843622516601,69.12210966218086,43.19560878863025,64.32556519287483,44.745228673435456,0.3024077206375036,0.2947827553048192,33.27838218083217,89.52452008336842,79.2320176299417,22.4107833617598,26.85269814342708,3,3,19.1
T0031,3,61.11891454515453,30.26923233792305,26.641692998329667,17.465969646917245,26.37304690258612,14.087833008398217,0.837042403527054,0.8583911018984395,27.52040530043421,79.2550579500677,77.1967560182189,39.35424024706872,25.776011166040355,3,3,19.1
T0031,3,79.93179442350097,42.01502071494249,21.555573685456647,13.491766719447732,20.018865178645218,10.209186062645683,0.9695661413658317,1.1354011678918567,31.961487586478277,69.94893160485816,64.52458969848851,39.20839899310703,27.3307818390121,3,3,19.1
T0031,3,21.41168658939664,12.54530953713409,35.29405422815422,22.168914386359734,30.272296534605545,18.861490367464764,0.8953368901250215,0.6728212233313552,33.12582547697302,91.42109929619654,88.17679924349821,34.454749299786116,26.0635803316393,3,3,19.1
T0031,3,31.56457344744473,18.686737796402312,28.73496152613415,19.35204583113892,54.211582321936284,32.24394827730159,0.6194805762882971,0.7241449997564867,32.74899070556495,75.49242440000303,71.60060421771954,25.464396107301898,26.74778591013278,3,3,19.1
T0031,3,42.16341341118783,27.622209579768516,20.063118353623288,13.01579767344828,77.70894448401677,49.70069202741657,0.4048728061188193,0.49114225924189975,30.73521851061718,76.18705888019882,69.01441700795617,37.03297626524965,28.492163008328916,3,3,19.1
T0032,0,26.07196675560648,23.76714410058428,30.48104029523849,28.173724852827892,75.96476456044749,70.33730450416996,0.08272197230194,0.07964185772797557,28.547927573170497,69.97385729436716,69.21156481570505,38.112867459240455,28.811344019156433,1,2,17.7
T0032,0,43.073844027855216,41.01218166778129,39.460399592218366,36.74351488463221,63.01751575366845,58.677432175450214,0.024388340531047697,0.043079837814183154,25.941016923487776,94.26681459380477,88.13562300479929,42.546598800084936,30.252941920245465,1,2,17.7
T0032,0,51.899385708133124,46.9710096883654,24.03824424013979,22.576567721581753,73.83702005198609,69.04786167287673,0.0728882455428753,0.052502668377143666,26.946211057876734,85.12598890740996,75.66492157857527,29.13033717195083,28.240298049213163,1,2,17.7
T0032,0,24.124298118704687,22.678967689994078,46.57452987924978,44.647507766697956,38.70628752667502,35.30591256663822,0.04348686475770462,0.0755204002879337,24.575560359439546,81.04871953116516,79.13441641983222,30.47299367956031,28.572819706476302,1,2,17.7
T0032,0,22.88651168100008,20.588836691918356,53.76218318261017,50.716928856693976,43.48691981521041,41.66969758129815,0.060384188801146675,0.020027838893557685,30.07695509418463,89.74865675405312,83.51518892751798,34.55428756750945,29.419757901027808,1,2,17.7
T0032,0,67.96794694561716,63.64282710596753,27.995668665861853,26.136312091351893,64.8034925775079,61.48512435427097,0.05003317331751527,0.03186901502371833,30.227140140877143,66.88780831446874,67.28156380222362,34.73121634782285,25.57698327480285,1,2,17.7
T0032,0,29.894924516516813,27.03265610665209,54.68364579120154,51.84663658593422,65.26587165361883,60.32064343996913,0.0617373980292467,0.04947831298434112,25.30046440084866,73.85335478228491,66.71789801899503,42.021682524726494,29.837907623079882,1,2,17.7
T0032,0,27.43343655730147,23.495584465583523,74.04090198573458,65.74046734158493,71.24532479793265,60.749796216576385,0.0771610350632725,0.12388745012499199,25.733087598959163,86.2047230618297,78.68954737296102,27.36082929894274,29.618372449122823,1,2,17.7
T0033,0,65.803223248597,60.50232223533786,23.861256902992373,21.66802495510815,24.11360696389085,21.715835618717524,0.03357306742561486,0.04610111679773175,32.39303572067754,70.78073696760514,61.84395108950581,30.875604674576095,29.502249061592256,0,1,13.5
T0033,0,42.84517848167772,38.81898872893549,63.17449968175173,58.32410695373694,58.42043726746904,51.69064907565674,0.06264677286423162,0.07589861800283997,30.505134021327535,76.69715866305945,70.32116550204347,32.60840020043154,29.984713959166537,0,1,13.5
T0033,0,34.38114205046729,30.584387540256927,23.18967030408366,21.577307381614407,24.801165531596574,22.19117245434433,0.07055790638265315,0.07145865858815305,24.676395545030644,68.46972644196143,65.86049106719297,34.4138923481397,29.22322982100767,0,1,13.5
T0033,0,52.93887643610748,45.863008955284215,63.43563677318502,54.44852376956069,25.257374684392225,22.281090839914864,0.1143029289521713,0.10207422532694493,28.699899323335526,84.93893534769043,73.22535996648973,42.49852351667778,30.47174283473516,0,1,13.5
T0033,0,51.162567031482645,51.29683329995768,74.4357074509297,72.67641014277511,59.575421412273116,58.68300294763047,0.0,0.011584591674969206,32.66058715183836,67.21877970629733,67.79419378577782,30.413937816405976,27.569659040880918,0,1,13.5
T0033,0,67.62793865898577,58.766676140682605,38.014886517758086,34.30875567480825,32.11443311188617,28.511488429258883,0.06043732355620406,0.07111512621563457,31.602752846863485,82.40770710304756,78.05930582237197,43.372301752860004,27.550252566479887,0,1,13.5
T0033,0,52.968064960396646,49.594357069430636,25.783609248202666,23.407186254224353,72.43949535641278,65.0121040180021,0.06038939192278156,0.07909148481241099,32.455199378782275,93.43357970589359,83.06938208251765,30.328425363162772,27.86680506598733,0,1,13.5
T0033,0,35.07581304238796,30.644359571752133,22.600536622475836,20.416872778139226,69.24676262246999,63.76442726530604,0.050978356760412465,0.03775413407288684,27.76993818970537,76.44445115712774,70.65039559408316,34.8347060861318,28.068592705835268,0,1,13.5
T0034,1,30.584136491264896,27.08530059889279,62.749796621793266,57.06556933162302,36.860756450091706,33.75443751764088,0.07970925608720289,0.09068525084646895,30.730262637118273,70.95366160973148,70.62776058599104,37.92209625286791,26.61749310537054,0,2,26.7
T0034,1,26.996242734110993,19.53389395330623,70.44668593642592,54.47336468146371,51.750573154271706,39.80894059866891,0.20852237737543786,0.1766287192274909,33.59813832936877,78.18396750703477,75.75999515769897,30.425780347519563,29.66622519400662,0,2,26.7
T0034,1,55.67517315816878,43.75511721597984,67.87604703073214,54.22053202583958,66.63076896987673,50.012895672669984,0.18436990230398964,0.22665699443729728,25.383706928936036,96.31235619350382,85.53038476245213,24.77534230524015,26.964513689561834,0,2,26.7
T0034,1,53.1596813662188,43.347760444607474,34.388632658226776,28.21607739615831,43.626278684024285,35.48274712242317,0.19037004860489729,0.24444829292069997,24.093345732200248,90.77541875760198,83.8994439403637,31.179947685907916,29.680131017888634,0,2,26.7
T0034,1,45.81359158076022,34.394223525526634,58.46386178691216,47.15893893877179,52.76313476452603,38.9713628786834,0.25727178151803004,0.23056762776207199,29.94322844787323,68.40698914197725,64.7273140013142,36.050145315748985,28.840279928433745,0,2,26.7
T0034,1,79.72454369267001,66.89571502855568,78.1395119826148,72.36796387662355,33.26133163665009,29.910654507437282,0.1221660554602782,0.07911795369794314,24.144348027790222,63.3627549597152,64.97905782669585,33.792061891522124,27.22475915910033,0,2,26.7
T0034,1,77.80276098311128,63.0902914129065,74.47671479265543,60.318042391943074,54.31765026848832,44.54137656788326,0.17481892048173542,0.11723428394192187,30.65914700602493,82.7068631491854,76.0277993448566,33.87192148557664,28.4033883425462,0,2,26.7
T0034,1,62.19436381436836,43.380906750596886,20.60825414844198,16.8292005061816,57.56613870855263,40.62396127806622,0.32765439988446793,0.24830920006209597,32.61237342018454,87.5735256518526,86.20300431815812,26.32365947247102,25.793335661662706,0,2,26.7
T0035,0,72.59943469009767,65.37722638511336,74.74027576103823,69.59056771711086,37.07378415632711,33.27302646871566,0.08026555205392173,0.10160205094394059,25.32926050976999,95.84706134195277,88.10824770959937,42.04384697162628,27.629332790877132,1,3,19.1
T0035,0,28.050128318411502,25.567844495808025,54.228979088264154,51.70350878128889,68.49108860227548,61.44404065218381,0.07019700521328029,0.08740369998048986,24.055994388642407,89.36862882866093,84.93609960191465,32.34958632350892,28.675566009874856,1,3,19.1
T0035,0,51.408007197864876,48.37320479003963,57.55059724261918,52.787495958095924,41.46390052494409,36.619719980828485,0.055831361104089754,0.09774582795031422,25.545147081561474,83.82115391004177,72.84538686219133,25.032138771664425,29.78079081246084,1,3,19.1
T0035,0,78.34773107212231,76.0233805014546,42.47296887532698,42.190585540006225,23.904657630650952,22.68359374817519,0.03440018399494981,0.026947151377989597,24.330592005451148,76.88773988555357,78.32653234986219,34.56061353330502,28.69173405880895,1,3,19.1
T0035,0,77.12301325800225,75.25640599272835,44.69514936988823,43.195467541959474,65.76025151285074,60.75825716093059,0.01905851178306713,0.06523847102283528,29.528619735351967,66.25929546016813,66.32854789306447,30.800722477410154,26.159060352094176,1,3,19.1
T0035,0,35.80733761136135,32.93925918954239,39.75162026391404,36.435051703829885,34.814554287647915,32.53824803844399,0.057119030077017,0.04363424958278562,24.004169169031037,64.81433288753449,61.7901079671824,37.53348764703162,26.452598634937015,1,3,19.1
T0035,0,41.50733872595371,40.084849565796475,36.9819492837581,34.9021627045547,45.35102417474085,41.89826995749768,0.01985785680314472,0.03621128466696993,28.45035295831532,71.84142796915641,66.05780349441821,22.155592338279053,27.756402507829737,1,3,19.1
T0035,0,43.53231224085205,39.784189235371734,45.68680834190255,43.395234689633135,45.53263808298329,42.9675592069638,0.039675400377296555,0.03379593390839778,24.039459600271947,91.38014304852764,89.80796606319016,18.786459386128662,29.0338912875467,1,3,19.1
T0036,0,67.2931425199834,62.94328273726544,28.922863639039893,26.582260552343488,47.59692421619149,42.727435187741264,0.04609690158085558,0.06599183111733385,30.605677932075107,74.00045045954566,66.34946709636932,43.93615735148967,28.02960006712432,0,2,15.6
T0036,0,46.18153684595385,41.29999695532371,46.67929821748374,42.070529580178125,32.95874894476777,28.31448993539044,0.07554542754003703,0.07826047116369489,25.471638826859444,85.85676634347071,81.67534813168348,36.77275924922242,26.229678433908504,0,2,15.6
T0036,0,70.29002204656376,65.77276472348561,53.954894707949315,51.150626857778555,58.40436017558471,55.22649664511182,0.06014326423674489,0.049944158585780704,25.134315113659994,77.40740506882695,75.5373570833644,24.26398881558829,25.686030191167198,0,2,15.6
T0036,0,26.64440841636151,24.1038114965578,48.93156737949815,45.67059186559968,34.71970197344341,30.848106069053078,0.05119655575842159,0.05706827389882147,25.670382074412863,71.38615855495833,62.91742513704808,30.358309671772254,26.19201399508101,0,2,15.6
T0036,0,32.6099097495387,29.708137911419556,59.38502741964401,51.80901007282907,64.99532969004551,56.07306232839898,0.07626024149196065,0.10154011832783244,31.044290335500783,84.5874628611185,74.50515439898089,34.45999983995418,29.348769772321198,0,2,15.6
T0036,0,67.7609835254957,63.835804015697995,68.26966129685019,66.21886006292094,58.662411690709206,52.572800140186715,0.03775727155803014,0.054599950481530726,27.895459581997482,62.62669947610896,62.772454153450134,27.934945298716183,30.325741358141578,0,2,15.6
T0036,0,61.51156843833993,53.12580976041604,50.349865793391544,42.59342953323661,51.88995990994272,46.09972655308502,0.08858877527237582,0.06402987515848148,28.99575378358439,79.4418740732309,76.68758761021397,41.68547656624938,27.943702496682185,0,2,15.6
T0036,0,42.742824249914406,37.97073222105537,45.64543699284764,39.357199180473835,40.21686389429715,34.74064576978816,0.04477206475484741,0.07721572860513792,26.30901019411377,84.40344944434278,72.11221108763617,29.713068153785425,29.069046071013254,0,2,15.6
T0037,1,27.742935373895392,24.194842362265977,72.15246864982967,63.1510591652702,41.54076992862791,35.43077785461045,0.11130106426912531,0.12438345360479965,33.54704911906032,87.49252951846736,83.26562074139537,29.3538885946709,26.528335283317894,0,3,14.3
T0037,1,59.514269740766245,52.9667593486858,65.18655179206536,57.38543162204493,30.399607777757335,27.56485803717959,0.0765997393591577,0.08696755682219516,31.02055062428583,91.0080239783949,88.19729026003006,34.143186527137495,26.878595918090554,0,3,14.3
T0037,1,32.4609351062405,28.131040579559354,20.14468384590066,17.21228846543871,51.478049383717284,45.10514018214799,0.08508352413853433,0.08512305983363955,33.76244290340669,71.01064808907672,66.45247761453315,41.35920847363957,29.121212878634495,0,3,14.3
T0037,1,40.47432827928222,31.005828258443664,51.66921936842843,41.25343915570275,60.168811292781704,45.442450899886396,0.25079276489887636,0.22124309640135337,26.087554889990702,92.11918062253456,80.77110437643304,32.06786422817119,25.90073604935271,0,3,14.3
T0037,1,54.50090249411022,46.27483463268292,49.69374886361261,43.89456693005294,74.65312418573586,59.60093280242728,0.13312537767305901,0.21214430019851307,25.144526971698898,81.5997355923761,72.63988192552202,49.43158087145005,29.564009457129245,0,3,14.3
T0037,1,50.62625414424657,46.353347652550674,62.772303318020555,53.765282124211296,33.49809486774352,29.88998977962654,0.03916616240842841,0.05792500906867324,25.531231114683568,91.39790154324893,82.08308863080792,43.423261604314085,29.07562011728509,0,3,14.3
T0037,1,65.44237199278714,55.6028871780657,47.914840138029746,40.855894436117026,72.1099695515526,59.77752356110362,0.15844546620670663,0.18883120481834356,29.55970991040175,99.0,87.36997337198085,39.861784902572275,30.370070752227125,0,3,14.3
T0037,1,55.183084778029986,48.75186235918059,74.89054092215792,62.989608958969356,39.619346858017344,33.49977969337186,0.06767150860084738,0.09685637238134623,26.545472117860093,87.06926637724864,81.0898954496817,41.533464195516295,29.887312628716614,0,3,14.3
T0038,0,33.17509396797996,29.76313621295835,40.546105379710255,36.40554141354147,79.96936425767515,70.19177443287046,0.05867399298266345,0.07527122180298838,31.86390230702316,71.9951931057353,64.75017765916729,34.085351561252985,25.631979243912724,0,1,16.5
T0038,0,75.37951919932382,67.63964373218369,51.079506353245726,44.471244418597664,35.53009509110703,32.378833157802774,0.06016251770399033,0.036762804510984626,24.83605384973977,79.76014295452681,68.7701631582631,29.65781405240201,25.677649590145112,0,1,16.5
T0038,0,41.16406425562026,37.91281367023969,27.08757359687141,24.12784109488889,76.65858437114841,69.0066690695323,0.05318429082157421,0.0513986168942803,31.216215350299667,81.21986587082968,68.95928598899658,36.32997175885694,28.951656306780972,0,1,16.5
T0038,0,56.10553382356911,54.017946014095486,64.95991928424444,63.35495023017824,30.682897715453265,28.96944123161924,0.0169769319278324,0.020735998974192517,29.017159168522074,84.09621456175,79.73048395381917,43.34438105660723,26.786523824956824,0,1,16.5
T0038,0,36.301744836360214,32.99322899542956,29.591766554568842,27.425484095568947,63.92954597004351,60.92651354828728,0.06099485469817997,0.03805656805552069,33.66737574672076,93.36044161204644,87.64315397925893,38.55722970855627,29.829970525122622,0,1,16.5
T0038,0,36.40037943152076,30.573234197229276,20.17227866568878,17.532605759999562,45.67482322939699,38.98843829432696,0.13815516174857753,0.11296149977033736,25.085906169715678,69.66051483910837,60.32341262180027,32.77425397152341,30.048961419146835,0,1,16.5
T0038,0,21.421536518978673,19.871393176601078,69.09524147923187,64.13204198931754,32.36563437982644,28.66369602847558,0.04537843524788961,0.07042386508849216,29.830142662212424,74.84550627538957,66.45086434759563,26.76464534551061,28.64115503888565,0,1,16.5
T0038,0,45.45359702199425,42.70483986565883,39.946689741952,38.88759150592639,73.01189177738729,70.61663481502895,0.03163747606992527,0.02170297858800215,24.719957661384633,65.06852775320968,60.82252069040878,32.70805851877474,29.74792628482151,0,1,16.5
T0039,2,69.46905627435972,37.157480981339575,33.361461137557185,20.78008118879996,41.16856617367157,23.12700728264175,0.5950494157525673,0.38748254511253816,27.675083450533148,75.83251406320508,70.26176833544062,36.48653997687183,29.929875565463433,2,3,18.8
T0039,2,78.75381285529849,41.210758896430065,27.343708128570754,16.220459199020087,47.509100637519666,31.074039294056075,0.7907406681519453,0.48366328306157547,28.754883377948453,81.56354319664959,74.43415652654267,27.152708526635063,26.33398606911901,2,3,18.8
T0039,2,42.74178599968615,30.088462200209783,45.103585874549466,30.652322055256963,27.758555129226217,21.69922662751724,0.25075222111168977,0.19118193273837342,30.0597725854809,72.41293372873496,65.03502524219185,37.76889566654688,27.447224536013106,2,3,18.8
T0039,2,55.91418753782948,39.51701816459556,41.7273518508469,29.2034261878794,23.636898500450116,17.49401515433511,0.2684504616186989,0.3017632108507107,26.751307553263402,82.96990471301646,84.06102319168694,33.5428259678563,25.97431015055594,2,3,18.8
T0039,2,34.60131523521662,27.958652135109606,22.638300093376717,18.152963784739384,55.464969313691356,43.38579876187048,0.15540535924906143,0.19149139592038342,30.1088977739375,75.00605239958769,76.82768739080042,30.33635562220222,28.889440127601627,2,3,18.8
T0039,2,41.294722280491726,28.295704831477185,63.374396117896154,42.794332123097675,42.839775662098454,30.74697302076434,0.4119970852932604,0.29214092068676256,30.42888324289967,96.05695673128568,86.62618903833682,34.38330535301999,28.584866246884022,2,3,18.8
T0039,2,53.34272796448381,33.19699920595718,29.48610733661779,18.026052135555382,44.43511635745951,28.378837717470393,0.43248702584160575,0.38538466815631156,30.55354918115146,85.0237527866719,76.15911094907798,31.277453591423523,27.965358041570852,2,3,18.8
T0039,2,31.405541574381097,20.239399862062555,27.41037544035652,18.929194587859914,78.14520365593548,54.98903883855351,0.37173700870705867,0.32631498477265325,32.84970001415606,90.42612023512982,84.7304228639193,31.153512427804934,30.182254573542444,2,3,18.8
T0040,0,40.355067404083755,35.32211752487751,56.073087983610385,42.80215718228075,24.785998549133694,20.591424549902165,0.0616093548719142,0.08064909751238795,30.199706806164247,97.38446847817896,83.83011742003667,46.60859722186233,27.587701179642462,0,1,19.5
T0040,0,51.70699367015812,47.20491476406461,41.27075937070141,33.680911874809254,51.056425701133236,42.286152108604476,0.036922067641261075,0.10770749728824075,33.53501014828171,91.54484283943881,91.85912085582878,29.20551194956782,28.74284816682189,0,1,19.5
T0040,0,77.42242722395461,69.77094097396956,45.53557123365076,34.54229072468749,35.85963345650194,29.169442330146328,0.06058471309367553,0.12219709515240698,30.809662658546916,78.51454139158285,78.15225010647158,20.529109041490972,28.640964629641182,0,1,19.5
T0040,0,64.72133991681582,53.136740656935636,68.50696468957044,50.64973650614419,79.24040981765935,60.223958815049286,0.1565396073322263,0.22923409210631368,27.21778613718881,62.15100038286395,62.0400555653537,25.97682449829491,29.235456314678864,0,1,19.5
T0040,0,78.48556001273661,66.66618736041511,34.4886851129229,24.25902611657587,63.38426524886268,49.125841752640945,0.1302920656022626,0.18519696965816204,30.666047672211963,90.51371709767113,83.6759649546539,37.30270976757177,28.984350247623993,0,1,19.5
T0040,0,55.72356676659646,48.983454643866295,78.0243319698175,47.121951466681814,27.151561063438272,20.471086875760292,0.06357644614470187,0.16804901065692193,31.06748583597589,91.76355942271915,88.97750554993469,31.810491504721213,29.08463272967898,0,1,19.5
T0040,0,34.925571419818354,30.48169134268419,77.07319321824653,63.52403971355058,53.673051366967286,43.486677827755535,0.08724617442967865,0.10141379897452184,26.882083864569363,76.43378544310126,77.60119848675517,31.26091822544657,29.603558420558716,0,1,19.5
T0040,0,51.11796052080118,45.615990208384666,67.81350433044733,53.32788505725261,70.29870512643248,57.534821216214034,0.09265418640583556,0.15161487550901773,31.860363176458435,84.90875064501503,82.56519766899088,38.35471196124911,27.456925622102858,0,1,19.5
T0041,2,21.63700557583191,13.675835624609372,21.616145924526965,15.548596688201936,53.202402303481314,33.70021129302898,0.5827255885993826,0.5165441943584329,32.901625575970755,75.55885135629104,74.5427753012543,18.02820797705603,30.398867675228598,3,3,6.8
T0041,2,26.16166340903856,12.364016180569156,64.3118965412433,36.97221207995984,73.221355433503,37.597061143281046,1.1744335827267667,0.9289167204967923,28.82703649188897,67.15732387062728,63.21458578553012,32.265013609536325,28.800879071598505,3,3,6.8
T0041,2,42.96948960620779,27.54303522674206,71.40384320611841,48.90189645794623,28.421660087405506,19.449380980179875,0.4301620958455966,0.38224879126318234,24.85296575539908,67.37616454386418,67.42479852182399,38.77138131186228,27.533185690300083,3,3,6.8
T0041,2,47.70876406777596,28.09649075719603,33.66449217053164,23.772779760662065,79.60794141682219,47.50728619267263,0.6492388816610777,0.507973115479497,24.123361644492057,70.1401814533202,68.74698571167681,42.14402550399884,30.27944453745664,3,3,6.8
T0041,2,60.56903153999097,33.13429579055991,35.80935757656563,22.376488040450294,48.7328299360966,26.703558183350175,0.5301427721542511,0.5831241914871118,32.38893519307852,86.84607565566837,85.43736265892798,42.42373632130007,26.67464089775267,3,3,6.8
T0041,2,51.88092519616711,32.5685430636636,68.3919948587723,48.83242771240885,73.78280297288728,44.58275661804094,0.4344470151236636,0.3686593696329232,27.394619705706905,69.7678409827082,68.19572056686789,33.45421063125203,28.950126561153052,3,3,6.8
T0041,2,27.828053286345693,20.186008316789657,45.34102212150306,31.58575028912191,38.564596241697586,27.08735319220287,0.36176016201837474,0.3548252855919119,30.518550471620387,78.2498842311369,72.77298015924968,29.67791177584391,26.179846950301858,3,3,6.8
T0041,2,64.08220933397513,49.37116238068584,79.95559410232727,60.674498432146876,54.71313495895312,40.94952679828647,0.16566766111044717,0.21678624327980411,31.11376203752483,71.5937113618497,64.99917983117167,37.19305695907092,29.221368586577913,3,3,6.8
T0042,2,20.343854042787278,17.13470570792056,26.929152417376937,21.106918563724918,78.38363921104714,60.920239523727396,0.11994710496523599,0.162385064488431,29.70722692919169,93.12836267132148,85.53736750353627,28.65635021795449,27.125465815405725,1,3,14.8
T0042,2,67.75849139396168,52.54584082239646,77.3590561604121,65.53506274977299,27.840230538719357,21.496922445015915,0.23048796721126663,0.3186151739944397,28.364162936900374,81.46011474248186,82.07808094758633,34.74409191163363,29.02398469142451,1,3,14.8
T0042,2,56.08614055876323,42.33576405384766,68.91594225831881,50.970621149248004,24.095786333114038,18.07423065822329,0.23131832578072725,0.2352294655380444,27.74300897142472,76.15155292011615,71.00506225487747,40.58888951312648,29.07795356644508,1,3,14.8
T0042,2,31.806189409952875,22.42765543981875,42.43117428820942,29.563869507203407,56.35093371989467,37.957876749233236,0.2678398030612976,0.3726355022111924,25.956496364873946,78.90720861786463,66.84327921459197,30.553935349136687,27.322881238715343,1,3,14.8
T0042,2,50.8363151947741,35.417531240609534,71.20466856694574,54.09316143502973,56.652367334206915,40.95843257746262,0.3259286971553512,0.23695819047513123,28.820598982793875,94.27795698092231,87.08785108010875,37.53610300983005,25.744299533790244,1,3,14.8
T0042,2,71.6014269730072,55.75992023115815,75.10166062403098,56.93757586931216,21.262632827438857,16.6469274624221,0.17025130926455387,0.14727633941138096,33.08041562045508,91.41257874922245,82.77557533902781,41.43824144241474,29.049311496137495,1,3,14.8
T0042,2,31.233837565391084,22.250588426671047,42.103036253528145,30.615629830814687,36.02547659824478,25.56575082760152,0.2848877746937405,0.22705745433663713,27.92416850217054,90.35320760320288,81.01614760873136,25.035068160701996,26.222256997596364,1,3,14.8
T0042,2,27.584704618510337,20.997872704337166,43.67420061729862,31.8781429122055,43.209370736463754,31.70655025666397,0.21824917777832215,0.2623712569711512,33.838946637761666,82.05295380766138,81.98574666411628,31.460082706020884,27.51253562947209,1,3,14.8
T0043,0,41.67039862506142,37.68785451228163,59.478137869659285,53.92200554599234,43.34283192962981,40.23337950172442,0.07675996408010351,0.04848109268087805,27.270197123445858,69.70114176622117,61.519426488903335,33.50891918610691,28.711903758578153,0,2,11.8
T0043,0,29.458793894728515,27.162720178144028,77.17679084148871,72.74765282586831,54.524188000204305,49.99771946132256,0.0570264289997223,0.05864993866686459,25.321429691813385,92.40503528683769,88.86133321127053,34.666360421466024,27.421619196528543,0,2,11.8
T0043,0,37.892947362226735,31.818794301274185,70.4204826808135,62.68484116878063,52.174132101325796,44.89182386726537,0.08860596253887137,0.06863163391672575,25.412594759060934,75.01952649015739,68.83615576488523,39.532446262919855,28.241824211900006,0,2,11.8
T0043,0,33.454060896753646,29.375137355367208,35.648644262616266,32.926340969959746,20.85278177447852,17.977931292049384,0.07984748965763282,0.08729303399882776,24.792195510730973,98.59458962936759,90.63101277469886,26.284780002225887,29.191594684762,0,2,11.8
T0043,0,55.349494664548,52.007585921933746,32.68826802522915,31.207595598709293,65.89923072807488,63.98448933688694,0.04291707843928375,0.02665161699353868,32.982358297697175,74.41369620902529,72.47724904459339,38.3752010978595,25.97578986702382,0,2,11.8
T0043,0,29.691315906218755,26.38358304485153,55.962678063328845,50.81082309659881,75.73642615228039,70.69534234499545,0.06883743070529263,0.029387647738366444,30.5819374532988,97.5713127654663,86.73818158636408,26.186282265954812,28.7394460083158,0,2,11.8
T0043,0,58.535488230505955,53.1729871049559,42.165457085268855,39.97198522034217,48.36119998613583,43.609756174256795,0.08068029796977493,0.08554718457110995,25.342056267053643,64.23818228948912,60.30921772032794,35.69569962288845,26.69964066373253,0,2,11.8
T0043,0,20.208915421076703,18.117483648130456,32.76749552249065,29.9329841121818,30.811650422537,27.144719726783812,0.0869576995158128,0.12951858061690724,28.183895546635014,79.18831083142787,79.30172895717087,29.62120470772095,28.490400295559102,0,2,11.8
T0044,2,76.82375851348573,50.6056295194015,79.99862122506165,54.52862380747868,65.73381581717123,44.75308492675743,0.5159097559088559,0.5240195517347352,28.801424688287256,72.9994670789272,68.78668808519816,29.61720244654629,29.994727301663247,2,3,24.1
T0044,2,55.01844049008856,42.50831686828771,56.19120158436024,45.359592029579915,52.710718559586425,41.19020421372786,0.21557392375261294,0.18891022935872331,27.32244515402088,81.69158705167649,76.07289317788583,31.282787887725192,28.991481972941024,2,3,24.1
T0044,2,42.97633912482673,25.118803929618966,30.34186289506375,19.14023103246558,26.654503103808153,16.6495778974742,0.7108567184563019,0.5300927425700611,29.124803622670274,91.57456045684374,87.85240337288138,41.72059602374233,27.45639625449686,2,3,24.1
T0044,2,23.27823195985156,14.889855455327591,26.74219244556147,18.73692340476806,20.430266303136197,13.702944656298964,0.38293737155405405,0.34231322222672816,27.33635037126335,95.40206290407579,90.7690637613164,34.47459892327493,28.856402144497977,2,3,24.1
T0044,2,22.198096508212693,15.353404225773454,58.03282817817634,41.206497863512574,74.37088194488683,51.675178203219396,0.33978815890288927,0.3445207470896206,26.211614192073046,89.26248560172095,81.85845123704895,40.54344152424309,28.750652996490217,2,3,24.1
T0044,2,28.743185704002727,18.08577156798949,79.86147835758027,52.11394364849249,57.079167255292205,35.631781031043836,0.3407144375974964,0.39413067646219646,24.756594626250674,76.17960345679955,71.49690707187968,28.533384729573704,27.355637782763658,2,3,24.1
T0044,2,79.13814275083129,57.722904040270016,66.71646815756478,49.51484041390728,23.911067477517843,19.059333204769853,0.24983557783086432,0.1847112837817698,32.21191808190761,82.95794522778316,85.95794522778316,37.2951429653982,29.98281169960154,2,3,24.1
T0044,2,45.04016241040409,29.9363797104145,23.31354658131484,15.871480086106086,76.8618992879203,51.89288617605564,0.39241549434752654,0.32749794592484804,31.42233071024427,85.21551096866497,81.37354337498051,31.455068450614345,25.744668477629215,2,3,24.1
T0045,2,39.027860830231994,25.74678989639155,62.015383932339546,40.38118914928809,69.18694973959035,44.55362913495974,0.48551478728586744,0.4829335408128014,24.025786104865862,77.03128599879271,75.90148903204629,24.436872167299768,28.14115534888221,3,2,21.4
T0045,2,42.071463681824156,31.08292966020079,57.9505097692188,42.134403082816,50.702130342419636,36.716491583047166,0.2199717266255216,0.3363814543842051,26.142558229334618,92.13733136633962,84.37637137030666,15.901712520878732,26.369362700327457,3,2,21.4
T0045,2,49.837161452660396,36.2946799596972,60.39320162500507,47.693309056389246,42.442763680550456,29.856986934898874,0.2443328768027969,0.24663703414437366,28.01570953803297,79.23987279286642,74.97577492407342,30.67124393925005,25.65858576405444,3,2,21.4
T0045,2,50.56848110775526,40.552095559941115,30.8571569648776,23.90030078756908,47.78092098417978,36.296438734442674,0.17956064346723702,0.2625567652304123,28.0835419541933,65.76045006908586,67.19331525977827,18.170331542253347,28.83065552327205,3,2,21.4
T0045,2,71.39690854303706,47.63157370833146,43.590601244251786,29.71742888261583,27.072528245417594,19.24284873139361,0.3342034134204179,0.27376090043456974,31.793416509802203,83.84577503709446,73.63174715435815,32.82457855004214,28.500147208714743,3,2,21.4
T0045,2,74.65108094258176,56.651225700906,67.20672051266203,51.951079524846975,54.966914132657585,40.74329233086956,0.26619367947166983,0.29578162112504097,30.54935326842356,74.14469302963198,74.02118179837586,31.1325907613594,28.723080150618294,3,2,21.4
T0045,2,35.2826137433087,26.14542397802945,36.87280361556074,25.163929773596806,58.089656752691305,40.96157721383004,0.2357953841138359,0.32883592146765184,32.11846846148685,91.18065961027267,87.41914168331715,33.86545415038132,29.137785261772997,3,2,21.4
T0045,2,37.6793653313245,26.685745430328094,50.29488423023854,38.270031135519126,33.37935693910363,24.292982138062055,0.4478068994304952,0.35309324957617866,33.77747867643296,89.46002239349474,82.12536297695195,33.91747372234462,30.325671991400043,3,2,21.4
T0046,0,61.16546427013589,56.43862783042337,66.86200445314535,63.77504967169435,40.365514937200494,37.86192812175754,0.04840267637740438,0.051013834729019054,25.768488681070586,77.61253253836321,73.19775646778272,36.4876533729313,25.65305304780118,0,3,15.0
T0046,0,79.27224330468343,75.72186184887207,32.411141702090916,30.142605344404682,67.41651602445421,64.6968309004083,0.030167717659694348,0.02348811497064464,29.887870315604907,87.46078731483088,82.44501958554815,33.43795217935375,29.521756346806253,0,3,15.0
T0046,0,55.99207068965472,50.81710082605891,26.42423436989697,25.282271071239688,36.599843855989114,35.44466227147159,0.048563373979220635,0.01718821467783486,33.67156644016167,88.54651972532677,81.95160501038455,32.20166172146946,26.931798111786488,0,3,15.0
T0046,0,27.635457097083588,26.514468139293115,49.997447611256575,47.78099995819616,64.78033540897346,61.60648595906142,0.02516439899153388,0.02412841234768915,31.031854149056542,79.45996815673628,77.50397892487345,24.304732221776078,25.586465122073914,0,3,15.0
T0046,0,21.76457615739037,21.514361659430634,39.76473296670608,39.35983529031039,62.508807122759194,58.886943082457755,0.004725360800281627,0.02938600371281466,29.88766699620218,86.21010708133124,82.21494591001573,36.90816652234263,27.298563288357144,0,3,15.0
T0046,0,41.538356826985634,41.065214499314784,57.417787942605415,53.91210168544488,76.70993104758408,69.83667144776355,0.008278934281199074,0.0667642886751525,26.193456358189767,89.88343877675489,82.5961841513701,27.79524433448635,30.273866647738522,0,3,15.0
T0046,0,45.690031484407115,43.98610653499383,59.09715124739492,58.820595979019174,43.656552150027146,40.600111054878596,0.022732402213441846,0.039624372965134234,30.18809928972935,91.15318824008037,86.52412454004111,26.28493059143896,28.37959638161383,0,3,15.0
T0046,0,32.889161883529724,28.96913737139915,57.37105696583289,54.31481084925728,30.061472868167428,27.802934334737287,0.10138814551226251,0.058988335740802075,25.937714715207672,69.39176335787933,65.91945903215688,33.11729517414881,28.48640435387742,0,3,15.0
T0047,0,29.646122276155637,27.466168163013194,68.84786964593766,65.9018668495109,50.617236150581746,48.600541624231205,0.06441040797906232,0.026127401045854055,30.139458631384507,90.03974509101245,88.37550886931737,25.346951712276386,25.936426949237724,0,3,12.9
T0047,0,78.37015689908222,75.05942861032902,66.09903409056696,60.688819700412004,32.119329796482816,30.172711393918526,0.026127536423827178,0.037606547860066564,30.3699038149435,70.73742278912304,64.80076150751414,39.029147055108666,30.2357073340811,0,3,12.9
T0047,0,36.683508143069055,34.834276542993194,21.558653596793647,20.834198791123228,66.5393002210353,65.95336646651356,0.020003259720977797,0.004370893711285689,32.57280266349485,79.81310384360718,77.95764547724647,26.39797529349259,28.227458228370967,0,3,12.9
T0047,0,35.81766315614264,31.432051604898106,76.8444856341498,69.23664330895487,44.79083437613567,39.36866094026619,0.09102076320992684,0.09904178236292416,32.40084372648133,86.0835493991751,78.81290585658157,44.41622690977333,27.935541234194957,0,3,12.9
T0047,0,30.220224222655425,27.83771152894882,44.637269527058955,42.87745868819613,70.41593282383289,67.73420002100002,0.05754538272324556,0.026890611940278607,31.295290373491056,91.6325245113224,90.78771540770819,35.543858479981246,30.15576167733232,0,3,12.9
T0047,0,72.91715130536932,64.64819167993316,58.778973567735875,53.30031626171939,33.98235323591498,31.535743671716503,0.06808352774561532,0.035610423896934015,31.15232829954771,94.93628386431153,91.29595275397529,37.24259752433717,29.279687084757075,0,3,12.9
T0047,0,78.70728982871024,70.1805222213701,79.34405080464396,74.32236257847171,32.62958538630234,29.510728590003467,0.07260605535338288,0.07686263377732919,25.56596049520554,67.11016849454394,64.07990691092994,23.69233431179412,25.884541652527073,0,3,12.9
T0047,0,51.73981586704161,46.92722959056628,47.12718754564074,43.857346777959926,75.8932796012387,67.23691712232615,0.09285539462769064,0.12023364194422086,25.259207014864373,89.84279966599604,86.19716875656505,35.449351507483584,26.398410076898177,0,3,12.9
T0048,2,54.72468794711642,43.87077849878338,62.62996979890429,50.985663677351155,31.72249983835787,27.120995349037674,0.15311586873754743,0.13840429357513834,30.008581214567727,81.91709786291244,79.27023746342981,30.77462972136772,27.28086385717705,1,3,19.4
T0048,2,36.95576468246085,23.51467596019358,35.55752056136878,23.971197813674415,37.002755925203864,23.574354828198633,0.5844637633387311,0.46614037402896985,30.985143678678206,81.91424268903528,79.48112286040845,41.66659818154996,28.524122790380797,1,3,19.4
T0048,2,40.68644815491024,22.98976762926971,43.49086490480788,28.032842225624222,53.17970721846173,35.342905761934766,0.4039381309655416,0.38454145901133485,26.557117536018755,70.2229224494867,66.60557685034264,29.078833320514757,26.61172590556883,1,3,19.4
T0048,2,52.37002059931056,36.70432173879475,43.514852439266704,32.8186721033488,35.27988148165356,24.918153852122543,0.26534366284353755,0.22518523202917323,30.72023113212752,89.32554062363785,82.02001961907803,33.58853518564789,28.04783758880831,1,3,19.4
T0048,2,32.16220165518874,24.17730683477697,21.31860073646117,14.506762502206161,78.85418408762315,55.35954005340698,0.29605676997048863,0.37945593818254625,27.990944997721634,99.0,89.71531642313064,34.59455805113157,28.465541544489177,1,3,19.4
T0048,2,44.864831745492914,35.07707206666176,68.71803932530901,49.79990736844453,38.63482295463913,26.958423869123212,0.3518103650124399,0.34783498327119866,27.70621620210435,71.79037944011816,72.72836987463279,37.68681920382666,27.139819177028986,1,3,19.4
T0048,2,51.202958719645295,31.506962579634262,60.10531497988103,41.71070947186012,42.372528292476844,27.651137578401137,0.48373976480086245,0.30705790590259024,26.679668744568026,71.24576481233593,64.40173176238628,30.867337107134873,30.289862206709145,1,3,19.4
T0048,2,66.01089157447734,57.07420919742493,34.9700118219965,29.19627848827425,65.56931581811165,55.39424681811583,0.12295494915705359,0.14174370337888073,27.64546848760443,98.71426290364087,90.20377375206334,28.277355763809474,27.33356258145605,1,3,19.4
T0049,0,48.350005296825174,41.39726091442385,55.592454370082066,51.08672295753085,43.60063954401893,37.88218020263902,0.07675799710946796,0.0660028092606259,25.946084008037538,90.87862934452718,83.39879515514284,31.60612073084254,26.02853814510051,0,3,11.5
T0049,0,40.669773124736224,35.269519183250154,62.28754055677649,55.63846701953317,43.586796980551355,39.93117789988427,0.07516667167107915,0.04874305429706447,28.011012572201448,98.53056244344448,89.27804837665768,24.750320332004836,27.82003432067051,0,3,11.5
T0049,0,38.3497493398896,35.39988771803654,45.71585201333822,42.05073880592568,22.19253194477399,20.133744871373636,0.05156959607069586,0.04876615056308375,25.19433086792306,90.72596847150986,82.13606507669273,37.534734399417246,25.816839900253644,0,3,11.5
T0049,0,26.571483756924348,24.984562160534644,44.01611312891554,41.238558299950334,64.01129526655981,61.16708025576185,0.04933989234644485,0.027732947852301584,32.66933834852272,76.23411652813229,66.8540040460001,35.41481865120513,28.332618350178567,0,3,11.5
T0049,0,60.480150875346425,54.5151853693468,26.931271620556256,24.694988413899534,73.73247198874543,68.25940266875654,0.08227887116128689,0.048534525413669566,27.547936072393824,91.19732717459503,86.62343277448323,35.04264818649971,26.358978467066677,0,3,11.5
T0049,0,54.58688118321333,50.51041038617088,63.38963564329104,61.242293356626504,70.18427197624408,66.31733275541853,0.054592713216753234,0.04083705501071516,28.84616939094516,79.40491376149511,71.93253843060694,31.041967503065113,27.614836377311136,0,3,11.5
T0049,0,23.651754992342077,20.094543322435573,52.40483409730065,45.61856129554571,52.839668733062084,43.84727849855457,0.13599587363729196,0.1360049977923982,29.663533783813037,69.92996034116621,63.46632557561253,32.98134806837161,30.41322376168329,0,3,11.5
T0049,0,37.66284315338127,35.609093474774184,25.32860520714471,25.52573868982312,69.66289428472402,68.95218051086653,0.030586976043479833,0.005341548261140629,29.03788612650468,64.46413456801112,65.42250174742972,34.45010947664982,29.78411167688472,0,3,11.5
T0050,0,67.91667476853812,66.66485586690173,76.25194668875228,72.89726472252724,30.3302664661773,29.049304534339363,0.009330806674699673,0.021464973482689827,27.426810184371035,81.1741508883141,77.64710784933256,33.190155003913006,27.038960038077825,0,1,16.1
T0050,0,59.343528363987865,58.106596127780065,53.0858556372532,50.13467496332802,75.15396177816622,72.25652240310598,0.01991929798919376,0.030402444733728204,28.127548510363862,93.17247875251438,87.63902463705874,33.162256796810944,28.79198329657535,0,1,16.1
T0050,0,46.95758350830853,44.17446674863375,36.81863258210799,35.74176455594593,68.64229303049748,65.16351552180653,0.06002977383705366,0.039313872892771135,30.53245677292421,81.57254240761166,76.11766038520568,30.114095424598197,26.371254213656087,0,1,16.1
T0050,0,29.571436033758765,27.13746019573681,74.85965745723877,70.50327176307414,53.39971444173477,49.97376057623653,0.05305401072976569,0.030779632522013763,29.506517276604026,88.44848362069796,84.75679278654337,31.56285766743833,25.591422705351416,0,1,16.1
T0050,0,53.73365327729401,52.795220379368544,75.72239569324623,74.90652258346887,29.76866307059349,28.728295798877138,0.008422801719677601,0.021685350883757462,25.619363533783897,82.06470236843947,79.15962994010064,34.727726141404936,26.028364601809148,0,1,16.1
T0050,0,33.84035245935547,32.53350882589734,26.682985371157287,25.205026715461308,76.9351666921101,73.46133008758513,0.0324846043236633,0.027817906048066394,27.656832033870046,98.4035696603326,90.96435434174722,39.65287391464706,26.78535024023624,0,1,16.1
T0050,0,67.50649524231149,61.56710847767812,28.73585829701188,26.92735917164717,60.66042396263242,54.88965432534351,0.045555373173310106,0.04467591334873819,24.07463820411768,80.31351772024482,70.05231277113741,24.394368387627757,26.99983216248417,0,1,16.1
T0050,0,77.04871059546099,74.19117632013194,51.47448999628005,47.71513702750119,21.354639376693754,20.00330091413522,0.016548912064007316,0.03290025754187269,26.438321193764974,99.0,87.74709809537636,32.76420382788938,28.608647935186333,0,1,16.1
T0051,0,52.180318183240566,40.45449947688212,23.035664773946195,15.820694519549683,37.93746585307525,28.677735637433784,0.1294754405939836,0.18725002650888004,27.61925487775528,74.58348087510143,64.4850698968945,25.13770533215427,28.810962445640378,0,2,6.8
T0051,0,56.06301887212647,51.06904452270292,31.767801178567034,22.564350201446164,60.77263131704639,46.68400502190713,0.06122481917689677,0.24052561693535734,26.22363102940453,89.36073082953241,83.84669958080747,38.14045866468973,25.746438731928606,0,2,6.8
T0051,0,23.443947549233577,19.921372223319715,39.1636092894421,28.766041589477503,39.285288497878895,31.85416120296936,0.1523554855183281,0.21659869785782804,33.05585101950132,82.33144274796568,73.1564582456312,31.46735792373468,28.923904592211727,0,2,6.8
T0051,0,79.52768938044385,70.54291875308458,75.42064243941503,65.1113510758124,24.553930459361432,22.199333841787798,0.0750774972470761,0.06847485708387509,28.60269344136053,88.1164117459467,80.63563413927838,34.31491080723187,27.784388037424222,0,2,6.8
T0051,0,66.61260095357196,62.13844839537179,71.93099637946807,65.87811224898779,34.77411456102246,32.014431447856865,0.03919193851200414,0.034368473597209064,29.969607055405532,95.95840842127734,88.45607680263736,32.17834797097413,29.4054522179129,0,2,6.8
T0051,0,40.62026487708603,37.802638560618675,48.67585303738758,37.326928859896015,45.201784350989115,36.91338048216211,0.048637188056267835,0.17455693903416267,24.319294783208875,91.70357553918058,86.40683403677774,32.210903476343056,25.69432817767944,0,2,6.8
T0051,0,65.04215305615047,62.11341542201504,50.40583638021396,48.591258009223,75.52177257520796,72.52606375698744,0.016824125642215717,0.014481680484954827,27.501790180278675,88.17596663402111,83.00166651319432,28.766158950325437,27.29607343007273,0,2,6.8
T0051,0,54.040320010727484,47.655210525505744,44.08896066339048,34.31912909863297,61.64398575243551,51.20319597262052,0.07555047912158508,0.14298411917849016,27.632381786478668,71.01252932971848,67.14732470445665,26.784944547616085,29.393718569310366,0,2,6.8
T0052,2,53.90406699525278,30.022105530477564,24.744030287816464,17.16462512932531,26.174178453418158,15.14864101286001,0.734350278881826,0.6801135864669039,26.380313595939462,74.50127058331209,68.63963959517307,28.627114537127806,28.896174563742356,2,3,13.9
T0052,2,59.55585842135939,40.877054920845794,39.70568620728516,28.35327450940935,69.13003192556307,47.16482554450276,0.3857233086198935,0.22911645984567036,30.757637576855416,67.02010795940045,65.7477632542449,33.319180273659555,29.775349651269977,2,3,13.9
T0052,2,21.4185871107341,12.613277131645656,67.31146902812694,44.4512995949834,74.56810375576944,43.941724435394285,0.6568915151773919,0.6141073451237214,31.44340259012654,75.0507249942293,77.90370415581518,33.64358361596395,29.61508441436661,2,3,13.9
T0052,2,72.55071923955691,48.47988943614412,63.28037746317559,48.40817851761118,77.41356666929136,55.037559895775765,0.16508652509803676,0.2896972378491708,29.86401955537933,94.59402797326038,90.80280411247696,32.87375163164921,30.251699235900432,2,3,13.9
T0052,2,66.72744848759619,45.58073874701547,55.813622088428815,40.707995991104454,68.5610871810947,47.82868150410695,0.4656243791448985,0.46315950712033876,29.55621881191918,63.739861485804724,62.88630262425991,44.38993956595237,29.486606236742432,2,3,13.9
T0052,2,55.75763659646707,43.39384197543338,24.053205903960198,17.871306978929223,48.37874511032403,37.03261754593494,0.26743499126991965,0.23397297631113442,27.909598079682247,69.33928966581709,64.79814966166063,31.79118079663688,27.5310705700422,2,3,13.9
T0052,2,49.98211158177701,29.593754293556216,29.177698350249663,19.220931596477197,22.86677302849528,13.874147987348932,0.41158350826914464,0.3825182481855435,30.483526657096455,74.58252694281923,77.58252694281923,25.88038664373684,29.38460951255212,2,3,13.9
T0052,2,40.66866220948624,24.62489908379212,76.85861236885765,53.59841542491225,34.335362767539436,20.736055916048475,0.5951732265606942,0.5726667204024304,31.835892709655194,87.51246915011639,82.60441215396828,32.0138489133328,29.567626557172854,2,3,13.9
T0053,2,77.76844565370283,62.20461522751839,42.79982782656818,33.33307992340543,41.03599097167248,31.228274638563054,0.18088904720450422,0.30192431167833655,28.313043311199742,75.45109404150239,68.4461956096456,47.73700369207453,26.906268070957893,2,2,12.1
T0053,2,63.39730014891223,48.52052704755657,46.91772850770123,35.3669929097926,29.473665316196296,21.70397713334637,0.17456834416888545,0.26212321435501584,33.61540870492199,95.49324284249126,85.90495861788871,36.593101747961455,28.005734199664804,2,2,12.1
T0053,2,50.328931234865195,42.87852500432346,39.1619614104322,34.747869783875714,74.77566850448451,60.47635082375364,0.14518751969092245,0.16231576368010714,33.697492267415925,72.70521920212862,75.19173573463038,29.8593705516872,29.829819970852064,2,2,12.1
T0053,2,64.91484578665295,46.51047615787478,36.858683109784096,28.381366598063014,78.60570426898832,56.3479740483619,0.21697020765400452,0.20892436887290813,32.274371637879604,71.73254060086994,61.80918086950652,35.8005146550314,27.432882976386576,2,2,12.1
T0053,2,20.53281159598693,14.702298324238576,62.32719325636787,47.22274900030263,27.097617347936044,20.805873994895272,0.4106813688898069,0.28615508721229793,25.8052296268619,61.52281897387705,64.52281897387705,40.948268179936726,28.9800374110501,2,2,12.1
T0053,2,49.13008642057536,35.22401935331902,63.36979494652371,50.35526828162351,51.44053367712691,37.742087470786515,0.4378547111330803,0.33373731925369654,28.48741399145682,86.22563083997503,81.89286198354688,33.469408741346335,29.634911019389907,2,2,12.1
T0053,2,41.89017742463638,30.49433815977735,56.43997734466064,43.62143547459138,38.455406865315794,27.919337384275476,0.2923656901489318,0.387280348946784,24.791320297006493,77.23694593330023,70.76695730805527,24.098860648207705,26.82404368658667,2,2,12.1
T0053,2,75.0020234457179,59.10480672664775,48.690167458150945,36.48012404907867,67.26535541723601,54.542933761029836,0.3460571367298041,0.2913774100900065,33.92269928672329,70.60533423345616,72.57558095203004,45.60288639247405,28.515651125891072,2,2,12.1
T0054,2,25.58462968115377,16.23939033669248,35.97800706347269,26.53126558467188,69.19821593814385,43.14516687448633,0.6146891039749519,0.5850290373745916,30.639572451074425,93.82589845103972,81.65997547752994,31.2012678721234,27.62248945345553,1,2,15.3
T0054,2,63.817416078974965,47.02014246745731,63.74424328478243,51.24607335360117,32.09117479632469,23.308426983029303,0.29913206257670716,0.23189392896956637,29.41510560325005,65.65396233951083,64.20844565618003,39.34026701806084,29.555873455145687,1,2,15.3
T0054,2,40.92439690116389,29.502757973332514,71.59438671745008,54.03840310653094,77.50866884560733,62.01591670114704,0.310741805515605,0.1378464104054486,33.84255117289929,71.32974108302349,71.67317573735038,33.0461913506247,28.551044033322043,1,2,15.3
T0054,2,33.66764159922832,21.93828207510036,60.5503407221151,44.50701694996772,22.990612642072485,15.645158016919318,0.46297720218124455,0.5139846086387316,30.495672790822177,69.97368966960094,62.9965697455047,43.682505089434,26.692185934007465,1,2,15.3
T0054,2,71.9497572519495,59.336358331321364,60.71873613179308,49.192058204603256,54.69850711512041,44.56267573977519,0.1811363444040614,0.24248879577933188,27.677531005947742,64.50186184507612,63.610890986155376,39.17571419079353,27.486353091445334,1,2,15.3
T0054,2,45.62128891405869,38.65385445577773,25.98967290889759,20.845776690377818,44.055582959389156,35.21473836160488,0.1312630032013798,0.18398651160146304,25.24607165444381,73.83402453801371,65.20106202294099,26.015605378835406,29.268166404016807,1,2,15.3
T0054,2,49.94168850694331,42.79692726286917,29.751575181294847,22.68610753912998,77.74279301815514,64.52834608424921,0.1466082372342628,0.13597821857303616,31.460486256706016,84.66681292780676,79.45952229781082,38.42025326667984,27.261396148133755,1,2,15.3
T0054,2,67.05183526057553,52.131458612617486,29.731026697762616,22.767114118217474,78.66256735478729,60.403919181291684,0.22547246673696728,0.2848559907533149,32.43254363112233,88.1637941464218,80.0266852898043,23.89321531274595,27.168098047462717,1,2,15.3
T0055,2,21.737655804877903,15.688334655950202,35.179272686533274,25.686596537207013,42.44021048717842,32.239861150286636,0.24572006852170405,0.209986321616985,27.90313670566551,65.10111723697568,62.10948444850102,42.567878614650716,27.85422746799587,3,1,19.6
T0055,2,26.783158761950325,17.596570080453745,62.33611936769816,41.89453469166029,71.0110476224535,46.92476647080125,0.48093845494363163,0.6351928598724002,30.240779665293417,96.31169258071102,86.51570166774401,32.04847651848637,29.072266180036188,3,1,19.6
T0055,2,76.98470856377074,51.78525756077917,79.51403242855535,54.808500029888194,48.58413713677317,31.58460781978478,0.5774336130275767,0.6375485893864099,32.52890884674643,99.0,89.038474138749,38.93884581620381,27.93972243414542,3,1,19.6
T0055,2,25.689380078236702,18.087717444443108,67.28344774282763,51.967291776173454,42.10435571431657,29.31435715582935,0.39499931397112464,0.45834328049976186,32.725361089699696,81.43152646413647,77.93719146452815,24.57180251313344,28.349924709698456,3,1,19.6
T0055,2,66.59977333549656,46.52069877017753,25.73024784393167,19.377266734001278,64.42165452232544,42.67592424281258,0.26829212282315484,0.2709624190972746,28.65397660104255,90.07999097432457,87.00175977904543,35.05089650431464,26.178208843379313,3,1,19.6
T0055,2,54.71362253652904,38.65188517080344,38.72271699801914,31.792929022576093,23.229524146496697,16.051104564832453,0.24048556435502633,0.3068621783497101,28.698068178193893,80.90329051854506,76.9644672553742,33.80315014132002,29.680627080592625,3,1,19.6
T0055,2,58.9225092027052,39.3471500680284,56.34678274723362,38.483860337981284,24.192821808906324,16.706381397796413,0.392504128918315,0.22583961605022887,30.302546641591356,81.86238329827665,78.46551931660542,31.4999789279436,27.734870011632207,3,1,19.6
T0055,2,79.92522834645277,55.59115295254732,30.480637569288735,21.787053768048313,40.133461842491556,27.004881528531577,0.23350534260878358,0.33989897912741174,29.127636307303778,88.78658266567304,84.41705387108452,36.814215320476535,27.82256434375034,3,1,19.6
T0056,1,59.8855201413931,48.62584524514208,59.73215805789649,50.857606055377346,51.509884694993836,42.26988321810731,0.1140884219495941,0.10557250272973483,32.17757994014832,73.48892810113284,67.67110499921421,39.258430148422946,29.048002297493596,0,2,17.7
T0056,1,22.057144043208506,20.32601818697724,54.1166610784024,50.490943750287286,32.1967533613344,30.563539092802067,0.07202452455425558,0.03307831388930954,28.89980562300543,62.53118230549824,64.05316332515333,14.420399784855839,29.407115142735886,0,2,17.7
T0056,1,53.78433938851967,43.807664821670464,76.89920359075236,62.7599011508098,62.330975656264165,52.33495794961353,0.13819456504886596,0.09687611135864538,28.40608224189528,91.24444216427602,82.03734667037936,29.096129785252618,29.05436587646429,0,2,17.7
T0056,1,78.40299180310868,65.82155718584734,72.63435576649968,59.651895030109756,21.515112975774635,17.981922028548983,0.17090688133016455,0.11553448329934696,29.426888375412616,88.76127115951397,76.85106444120169,32.60480080331964,26.28628729468511,0,2,17.7
T0056,1,39.28974513389356,28.568081570710586,63.16034392899975,51.94853517028537,77.97087188734145,58.36606933295148,0.2154791990978214,0.17870920585220795,26.35610234597815,69.46338167062726,66.4420219212414,24.772045338582522,30.495297173675127,0,2,17.7
T0056,1,26.479586878943664,22.559504640156092,78.61714246358466,66.73819224049527,32.73003795296914,28.165272949641576,0.15183654058113183,0.1176942360849489,31.485914124647238,72.81130756679947,68.0693516431408,42.47316026999748,28.682641288413848,0,2,17.7
T0056,1,73.07390169927122,62.543508251332824,41.635252829724976,37.28505902483133,38.3091758515156,31.774821231743182,0.08314510671823983,0.12796634204853188,26.067039995960297,83.52892375271662,78.53909102030751,33.603928850528604,30.081639079669777,0,2,17.7
T0056,1,41.29144048086194,34.67897851120482,71.4462320989997,62.379681528116095,34.149573617085004,27.933806234423972,0.09271834805846328,0.12963051588536864,24.31783582143403,79.90790524128373,76.35198126597153,25.507552550062115,25.943059968774982,0,2,17.7
T0057,1,60.47234907490915,43.91447506762367,60.50113165225717,48.719731516817625,28.41042463965432,21.20698648968355,0.2841866669720557,0.24190280473337405,30.744714352051627,87.89579310625581,82.35398229134451,29.392980924620726,28.62679070217335,0,3,16.8
T0057,1,27.197337878700942,20.952162998166713,24.41499937711555,20.25785546129821,62.78736789101676,49.76053299964394,0.18489242808755865,0.15690217341837256,29.567037351417046,74.31773865133594,67.86439892237027,24.400408174246987,26.62265408965758,0,3,16.8
T0057,1,63.627419919028945,38.70392582822339,52.45661725126331,35.16463716655923,51.75837224601577,33.50678501573951,0.45381703109955335,0.4181789249632107,32.096883078082264,94.92758924843375,87.33202424898484,39.38434375194988,28.95181155976842,0,3,16.8
T0057,1,55.71960534166238,36.64701373718816,63.46830998438165,48.540845990928396,30.076899915456615,20.868322681906207,0.42621754857411576,0.40433454214003556,25.82753338438534,94.96658427344424,90.20111205108253,37.92405784089602,30.24862913297376,0,3,16.8
T0057,1,37.72359703376665,32.752472290401705,63.4462450001637,56.28835658606206,28.761897480796733,23.901797584333085,0.09164582177751308,0.14025954058342643,31.84715219575033,92.73674376326697,82.4228025685879,32.638465398749105,26.00457515520228,0,3,16.8
T0057,1,41.65859823538062,36.063187038980736,65.57089666872878,57.77492498507495,35.83833292952136,30.027444801876563,0.12379424973095118,0.1677992208764382,28.978094277362324,78.68608122296158,73.71670411160966,25.401731380187925,25.88025780409658,0,3,16.8
T0057,1,44.36177363783192,38.32163657043771,54.39868344285823,46.38646541068655,21.667045754429708,17.684321116646544,0.12110948296357299,0.15920373380657982,33.657894904415315,97.70760485901305,91.86460149997356,43.78165630437017,26.949528535483548,0,3,16.8
T0057,1,29.18955095207922,21.25166462558828,33.216889118513734,27.816819798930982,23.888461934625596,17.343773522421458,0.3175565660515112,0.24653271930400703,24.054883961345904,87.40240315591407,87.42052932434282,49.44414175164023,30.389474112094575,0,3,16.8
T0058,0,48.92118600237414,44.47746516285954,42.27443179648608,39.76419979634537,56.3499772684828,51.880981871676305,0.10567544579629488,0.08276976277257063,30.126158294341717,92.31913739921414,86.02345329953843,24.672448383017773,26.701259968876393,0,2,13.8
T0058,0,43.024882773763,39.73596617745065,54.5718550653109,50.45949973498587,58.60314518199432,55.572959802638,0.04974488158807527,0.03037655158711852,30.07178014086847,94.4473180583555,90.07615426733777,29.782517439017422,29.463754141049236,0,2,13.8
T0058,0,22.261381742903005,20.91867881919717,64.20018016389722,61.68729638185486,37.51661047708594,36.275711850965784,0.06242457880399869,0.02632741194897181,32.94232583228465,91.54039848149223,86.8168081150534,27.408727732471867,28.155027159558042,0,2,13.8
T0058,0,30.862212666395422,29.457511802903603,51.00629956586631,46.87454680047757,59.64987782813495,51.872553781934734,0.02407120964729234,0.0878433900586826,30.519604429976628,90.63853966154025,82.19015097913204,16.270076468574928,28.084639327969953,0,2,13.8
T0058,0,44.21952621795006,43.52111790909109,22.914604269791457,22.25321344864777,56.45250659724968,55.74293870441234,0.01223910905373025,0.011952843355314097,26.144495114776802,72.62641295390492,72.01802912800453,29.7914773442806,29.15668774821882,0,2,13.8
T0058,0,43.973262499963745,41.846041519647834,73.05520192852266,71.91676047273161,69.18572475307573,68.33888672017483,0.03961645572694462,0.008975973827482277,32.68500161961743,81.82262877015884,82.08922135458965,29.341889559560645,28.168911596644495,0,2,13.8
T0058,0,48.26281112268533,45.685196939982895,71.03242324768871,65.70238188887882,77.90701169767905,72.04862312284413,0.026827836968186466,0.03177562241246822,27.858609761067946,69.41207183020482,61.485378425321784,39.68774213701823,26.5606698771151,0,2,13.8
T0058,0,59.54800598707371,54.211587055145834,56.75728872761292,52.496559384141264,51.1112603361251,48.74840749381096,0.08554248824998424,0.045694395682432096,30.394439539862674,72.80055057670023,66.72221270590094,32.01717545556238,26.265684263439358,0,2,13.8
T0059,0,27.358570858273872,25.184920660857205,58.78696325173568,57.783179987494464,40.75226139413212,39.09997733909147,0.07797679035068128,0.038189713805999864,31.861504387832447,68.3592080397173,65.31744603314016,36.252857091932725,29.829988867509883,0,1,11.9
T0059,0,33.52905118037298,32.558059051172954,32.126006283974434,31.49156577966516,62.75249371670732,60.684499587124506,0.017072011069049268,0.018739416558690106,31.737611486963424,65.07376399041812,61.254268517864965,31.974885466209418,28.49580585167435,0,1,11.9
T0059,0,73.4772333053876,63.309578746041005,32.280597749520446,29.093474158029558,52.044800659311775,45.743274202118265,0.09544052152968512,0.054146572885570364,29.474281970000025,92.75274450137117,85.20619032531827,38.254136394351654,25.703759218237707,0,1,11.9
T0059,0,66.04734662534307,52.69590540362677,62.36712022283193,53.956679728343346,74.18874112822144,61.441619904703416,0.17654597468181696,0.14653848474448392,33.71689710429551,84.73097323553597,81.26439488478024,21.901130132310662,29.43182297771404,0,1,11.9
T0059,0,28.059712749133645,26.39340975991548,46.78105971404182,42.847221057979624,40.1322306243716,39.54855561458966,0.03087050878690968,0.005778441748082487,27.08679609652668,69.0724207468977,61.13453223704802,46.0159757236836,27.75236326430182,0,1,11.9
T0059,0,62.56918332327958,57.5777484517135,70.42738082374916,65.49889708453479,26.317108539837342,23.752881111772208,0.05822339041646269,0.05042557659920853,33.764885707090286,65.02763119306474,60.4957485692201,31.980790975812138,26.90523707193614,0,1,11.9
T0059,0,46.80482211468366,43.81331366555863,38.560840324799514,34.271583640195786,29.920818089452865,27.228710074424615,0.04223063636608074,0.0734088930277228,33.8605129433723,86.40482703770952,79.14829039848479,16.78180696879312,27.90453886608218,0,1,11.9
T0059,0,76.11497328639176,73.57325275934822,26.189899564341708,25.196049068871066,58.105567232582345,58.72495144089276,0.01957200509524742,0.0,31.112377614746705,69.82595714424363,66.48624099466637,33.39729067109735,26.82719531362462,0,1,11.9
T0060,2,52.1767150329001,39.150663685754566,20.896216653693948,15.448493010706885,49.968170116726576,37.37621051810605,0.16084324551133264,0.19687719263605521,25.29207464633585,96.65146045357386,89.62212599940513,24.99172884713919,27.856411751467746,1,2,18.8
T0060,2,73.01923276106334,44.258605270635265,49.04447671622833,34.50394875847084,68.769036991782,43.02715499990248,0.7764925861373563,0.39087868802449455,28.283055102751817,97.89752021955194,90.7883263674728,31.917440907308894,28.361361737924415,1,2,18.8
T0060,2,62.82536680738564,41.6198649003755,50.92611374860642,36.74894917529013,33.52805825856048,22.92013932724538,0.3376247952344224,0.3808109291315958,27.9638514749074,90.81953904501947,90.7232201492197,33.89980832148221,30.286275242298945,1,2,18.8
T0060,2,28.370414054374706,19.508887843384567,33.953734013149386,24.59706458192631,78.49803691428346,51.73584565949117,0.3418987330561834,0.3960086100115523,32.09241483573384,89.04458089103741,82.30305692960773,36.466136005255485,30.182883401892532,1,2,18.8
T0060,2,52.55818131096853,39.276023156504394,47.02674740863421,35.8233990570788,38.74218828197529,24.53936713641305,0.32839674874116165,0.6009015756407632,30.517344750032002,72.39782596639924,69.1056959636162,42.60935844670149,26.622432390137565,1,2,18.8
T0060,2,64.13057188475489,40.89766103987472,60.88046377205047,45.480783788278245,41.731154392815455,26.712203883704134,0.3747182907562539,0.4151619124084854,25.266994297154284,68.04501525034249,65.23252941204063,25.309639761190965,25.53932344948047,1,2,18.8
T0060,2,40.4076335591805,18.872466124546143,49.26115472740344,27.1765586225006,67.43462271167664,37.27551511877628,1.5211693243718387,1.0844397023898593,27.215573615590685,68.0524401928347,64.40863675538895,39.225715103508904,29.222416033161014,1,2,18.8
T0060,2,33.19672130851834,20.78226642090999,61.20286738130065,42.754669518967056,25.333979545260092,16.271392662352287,0.4963390229818485,0.3728863337798851,29.607248556339503,77.45118825857148,72.00281682129744,27.86653999514441,26.840636441570613,1,2,18.8
T0061,1,59.08326383372915,44.00403477070168,66.16324503295877,48.08556360390685,45.27491652731165,32.17619450383344,0.20660080673823575,0.2397138178920313,24.88811882014008,87.1303020058119,78.55417319903091,40.222809632051714,29.008310510822096,0,3,12.5
T0061,1,63.06209425336367,46.41399670785217,59.780734553213094,43.69649539091032,62.4429598286936,45.32475715262204,0.3724357865225623,0.3859762866635401,29.1153855026672,71.05914769137061,66.57786899374558,36.55013556397224,29.121887491837846,0,3,12.5
T0061,1,40.259213532732424,33.287116440769225,38.81749367159976,32.00623320633385,67.13332978863244,57.90866688371011,0.16221394053551372,0.1490564366563687,24.74019707415181,72.69506113593324,62.02468964782799,39.19484328959665,27.444743498276203,0,3,12.5
T0061,1,38.05146487202274,30.478106290186787,45.461123657285725,33.909124701178904,48.387802756912166,36.91626866937555,0.1261244227376263,0.12557464194372936,33.306475661290094,87.81273267232254,85.28670198499509,37.59710194039457,29.45225211572514,0,3,12.5
T0061,1,31.108167376328964,18.207103286940168,73.42008408622152,44.69335596739899,73.50302384034369,46.81493092706926,0.36023310431012534,0.3548689905480608,30.96517313299113,88.57965061269678,87.25658609894711,26.915259803079962,26.128931776769893,0,3,12.5
T0061,1,62.19255195760553,48.29824529975668,27.926441689682022,19.157462622494112,21.59419360185342,14.645229087215188,0.1874950052552912,0.40921420510581114,31.541523380344678,87.70535644395105,87.0717410560417,23.493304831086416,28.36222636073866,0,3,12.5
T0061,1,42.25527063196603,38.18459702382316,73.31581422855729,66.74377741149183,43.27118441592055,39.26843365534344,0.07505287752204326,0.08393096458770498,31.123267944552865,93.52975508903467,87.15489024728248,30.980697614328854,28.278065100657905,0,3,12.5
T0061,1,69.70835542269185,56.03216577229745,35.84081425027,25.962757710898146,49.534483170716385,37.035793104151516,0.17546857150823456,0.29931915883315613,25.88736712903215,99.0,89.80089744665716,28.78077806463523,29.212605467137443,0,3,12.5
T0062,1,66.54932191908571,55.16423745924755,53.92933724084683,45.39766116289679,35.302783921889684,29.281531966506346,0.14991707151209258,0.13043196990482891,25.932781638698934,81.01277813383139,81.74850693180977,34.717762095236886,25.57478777966967,0,3,23.0
T0062,1,58.80090168223031,43.20474308953785,46.434698010687725,33.79821107362473,23.250322610080623,17.01831755074546,0.2167614348345397,0.22010038037809954,30.142975554091677,64.15043577856648,60.697489260209395,35.69859351609577,30.00126105058945,0,3,23.0
T0062,1,77.940185413791,55.9745865054521,48.28908339602064,38.60848765676216,25.013849381411042,18.632742910171544,0.33629011545746545,0.2762734953318341,33.274235685770655,69.70405952413998,64.89061072423713,32.765709045943105,29.126289369238357,0,3,23.0
T0062,1,37.86323622927738,28.817211425226283,79.77564467853458,63.97976044890444,33.850538882697414,26.87671884311449,0.18621718609489554,0.22944348409025758,25.87812369005059,78.20357205553734,73.56183112450148,29.402193278684294,30.089833159149585,0,3,23.0
T0062,1,31.85792867035058,22.321595298958815,42.32477170563659,34.54623388703892,66.81441587713297,50.77542498106216,0.2869469129650083,0.21146044246815895,27.040031155233564,74.05965830614325,72.19313750076131,36.17685864444937,26.372459710120395,0,3,23.0
T0062,1,66.04077625105276,52.532064813383144,70.09726244959253,61.26541584400995,43.86019222822346,36.24915715566593,0.16481257608512334,0.12521620322956248,30.25935804509707,97.75380616631689,91.14322159388271,38.87978412352124,27.919874992327767,0,3,23.0
T0062,1,47.002037354225955,35.2232525666003,77.00529093787043,62.731470485919075,46.32350410320858,34.89525712856621,0.1761238800763695,0.16965463499583908,25.969789482530395,97.90139194321353,88.67663683661185,31.85780410388104,29.844045989892308,0,3,23.0
T0062,1,52.96258605139176,37.034055101605674,66.96272616389047,53.91727714929049,29.76730768876333,22.170518017198695,0.3694553328084588,0.33112616033273434,30.960090040771025,85.55957204248426,81.13595212104296,31.012569504190605,30.095846435389866,0,3,23.0
T0063,2,29.424281738422046,22.8622900793202,40.90039389623136,29.315342962752496,61.394619348034034,44.07671747357313,0.28120003244220365,0.38002118693240733,31.494303902205708,69.26881501355352,60.613031612104066,32.43076893174554,28.092558969127104,2,1,15.9
T0063,2,21.88046248759133,13.692376327947084,66.1521968919846,48.348095025850185,75.18008784269391,49.81883469364888,0.34229852526454174,0.24550096806517815,33.25330858798996,77.32803699159169,75.14998572504912,32.44292065310742,25.865335934976336,2,1,15.9
T0063,2,45.39835665316154,34.902997788746426,44.04025339137832,32.849047373860316,69.07797649022623,50.04722772344711,0.21899405797017682,0.2191650878784909,32.42864855691735,76.02544831369651,70.76023641563052,37.24278510416838,29.368450655617114,2,1,15.9
T0063,2,68.475105122492,42.628443875494995,56.97867999506558,37.70007436697463,45.702728959552275,26.925615911161497,0.5268943898650428,0.5780369402739354,26.614372247027354,65.3015635025471,62.77968699290182,29.24975176721543,27.775013042457893,2,1,15.9
T0063,2,72.78629065284322,58.6362635565093,28.514955380667487,21.814068663933057,55.04824863994935,45.26748235776677,0.13025006184725263,0.17875383626439328,28.72500761110337,66.48244002057416,62.26661749239486,33.903714255499914,27.010055039805884,2,1,15.9
T0063,2,37.88287559004483,28.539554426039825,79.39601075537185,58.20587980767454,58.06541794781932,45.034223655481796,0.266047036232121,0.17065221733575836,33.59569076651938,97.53869505999643,84.88427962368955,34.97207651192872,25.86081831604361,2,1,15.9
T0063,2,63.490074819588244,40.09921981636589,46.66564559092465,30.80705270318157,68.99422371138336,42.88166635099572,0.36085739182501564,0.30761469227280774,32.927828895587204,80.07680211496017,77.52903815242306,34.855202213748775,27.178482315747033,2,1,15.9
T0063,2,26.15561433583048,17.904847670361335,31.75595321409165,23.84452431609716,67.73626528694021,48.504676700803124,0.36250912571789634,0.28739512574194964,30.978681480662736,91.85152699521538,84.29853482645278,29.404324359839848,29.28519975472556,2,1,15.9
T0064,1,33.469523052313775,29.292811240812423,66.5839147625771,55.311214992214666,26.669255419921086,24.045749986348643,0.08142376855090178,0.05329382244612588,28.988245949320607,88.77173013278107,86.59364193274808,38.30039804623253,28.524260960523637,0,2,18.2
T0064,1,49.85059406314986,40.33885461877411,30.558320835475396,25.52738389866152,56.88079326425012,44.78044645203335,0.16696023123065315,0.1770649525942177,32.471138628934796,88.64045474432747,84.45689347391145,35.74254334777619,28.038123744443496,0,2,18.2
T0064,1,22.117039965062073,18.102002471918535,62.56374923480316,51.946191341610785,79.07615012434535,63.42885442824202,0.13489675274305435,0.14096874192816597,24.175699046819865,87.08565449945543,78.04529685069994,34.683766473023475,27.8173278273055,0,2,18.2
T0064,1,38.77392997094196,26.1307625630536,35.912144201449365,27.238255642223194,60.863541779087015,41.304376531678386,0.2939225005578982,0.2573652584398679,27.904674942298634,88.24233751823114,83.08479980401142,38.34714156412336,28.723862182164034,0,2,18.2
T0064,1,67.7696965423671,48.45891862897078,22.00257353329613,18.47977873933636,38.13723292825401,27.885209276215374,0.36586098131238626,0.2984232854151517,32.396609294117816,78.6082862039437,75.51995978295898,36.7496872797409,28.427910067221216,0,2,18.2
T0064,1,76.2638578704512,63.0787080159554,68.97738621493927,61.59639309234895,51.38456074931459,43.116014517336666,0.16890370903997184,0.14801746672369206,27.352830205289248,89.83614843456803,88.33910465817468,37.09596542610744,26.232910514511506,0,2,18.2
T0064,1,55.11614378683342,48.2101145925488,38.09447445521087,32.74609411672106,62.15984026489426,55.238887545459534,0.10570436474382619,0.10364493371484017,25.832221263987098,71.16156025417469,69.80571535373778,29.702352599980856,25.85820771547332,0,2,18.2
T0064,1,65.62323522350997,57.93438299907726,22.525909870776182,19.72926772996782,38.77348019935285,35.18508057635128,0.10532907266737611,0.07326234677801877,31.266679583153497,79.57893381819962,68.48004275650119,38.63446088746068,27.148225539376913,0,2,18.2
T0065,1,73.75859694347363,58.210565566824876,36.37668877683352,30.596026834059664,57.84657637462542,45.89656605453326,0.2205929456478911,0.15339349269190358,30.35300744422699,74.54691552126901,67.81548955386062,39.186453116012466,28.87398569893446,0,2,16.7
T0065,1,35.68615381842319,21.063285547754003,79.73758769623284,56.36127441819954,53.7958499496236,37.312122725006944,0.5035095541837568,0.28029546523721155,27.91022548203701,88.5110475030706,84.39612214614694,25.203509426562142,27.98002384762172,0,2,16.7
T0065,1,61.012654246778794,43.844075881691175,77.72714898149513,52.0870926913313,37.95127114311222,27.394935508039296,0.3520197865987069,0.3722075535498563,31.79471984626948,72.07513858607102,63.386108345857785,34.97554588549035,25.613820607593606,0,2,16.7
T0065,1,59.133322797055655,40.425778629710095,75.90230816399003,55.05745168472414,77.85835227163804,47.49914659662144,0.35913932380205343,0.4137677031310834,25.61865090003278,75.22164521614158,69.99738677992028,39.73599163384073,28.58539588074209,0,2,16.7
T0065,1,63.49880109465129,50.48666085844248,50.320389868249535,43.422973280444246,43.34181557233145,34.81535397414,0.1928728715943916,0.1924312283043356,24.010381571721375,80.28336360773203,76.8645093384869,45.91758808293717,27.384408398690084,0,2,16.7
T0065,1,65.40304560941225,48.95066575808611,75.38026106546647,58.4890882311642,78.22352977288577,54.78352152806639,0.28048570569976966,0.3354995771303938,30.59672706411862,89.64094226558554,89.73564373899988,30.176386524948683,28.275287988611378,0,2,16.7
T0065,1,74.77091966811966,63.89103460495064,44.00528993917372,37.62036299126747,56.48366014605932,47.75268921332877,0.1327774798030293,0.13416169230643837,33.87640508767986,70.10210527990104,66.98173454656981,36.23837857225077,27.755426480792384,0,2,16.7
T0065,1,53.65513468997812,35.05430776540953,30.848671703598136,24.477796706391057,70.82309428715615,55.02112392150024,0.39245370450699363,0.2000399940815523,29.31472261865575,80.66407366536016,78.50368431886918,26.127342814851275,27.248427326751337,0,2,16.7
T0066,1,28.18065218466124,24.024756214050388,61.172772802169696,47.741323096697634,45.847951880348845,35.993451927464314,0.1136081744262287,0.1925420369864418,33.6856641797849,83.50259527283424,83.74899848400332,37.32421731828715,30.32548584309449,1,2,15.0
T0066,1,70.86437017288485,52.695517092467064,77.87961389604797,45.53310930331381,39.699326562182975,27.39247412896534,0.18894068478811352,0.3232311797241076,26.42494763702535,89.13186882494009,82.91134978572693,18.77759490552591,26.926872386449798,1,2,15.0
T0066,1,44.877870814605394,27.758982731778804,54.60507154368826,36.12543657258067,33.81564293687634,22.025455679889973,0.4464096194142512,0.38987897897742324,32.0478958821827,96.03759409186883,88.36756238916138,32.4476227446088,26.609226823743324,1,2,15.0
T0066,1,59.43833709967726,52.00025493212677,61.188149475342605,56.329043166337826,31.609369316638197,27.568285695633126,0.12428126721626548,0.0978508580663158,32.98505755078448,76.8625298402723,73.81079509029328,40.35497039045116,27.056655134901685,1,2,15.0
T0066,1,60.02904071315725,44.34026876917443,56.75712454916512,41.78831992128609,72.05178478137756,54.02249359949993,0.3047933004396312,0.20609077375148582,31.317676630740063,80.08346085437864,78.89316823707242,35.842021741752966,29.498937523179023,1,2,15.0
T0066,1,77.26802176085559,53.01525253247422,38.91252142133138,26.001722724627356,41.25750498127529,26.494878927492568,0.3541761926117268,0.47865799019025496,28.286439124932457,76.31854454048216,71.577099226876,38.01165969689475,25.923350358827747,1,2,15.0
T0066,1,28.522532895078626,23.9080019843934,60.973107215291655,51.9224882172647,27.406541228026487,22.791093662314843,0.12823974129492,0.14979250727981158,26.40490081706173,76.98178547533742,69.04600753105002,29.93426970766019,26.046075823055954,1,2,15.0
T0066,1,55.30406765418039,44.98882158150354,20.536293482822792,15.284147226323178,73.020164385,54.40635363272256,0.2011773129383228,0.23778287658056366,25.393252594047002,77.44523443785985,64.6817395563674,21.951113165198713,29.439536982705032,1,2,15.0
T0067,0,44.488373971688375,41.09304622166368,27.037370865007528,24.36869728148445,59.64753463090467,54.06020127016644,0.03882846345406259,0.04948841928786826,28.253967899819116,90.81948499227445,82.4412057908686,23.200418207077973,28.738614389327886,1,2,16.3
T0067,0,27.713732327877835,25.633837794038897,56.971204843149806,53.73430341539295,66.43037596467484,62.45580187649148,0.047055936660386835,0.026424926971812906,24.166720682883398,72.30392985882807,65.58281118612223,39.0451960738649,25.89857789683719,1,2,16.3
T0067,0,60.44625117735523,59.76271167209814,64.82480533586394,63.00513058009373,23.705302834240108,21.388864253385357,0.007614828685862409,0.06347219464449999,24.915586475604567,93.5648901704831,88.39078179272569,17.86642787368362,25.772100143548844,1,2,16.3
T0067,0,35.01248662622721,30.997544773329533,51.7235228873689,45.298390331190205,47.75049098639107,41.84571156684816,0.0993543923399428,0.10870069813103692,31.402689334805356,88.14169616605997,78.93637729573824,35.85544909963672,26.700450567212645,1,2,16.3
T0067,0,61.022530286262786,57.791693049301585,22.980076613244233,21.62198584471124,31.1329897828089,29.482154403676674,0.04574076745492529,0.03850550379349994,28.7418533956696,68.46276248821962,61.61613968610722,33.88123748963401,27.09886554440251,1,2,16.3
T0067,0,77.68284709683076,67.91351406760958,75.89231795337955,65.04532905658544,46.04579757312517,39.52158016411201,0.14516548463370035,0.1458647146992438,26.037705979424224,72.44164426509082,62.000651183331485,40.464220419131934,29.674263562651113,1,2,16.3
T0067,0,54.65357300711073,49.779987763748785,35.5852016315724,32.678262257011326,72.5263416252779,67.32816728052326,0.05185722120493143,0.037035213216404496,25.635506946712983,91.80362910475827,77.65144690620612,33.30392976488629,26.637199833969667,1,2,16.3
T0067,0,28.96339721033247,25.378836637527936,40.443626793876206,37.06897089574027,61.52172846390701,56.870801887622534,0.09115706953884829,0.07749542320887139,29.86157155234072,83.52921192966961,77.94813825153139,28.897548880463873,29.64989317581112,1,2,16.3
T0068,0,45.52172481410849,34.44722933175307,78.01751473888524,62.71475732900911,23.217170882381815,18.835791395443056,0.22750535289004173,0.12234061037547336,24.354469349997697,81.29742298511101,67.82413818030508,29.53664051699359,25.701991094278103,0,2,15.4
T0068,0,68.0437135583242,58.28935374822883,57.891004990707636,51.56766544123183,68.7768046776232,62.846997056376885,0.09961122755669252,0.05799402253057543,28.625264515730514,70.84671679287871,65.04042872588968,39.565235030501015,27.67043235168506,0,2,15.4
T0068,0,28.412400060273008,26.335053548081397,62.36866017847519,58.41489794973389,30.096962959665394,27.61903123216485,0.04056652889058305,0.05216885151123578,33.600821079853645,64.62187345215168,62.0061351347243,34.80607026384265,27.18454382308259,0,2,15.4
T0068,0,44.97182798012068,44.04792727102167,60.55157003090875,56.815066183547,42.34566349398216,41.1317874321656,0.016353109795652406,0.027115326796811542,31.02568699550067,74.07978034185058,73.69424430891857,32.61857619505882,26.43979018981981,0,2,15.4
T0068,0,61.574024306956275,57.20273605067443,70.08712591544231,66.97448797421778,29.530489443761994,26.252371505602863,0.06109373905839966,0.058199162072896736,24.756447636984905,89.44907040096984,86.22845775675367,23.913261498916636,29.932614470960218,0,2,15.4
T0068,0,36.86450149042287,33.504196128277016,21.5390550181403,20.08787307365836,67.30445734810237,58.888327387049905,0.0648206976019208,0.0842779674421203,24.35086093743737,86.08889339501788,83.07373980052765,31.43666896466895,28.950775946756817,0,2,15.4
T0068,0,72.4217240281675,67.23761063574766,64.06074449488361,63.521994626250105,45.93766555953397,44.41516151501551,0.048167818031013596,0.019771477547854577,32.374636299771986,87.7321192818247,90.7321192818247,25.93905395773215,29.579441237487924,0,2,15.4
T0068,0,61.93792121854321,53.9104552985566,36.80158465222838,31.854145535441155,51.155199787172066,46.57680448368032,0.10314596245277678,0.06819711728661161,27.990000580240476,78.58369455735703,70.92389960352406,39.3455412328759,29.853076971592138,0,2,15.4
T0069,0,36.27781389970214,33.33861138358699,79.85223015266209,67.75778364536511,55.06357632471128,46.60022673310004,0.05275087885640822,0.10289516008420455,30.94948402093793,76.99384118648571,71.6257885906566,24.601693759345217,26.827624849467856,0,2,15.2
T0069,0,23.569782309366953,21.97626141571779,63.637318990141814,47.77338907886576,26.333910735134587,21.72263190876873,0.04317866890650285,0.10554409410826977,33.86060047870654,80.64055739608726,73.77989369327545,18.29993393225284,27.994182969116792,0,2,15.2
T0069,0,26.690210307550352,22.805671249863323,62.21165871160182,41.55709540111085,45.86675299294514,35.50129134242191,0.10897086300677986,0.2131856145053539,31.898395605500255,88.46533033595917,85.83609676093084,40.57737438528695,30.30534646462433,0,2,15.2
T0069,0,68.36305231121594,61.49307273481539,24.080401419173185,18.202572918892308,40.04953585123347,31.4742967373274,0.04142684141311915,0.132880040949926,29.92993623327996,89.99087437987876,87.16374979389957,37.68553740448724,28.821921362114992,0,2,15.2
T0069,0,45.00375468698084,43.56067130442713,36.42870397169365,36.42090000777129,42.839660308457866,41.18744104016678,0.0237578028916617,0.03086215225852059,28.948510525895536,84.7518632001548,84.43404044184248,28.050263656243374,29.06911176087864,0,2,15.2
T0069,0,28.68998106291766,25.779165313933674,40.221192244068206,29.428317537155802,28.79444752809185,23.35282958149885,0.08270622808131627,0.1407756172073967,32.48832939788946,68.33039795606274,64.08192099616576,30.276167705959338,26.696022093752855,0,2,15.2
T0069,0,66.40200540648786,63.69594511592685,62.59000663713161,53.359163340402866,74.72247673015201,67.5528517679916,0.026221011804865354,0.07819265132180736,27.45479678014066,83.1498073600136,75.85807355981365,26.39505882654804,29.139256630997703,0,2,15.2
T0069,0,59.301217675770175,51.00996462680108,28.741855937943626,18.48940974108246,79.64693567802017,62.553733099867856,0.10114089743183578,0.22167080249931728,28.051183092171026,82.30019300832045,79.48167583490185,28.35039455172501,27.586257167421536,0,2,15.2
T0070,0,72.06982340683825,66.32472790584652,77.74015194080826,75.35941405772581,70.64987838441384,64.7105307425453,0.05829618537615738,0.053749882309600226,28.562952263104094,86.02384839726338,81.42467675032528,20.2070097679679,26.495075554777305,0,2,15.9
T0070,0,66.8862372492452,62.752020896016916,32.37456632009945,31.313627146175364,50.19373099733056,47.32285584254556,0.023617992455643787,0.03154547727171753,29.96049180558099,83.03531107575714,80.99639723012194,39.49537720232071,27.63397242795629,0,2,15.9
T0070,0,25.6786347373815,23.3549706486096,52.87284453441529,48.94498772783301,55.55225893227523,51.694786634452356,0.04742470439489826,0.05100829215586487,24.799183579160704,81.45529339113524,74.80360837541599,39.288706859297115,25.734766237457354,0,2,15.9
T0070,0,45.4687478858731,43.00286585950743,79.58670176322079,80.14282530396157,37.4272830887072,36.871772564941566,0.030669781872546906,0.008319282540756482,28.53618054200638,83.9416454162195,82.15916126220542,30.994550973534714,30.014305186690585,0,2,15.9
T0070,0,45.765107554319705,43.17167628248237,48.42525633875469,46.06926148064602,24.156619610269566,23.01489050560646,0.04084722483198328,0.036877529124797914,25.526811421285377,75.34905196902088,69.91999198942352,33.03497659419399,30.17687468296431,0,2,15.9
T0070,0,76.91624704319264,69.16776489051989,22.68684275121418,20.93568235737271,51.803903608110865,47.07197967451514,0.11899506638535434,0.0935559587064613,29.901455926806207,88.73715978234719,84.14640092857249,39.85655781167308,28.9963750594886,0,2,15.9
T0070,0,29.993290957290554,27.042214800281254,37.39763150664443,35.83297208433871,65.82970174715126,61.98099604613918,0.06549057547490135,0.03810343378318215,24.081394937239427,82.12124922757455,80.21944554908838,34.28041337047524,29.01356620996629,0,2,15.9
T0070,0,34.23588896004483,30.442046058022584,22.82536662525913,19.000591689649596,47.20131867046741,39.117547961795644,0.08008319435031883,0.1286048335468279,30.741702241242898,93.14328742548457,81.55322955785435,36.39175237587266,27.125673313448484,0,2,15.9
T0071,0,71.44780014084958,61.5718484744801,58.11627336685395,54.61123220481748,52.08641334384908,46.417992809658834,0.08884204844159392,0.06866326229085894,26.465805280797262,67.93977140447802,62.875201378957286,26.07848475352941,27.91087422883416,0,2,15.9
T0071,0,77.11139907301641,74.11280343164718,79.72268105924746,78.3629118960045,70.2437593883338,64.75695877005748,0.01713898070612348,0.04276496517300971,29.13141602358686,69.19502356507621,65.6327903584781,38.242626587955186,27.330263883748042,0,2,15.9
T0071,0,57.212545923552796,52.83104072590947,55.49833127478584,49.64083103001284,69.86540137988061,62.07256560836676,0.037437776872028164,0.05714788445605563,27.514724189488852,93.58249636876081,85.09938707755965,35.466053773201956,30.246854142957506,0,2,15.9
T0071,0,45.39692651994633,43.03214466084709,47.42548229645497,46.63060399843562,36.820523109749765,35.654249216966456,0.027842190003860283,0.024513330847227937,27.979214064048,92.8529191862193,91.28558932809332,30.649485983874705,29.073760808746602,0,2,15.9
T0071,0,64.49235828574464,62.08373092653993,61.92867727931129,63.618578907482245,63.925334386823934,62.63405231895871,0.026806644946288462,0.009673279917067531,32.12832019733153,72.9180264525236,72.96234311929767,32.16155541048824,26.453779455606067,0,2,15.9
T0071,0,47.298308042489936,46.01367357146157,34.39202472154767,32.509726429718185,34.75487575975586,32.85612985056854,0.011257737990006091,0.024555155743409586,27.92253995825905,90.75821101124963,83.93599404735879,29.486140980098657,28.65741753249471,0,2,15.9
T0071,0,65.2270978599315,59.19531231579057,34.75603283074682,33.111555240419094,35.19250510950157,33.109304808604136,0.08255140966874737,0.04607982145975977,28.31386469817051,80.92576875968308,76.74666365671021,20.640726180675166,29.10303228481936,0,2,15.9
T0071,0,34.00210692375718,31.207869760454397,47.076219794296485,44.22569296534468,31.759656328425457,29.583764972138425,0.06377912174937612,0.048823789017327104,29.182800132019672,77.63346996557429,70.63179383574526,36.11835355544927,27.00328235066722,0,2,15.9
T0072,3,35.31850849856263,23.227667706132557,34.15494574967707,19.759617964816883,74.47648440114219,46.51117951090778,0.5352977580180119,0.5826305829617943,32.57013335800924,76.84191448491573,71.59272981932749,33.45826014790015,27.786648997196682,4,2,14.3
T0072,3,59.375360487028075,25.174504409172464,56.80567424559808,29.47549599735674,74.25864219313044,32.225199977056505,1.336152798846281,1.1713418999396012,24.52783380786442,91.52468512539141,88.59745219909287,24.737514877322223,27.22354480899194,4,2,14.3
T0072,3,23.196633979448734,14.241944410829891,27.274985387453057,17.62607568203009,62.11851213244883,38.85962506853875,0.8226108872257718,0.6018404519458871,25.946949908958395,85.50181207611769,80.01729125839316,25.605594755760826,27.41258499485873,4,2,14.3
T0072,3,62.018177428622934,36.7180999660992,67.65463957155974,45.59288845797307,39.5114788056658,21.872067986004488,0.6963276773963682,0.8209112087767461,31.03338568001059,80.37150235348,76.14324678018974,31.23045400512438,26.341708557635993,4,2,14.3
T0072,3,72.60172889944832,57.70098492820328,39.41549467218705,30.550775595529206,60.716635026099894,41.61723806620385,0.2693973905264384,0.5344999324917482,24.860773474078826,82.74023361067952,80.76842571759383,32.22138395951181,29.334387330766138,4,2,14.3
T0072,3,28.76613107612071,15.636960167243283,45.43246417267615,26.90030917214714,45.00295472177273,26.62824549315609,1.1374228197426726,0.6282451101510544,25.525756145600226,69.66434826655528,62.33608616225803,25.45640638833965,28.544348089246657,4,2,14.3
T0072,3,40.56697333586975,25.362374385376583,43.479393808379115,32.811187523539104,62.94495871110013,40.392246873350004,0.41679479044331774,0.5265346906131303,30.979030573438074,66.54285063049797,63.30732947612853,38.77703715393008,30.237064968452316,4,2,14.3
T0072,3,69.57137735111328,51.04820651258548,65.89080874374923,48.041581765113236,43.06568301405246,30.183588094662216,0.2744632666551323,0.360316528749442,32.18910140820056,73.08786594811602,69.5908000468329,35.23088025345051,29.78679954135464,4,2,14.3
T0073,0,30.305299804449003,26.26699682718294,63.1554589531722,56.136623414656995,24.22437523812674,21.909228844059793,0.06710035772671238,0.04875680760838335,29.418871511243836,65.08172046282073,61.17074346949847,44.92518940014162,27.83145870281566,0,2,17.6
T0073,0,68.57188251950438,61.06965471552004,75.82321822626679,66.79260535171235,57.86593284001434,52.171018833386356,0.08099923476671426,0.08302133640927566,26.76516239770651,84.85474932843461,79.60090114420872,45.95715281788567,27.450018098565877,0,2,17.6
T0073,0,71.16659859512836,69.30359822355955,65.08507098433101,65.9986913060276,57.69279558225024,54.85004791752212,0.017321857614575154,0.0351342521338527,25.739375988235732,63.43457141515612,64.71802734688751,26.598500132590942,28.098684013671253,0,2,17.6
T0073,0,63.2815882897352,59.37175123491299,50.94961513773386,48.0218680666833,62.56485526652579,58.54987619537578,0.03146410770463035,0.04134962035651548,28.11620550331868,74.9838360747888,70.47629442818388,36.5057378299351,25.831794403730523,0,2,17.6
T0073,0,65.9207811082296,55.07127453062931,60.43367501508015,53.46388970151842,33.37467944092687,27.618583579592002,0.11350612050853418,0.0859823825755922,24.12967555428886,81.27371151390382,76.3138369897143,32.93495041784125,29.612881206485,0,2,17.6
T0073,0,38.72260246129237,36.78515227049699,65.79910763573268,63.674871303992234,45.056047998635336,43.17329133036726,0.029133660463291456,0.02089585347730364,29.61430115801268,78.9596707642525,76.72940299901646,21.280832249690924,27.793995305230276,0,2,17.6
T0073,0,59.85947493487414,53.26567470131094,51.88335322920631,49.22646246007102,59.39785589769007,53.67220415259001,0.0715320259051534,0.05166320347151632,31.213914378982608,68.64781002459895,63.296202576683825,37.024860877434875,30.25330130064345,0,2,17.6
T0073,0,79.99683544727202,78.52983013485367,22.413942165588836,21.6203613286773,32.138302620653484,30.60230120011795,0.010665104964972645,0.026571430332354068,26.761398685555296,80.76280964343896,80.10545544778027,31.245743241687652,26.27217026210351,0,2,17.6
T0074,0,44.864608511048985,41.50036090829088,26.222983720009758,24.030351661922907,41.74951273141791,37.961898747356244,0.03341587007698364,0.07408701682952215,32.34235184829042,88.98889788518645,80.97752032378943,33.539411020887144,26.40311159612245,0,3,9.5
T0074,0,72.80009041471587,68.24868694901889,68.00773235847218,65.07823191936967,45.18431482187508,43.19456490634339,0.04316955158082214,0.013244890124851968,25.43842070550348,68.45177732651429,67.15807323532451,29.239454479136697,26.279333928888207,0,3,9.5
T0074,0,30.309157981621315,28.98703935967547,57.30285535740064,54.95723898663843,79.37255859289255,74.17128857634619,0.018972723547212335,0.03414301805180829,26.3370466427826,92.77572718466728,87.97170265561051,33.127535563490916,30.124242308031768,0,3,9.5
T0074,0,45.329872807807895,41.49833176516591,66.53121856089106,62.15311001083474,39.38045911011041,37.58346167900272,0.04713936200913928,0.02214041322836932,29.423195988893013,71.05483421709917,67.51459252463842,27.319132495136074,27.408052709770843,0,3,9.5
T0074,0,60.30443035966127,55.819991325442174,67.51043047363437,64.62331643950276,59.03137628451962,53.488664983239225,0.053817274550415864,0.07844420758177192,29.85632884002001,88.89360098848441,84.02658559929124,33.70340355877953,30.174641124089288,0,3,9.5
T0074,0,30.708164590043815,29.47938545753161,37.711559267509905,36.210482561249485,37.85001198413533,35.21570546587797,0.01986754599328011,0.03597542421725143,29.276812458267756,72.62721221089728,66.61921306673895,28.96570878824509,25.55433088996683,0,3,9.5
T0074,0,52.67193184891635,50.45887892192821,44.831030446401286,42.67446499865521,70.5598696617222,66.86859310145742,0.0169796274044708,0.033263346092016685,24.291209569598365,85.07617209332741,80.81787410301561,31.236705254840764,27.659481732478476,0,3,9.5
T0074,0,67.77395429988943,67.97996762991426,27.977654118120867,27.677698489720772,68.48656958097288,68.54791070000313,0.0,0.0,28.804222088120063,67.65404436558309,65.21581692115701,22.024228658305564,26.127518495151836,0,3,9.5
T0075,0,55.06331250138909,45.31204969509356,59.211539559526074,41.218197673930746,30.813646137431114,23.07191327344601,0.10215361770604536,0.20370915167112758,26.12987635693676,83.29728240614311,83.45778085415034,29.409024081853993,29.90291237187142,0,3,15.0
T0075,0,22.795256544099935,20.094573176855345,62.255302899787125,44.260122245228395,50.40094206518698,40.61806192762254,0.09480626184475831,0.14721837499721072,24.001249065371937,79.53677100671581,68.2402787877592,28.828866461570954,28.912169362706315,0,3,15.0
T0075,0,29.152754689598098,27.75541812341687,62.825187315340045,61.29223598099131,20.68045262863874,19.271303262390415,0.020263239518629277,0.03153374340964358,26.057390871749206,71.12046688424306,68.25483841807824,32.55673917584625,26.316088283572622,0,3,15.0
T0075,0,65.47602242440664,61.979211170206135,70.87417058804704,69.97738091440861,31.976991298846343,31.260627823640583,0.04629405546788965,0.015520736515323525,29.589076333145773,74.0174759074071,72.0131694690788,43.32678946973252,27.452784906224178,0,3,15.0
T0075,0,45.238217130026186,40.15060644549915,41.11038157877757,32.804782736081684,79.40149484739055,66.44902660951118,0.05139094092137209,0.09396997471162585,27.768019483150226,84.53573954937823,80.11395747193856,43.13729940437171,28.89641676405932,0,3,15.0
T0075,0,48.21583172892153,43.870116032765765,50.25617918563784,45.653703286447296,66.23909647758911,60.334407661011106,0.04005344672953863,0.047565869617224046,30.290615773638834,65.58408463134795,67.98011119743532,32.798945478098304,29.856293138004936,0,3,15.0
T0075,0,38.82803356493213,34.145980682378465,70.88124866877578,54.22454613873209,61.02655141903159,52.23888084570969,0.06973332012428456,0.08365062340140306,27.65877783810947,91.16078196382314,80.23108555279035,40.55646873327609,26.132471844978195,0,3,15.0
T0075,0,64.21303435892261,54.393142367132235,40.086045298376334,28.1103573660225,63.72264470880067,48.92245735364052,0.10206159180353827,0.16555170553174187,25.58461512724268,91.70373949721446,85.41852927178074,36.77429735231512,27.696537183893795,0,3,15.0
T0076,0,59.915725617036244,58.668385677516994,36.06261949214141,35.33562990423967,48.33139981145976,47.80544272700589,0.016508091110856094,0.005244568381345051,29.694421605776874,77.07166340319777,76.52507340591092,24.278938427316426,29.151118397378596,0,2,14.6
T0076,0,28.4623906809707,28.307268548291496,56.417987960832995,54.07870187609959,38.46849079233073,36.82223890414989,0.002539516784602404,0.019296738007920197,26.217452873929957,92.25061091008237,90.5009026468105,35.5994026038974,25.969685858595827,0,2,14.6
T0076,0,54.51022095873396,52.75259115894734,76.02719358036512,76.3611791474624,37.48081729559157,36.78875433575483,0.025090567998743662,0.016576989741614794,26.331679332592454,76.89714994904112,78.33006118627353,32.67052818464876,29.53405956815608,0,2,14.6
T0076,0,59.79095073218938,56.526978856861774,33.86107106899765,32.59293467766167,59.38939030105214,58.44888685974797,0.051845614029597586,0.011800167358410166,31.514781747791858,87.30061622684772,84.7222199953952,32.56019516785875,26.262250340376298,0,2,14.6
T0076,0,25.962638686142355,24.96798409834199,34.62266163051993,32.20793553334133,71.61802420824445,67.28228028108242,0.02523339705551107,0.03605352244343706,29.21726784303223,89.62085776928802,83.45936972555833,34.91219706527327,30.471283607785953,0,2,14.6
T0076,0,74.68879427646124,72.25205162745128,27.847659594970345,27.265313003404962,54.45646887058059,49.863531449155914,0.018652666838885903,0.04954512052255052,33.44886397138545,73.36735378317773,70.99804260144013,29.82322649733001,30.142973150474205,0,2,14.6
T0076,0,53.00805024184444,49.83182544891228,36.17657868852401,34.537270431710716,61.724804936497506,57.80424777899563,0.050914968654361396,0.050495710456797675,26.33819274261078,74.20344477594514,69.52890457882091,28.951189328603437,27.845117157402864,0,2,14.6
T0076,0,36.16758736362131,36.15448314013915,59.23442058139115,58.495783114714946,28.885743544716583,28.514543435460777,0.0001971344852664756,0.006211866150614016,27.305077752753206,61.291016961252375,60.49840461718013,22.0323685833612,25.51314630029759,0,2,14.6
T0077,2,32.4060037807681,20.414418646025705,42.24851610430039,31.41140871211054,77.1832229927135,52.18559910011586,0.4432125847470997,0.3251717394373067,30.551437946449568,67.36227036371949,63.297046479063624,27.325099310657734,26.967122956841386,2,3,21.4
T0077,2,29.40582269272726,17.95166735902054,36.26696599940229,23.188310738559764,27.65253977805136,16.428061777106073,0.5609741477656958,0.5179163630651537,25.92266121586662,73.0340310825745,68.87788775347002,36.47713910798534,26.941595940435583,2,3,21.4
T0077,2,28.745792014390126,19.145502944729017,34.77459312256806,23.776522392395403,75.94659389415453,49.59957713702067,0.4027591525474355,0.443870394152973,33.96534237925686,82.09099565602865,78.1325656617998,34.62799219330347,25.69024516367756,2,3,21.4
T0077,2,27.077899694382523,19.280315814873916,21.460732199311682,15.460828265735437,66.49642688664704,44.51452590539347,0.4130799883791278,0.49297758741001124,31.854405606276682,86.97520859345568,78.1591839506053,43.472270627836,27.483292761010656,2,3,21.4
T0077,2,62.464383413480945,31.473582899005976,69.62985208463806,40.44190870772066,36.661199292069355,18.28141825786664,0.8482692370363037,1.0250389927045374,25.79935791577348,89.82988924487883,80.81046212867314,21.152483870612873,28.624137816716427,2,3,21.4
T0077,2,21.331577071289246,9.934707064480909,50.45302964716654,29.393829250583213,37.146162589142975,19.926095802445786,0.6056153764971252,0.4832621174985455,26.70200072658576,82.94842817644738,78.71061508433095,29.233743160876934,30.135692885963266,2,3,21.4
T0077,2,24.6194484872362,15.952571301687474,55.82892457410331,38.46313273239497,53.08207772924352,32.59205372443835,0.5514872258617232,0.6818440066236607,33.34232379590554,86.80137262756845,76.12181472034368,37.60053733157561,27.868260482749715,2,3,21.4
T0077,2,50.95427490918703,37.440284253106725,35.744736374576235,27.124420788350253,70.61421234307753,51.26269386753794,0.2476472561830295,0.2723347677368173,33.92188536364898,72.30870268277047,68.82499988449138,34.753920844242664,26.14553815917477,2,3,21.4
T0078,1,69.7327400942456,57.746383808706035,70.65764890421488,58.65892752181276,22.04443528040107,17.627107157327387,0.1482941337645654,0.17675753544033418,33.677544782921466,91.16763721123544,87.04702958276333,36.7854974420295,28.849335437956224,0,2,16.3
T0078,1,68.15899618669893,60.32642611595371,42.771235095662014,38.500579788769485,73.23177565618879,65.99019444668458,0.0891988444252593,0.08848967996007558,26.16496162706422,63.500750495496455,62.500776150262745,27.985387172077523,29.698566723395768,0,2,16.3
T0078,1,33.91716799469149,29.772635860168872,30.61323599077896,27.015753338126764,61.36665285848801,54.76983034295986,0.11617912096462636,0.07862201915337039,27.85625234859792,86.37377339653851,82.52903086713587,29.74225747543529,27.443031700371375,0,2,16.3
T0078,1,27.703068702433374,18.467219383828724,20.270365853600197,16.938090759783975,61.78283396390641,40.93606869379295,0.610453305014114,0.6281154156652523,32.91138377403338,76.03693111859532,74.18153712711634,32.29238027508919,28.607727804260787,0,2,16.3
T0078,1,28.70678481918554,26.240087730439082,42.997789215741776,41.9838774103045,36.889955363285026,33.12125140607856,0.08068970540349256,0.08881644817665278,33.89649449392504,90.75381768785446,91.21872546804843,23.08665162765488,25.628609755542133,0,2,16.3
T0078,1,28.74403202285392,23.307202207332395,53.15147317115487,44.1931315400772,34.591932840796616,28.80060218431451,0.21293999253096652,0.16936942894697385,28.01239520833461,79.39316889677669,77.65088680438436,35.66914017617423,29.83455545188059,0,2,16.3
T0078,1,41.06001122694465,31.580081986113314,61.42110305071995,49.010898746474886,49.5441743765367,36.980990875568,0.35602372655590814,0.27748332299248984,31.816991009107113,93.28081261510006,83.13257703133148,33.540082480919175,27.45066184332256,0,2,16.3
T0078,1,27.612839955811374,23.940306534245458,44.91701150429957,40.66904291107019,25.853743776895556,21.838632622425923,0.10295054367134703,0.09233773496295455,24.578161040647473,72.24614725747392,65.5971194108186,30.467358877745795,25.822636887427233,0,2,16.3
T0079,2,50.873102116649434,31.69699582220908,26.979676780956673,18.4981629305341,75.84132268922167,45.19432828126616,0.47412793531636116,0.3444818489711673,25.84483961140493,83.18810165719468,77.29859266027867,22.77725710562627,26.541885533341237,3,3,15.7
T0079,2,43.83322421149359,30.63306164662457,59.506977287541915,45.31023592766746,74.54441507278912,50.54264703738456,0.44439101914672297,0.4149794041481982,32.25790239182022,87.23537590063349,82.42098945607536,40.9912189507654,27.574488588224575,3,3,15.7
T0079,2,29.80676103927607,15.00319107191232,70.9962262952152,45.275817400929206,48.205989889923146,27.50522925261787,0.5906827196791923,0.7617508716711687,32.868782740270206,67.51263171843564,61.09992961364297,33.70145187018337,26.0924307858129,3,3,15.7
T0079,2,36.92978878218899,23.84122817663573,78.70514919845809,49.1434086654625,30.987267648747487,19.085649105662196,0.47032745148292776,0.6310171054044994,27.535201714692104,73.46710885605732,67.5072735716158,29.71757452487438,27.374543097411667,3,3,15.7
T0079,2,74.22480342967908,47.710041126785136,63.60454443928106,44.49378335424676,41.06720425844034,25.664455621582,0.44125813799566527,0.46680672176625587,32.706358689794534,92.11442057468196,86.71264671885399,43.44567915400758,27.449292691026457,3,3,15.7
T0079,2,30.780796022749556,16.983236778803736,64.08403505234216,40.96500314128711,47.420806848769416,30.82429327692504,0.6619360202980872,0.39424019943810934,25.875978119709636,91.76493808574232,89.96519303236965,40.34344823507549,28.863214324624064,3,3,15.7
T0079,2,33.73060166909109,23.733462378108257,72.82716182303946,50.671602380244835,28.33507667138082,20.419001042668437,0.39785995300178667,0.3804728873251074,31.489288200900447,75.7812274416789,66.61605531657976,33.476675887016846,25.565040803236858,3,3,15.7
T0079,2,57.975904189961355,38.301698690203075,46.00580653299948,33.377581684644355,45.621928993707336,30.25162933911213,0.5075839172952094,0.4176885487801326,26.47335206717388,88.68322203225473,82.52825645309193,31.191080964118687,27.005083564789427,3,3,15.7
T0080,2,59.296597051453155,43.80057655449086,31.656281439595958,24.11108312954555,20.661957286420993,14.4556472105019,0.17770406715397877,0.2652691919074915,33.7689772369713,78.28803290854245,69.92147341391349,34.3523229534672,27.674854308599535,2,3,14.0
T0080,2,60.888357919148255,44.9259997020242,20.79756064073816,14.797237318392524,66.681336303185,49.41788650984185,0.33138692187989954,0.36357822915421334,29.14035897986198,84.35451268367952,81.05421255118932,30.620011138111764,26.982424257565107,2,3,14.0
T0080,2,35.620922190429724,22.734190271440994,47.06489688085412,34.59724416690156,47.37799103490856,32.65814541548609,0.45095940381869787,0.4077093952886136,27.324459988987424,91.82839493412047,84.33176327070308,29.415060980162608,27.93162290791527,2,3,14.0
T0080,2,63.40961319281807,46.04340738266331,64.30887265041838,52.26321407716828,73.35877221846003,54.53006148326998,0.2517006764223711,0.30085197598162583,25.13059336781877,88.63569312951984,87.73522263698496,47.567041171648725,29.18229654010483,2,3,14.0
T0080,2,60.432609375701645,36.00058777428346,58.06800566954484,40.10564372482845,21.640574466229772,14.958260509947454,0.5852558127365005,0.36759528405655445,29.56354855927632,68.9169611583719,66.81692128136349,32.68107646459609,25.680998438377184,2,3,14.0
T0080,2,70.82623683797672,56.13966939708611,49.740838398752174,39.308571676010615,79.67946063275544,62.14152031686193,0.16632113763948952,0.23527524913388378,33.35808330627258,92.34678965179477,89.03961211927741,32.24256168570712,29.8460559986796,2,3,14.0
T0080,2,26.972797505620587,18.642380618442836,31.85791199176482,25.890232992226142,68.23333897059881,49.21738319186361,0.37479278685303913,0.32092183118317286,25.059248989506216,68.2941607016257,62.08092802091746,42.15479761091776,29.185326693969127,2,3,14.0
T0080,2,48.99699656028092,40.19121329779212,30.679811596162963,23.49103837344755,78.15295432308056,56.1436317550902,0.12541303525405634,0.3403308715509903,26.35027505233831,74.43269449128564,69.57295305220056,24.735551404124955,27.678625261675382,2,3,14.0
T0081,0,42.20230304850085,37.39766090129321,52.076385257687505,49.12335669866964,32.240099995230935,28.95739891498611,0.11243116474452726,0.09097952485553962,27.26598727214418,67.72414340926967,63.77705408391712,34.86232201650923,26.17279358449619,0,2,5.6
T0081,0,63.730502228666744,55.98166657868087,23.08935527740592,20.736958454520973,27.5953647951329,23.932524422119748,0.12925822624730743,0.11045959678783411,29.8378991344213,82.90858612202604,75.42182767420329,36.8284959810234,28.46397472416098,0,2,5.6
T0081,0,31.290873120125568,26.447501293784164,66.67249710540331,58.36476363290772,69.40153661445817,60.540726966544455,0.13367935310390047,0.13410899020710712,30.47069992811758,93.56113302469593,84.19177300870268,27.05586144861228,28.597757193322625,0,2,5.6
T0081,0,69.11080358015964,66.230355922692,42.11027446342562,39.26925841646698,42.13055555857909,40.19503807368994,0.03586584534432317,0.034228098573816514,26.623269365399718,77.54616882212396,73.63580160231552,31.946285961366677,28.051328873177354,0,2,5.6
T0081,0,56.34875793648773,55.10363826732335,55.8168436427968,54.13835793242599,67.13021341852146,63.86595718781921,0.020625261155268,0.051110218103881146,32.50408548053435,73.21518435422004,70.8849026955443,29.275812706849848,26.514556717555855,0,2,5.6
T0081,0,37.818590514186084,34.08198606378709,39.53671762410763,35.51432511870908,36.73879420280015,32.80078237666489,0.07656146746099954,0.06706488999316915,29.72236829462012,83.35964501247895,74.64608681952251,33.236738244702565,29.437221083693462,0,2,5.6
T0081,0,45.33105065150534,39.84634833364551,28.60290504204677,26.96982157043814,43.201670184752714,39.92846900991519,0.08038914777283802,0.06092623094119255,33.677741304742824,91.90646554709183,89.67409678428955,39.318202742335615,27.155428895159893,0,2,5.6
T0081,0,77.95042247436986,74.40670790870531,48.336517290661384,44.749566920722316,67.02334365179391,64.19647696571116,0.0262288801420092,0.022958298135584494,33.59131417184781,88.01844413825843,81.7816610871638,33.71742118738498,28.090924700723342,0,2,5.6
T0082,2,37.928211706694306,13.56766595897299,75.19846399624744,39.14412955621311,49.2003285264107,22.153873241693375,2.1266713545477365,1.3271131668267429,27.241460144048087,89.53489923221656,86.3667003470709,21.461899534468376,28.979253743184806,1,3,17.7
T0082,2,47.41957048698271,34.059629586053845,29.868707717116802,20.399086558398718,71.264468961218,48.017951264773636,0.22500053144977242,0.3397749537364241,24.816531790920237,96.22391986035757,91.79874509871165,38.89574295609196,25.99757459184372,1,3,17.7
T0082,2,25.866394339282262,16.481675318063402,47.48625697098275,33.646654834791946,67.82637504687992,43.33790320466024,0.4287873386697177,0.3617739571983105,26.150142191652197,65.83133728841415,60.2151109654087,31.986399220072535,26.345944841880144,1,3,17.7
T0082,2,75.61822383465187,53.26988371265557,57.50427864553378,41.24999164456595,62.669521025990505,41.173760049459204,0.2909531152303573,0.2661290058887994,27.333799738387807,76.48679220147858,65.93512892423051,33.84761558049349,30.127121816543998,1,3,17.7
T0082,2,50.734626231537405,43.46811310819368,39.40666435832389,32.413213382888955,43.58106624788475,34.74967888661481,0.08415208059536278,0.1760411520476328,25.95838031629185,78.59920685595013,77.61523606108115,38.617566198440294,25.51991757179416,1,3,17.7
T0082,2,66.38559208741081,31.4393963571365,23.694676594390373,15.198291806223937,47.87815699665388,23.295858578940386,1.1484469165464222,0.710722458541079,25.106904787340596,77.17525287132332,67.01255670601502,37.28766420034779,26.294845268292068,1,3,17.7
T0082,2,47.56128677919392,24.457850159813344,60.23566503243946,35.72277290453343,21.1054229751273,12.606999308008476,0.7270673155559773,0.4476538116294216,30.00464911395216,95.8231725090879,91.35533029105086,32.44959726719126,28.578715727642894,1,3,17.7
T0082,2,72.52132126744871,52.62195394590368,71.58285285642297,51.64655579329357,46.535464679170246,33.78805373764298,0.3665930717948582,0.24840227004226093,28.343127427606507,92.13521989717961,84.25586068353266,39.248458260108535,28.383278568855502,1,3,17.7
T0083,0,41.092320378376336,39.39413040513616,77.0705891293801,71.99608380349495,43.71470618865937,40.0966159381009,0.023229524106616026,0.056802572187093774,33.39413313022206,81.77320377678049,73.62960239048219,34.59518329861351,28.114215935832693,0,2,12.8
T0083,0,28.958999024461416,26.59648097164721,57.70397377150508,52.165578865395894,46.39641636882584,42.40440682766719,0.0543056556414204,0.06123352721889577,27.69116800779479,82.9347926182469,73.89262221939745,28.535149874474588,26.811867851388357,0,2,12.8
T0083,0,38.4944103396811,34.44406922929046,56.54452636471473,53.83215132315451,77.75779970973238,73.51786454936685,0.06362719274894771,0.03497866052723554,26.488430366590176,83.81876240988367,80.36214653098523,37.66647383886223,29.015813866054028,0,2,12.8
T0083,0,40.52877397920119,33.94042440900398,59.520205375735884,55.117461300977304,44.73494045476792,38.33395495420487,0.10172246503543252,0.07735064575441856,30.69474243503477,82.76999508470804,76.51671492903046,31.171335879421147,26.656382770239755,0,2,12.8
T0083,0,65.68453678005064,61.70065333004125,32.488406202108585,30.881451424314253,72.60960937037197,67.90914882735112,0.040221816893153,0.04715620233645758,28.272699227998515,94.42583994593762,86.88228117530186,41.59544695446722,27.9599619184522,0,2,12.8
T0083,0,27.49872946559684,25.81818112486114,56.689804657669264,51.255139592178416,69.64001148072323,65.22766006047507,0.03538572250793998,0.03847123916951251,26.688503203920135,78.44709577221849,71.57470670142702,32.86872732562545,30.05046973053494,0,2,12.8
T0083,0,50.216739399213836,48.55220208354272,54.19671745521059,52.273455534455785,79.45609787806671,73.43420309488086,0.032077924411168426,0.05495951321567481,28.25257206520822,93.39882378533609,88.62250886458013,30.577844918354185,28.979332387620953,0,2,12.8
T0083,0,50.531756829614025,45.659550212374434,23.23839390112972,20.85778750496891,76.19256094227035,70.06495368504324,0.05461657748594887,0.053034533626863,33.19028556339218,93.12998871902953,88.56275426265599,28.58895173295015,27.747265971429435,0,2,12.8
T0084,0,39.47497144643371,38.78389773156963,62.32516542809776,60.25331872993224,55.273130894361636,51.46900986220331,0.009704570977744933,0.03719455518769931,33.997136751048174,83.03796373573496,80.09864413365507,27.42640594841672,28.267803616516872,0,2,9.6
T0084,0,68.48054691389993,59.53169123772191,21.37585633493585,19.841340846819158,76.86770083219842,74.0740114000811,0.08919360679860779,0.030078902994876477,28.773564948431805,88.74922757482649,84.40387028131413,39.22845850039668,30.026360737176944,0,2,9.6
T0084,0,77.49774184866675,71.65356050626247,45.328847124543486,41.218771653876736,61.79627245507422,55.13365522869769,0.03386363086376126,0.05421003381994432,33.00653527808712,94.64377294215387,86.6680202597462,25.750478181719515,29.503928583392693,0,2,9.6
T0084,0,78.63010082301574,74.93125236598883,42.635120438974305,41.69933522509793,23.526079950063206,21.66099495778959,0.030970632433099644,0.0668109807502627,26.95245704032796,64.0592739596625,60.77250439906207,20.77939417985432,29.691318197194377,0,2,9.6
T0084,0,34.5193563862714,31.306057034886177,22.351375425686786,20.699564473739056,69.96091196558784,63.65564890274932,0.0697280000051962,0.06021811118355387,31.25627865899654,68.92468928740539,60.022085602072906,41.213915485182625,30.394447598666357,0,2,9.6
T0084,0,53.46635042219872,50.072344407080536,42.222156366160775,39.113513984440054,51.297761173150406,46.346664863688126,0.02977327399499368,0.05240496590069581,30.33814026692984,97.81577537588005,88.6166945261305,43.068526565354574,29.155653253102496,0,2,9.6
T0084,0,71.77218013263978,65.94540734982365,68.8928715509824,66.74667879823818,36.58083571607222,34.24984178487734,0.05848298174949429,0.044767037689134224,27.91038795490196,83.72631682234856,82.09585417322732,43.57410474429975,30.184992161035364,0,2,9.6
T0084,0,65.22718456192831,60.56081360720231,42.902208230042476,39.672422352536515,46.21628781171072,43.61232623667652,0.06037094581456226,0.053114261927293516,24.47209475688876,77.09278255711175,69.71189354205217,19.095428781844596,30.300667387160082,0,2,9.6
T0085,0,49.81990507821379,41.428882916618896,31.309730256342235,27.33665818473596,49.67734467675396,41.91026830988461,0.13021844329366306,0.1459159323450104,29.668470801399785,80.43281419075191,74.7677269263663,35.241247744789426,30.167189512846775,0,2,9.0
T0085,0,33.33365861577534,30.144474289701737,43.07133724688766,38.49457719573726,61.830087716041845,55.31628429824317,0.05914172525292572,0.05611381380762817,24.310407226334327,79.3176053040194,72.18337658511503,38.58636686628179,27.695991383907035,0,2,9.0
T0085,0,39.93205410653887,32.62144401198554,55.09145077842511,49.16593505912814,74.10332883249465,62.32645587663748,0.1334931049963466,0.11452124703108466,26.201685289510543,75.46626211492118,72.90312776797968,35.1915233067172,29.825249905627405,0,2,9.0
T0085,0,70.24596805949955,66.77669317620035,41.95211684521924,36.82059024886357,74.82609793924655,65.39474255044232,0.02524791056096368,0.07186051751948876,32.47493705626914,92.61493473038561,78.2355360429311,30.266187782499767,29.515796624657817,0,2,9.0
T0085,0,26.12340313242015,25.04386516078513,42.019787155687496,38.89067518214714,53.155447899912325,49.361096205494654,0.03098785230537489,0.0489380958193546,28.46128311902917,90.13048402805545,89.10775717568465,31.589074792239227,28.217837844092866,0,2,9.0
T0085,0,39.13191366213307,36.50168503643323,75.2582568790555,69.14517446434576,29.339083077563707,26.157866928243948,0.03431347400382991,0.06112895740807778,32.37609476462908,80.87016033318622,68.4841046494458,28.708941238294564,27.6856734531479,0,2,9.0
T0085,0,65.45263799599448,62.10381454626757,77.93841213181207,74.43157840607529,22.938607536884263,21.706950367899108,0.025066728686407812,0.03040416666528103,31.920358204635946,87.09584571228754,83.05690928802122,22.195122514953365,29.469841944327094,0,2,9.0
T0085,0,78.38363687427793,74.86506971195529,20.861552242626086,19.784677679524375,39.54316425251635,36.3613142743771,0.024896696783152164,0.040709949775636405,24.866183545412614,71.09214826512971,68.57465693299268,34.12588891635971,27.300498152375166,0,2,9.0
T0086,2,46.976154503048946,33.28230647693719,64.3329569432014,45.746895956007634,34.11435891952732,23.41215318453892,0.3073009862566805,0.3314023641160984,33.44940588330333,83.53420243223887,78.73455878087515,45.43193918472899,25.575764099086392,1,2,15.8
T0086,2,57.86211643837619,34.111846763114464,52.301682977017286,30.361520359613728,74.84049614071105,44.62345987801364,0.5241057329653374,0.5857943856393948,33.50039207655791,74.1474850572792,60.0787674695859,30.255331993755586,29.91212497483789,1,2,15.8
T0086,2,40.36232156853539,28.264792857299412,42.34147056756277,30.166637660222577,73.00552355243867,49.00697052498105,0.4577626281118548,0.3883435924497041,28.035057877665125,91.40747339367265,82.94190919330403,32.00009764473041,28.492349343128986,1,2,15.8
T0086,2,42.289938944572654,25.298509969359806,22.097676037930064,14.067036153755911,30.697698388680955,19.027012106902962,0.6669661820807903,0.5852137527545717,25.3646131252664,83.7204078060823,71.67498102911871,32.16261780716456,27.913475523010753,1,2,15.8
T0086,2,77.97012540668798,51.051336485755975,31.683733327774238,22.570504329289225,33.96398572413504,22.045641600971976,0.2741294994910097,0.35904253942952374,24.838858032235812,81.17997891774021,79.71019015674982,48.205775075103226,25.886841549607514,1,2,15.8
T0086,2,73.17564008729508,43.59925211698528,78.64080784692145,54.236754645422074,71.7497714849683,44.5293298057865,0.5622923973022103,0.5229836765267031,24.640136038053488,67.36190776007155,63.944436665144586,35.077918910243156,29.254427733473108,1,2,15.8
T0086,2,72.51466395815044,39.9048495668866,75.05623620726672,51.45120730555741,75.97909825801233,43.70813539164748,0.5896547473655795,0.5032714496041749,24.941749110077502,96.39560974793108,89.85149231614713,35.80847324881671,28.694661979632855,1,2,15.8
T0086,2,58.48030846598977,30.087136913862448,52.09271270924911,32.80558475745965,44.44148174116266,25.365208895825024,0.5033093657899825,0.5538001215708611,33.25567677438882,71.5906352265505,63.91988889601235,25.175117122934083,25.759037220215628,1,2,15.8
T0087,1,61.82625989756658,57.35943388067578,40.907421299054775,36.07799965639422,20.07904231280355,18.435908179600325,0.059639278863227535,0.06822165399047272,30.571664965217828,67.42131409022525,64.23217019211705,41.13826001589763,29.35506163111387,1,2,15.4
T0087,1,40.333636649251005,34.63334943529315,61.37587835618013,53.108789251521024,68.31142815514355,60.00196206573011,0.08763280838962562,0.11183039746630642,29.994226832402425,99.0,87.44891239549415,34.09947811124475,25.723597520268683,1,2,15.4
T0087,1,63.83243247405907,55.48010616550149,67.63611443981983,55.16357836829361,74.68539694830943,65.3099534112051,0.08331242790321396,0.06736789359211334,25.47142122224018,93.91226194508442,82.3443933855787,35.4497538531043,28.35774507389225,1,2,15.4
T0087,1,38.057908778387905,34.36465156149101,76.16249047032387,68.802030812925,39.580991816254,35.811962877383834,0.06535410615720882,0.05924587156147371,26.169414566698773,72.26774856092887,68.43587657526227,35.86427921045747,26.20812868829425,1,2,15.4
T0087,1,68.94840288062221,57.469400560475506,38.688203047458366,32.45882386032628,25.598438234941685,20.11688277177258,0.11615653024798846,0.20465838879990428,28.028392441432167,92.4119503727909,85.50890883103052,36.32393632595139,29.0250898986599,1,2,15.4
T0087,1,66.3791450856796,61.15809994462919,24.028165519050084,21.59196456136761,57.66610034237837,51.92268511685714,0.060680914547154075,0.05879628661786003,32.92074745437124,74.4740979365248,68.91282510661048,32.710049378863964,30.280618619799785,1,2,15.4
T0087,1,76.72519373638532,62.464706248924216,73.03304939062326,61.68929387067633,33.075618705981874,27.55859120730396,0.11840242086275791,0.11562610691417666,30.45832879267937,84.05395267345096,80.26517913999568,37.11106991288012,26.557933927643067,1,2,15.4
T0087,1,53.24375116725933,48.444710281283484,50.15098036809948,45.68862627609552,22.26343173325094,19.663331068623076,0.06360656574038251,0.0930478002143753,29.828791669869588,71.68424394294718,69.04480137080202,37.56512532455369,25.609194620084367,1,2,15.4
T0088,0,79.07857180982506,74.07639330967359,78.77690138873231,73.91797973774202,39.37834367976878,37.06271243223287,0.03552613946849233,0.03475889923242376,24.31506687109636,91.02163503714137,86.86484352818775,16.92705256321174,26.64759037408709,0,1,12.8
T0088,0,58.667972501996346,56.66239644670004,47.05280844768149,43.76105992423873,75.59766916103615,72.8655363764871,0.020324891180446152,0.02365139891175021,26.237665797911056,90.26823295432784,80.75189224162222,41.209899206836745,29.37061553845146,0,1,12.8
T0088,0,51.886879591231796,51.292639373233,64.17419582261462,60.13143288520878,78.56615047067538,77.38294495026467,0.00436203150066741,0.008821973971993075,25.36504242024191,82.32432375217475,80.94284664153327,31.326787486599677,27.135572669725494,0,1,12.8
T0088,0,65.69570055667414,62.342464253090206,53.098293181995,49.87966199159829,62.75056995207305,61.573610928259,0.03947926036244639,0.010585159036056042,26.88534569781857,89.21141151449466,86.15757759241424,27.23076805422172,26.561954098564584,0,1,12.8
T0088,0,75.35566389867881,69.013089330689,37.1486478775101,35.48283445236089,70.19307338179748,66.96810400518737,0.058619245629791025,0.02654182057191024,32.382882573266954,89.26893777346712,86.0738671547731,31.196988595384788,28.756118033300204,0,1,12.8
T0088,0,20.924958817022944,19.822475715301167,48.96124341960774,46.9422414395874,23.311237435686472,22.929914040893834,0.03498653619883131,0.009647268903032436,25.09048211171581,72.68435854822856,73.95907923454811,39.98588866428611,26.068290424923504,0,1,12.8
T0088,0,63.23514180445669,49.399633268444525,43.639209780339044,38.34059239536869,75.22708307544866,61.771967845760436,0.12154846684610804,0.12757081910900966,28.59965242794829,74.27784496462606,66.24588977281326,19.72008153321985,28.41851139262507,0,1,12.8
T0088,0,55.313788701486644,51.35375043092028,21.00576634182606,19.34037323296185,31.952890105636374,29.407334888611366,0.049097972357247444,0.04730437712278512,32.722811669954794,99.0,89.32934819500512,29.000912014832878,27.166562128580747,0,1,12.8
T0089,1,51.92485958193186,37.12686287660844,26.721548043576995,19.91152665436993,76.9622841959162,56.95564922025542,0.2652645247617337,0.1953516173677336,25.850078561592078,84.13960644483925,81.09081696849165,17.277592785828805,29.225404174015015,0,2,18.0
T0089,1,69.08334156724864,63.634640128598306,41.491254364411816,37.61370636233867,47.895155032775506,43.53367856567703,0.04544954036594169,0.04798373517584696,25.371832094043523,86.13180945125116,83.7218168361574,28.43647813237744,29.976021973969583,0,2,18.0
T0089,1,32.27334216714537,27.20200901905516,68.21399550752932,57.611413822739266,24.571807870390614,20.48495558902919,0.12949618022729883,0.17314428462030887,26.74303832823349,76.45207723528401,71.6614566195831,36.767575281233675,26.458232032988395,0,2,18.0
T0089,1,44.93336025755505,28.73953657750045,71.82420638119842,54.2292148095827,73.32411731173946,53.75519074290481,0.3239772659160203,0.20399950296867467,26.772944191720082,86.82171964275359,82.67271123031053,42.45350161072861,28.2898344693504,0,2,18.0
T0089,1,56.39533488101868,45.647936191860964,63.93251924775461,52.47044628711414,51.03705765928952,41.71376518174443,0.12808448354095034,0.11985540560963959,31.796103942986417,97.241253735108,88.41860158418754,34.807550376714275,28.384413684713017,0,2,18.0
T0089,1,74.54800908050245,60.31270563953688,48.80355337040004,39.877041058044654,65.92681898778656,51.7239496164595,0.1834108608045975,0.25548999165545183,33.26408301297118,79.88991787637826,68.55376504720167,45.672831688687566,25.99138805838877,0,2,18.0
T0089,1,40.09711540601471,25.58463851142702,56.94750861650649,40.46878842356576,22.274610022628373,14.233709166421344,0.4513391089901737,0.5847426490188025,32.93717431012312,82.84782210779647,73.58256954623013,30.72944893380532,26.54795947062896,0,2,18.0
T0089,1,61.284664189122594,54.24173536937281,38.51327073534549,36.18951355307897,29.11496923768095,25.59456570203945,0.1076960999753583,0.08273065454628477,26.468347623789526,62.14807369754196,64.40520594584738,31.681780241563708,26.136138893555803,0,2,18.0
T0090,0,61.37130229372432,56.74211281427781,53.71418776019827,52.54207463712135,69.23511156261162,66.89773873885552,0.07449369503543261,0.029045676557208532,32.69047610183483,80.18248343866226,78.44575487803058,41.50643499784438,27.787561278281434,0,1,11.0
T0090,0,58.60831548584689,46.93672395042154,59.12909772778003,51.36438103636302,26.181423035081185,21.6603614752179,0.1519033263881359,0.18095675827067378,27.575799396391073,73.45384067818594,65.48824853186554,29.70509961039306,28.712572634093828,0,1,11.0
T0090,0,26.301942603045987,24.29782556384832,60.31459257012608,58.237225946958446,48.196552387573,47.02169957130717,0.04141686645809231,0.014924878612292544,28.070802865284776,84.86156263608872,79.6382378126406,37.30959957178469,27.788373542871533,0,1,11.0
T0090,0,30.699197898434925,28.28485148599625,67.80066612529404,62.82789423168608,46.488776408500954,42.05964314838331,0.05561536631620934,0.0629499577266257,26.988520840747373,75.07221726071009,66.38169193409145,30.88117954028929,27.933824850539175,0,1,11.0
T0090,0,23.31067067406344,19.834964574347477,78.60154125197789,72.88264483861856,52.20660963563663,46.609193480932255,0.1362376216222867,0.08022120902973362,28.29957630833613,84.50391484709438,84.26969761535976,38.01324448662719,29.364867234343524,0,1,11.0
T0090,0,75.74147037221836,73.10992511459543,58.52071671863356,55.7226941989717,71.68520464757442,69.67708989977667,0.019050832254748105,0.013848078019358587,31.98905910161221,91.946039662193,90.76749582144156,28.344990730749664,29.806461414919813,0,1,11.0
T0090,0,68.4023811379885,65.01646375378894,49.608771981148536,48.03722208145434,30.294366532996477,28.48406334980833,0.04255714862475045,0.04310377215312624,28.74163527108681,93.79621799701376,87.1370721609514,34.027785162034284,30.267906398368034,0,1,11.0
T0090,0,65.38544247322295,62.51784040764748,60.19194901374204,56.781002128718825,68.93029456773795,64.06462899621899,0.03584932520312256,0.052395219696552295,28.41599254806093,71.69457248485328,64.89822726541482,43.62828858251895,26.77110477232589,0,1,11.0
T0091,2,25.617284380351602,20.557962272200378,40.316041116979854,31.605524449525838,59.56088569381031,47.47437879715359,0.2003458515188242,0.20047311381966126,26.145820374128817,91.82298569016842,87.0738098834973,40.98947083255025,29.741371619789284,3,3,21.8
T0091,2,58.74705051821548,47.770240337142454,69.69331903625944,51.160439232082126,68.73060356140807,53.895372130071664,0.197034727478851,0.20447089518916572,29.17182529424788,89.644850969523,78.05757190676795,35.252490206883465,27.76762493486204,3,3,21.8
T0091,2,28.804023258889025,21.711267835419786,66.16355389915249,54.47339495227146,31.007926447111334,22.837188318368057,0.24470799183990835,0.2679035111635876,32.881561236662506,70.57436436288062,65.564994416596,36.525652143431195,27.102621864819614,3,3,21.8
T0091,2,59.102114109975155,41.14863338376678,47.63836018652962,34.172835078668896,34.27829574282505,25.392514594230985,0.3060829800277617,0.19600488860366921,26.127404098415973,91.78552985706887,85.45311146726056,37.30944377726037,29.74872262744763,3,3,21.8
T0091,2,49.47262069079502,41.01855811219135,53.98777347884963,46.300742591398276,70.44828485927124,56.18739213597793,0.15818721250799758,0.21917885567065176,27.671721636296432,97.41900085566411,91.69073668800408,36.05914453474815,26.37591536671058,3,3,21.8
T0091,2,26.38696557168447,18.372918129286532,77.04766092558788,57.030897630377076,77.6875753849126,50.22328300164891,0.49021374001512924,0.5180333835931628,31.861282411946007,68.57777487438351,61.87345771264468,29.50850277825004,30.233583053445393,3,3,21.8
T0091,2,31.646340040974316,21.374182006373424,59.0270755540886,39.10189430015732,26.502515112107226,18.004749351785,0.4030179172118553,0.349950972156042,33.80895990336202,97.3408935963027,86.74982452507726,38.83647934768371,27.503509261744533,3,3,21.8
T0091,2,47.8250657147598,36.32549105513076,22.3633034212888,17.131407841143794,69.16550898862842,50.160590847748026,0.2193251907462438,0.2939862451004375,27.817294770154888,94.69985498856276,87.07366987678395,26.09670916241948,26.381194044985122,3,3,21.8
T0092,0,34.35167251947544,30.87908357007758,57.26947026550565,53.28232430878313,60.50972526010785,56.76672620493634,0.0742841336081095,0.04369367413734484,33.37766718647339,67.50272874473096,63.00960251776472,32.39367366330313,27.758999976823198,0,2,11.6
T0092,0,59.30079089611553,53.78246778356577,73.06848107932989,68.06788098211037,35.608681531987855,32.355167884972694,0.05316328213437882,0.05047095550543708,31.735095683710362,64.9710555027414,60.0221201892398,31.66183339268648,25.69494755764616,0,2,11.6
T0092,0,27.20974533430392,24.263214984443604,65.25000389996336,62.00036473251795,29.218379959568825,26.236538569708003,0.05607034927956893,0.06278331881825276,30.753914606791582,82.81930398302947,79.93200797028614,36.919344627974084,25.854521818454863,0,2,11.6
T0092,0,39.11129098354438,35.45735547210957,65.0518220862973,62.2893558411,24.01917507011158,23.483251340052945,0.08235339913727353,0.014679396582657772,25.862037769050232,72.1523926810634,66.32536998597504,25.094060547578174,28.602712644006232,0,2,11.6
T0092,0,44.31555525578949,39.34144743915805,63.42831592956552,57.649939237070406,25.511082809998925,22.06671872447935,0.05374430663217,0.0680384077252515,25.83987008472059,96.53650515168115,85.41656658172717,42.20125453205503,28.059556886595402,0,2,11.6
T0092,0,37.29288302506861,32.60001133188289,55.875396537181786,48.568731680247716,71.98769729287355,62.62482811136463,0.07991665953541689,0.09077713949816985,25.883984172439565,73.9488291694175,63.49939449520005,16.29950237026542,29.182353607621167,0,2,11.6
T0092,0,54.64119254579482,52.546938903842715,35.939207323376806,34.33477071540302,70.57118493270667,65.35162696181216,0.024895724317262904,0.048408647619407295,29.430733977784996,90.17868659727625,83.47840088954358,25.085778943971146,25.519574529047034,0,2,11.6
T0092,0,45.52073071368428,42.553284872106715,47.66760333348792,44.625001423631026,36.80621306926933,33.74622606638299,0.030568138324867756,0.04784569009692017,26.31834676819729,71.55699499471288,60.4917478408896,33.75706255962841,28.394638516842132,0,2,11.6
T0093,0,39.62358801153066,32.601214776396944,64.33226358880432,46.89837878444562,39.8017851582469,31.357933529690953,0.08484659207905514,0.11048847821775688,30.69376592614086,79.09140206605268,69.28749707171232,36.499477509929704,25.68237015078363,0,2,17.6
T0093,0,69.3737918244051,58.56675364735869,35.91753382195482,30.002354825313198,77.66305446824671,64.02704327869372,0.1278964021278768,0.1252059369758387,26.756194765932758,95.42382715702043,88.76005811419572,30.70423339079385,26.963215610234883,0,2,17.6
T0093,0,69.74114730646889,65.11026480301784,39.83091971604611,32.673312908694655,20.57377653369886,16.544013977836894,0.05028217621398052,0.19055935003351393,25.648052204545674,85.61316259994186,81.98451643880857,34.39166338081047,26.50031535426582,0,2,17.6
T0093,0,50.29446898636422,47.019118811423496,77.22281721185811,72.49828989946404,56.93590210686871,52.51213014604407,0.04982819770672441,0.05125497716947157,24.14880050025619,80.82331601037284,76.28319537989047,36.69998881411905,30.207588691927192,0,2,17.6
T0093,0,48.172032239980126,38.174040900950054,60.42796998516164,40.51699880179924,53.66246627908196,37.96112445321531,0.11482579661731965,0.14030679458062284,26.660805234820035,99.0,89.00840860167133,34.334518947407624,25.770833958900706,0,2,17.6
T0093,0,25.81888482434859,23.528684192113847,32.850849129572836,27.372629911981722,55.19587469334704,47.48371743617358,0.06299384553364284,0.09041068777634746,24.580513517524658,96.4082542422752,88.19116560069662,31.91341846567905,26.00308897631761,0,2,17.6
T0093,0,55.606613888550456,48.69391702197347,77.41454319989731,68.14595212939383,44.9974677406036,40.767331710488136,0.07152203176213498,0.07574595592718156,25.182991280941373,88.84312632928363,79.45770719718891,26.70578407326699,26.382073022479197,0,2,17.6
T0093,0,45.54193693702291,36.19214973206757,27.630501190594806,18.663290042654175,58.06308512573925,44.47711911427707,0.14927539385980718,0.18727836962149316,33.28108253614257,90.74656848048994,82.01773928522402,28.188318500809167,27.700101478155958,0,2,17.6
T0094,0,53.20920571787103,49.59777637001624,41.27859662707486,38.81864568030934,64.87232468442548,62.46308165496377,0.03554230949194596,0.01636950799578929,33.460812825483835,88.2942795011952,84.81543618362613,26.29743250441785,28.993948280570425,1,2,15.4
T0094,0,69.26052352956843,67.36427600162763,63.27741579407201,58.48297002434493,51.506728019640235,47.403843408997204,0.014052934497382352,0.05724784928357194,29.99279302970478,83.80252963053479,80.83472587796712,24.160544800552607,25.51429510344171,1,2,15.4
T0094,0,68.06150663298274,62.25619583834917,57.50365963712681,55.4188881908158,26.051455693016415,24.695581973748205,0.04704310133017123,0.035421557997500186,33.517668084739434,73.87316325776243,68.81477913167973,34.558568924755974,26.18588931173432,1,2,15.4
T0094,0,21.626764168028156,20.46223611918433,53.406999901667284,49.37393329531971,45.445918522647624,42.99119897067294,0.03027876664542703,0.03387962904144998,29.329596251256667,63.053832333097525,60.09055797493077,42.37491937211811,28.101490446662325,1,2,15.4
T0094,0,38.10762878455729,35.40365938878336,64.47084691276257,63.48888408554759,22.279410654658548,20.77182454517353,0.048877686848414086,0.05273412052885011,29.643216055492424,68.53433984276168,64.76716275924299,37.353508861847466,27.7509499553813,1,2,15.4
T0094,0,20.23542717205279,19.034367969464988,70.82739554547751,65.30271467000652,28.63246550047119,27.236829676548133,0.04672635829711809,0.03141209626663062,30.364171860232425,82.0773574537152,76.77851849475184,31.94625262161749,29.423389115670226,1,2,15.4
T0094,0,74.25881302460658,64.49604985048151,58.51360294844266,54.35043689706986,30.904660771921044,26.527021925288885,0.06927485576820006,0.07622414336807576,25.69351225382651,84.46621550680592,79.78275602128357,29.933148483905327,28.968493121068576,1,2,15.4
T0094,0,44.57105978487597,42.413960254795505,21.699241011452422,20.623864865317007,68.10660009758104,65.67695121363087,0.0307168990916622,0.018500124369135486,26.43431988940744,74.9879543633938,70.66001652108584,31.953346828553922,26.903937420798528,1,2,15.4
T0095,1,26.029327069103488,21.453084560973664,56.16608955970665,50.47814943549146,78.56342236146011,65.08269988987273,0.19348438236423401,0.15736680471541276,28.383175148817852,90.67106312788796,85.20554009092962,26.778930194757997,25.50570388073001,1,2,13.6
T0095,1,76.80930499918783,62.8354827443418,34.01544831612702,29.66558546674856,39.34534023187505,30.665262977124538,0.16504010066414598,0.26833130376423303,28.139834174505033,73.93224300308358,73.78984857098826,35.62440226081095,30.128964943306165,1,2,13.6
T0095,1,56.5764339486351,37.266577008978466,24.627765997650478,16.922249166518615,30.791099206204777,22.489102217049492,0.3267558639923702,0.237086710835266,28.167376505856808,81.22999574585431,77.25534962306381,29.992701101274445,28.972738005317094,1,2,13.6
T0095,1,43.14875334945193,36.83554182217055,50.641832465240526,44.18835245942883,43.188386045670896,35.70551998334196,0.12079121113413752,0.18891484037181241,27.55507783440465,69.50677377715714,61.636305975867664,36.02678124782195,25.529253691233826,1,2,13.6
T0095,1,55.209384689683105,40.591582663867634,49.693427840450326,38.74365851722268,32.91902013034933,24.057101832250723,0.22713744754829088,0.23022608167425593,28.731536754400615,92.84800618543605,83.03648971870135,27.843757245722337,25.563946320114933,1,2,13.6
T0095,1,53.929950347898966,50.809952797678775,45.73405833807351,40.76463177298755,79.28148611278468,74.72244774080842,0.06334887641240167,0.07101104150723718,28.802221480611898,86.13703464323132,85.11290137761301,45.83856721683231,29.53646478756946,1,2,13.6
T0095,1,66.29453064601847,59.3555729724646,39.13744980732074,34.53284656616725,51.01777223575074,43.82135741836056,0.07934191696771795,0.12922850388219187,24.218749332878016,64.09258918120749,61.749900321992314,39.16691738193423,27.338226214318098,1,2,13.6
T0095,1,61.71535118176051,55.57463635962213,51.97236660295663,49.990411573395534,56.123780469978804,49.4355374202233,0.09493340884915144,0.13955423466920464,28.341270594167476,87.74485161001866,88.09823537585285,36.73574743771968,25.91791391007295,1,2,13.6
T0096,0,78.2794400425629,75.08858996454484,59.21548229525341,59.305133627469225,25.790028974827564,25.897869415414792,0.027313903769292314,0.0,27.494323698537578,68.94373316346623,68.3201721902371,43.74618405408342,25.74864376698859,0,2,19.2
T0096,0,37.29592121029472,36.403667283367504,69.45112003982939,68.23627506752057,60.65468075487835,59.54526245415468,0.012770034836065734,0.00993600577780022,33.15381214141081,65.40517174113664,67.4304702234036,37.97863587297627,30.15779343909459,0,2,19.2
T0096,0,39.11581948322667,35.85116390426336,70.42605915699784,63.67560110337669,76.91953656306102,68.399554018818,0.05490824277741766,0.09744952985285782,33.53841272214572,72.48770537458554,63.22447062941507,27.431085025526464,25.50324191581228,0,2,19.2
T0096,0,20.110967419873838,18.816451341616986,64.46514442237354,59.691225756632186,25.233704593363285,22.936078342389774,0.04684680495636935,0.07429751166304067,25.66660129566938,80.57374665619022,72.02390115861624,36.837934556173174,28.604484506952844,0,2,19.2
T0096,0,29.159974417723085,27.607911714130683,44.27634044156251,44.312801358636186,58.70367378882479,56.818724883156285,0.0293281668634546,0.018362866388268347,32.22606497229549,86.5196996376494,81.92525897875322,32.05704854549191,29.00749472592079,0,2,19.2
T0096,0,36.88900695932833,35.80826885408556,27.474899893794706,26.617814659176464,65.17693905799607,61.6782872843883,0.016220543802964664,0.0253569836699025,26.09127827139873,66.18496191772255,60.37198880833225,43.240295844880734,28.613800849121187,0,2,19.2
T0096,0,72.64223635694432,66.18135515389585,24.55607451498569,23.04690852595236,78.78908956584593,70.57335182532748,0.05597207511219073,0.05252418259947397,27.483209201672047,89.46727429173433,85.62392093453292,31.344272539423503,26.540481779481922,0,2,19.2
T0096,0,77.38957104236883,70.95516328906379,40.476912668989165,38.4615350762533,64.92598239266472,61.38086103917296,0.04688272132308833,0.03839211558216872,24.849602593416108,72.21478717278197,68.38952810080877,27.811437050615915,28.80380807362768,0,2,19.2
T0097,0,64.3748195039444,55.538439050135345,76.87804546175826,68.31410516085639,58.67482020866635,49.096569875816186,0.10181061636999413,0.08402420119590277,29.291472368374627,83.25088462573703,82.85544717920214,21.98904990156094,30.47220492638892,1,1,13.4
T0097,0,49.46376659215434,45.534077662866466,31.426023441754477,28.602841582592244,36.249244269424494,33.034359236441205,0.04199376845945746,0.04920149426120361,33.99285908705876,82.86623828921702,80.02638269784836,37.715003237552395,28.67003240089211,1,1,13.4
T0097,0,50.44103021781036,45.6979785161931,31.492840342210577,28.803510054930555,55.723774732030904,50.04206026766205,0.05648348256217843,0.06467108346684736,27.31601367388015,93.05668405871977,88.82189961628355,39.60154439382005,27.237191627851765,1,1,13.4
T0097,0,23.77494163341452,20.336439049634105,32.498397499846526,28.783459575260895,62.03452766969402,55.66154655964826,0.15764379534681688,0.060656390968007054,25.647834331839974,89.75766261195223,86.5591546909935,27.9439582296572,29.806945635517806,1,1,13.4
T0097,0,78.33327744611302,69.34412224521941,61.64118307028458,57.66034293413878,48.42949068999198,43.628671853381896,0.08648557255175966,0.0706797658324972,29.35495687261146,75.31731657845225,70.00358681629635,39.39457225807266,27.33021979640521,1,1,13.4
T0097,0,75.77396057799047,53.332452710150406,68.1311570645592,53.58228195567846,37.752788307569936,29.03435002974326,0.21446880300340737,0.14012080008642802,26.544500626053097,72.72331821117123,64.8623208158464,35.33442704504084,25.64625220031072,1,1,13.4
T0097,0,32.92258797293735,30.39633762073963,30.356778022123745,28.66109527339647,76.6269780692206,69.41293622609642,0.0636297686853812,0.07632346209123701,30.168737542309266,90.01983702535297,85.37621478586587,29.075505334177187,27.328860094959616,1,1,13.4
T0097,0,35.239723180082684,32.53474935096351,73.22562943330078,69.29986412206678,74.48736911172813,69.75969346625357,0.05482556920761343,0.034762404787022,33.952478221984386,83.6417616057153,83.01389718692965,22.05716463260476,26.404916169424425,1,1,13.4
T0098,0,48.13581242430758,43.42973456524859,22.826943847442912,17.965825536878583,21.69868100822214,17.870651035252408,0.054830030802218294,0.0780867815513436,32.04678142009986,71.06480241475771,68.28434120509404,33.31347512933399,28.478823468465286,0,2,12.6
T0098,0,38.49216835039142,36.23208229739636,63.73668749694057,61.077545171287156,54.07638397142213,54.365042460827915,0.03569106060727839,0.0,33.48465760273619,67.81625237246207,65.6115865368367,29.091335618480073,30.256468835446235,0,2,12.6
T0098,0,69.41737329400243,64.01876975460362,46.00934136024416,37.75652193132924,46.16512614597662,39.53657744829216,0.05773416505947982,0.1203164740127008,30.352698632399278,58.653311850087675,60.00162006487771,37.052197708245245,29.972319364294666,0,2,12.6
T0098,0,35.89044221395015,29.245269359867752,40.21529477678915,28.597535343732904,52.091842732490306,35.72399332783884,0.0891222705671346,0.21726779662802942,33.10293094668667,65.1457983674311,64.41493300307305,35.982807769947,27.44483449164845,0,2,12.6
T0098,0,36.767730163381145,31.45905587732543,59.88571644819143,42.83617137237914,30.488944774218005,23.159452689321796,0.07233394690495998,0.16903926074004988,25.731911150072666,92.30311847324108,82.44084718644424,35.85348453340274,29.709566707802118,0,2,12.6
T0098,0,47.78485392885415,45.119548381210436,50.743394041944015,39.07026181373818,22.592460824985952,18.811950349266322,0.045811552186541045,0.10305445119062458,33.92533462170833,69.45823112237879,62.4274466488329,32.03828394196729,27.20123445862018,0,2,12.6
T0098,0,48.11542424246822,42.92061458306705,77.59408386782334,60.75043189175049,77.38772988147421,63.61396050097817,0.057766178359357885,0.10052195628125965,26.69622424768186,83.30873475458355,80.76630071540635,36.95314559725176,29.300739632432165,0,2,12.6
T0098,0,28.715731383406112,26.588865079176436,25.73591171904622,22.745320962502806,35.52248995852147,30.186656390707558,0.04240369162952301,0.10146333792447162,33.64308755870738,59.63279252066634,62.63279252066634,43.131249031209514,30.158414069854615,0,2,12.6
T0099,3,36.57652384591954,17.54694338711365,73.56650081535155,42.00733919034704,62.69018901966164,32.1618087339037,1.0447442007861134,0.9566881113831145,25.00510846204252,85.93838898650468,77.11899936374974,36.25735330786628,29.31014115459085,2,3,21.8
T0099,3,58.54668791322318,34.678012005411794,73.47678319778015,46.85220412091038,58.980549354650115,34.8150440548532,0.5752975390233163,0.7096535403493334,29.2176358511379,99.0,89.52912895357345,35.36200120698901,29.58437430990439,2,3,21.8
T0099,3,70.6600418725077,36.19932107671889,74.29679641090024,42.86545826704368,48.91356987016669,24.411533275488928,0.8468529375045397,1.1273713513985923,27.010976294581383,62.87821261189655,61.61891145519587,26.06506886709441,25.86010381768292,2,3,21.8
T0099,3,48.60397325553626,25.201247715542536,29.230021115374996,16.53911171484288,65.591790640568,38.44369454444053,0.9481681419761512,0.6839508044354644,28.16711270408576,84.63882119792568,78.64644833146647,31.121398721837647,30.246193842005837,2,3,21.8
T0099,3,21.28085269263205,9.817442717406834,65.35360490849303,33.173070518559555,33.63851747751075,16.620987359938784,1.346165741719455,1.4581323735418308,30.54422142457804,84.2059331905029,75.33856872835877,39.33081133544846,30.02217257081866,2,3,21.8
T0099,3,27.55598025902314,11.399615539050577,36.890548994940175,18.907654187486653,65.99910109724422,27.004894546857944,1.1725462006824032,1.410706972027803,31.08864042335941,77.47685674046126,74.72978331168196,21.559214705953423,26.525601257036836,2,3,21.8
T0099,3,79.22331674161138,41.14658858980957,41.57201426647613,22.257063903441196,36.550838891412766,19.331805621555862,0.8990893202013567,0.9990900519441629,24.969869626769952,90.91250643694903,82.91028115786249,34.18968372914647,29.411281307152272,2,3,21.8
T0099,3,57.189232674760206,36.9616690467582,79.03286004686126,48.609535969994454,50.1677777834739,31.542637872781032,0.5182007386813562,0.6955932892980602,33.477479842464525,81.02256906900074,76.40157864095025,33.97763201208581,27.802515078848316,2,3,21.8
T0100,3,36.72495283948978,16.329513838088253,29.974220687497315,13.309119327692128,39.202837626346486,17.49883507124334,1.4281406620397727,0.8559322924636508,31.935901783588655,96.74532295849355,91.54774557902225,32.827376319734576,26.10371168603923,2,2,15.3
T0100,3,22.23403910259728,15.55704098639687,54.41558144713895,35.131876308004394,29.328476633276352,21.49921891392976,0.3524985845614286,0.29540359575162084,29.847660704832265,74.22018013335315,77.22018013335315,40.26528083928652,29.99476360516696,2,2,15.3
T0100,3,48.69428587633588,20.800985132572514,33.76586634056628,20.363895250563683,57.33216566471066,28.4329772101314,1.1115440338963638,1.1090613922030361,25.644664299787088,77.58826758427675,73.10758001984266,35.85636129190884,30.347138941377775,2,2,15.3
T0100,3,74.10334729360913,48.22151651993374,23.2546200171253,16.284846022291443,58.273592045896194,38.06645452926932,0.38782787915327216,0.4237231946196721,24.861348448065538,73.22901774860144,66.76873215813308,28.697798950859166,29.020058496572545,2,2,15.3
T0100,3,79.94564472785822,47.017657560166235,67.82711517763725,41.45110197927966,50.321420182108255,26.987345392902803,0.44099509150403937,0.5018093858848417,33.072785317152615,73.15674289869823,70.31268264681833,34.75945481365102,29.03966212451268,2,2,15.3
T0100,3,77.61275743861803,43.89612487618877,36.74810609672401,22.978482281279533,21.548291634909898,12.105557247992177,0.8489803243399151,0.5970828363041601,26.243197820772696,73.40142056654786,76.40142056654786,25.281421413581384,27.337936979251502,2,2,15.3
T0100,3,61.918276323671094,36.62888541177722,35.729570109370755,22.781247652590352,52.50936932000185,30.583063655716,0.49663145159783734,0.5559071800799966,25.18620611816383,82.8863976554826,81.13350586300507,50.47822379214803,25.6151125078617,2,2,15.3
T0100,3,58.45338293957917,31.46634550988081,41.425949848013204,23.198274965795992,62.30273738891135,33.56239507152101,1.094413270031144,0.7337498091701947,25.58194512372936,65.90870223208071,60.63656021152485,39.84420441333842,29.677339221131902,2,2,15.3
T0101,2,49.6251738384081,29.477350765583445,51.69979950012086,30.084650629151245,77.28770164641963,44.292236548249534,0.5029335411671474,0.6870974147725556,31.86181890099284,80.23750607303842,73.03930362344063,34.70369376144229,26.059916619356436,3,2,17.9
T0101,2,63.465946118155316,55.58801303881567,29.51114571242898,25.56002246826028,67.7543688846421,59.64604356688072,0.08850950027233595,0.0811810569800786,29.167714317696188,88.69223362632769,89.43922706885701,37.02870257491294,26.248702619560408,3,2,17.9
T0101,2,58.612967172803884,50.36132159145738,52.46834983428715,42.192857372249996,29.854485449088656,26.0690635711233,0.11044261832930401,0.13839527591053286,28.267012595258095,67.47694828762909,65.65181906958875,27.88169141730014,27.80306529553171,3,2,17.9
T0101,2,31.60405571092415,20.368987669979358,72.58101407638839,49.90633724653692,68.95459824194415,45.48963629375181,0.334829113798134,0.2915542658936022,25.106700310403838,68.60118088486098,64.91286793736752,43.87695249265866,28.158406578251586,3,2,17.9
T0101,2,26.17010909520648,16.67095297128546,76.95806420734559,54.61285478713955,58.80013856607717,39.972613444551904,0.3645599421099044,0.26327583075453587,28.95482194727255,73.67150486648772,72.48841869394994,29.84460092032402,26.489105663665438,3,2,17.9
T0101,2,79.52073509952015,57.096586785588094,27.62124573935048,19.631340586511975,61.136961426992144,43.26760910513329,0.3710629309376915,0.3226905244689205,27.42531003829342,84.29296329944253,81.6123573762765,37.30809152371679,26.242602024195396,3,2,17.9
T0101,2,51.07940732031929,29.02016378724064,53.657859561251946,32.83465907616646,40.60114070998556,23.963909384303083,0.4744230631144547,0.4074110906136225,33.33228854461774,97.01947359989427,91.44348404104684,36.254085535136994,29.218000477749193,3,2,17.9
T0101,2,63.49027526333415,55.203667426230346,27.977148134570264,22.836190293184437,74.52262536009938,58.80532522308993,0.13236183878055502,0.16291099982308163,30.445773019008012,84.92576981441063,77.89269571448472,44.074074687382144,28.79499349874127,3,2,17.9
T0102,0,36.485579215561785,33.42767283289125,61.33669678086492,56.362702045905955,27.85406233981663,25.272438311178142,0.07334265594599938,0.07371678975262566,30.49808189072859,95.45155554593038,88.00412977507554,38.588764804420606,29.831125586292522,0,3,11.2
T0102,0,44.412897467342916,38.47352494283708,66.55257738254834,61.13822538745411,52.49707609813489,45.43784238461238,0.09479454932571596,0.09447402869390242,29.074421679483216,75.23111423187683,72.86573954772325,36.78226518138811,28.62543374841989,0,3,11.2
T0102,0,23.5149842093864,22.35115549712699,58.62297019376485,56.55359969150935,76.70498921536388,70.05919890806874,0.0302277545708514,0.046717618041442324,27.93467801576563,72.08465948052142,67.84040324390932,35.443583692198565,27.822675561545918,0,3,11.2
T0102,0,73.74208346958224,65.21938250075881,25.193888167738514,23.07110485767799,67.17912112728551,60.55425972828998,0.07741298077278407,0.054465749554856925,30.885164139034135,65.97198536635516,61.822733942722124,31.307996707606453,27.147048935896557,0,3,11.2
T0102,0,46.33720230624934,43.13006069380366,73.61196805713405,67.09674393083634,47.10042990622668,42.504022425993604,0.03556410807777182,0.06356755455864516,26.06309989018261,67.92680608215545,62.407498907617196,24.445408959389635,27.812631050873467,0,3,11.2
T0102,0,79.65923688344714,68.83124017244222,77.75586435925943,72.02297510364902,36.1308317077542,31.995123436883787,0.09277064487404402,0.08490418284759622,28.409120544961425,89.39520206442478,84.58881704554814,31.577866504372274,26.26649118967844,0,3,11.2
T0102,0,76.38405642372979,73.33496675744387,70.74354930042269,65.54866218307875,74.69576813680828,73.50278717460479,0.017870649356718928,0.007072852165337066,25.02346847955784,74.84957396524943,70.88461340420545,32.18825063693964,26.639024362247948,0,3,11.2
T0102,0,73.14557552963302,66.1421400564233,55.91782209085645,48.89436634281533,63.989508921507586,57.03661754216955,0.05635095239923846,0.04935244935496271,32.737599685109174,97.48882246359634,86.45220316483477,33.39888197801271,27.467752696566638,0,3,11.2
T0103,3,47.889627120293774,29.28414858579011,54.03941543206923,30.552308595008746,63.37727861062991,36.961163277041045,0.6477411448040876,0.5149551399550346,33.80520120356809,71.77702197471373,64.78338204802722,29.881615855015692,27.0917622353922,4,2,17.4
T0103,3,67.85448524564052,41.960611871379385,48.23439815200837,27.341260574705963,58.30472499636162,34.922477630524085,0.40508106039010655,0.38639214335470823,30.84223643045545,73.89655678491644,68.6537138134342,30.4060597234989,25.7895204912814,4,2,17.4
T0103,3,74.74738937819919,44.6405205435522,35.931905764612246,23.34379215125692,54.9429297977863,34.761226241261056,0.7319859099048247,0.831529326824619,33.73036903145985,88.19655046732024,79.9548299465029,43.390680085384545,29.229535397127144,4,2,17.4
T0103,3,79.68266317724661,39.236374196557634,25.687892617742033,13.395117938870488,71.86027336702819,37.060315662430256,1.0319904310736525,0.9740774866287367,29.60948700858843,77.2739462515774,77.33753174705407,32.72098885041817,25.583947726465535,4,2,17.4
T0103,3,72.84406525425128,35.454965248896826,37.54571268961472,22.757525659262697,37.769477973220596,18.55303856131248,1.320416638054222,0.9159807463001929,26.788542071248198,84.97147260435591,82.18890052864577,43.66716361261733,25.583155411614776,4,2,17.4
T0103,3,76.18329525884099,48.99483782981095,73.51426345760103,50.25808335713515,42.50664279142934,28.015924304633682,0.20590752824595926,0.35576885289669447,33.94586641119825,74.76463130443416,67.96635436108585,44.60759165788951,26.932618940164964,4,2,17.4
T0103,3,71.61481543956563,36.076801801359935,79.2900109305767,38.525833975377566,24.24310931877873,12.571920926296226,0.5902244499917157,0.6705812036467337,30.81907902834943,69.55534440131102,62.96536631282021,34.41391642189901,29.868328809197408,4,2,17.4
T0103,3,36.20164209310179,20.873055400191657,55.33782370700325,31.861204310128755,79.23767616943468,42.02921204582292,0.5409032157700256,0.513328403509127,28.37235219605443,82.20553116125672,78.69435917182824,36.93404772981357,30.241355583730765,4,2,17.4
T0104,2,69.86398698029922,42.74822721645624,42.30366950915811,26.96934432604877,34.21429432878555,25.02447744954536,0.7135754635943714,0.4317087424418554,33.44691467997599,69.88136904605132,63.30581842972336,44.49729297270413,29.868119936912663,1,3,17.4
T0104,2,62.01576634163895,24.566115086142474,27.002138401323517,13.680946163813331,33.80413249738194,15.63662734541008,1.413575458907736,0.7757902363446642,30.288291915777666,85.44050491458306,71.75255902389462,38.239767903025204,26.2485598879727,1,3,17.4
T0104,2,39.5906877305137,28.553161173727855,78.21839584120191,58.63543514892852,26.415389070121254,18.491600597267578,0.40624180171360197,0.40631008358463394,31.179771912048775,76.2300886795468,71.30700339007764,34.482853680337406,28.721297990941377,1,3,17.4
T0104,2,71.85245553478498,46.40867591107434,73.71141904855747,47.20005253039831,24.96151495363691,15.71411531594608,0.39976414448161557,0.35760212206318626,26.644671285520467,72.97702289142448,69.73669748663814,36.49992839075195,29.459076638229053,1,3,17.4
T0104,2,44.1610127277788,26.922120739479816,52.74008524635066,32.582758839874096,76.44560473680151,45.45319206025853,0.36826296657222124,0.5970900353670148,33.469076429882016,71.63255111553022,66.41150732737904,32.38119328316435,26.426408321120086,1,3,17.4
T0104,2,39.09070044417509,25.02801896182562,24.919132367297856,16.768926686610364,28.38192742557311,18.85593240421944,0.5773173588155044,0.5880519555061876,32.447674331852035,88.09779604743544,83.8471846257558,36.93860155383477,29.567171263792137,1,3,17.4
T0104,2,64.36378069789312,38.44583266524208,53.517307412870586,32.56846958967819,20.219040407398477,11.84564302974434,0.7065854178237208,0.4690386079549489,32.67887648096185,91.19748746477742,91.821667604196,36.652286106011864,29.392896698175058,1,3,17.4
T0104,2,74.04078118058989,46.24173213122874,30.437601840849254,20.2615669569806,53.68152311938578,31.7318662073152,0.4201935872538915,0.42019712887911265,28.702962327601785,79.53898908118418,73.99418152481088,39.215160019383276,27.295293552802896,1,3,17.4
T0105,2,71.89605032722127,48.89093410268515,75.65808899208497,53.73376296488064,62.37985294326782,39.704132320593644,0.22876473335229833,0.4014049135155927,33.44284592104748,80.31651624271281,73.73208642765258,38.18572913459555,26.47613896328887,3,3,14.8
T0105,2,50.39071219026369,29.627467927706352,23.5757628196743,16.31095123266007,27.63105939986921,18.743748928030897,0.5973851516286723,0.4616223078588421,29.070454599344433,96.22183947801796,88.4949538289196,34.08112855676119,27.112703368802745,3,3,14.8
T0105,2,59.362521457306265,30.6715143483145,47.30243663044051,27.653115933747205,28.738432430266933,15.084901353148387,0.6841282707562839,0.6454198774724156,32.40128736185791,65.22443726383723,60.860213879959545,34.04882208464691,26.85219657034983,3,3,14.8
T0105,2,21.23332189418785,11.504041810758162,56.15280877694742,35.79979355774606,36.534571638816026,21.255706618771164,0.5353181420561144,0.5058997602235804,29.345455651136255,74.68560300312424,64.19430077990144,43.249480744849876,27.70942957002441,3,3,14.8
T0105,2,64.45134121196394,46.25763164171677,61.15034969602031,44.950898053181255,56.12533277491854,40.15138416094459,0.24428320130921036,0.2707985975366203,28.966421010599184,81.08082407225317,73.47906656404963,41.75998495484468,28.227015238859806,3,3,14.8
T0105,2,56.736495528319416,25.76970874520688,34.778239962529796,19.579554104539046,39.521340540438096,17.732953948704722,0.8152753491686013,0.9736938265454526,29.64965850822579,63.11380610691278,60.9091760801746,25.357349822427054,29.146643082531263,3,3,14.8
T0105,2,73.33899716484095,37.0832245364977,75.75228768970734,46.31650546663837,48.91932361424394,25.703855279660853,0.7964689298996053,0.6202205772457601,33.559364221216796,68.75165037278558,60.18540863370005,32.26963005585811,28.404355801117244,3,3,14.8
T0105,2,62.138745680622115,36.61874991221314,68.06939448914882,49.34888843535054,44.61747808820644,26.574267964431712,0.9307299011288899,0.8525638356797814,25.824855768336967,73.937462945144,65.40648500419857,19.68157191179376,26.94275808981464,3,3,14.8
T0106,0,41.77563006900873,40.02373537738335,66.87756528433596,60.89258872492857,32.755284439946486,30.586891232203396,0.022021149227491803,0.03804032131910314,26.708715183109394,99.0,89.48542807490227,29.21321134591703,26.977418193238034,0,2,16.7
T0106,0,52.642111823731746,50.24378430099205,35.123685980551386,31.527623763663154,53.70439432907079,48.6352326032676,0.022026506711620843,0.06112531519735075,30.18867039589865,81.32993606106217,75.06490374928529,37.63829412081947,29.394617329697184,0,2,16.7
T0106,0,34.43548920104111,30.137179531652283,67.14856401836397,63.69045657707688,25.475748280088474,23.28368422861911,0.094441225740385,0.05768761746230517,29.09577833917952,70.29237535327027,68.37691153190875,27.925445429052832,26.55983429289747,0,2,16.7
T0106,0,41.94805247591823,36.016112061804954,60.5976811340101,52.803941284970584,65.31840492044375,55.416210511285406,0.07676753980254958,0.0780740143842577,27.4730972690277,84.13127329937065,79.51295445190063,26.441150259372375,26.70522601593241,0,2,16.7
T0106,0,43.30596488049352,40.76104337910824,28.069651719903966,26.697824110633583,41.76140007421051,39.24806015204437,0.027558808628432335,0.03353398663361587,31.606918781883184,86.07603883250748,82.86085967933072,31.066632913404817,26.06055205812698,0,2,16.7
T0106,0,60.33349369165482,54.49106161315217,48.205213722783114,45.818303678019575,30.656090361855846,25.953785147901595,0.0901637431838905,0.12819146221289415,32.81601890257531,93.47718253440549,88.404738868487,37.56966767170654,29.476639182928643,0,2,16.7
T0106,0,53.945232567630995,41.70672147581965,28.844072652527952,24.06145340040105,62.94688490077682,50.48627987116618,0.15503605795867803,0.10406659848455951,29.296614116565443,91.50251404392544,87.12695930018592,36.81135512065684,26.05194482099638,0,2,16.7
T0106,0,27.605526281996077,25.026020001864705,62.037141706729905,58.60550315586351,44.757246225416,41.34305036941953,0.08258073923016528,0.07023674928449458,33.106756511028124,77.98745606763967,70.91822983466088,30.096842045811734,28.179861550023606,0,2,16.7
T0107,0,69.54594687833377,62.96637455073789,30.742682440056896,28.51335794181132,74.02100137576318,69.58260875844036,0.04496284489035572,0.027746209020472378,33.398404689876976,64.30464610802137,66.53788352801062,42.17983806885341,26.47944519790004,0,2,16.8
T0107,0,63.25063005681378,58.5072909314009,25.293756107201933,22.77092010384257,70.8500630168252,65.45955052030473,0.05193977367657885,0.053686097887757765,33.59414405600347,99.0,87.88329028378641,38.231627657162605,29.17469460173998,0,2,16.8
T0107,0,55.31132287027564,47.13359401482418,48.9010327835985,46.07903210791587,43.63641287824822,36.74124604519936,0.10012912153295465,0.10343776086641725,27.856221070728477,77.54494072358948,68.56116001340528,30.624930131625984,29.049713068415198,0,2,16.8
T0107,0,21.16763835789942,20.403796657254397,78.70415669579387,76.16888886892615,53.59027619737666,51.09409268772588,0.027274825174952562,0.03306430838030317,32.49581393525895,83.20616953643574,78.75719858841558,40.48880351710633,29.474987798276164,0,2,16.8
T0107,0,78.59390076564966,69.89171344882178,50.65132357843392,45.79190548892295,57.28532545176635,48.08226305361458,0.05464945022385726,0.08799512276402109,28.770964823218378,93.97107335656497,84.7882207186781,26.200898651881978,27.948857278600872,0,2,16.8
T0107,0,24.74224738392397,22.997409652179755,66.69312102765086,63.346260365619464,29.76343979277428,28.758503103619436,0.04427252027707184,0.015324718975798799,26.233070647014898,81.22001245968242,71.59561786025307,35.604317115764346,30.452963694776052,0,2,16.8
T0107,0,40.50038357663236,29.729531770100706,76.7710295151443,63.627619404125525,35.171470648858936,26.589749158116483,0.21719566845748578,0.22413008437765883,28.65991991567727,79.80199562917365,77.31666733473664,27.620794502424555,29.391119623255378,0,2,16.8
T0107,0,74.48275193395781,65.61263579203616,45.42382098791441,41.85834301972914,59.094169636257874,54.365080544485124,0.07257326868104606,0.05384127390926259,32.86610896438119,71.29662843203559,67.77832448470556,41.0501646097084,29.506635225230113,0,2,16.8
T0108,0,61.11593275524424,55.28161637746926,50.73930385958246,48.60922356309852,76.36037437087225,68.5583457468091,0.09950392754643289,0.08935178811718326,32.92673768402629,70.54974742069852,68.51718766842058,24.07473738350726,25.70374546750247,0,2,11.3
T0108,0,54.769353377048844,50.811070624650675,57.2766098893117,53.65281223092196,34.16402727251729,32.104796794161125,0.05189022473218076,0.027650629332930568,29.795006496757175,93.3978236575576,86.47792976782125,34.850454424812135,27.347244440333935,0,2,11.3
T0108,0,57.75184932725329,54.421532367309254,69.81488799646803,64.34637633913522,21.199822801613845,19.69351822532709,0.04761613014615916,0.055977549306034144,25.96483280019196,81.6349428852022,72.98406165511324,40.15506729831149,27.963517959051476,0,2,11.3
T0108,0,37.505912042280386,30.414726362754365,63.63750410960014,57.111436821959224,58.442419104774785,51.84567074878491,0.12845714206918696,0.06767792778619501,24.747199319750358,76.9800495358343,72.99266500064307,20.57229261871069,29.05564819868037,0,2,11.3
T0108,0,26.091151151539627,23.549814349755017,25.667753009827848,23.409715508688006,24.288114008032796,22.638424222211263,0.056483495994976936,0.031230362459296383,32.166462573476224,65.96956260490708,60.2835797084728,30.62551512772431,26.26216213113747,0,2,11.3
T0108,0,32.85965564343611,27.70445431704713,30.485321778443794,26.897351431402445,76.66023656954454,63.469881741867894,0.13125639029871403,0.1433046712806816,28.330723647944072,73.06820791345733,70.39267550805295,37.42431720404308,26.246184272149577,0,2,11.3
T0108,0,48.10452865543555,45.511238948109025,45.04700613675338,43.28394754402344,50.11265439662561,47.48389739762487,0.029687995508548146,0.02133131421086456,28.297425041857704,77.50156391529782,75.7509029121575,30.442572106273133,28.468187856129774,0,2,11.3
T0108,0,33.67753801052636,31.939940078363264,49.65602381803586,46.31560235672928,26.876616310764234,25.55330783616746,0.02779002339245336,0.03900573076685492,26.39944848944596,98.0755083538964,89.69583685746366,29.913361145467448,27.454377251238835,0,2,11.3
T0109,3,66.39220329580324,39.50142494403183,56.53160933985673,36.4482508108012,50.40230953373376,28.120193814166665,0.6509844300572767,0.6760790443541442,32.28514127600864,77.68704841415394,70.92272114110766,36.7137825166726,27.473666835538477,2,2,16.8
T0109,3,78.5948964301576,44.44629621577901,72.48833787210609,46.0804187115347,26.255624296739562,15.122784227351257,0.5444150251293786,0.5720204937238982,28.310529290075706,90.62177095063515,84.20944076028249,26.11119002165689,28.244031863349253,2,2,16.8
T0109,3,58.27273980947336,33.05415439782279,55.691589021700686,32.916264582173106,71.51681432898016,39.00962724655151,0.7568458948185073,0.9190904141245012,31.60341434832682,83.78789595573447,80.7221336113734,39.69624298118814,26.183593091677764,2,2,16.8
T0109,3,55.91602100374543,35.1613121762852,75.11746101289822,44.415132234013214,43.97501082235499,27.06760736975665,0.4892993433300427,0.5013113200243887,33.88185924852333,69.27391769290091,71.532465299783,32.56256865127091,28.210038844783856,2,2,16.8
T0109,3,45.51084545147856,24.982372915826126,20.033249889974236,11.02818937603922,52.597344400998715,28.781157081261494,0.7527807601070328,0.529822909071431,32.323876116422355,69.96375865467301,66.37915392542092,34.2529513454592,29.84681676604149,2,2,16.8
T0109,3,31.14057836164472,16.837311810576256,24.774543623271597,14.263027184208633,46.293071985740866,23.65593372584124,0.5304949289025689,0.46204951355231866,24.941293821527317,97.8813464485513,89.65803389780089,36.93456819537882,29.603796634400652,2,2,16.8
T0109,3,47.15375055251441,29.740460346005026,68.54235450016662,44.702493562808435,46.357083304169656,29.306310321816127,0.2998318979647267,0.3970553883424613,24.074094019354575,91.44843921137868,87.7025928561993,26.6612716008824,26.611587448851385,2,2,16.8
T0109,3,43.87163525316362,21.087039470528577,44.50302549800925,22.357469370626905,27.579879684142654,13.723672343475917,0.7949021702212801,0.6340188521410107,32.92354153969898,86.43063744380649,79.20813801691064,25.5274018504958,28.18765140801252,2,2,16.8
T0110,1,28.210921330802044,21.9585789786821,42.15348666450091,34.66505166358337,62.15468835515633,49.066177297099685,0.20226557898874664,0.23539052870728625,26.081362361969937,90.83342213701077,80.85267949849327,29.384262511462808,27.09083214681971,0,2,14.3
T0110,1,38.19738267961206,31.415109354756158,79.40941962709876,68.28880020154472,48.86651854015376,39.96605994985901,0.19056257641062202,0.17280466911709477,26.167715698017993,81.44887162192347,76.09525499308859,30.185325688065028,28.6717946024341,0,2,14.3
T0110,1,38.15725404437316,35.73530407447436,64.53241603553576,58.78400965895434,63.34660866607548,57.90657293353036,0.06848905270886826,0.1122034155628579,33.574490916414575,65.17708877881121,62.66224153574545,39.63474259303471,27.502865452497048,0,2,14.3
T0110,1,42.75360475039898,36.26712608646436,21.857691417970873,19.844369755610852,22.320895609764,19.688574906785924,0.12055228969875809,0.08424096937481755,31.41199970740307,97.30336499017118,91.6399845517534,23.909764322622433,29.674897649502036,0,2,14.3
T0110,1,43.529414638365296,38.579665662807905,37.783884887061674,31.819655754070478,44.49742969750657,38.35078220522675,0.09177292045739559,0.07234185615894621,28.043895812299244,74.38765161312125,69.65157201113496,31.274459462111444,25.830066350814075,0,2,14.3
T0110,1,32.292965961408484,23.482674039228936,33.84862246366796,28.125733132559155,73.33656187347736,53.33642690078436,0.3299364915315742,0.3403259764748179,25.02581784111887,93.64028565535543,86.37040358383199,37.13472916725701,27.40574594825786,0,2,14.3
T0110,1,64.93798870597485,48.228837317145555,58.41737722237056,45.45869513403433,61.64123833048333,44.75975281655727,0.24889913813890663,0.36016110041201616,30.718455818431288,90.42336021867294,84.9577937337801,35.713576223996796,28.706379795034152,0,2,14.3
T0110,1,52.66638726690199,49.03563975721831,32.32143096191483,29.350534582378323,72.1337347040971,64.15670870724621,0.058969566766170024,0.10792128957819401,24.281657040768557,76.79870000747898,74.13842719410496,30.452183369909374,27.954655051180303,0,2,14.3
T0111,0,39.347194958243875,34.46354742375915,63.10019834326274,57.67204972940698,30.60495638926693,27.076922837572493,0.10988416128150487,0.07872946631650471,28.601822922598778,83.30038054727038,74.36534708936051,32.86938982257644,26.00603045135222,0,2,17.2
T0111,0,76.18138995697728,75.42502727796754,36.07539273300452,34.42134719045623,40.436163189420895,40.694851995185644,0.005727913755039641,0.0,33.41241743360522,75.38429354497138,72.16348744586679,35.799238399316735,26.478050411323633,0,2,17.2
T0111,0,22.554171151045853,20.869585007718904,61.54727910794976,56.98592698609574,21.308384036349217,19.47818289551443,0.06777674471101909,0.049357648459568984,25.291511470085233,71.60806637095529,66.57937685587092,25.959190202935254,27.251427551233352,0,2,17.2
T0111,0,78.49994872586747,74.21169134500835,35.58552944712751,32.42382036978457,48.503160816171544,43.28993113766309,0.04220244034047424,0.11568918163356474,32.84585311414521,88.71447461414488,79.19374506677849,39.28409750560436,28.969626874578367,0,2,17.2
T0111,0,39.126346920253766,36.50902284619562,20.243682033493023,19.16831184676061,21.21320545781522,19.44499032493988,0.039962591724696975,0.04027869574605259,28.870107305178777,72.5414658474985,71.74168183699878,21.316076137311917,26.083453029175462,0,2,17.2
T0111,0,45.51762187345493,43.64678784651649,21.26523840456263,19.676418409537504,52.43396987677753,48.4857828556116,0.026581834125973782,0.04940873959520132,30.027396240664462,86.93765465000749,79.37457034304623,26.781058128983506,27.77995588525868,0,2,17.2
T0111,0,75.17907900648797,73.61965225575123,41.06629543633611,39.54853386171927,70.18828000349043,64.827165389878,0.013587806291964884,0.04246204381564791,33.01932167465606,70.9566230327683,64.44672234088824,41.97099079485911,27.7860952209701,0,2,17.2
T0111,0,50.000336186902416,45.688924207900065,35.98448353262341,32.333391611748375,61.19062432106023,55.03091094193865,0.04871421177894818,0.05834049970335235,28.40901407194427,86.52091743643587,83.83526135138965,29.205092868220767,26.012179543915,0,2,17.2
T0112,0,29.90970168746149,27.018572184177728,79.82346974383168,71.43114486524972,32.8050016671817,29.569433763528234,0.07048752188521015,0.09467437815431531,33.37080319438789,95.71812374617812,89.99706687488059,27.896064173278305,28.310036054346504,0,1,11.6
T0112,0,69.73595713132121,62.476314933684385,51.210974688924196,45.86943206604037,36.29923530960623,32.784245119736184,0.06747311306401557,0.04528248404149133,24.607507198633023,83.31941482252034,75.68333360698475,32.58210660573713,27.006117653865545,0,1,11.6
T0112,0,54.075276083704516,52.31009143540087,63.17629342971158,60.649902827357344,26.852783261154247,25.36879733155879,0.022085410621231392,0.0335066395420883,31.813351381209124,80.01408628176654,75.51575493896107,31.539987166274308,27.344748912017664,0,1,11.6
T0112,0,25.503097666050067,23.60119547889844,58.4762877401985,53.43936341610518,74.56767678591132,68.88543054957084,0.03911619713596756,0.04274297407197938,30.82162032342403,97.10647006799125,85.48248138267023,28.865230661245207,27.31060749141738,0,1,11.6
T0112,0,65.59301369574735,59.165595435257096,62.78603487716267,57.60027756847047,78.00203858455293,71.05849547203191,0.037389492580628444,0.04411318416546011,31.127254243715928,65.86095937125866,63.766161949501964,30.43755855875311,27.06547486624343,0,1,11.6
T0112,0,39.714273112894816,35.992028425931046,24.05026691154645,22.18783269417746,38.36677005751373,34.24705576532528,0.05810697828625794,0.07695654564487196,24.8971292401679,94.34608709350441,89.55904826630655,34.8129104989425,28.82915726083961,0,1,11.6
T0112,0,61.69748527642146,52.01861429293736,70.9414011847646,61.04993710766111,70.29387901607211,58.504550371137924,0.11259979185543209,0.12014574815695861,31.19176476570242,94.12673470254063,82.65027566433724,31.840239488267585,26.637036348673924,0,1,11.6
T0112,0,44.96424888813924,41.248306772881996,60.77761079843672,55.503864071630304,54.49864136072333,49.89002648358948,0.054267673695440784,0.07233719694716788,31.546276809393767,82.97460013410499,73.14732575062169,31.017404547782288,28.742802629596536,0,1,11.6
T0113,1,30.928782518310978,26.16540741112195,38.99537161214688,33.8109168516651,28.87952301293074,24.594465911514902,0.12068409362173395,0.1562385404070531,33.9576962320106,81.58336430555173,73.45576133003017,28.73072156708869,30.111100766810992,0,3,16.8
T0113,1,39.53307958010273,28.908986802086844,20.569489514574954,17.03008325946292,55.18698589861999,41.519708477872626,0.25347880683003654,0.2673291309662753,25.68399317012647,95.2311896944014,81.27284009607142,35.92431436435477,29.559385889315514,0,3,16.8
T0113,1,72.86434521125271,48.197640794290294,67.36130780560282,55.185925212639695,67.76403496540306,52.419678536196265,0.2379323583570165,0.1819336304016716,32.154012678473414,61.01442926657438,60.489075528178034,28.374030943916466,28.41276614537532,0,3,16.8
T0113,1,33.868982980535115,28.845903254448498,72.92680509736724,63.35761899822807,56.573039385473315,45.84915865481551,0.11879226447798703,0.1272978529005056,25.79152140477455,69.72790726556077,62.31474979013359,31.13813214887393,25.842609701016098,0,3,16.8
T0113,1,36.789406492365686,32.02260093361508,58.505184871636956,48.82144227296655,77.69740739919328,65.00797984641002,0.11024042319428078,0.12187061803874376,29.248639844906688,90.4810626274903,78.46262504263315,34.697584824226375,28.63295503505497,0,3,16.8
T0113,1,39.60491885858572,31.29875233453704,60.071688679250116,50.13395280100882,48.29601324264597,40.2833854090853,0.1550332810009754,0.12435519128140513,32.164595110663896,88.37046105632471,80.50190494852022,38.5474506521977,29.533018497972886,0,3,16.8
T0113,1,49.61983480653163,36.6010156232742,47.00383598213532,36.86547631428091,22.444475402276748,17.5803235626385,0.2935906650331063,0.21456190629088054,30.72572741575309,75.15811056528725,71.7618337545192,29.8843311181162,28.478735477119436,0,3,16.8
T0113,1,26.62553065579901,18.8637922107779,73.53158924039809,58.1532079522764,75.34489799563036,53.99907082345793,0.19865266160909834,0.2352018716185208,29.01098065746482,73.11638502468905,65.03607752570014,28.26199778203245,25.52417446052589,0,3,16.8
T0114,0,58.59370802541099,52.131092634954236,49.08457328542966,47.58444914419736,37.812718102825755,34.21040975736271,0.05561257933297468,0.03764103170464644,28.460213279321437,93.50476159883407,90.32243490417565,31.352815692208246,26.6233729475931,0,2,10.6
T0114,0,55.5898143990744,50.32878298381616,45.19540262251023,40.848610233828076,28.72295361875834,26.172302513862373,0.07656852042488854,0.051006632521536685,24.1747993648716,90.93641909992924,83.64430004700665,29.86180696267627,25.571257547586832,0,2,10.6
T0114,0,79.62589260135016,69.50958783809273,36.69837208456804,32.35691638285239,79.81436855705081,69.7022725892928,0.07464089492175952,0.0863147051844533,29.807589766242067,97.9275033975187,90.58275513078416,34.66050631271479,27.267091838195203,0,2,10.6
T0114,0,74.19216075843713,70.30686296971375,25.602812530060888,24.507529001486237,54.29091730138429,52.6609877886536,0.03060447071284966,0.017085741954262414,27.705422852537183,68.79327444967474,66.71476406623573,27.134697685297034,29.096031570191094,0,2,10.6
T0114,0,67.49752805073092,61.50229996897971,68.286311950949,62.41259597917824,51.56460231639713,47.980515048508344,0.04836894016002997,0.039670755609387584,30.139643108797568,91.44415855545847,85.59618909443023,25.967617002816485,29.12210909554166,0,2,10.6
T0114,0,37.77264867613326,36.022387000631085,47.774775125200875,46.35044866643033,58.504629463403134,54.189281800153225,0.027333198303581264,0.047803310448403,29.175749361529874,65.89701594579377,61.69533060740856,38.11909218356038,29.430081443094583,0,2,10.6
T0114,0,26.798936354169744,26.137344977880467,44.01676801724655,42.382550205505765,20.32267332653731,19.95774253770176,0.020417798881609772,0.015439813826354445,29.56584266626895,89.50109743895882,90.73826204964944,22.44227284956334,28.201034965874133,0,2,10.6
T0114,0,23.95244407736496,22.727104719836863,56.59763571803657,54.39296631789755,67.42577936078435,67.59526911770578,0.034191822427806544,0.0,29.435827484623424,62.73929956634416,61.7308119320617,16.464748466246114,30.008262098675154,0,2,10.6
T0115,3,65.63548477519768,42.44070590285536,28.106881966432567,16.838057716761323,41.873546394920794,24.734934080016306,0.3411975134476022,0.5675098407999554,26.5169967411742,78.96451559266767,69.28148390993238,40.09635718810931,25.608126186216982,4,3,18.6
T0115,3,65.13926312468823,31.49280034470044,66.4185574003497,39.14477391147516,60.9118142951774,32.244012202334254,0.8739078300663441,0.533157356682525,33.285897892227744,68.69495002829066,62.63487382078745,23.94629050079528,29.833632963666126,4,3,18.6
T0115,3,75.46788320908634,43.062540630547,22.158167577168285,13.162436395808058,60.6014721307861,31.781656509159813,0.560640748657097,0.6477322413292087,33.961941583429194,79.40898102413459,72.33625381659499,30.274410291080123,27.62570690321028,4,3,18.6
T0115,3,28.693979234380123,15.172180474026545,25.01492691386261,16.433364211195144,26.54823415755407,14.11925497358473,0.8495279315592923,0.6298522805989443,30.87035160269477,78.03486962383565,70.96205576121571,31.288274164444033,26.467764913809283,4,3,18.6
T0115,3,52.78027698665226,32.74746519198737,51.72504319023585,31.705830139534328,56.17010998065355,28.471436499169158,0.5666058223253212,0.9387623677726404,32.67130962096987,65.80144479839774,63.90441482350249,37.31889772796799,27.56389406693431,4,3,18.6
T0115,3,60.84067685223472,33.83891040106253,25.584684133942336,13.968773233311545,60.27066641225599,34.332735345338826,0.44823466570203596,0.5293927958999486,28.74673752909938,80.58328432997142,74.62876685485801,43.75401647058286,28.70334813957405,4,3,18.6
T0115,3,20.795924910321272,11.634386610210228,69.89145698358365,48.92831135997966,59.79636999846106,36.69594209833279,0.7396838639981066,0.42421181018706977,28.936098628119563,87.09199541074179,79.77461742293532,33.54630187131945,29.075101173481254,4,3,18.6
T0115,3,54.29990692308567,27.19529210335998,45.37541563951713,27.554806725769897,29.63114708806407,15.043051867892567,0.8790203691888214,0.6605660973541159,33.869695031172526,86.00038762282493,80.91108255713833,39.732670515905845,28.945550330261227,4,3,18.6
T0116,2,79.81980377559364,55.95864439648766,29.388554917267697,19.70833615946093,20.21412341811665,14.032401272025751,0.29347324425877724,0.3024120806678735,28.453280683279857,95.80073508155046,85.98207612349759,38.571784814102216,29.16670081680024,1,2,22.5
T0116,2,23.33521764964027,11.379363757106747,62.78193745527943,38.6275702195958,30.94714986777162,16.731317133435173,1.0120119518202744,0.7658364285358079,27.736016321733857,78.5948457842482,78.60670325720326,29.245509337446606,27.842694403535564,1,2,22.5
T0116,2,41.72144876824082,35.02980855577986,58.224028099596296,45.45206927433386,49.15803448132121,38.48482285524835,0.13092502166184386,0.117792389911086,24.31014006325994,72.99274927808652,68.7164326144456,29.693503146640744,25.85646044463212,1,2,22.5
T0116,2,44.672070682389446,30.741005923341415,70.43526935785935,53.695462472907764,64.84563174434444,48.245284077199926,0.38477815706649154,0.32003986782307836,26.969682114167234,83.56599680281151,81.42343907255025,32.754122441022545,26.745308878095372,1,2,22.5
T0116,2,29.457465243926144,19.10061362111422,41.801122078755455,28.152594238198073,68.90310133071468,42.483206325787414,0.3178318074876193,0.4910252063916124,32.65990554094507,92.55620405396837,86.76104035547536,33.49027959575252,28.689725896475387,1,2,22.5
T0116,2,66.96191058937487,35.89899184609214,63.244710735186,37.09245306525914,35.96495242280784,17.49151284206414,0.728609758090362,0.8372984627033662,32.95014875795544,85.14301203386232,81.47786650652641,30.369996694675912,29.995977612596146,1,2,22.5
T0116,2,53.79212384932509,25.708457775395406,76.2457187617237,47.46111541110798,51.62080624115174,28.258022907269172,0.6038481857242518,0.47314346639390403,30.975005562609415,69.84427927651925,64.64384422391375,35.15995983856577,29.672467896845518,1,2,22.5
T0116,2,38.39451665184561,19.73775221753232,77.57759380879884,47.250100926693776,65.5498920574618,38.793862720953285,0.613928252639183,0.4889079464355652,28.78916891900171,74.6244058388437,64.39163275560328,25.067028631929816,30.393995793657403,1,2,22.5
T0117,2,73.16525318425818,53.92220326368166,77.27381073353907,60.75647675960509,22.08064897722271,17.254155282873857,0.2379807303577729,0.16122960570415007,26.323365844019328,70.07804468277068,60.93621508631058,28.134015644369416,26.68587251236765,2,3,18.1
T0117,2,54.02558300821447,36.66358379282104,43.43016514542968,33.77599133787903,32.08805002604878,23.59764334954906,0.43028413880551186,0.3605145655212716,30.23154282509699,84.15318338018685,82.79271265041524,34.160346015083576,27.10762547690465,2,3,18.1
T0117,2,24.600044949594913,18.14350045318049,64.32477889093525,47.093564238582076,33.63406946536099,25.12558364757782,0.24228864519322543,0.2937513529794924,33.292090830034596,71.76167108080907,67.27923247636252,39.200370416804276,25.54167666378392,2,3,18.1
T0117,2,22.245271804998588,14.66493357912516,71.1419214794745,54.50389099260763,55.60313008383148,36.76113565312267,0.424706406409389,0.4058752972805481,28.05383752334993,81.11806022260166,77.33369378167014,35.28604911704503,26.292936989473773,2,3,18.1
T0117,2,60.85800189058402,46.441961018406346,25.270249652638796,17.913457332712916,69.26429580395805,46.558789370967645,0.3219756355686402,0.4517606197985847,26.63071587713814,83.20696899023967,77.5485116550806,30.578299949125807,28.642369666028944,2,3,18.1
T0117,2,33.00271631980544,23.41174811247327,79.78107349127373,59.938881162848254,63.68572254282137,40.2581626007436,0.47451132172398514,0.6263558889135513,25.53657288375996,79.19512275494564,76.17895266982039,36.12651643197825,29.130464404276985,2,3,18.1
T0117,2,23.246225242300888,17.588194722343836,68.78715505597792,48.950080989674454,68.64213036466762,52.40806161177743,0.21539175666045335,0.2411692493835317,31.842097313262926,71.04050816448267,64.95577705338495,44.82199484485959,25.68835794955948,2,3,18.1
T0117,2,34.70679530111583,21.51341717565902,73.61109348188464,49.22231007387027,72.6972559768565,42.602311954254084,0.456683157328957,0.9230989443026326,25.99871628429716,96.33187631366712,91.8726973030741,33.65883911743048,28.519979102875798,2,3,18.1
T0118,0,38.20388746858396,35.390312076345694,27.861551164709134,26.474304482028778,47.82857228174462,45.10990140161138,0.05253120177817709,0.03917846990971119,33.4632102035993,87.48292306736546,80.41981482218468,36.66735577362904,27.559683296450338,0,3,11.1
T0118,0,71.94293950610668,66.79284151841027,68.19844562054377,63.37922509471776,27.482960978737566,25.384051427998568,0.042770508412225745,0.040968804362944616,28.198148626784175,71.94748366696358,62.84811893867586,40.043335231710614,28.091165523047014,0,3,11.1
T0118,0,42.831031413776095,41.41649658920659,78.53198915743323,72.34243354934156,40.321112162218185,36.38840640447018,0.02874740000883884,0.08417197299806972,30.79499385550415,82.46600057025776,75.23924776196253,29.411200022819514,28.46292224029321,0,3,11.1
T0118,0,35.23766749654172,33.06579467963267,76.87665244438276,73.37807381454238,79.54067263030804,74.8036094546561,0.04405118583303086,0.048650788469506996,32.60335108080148,88.22501023805559,84.39078320816964,27.167664074649302,25.771959903667007,0,3,11.1
T0118,0,34.58011726973397,33.64364762049165,77.99547067144277,72.32130037205935,60.869574781874235,60.35982670001281,0.0270208384054559,0.0045163803935982854,25.784257317983176,82.86165653065565,78.21508203906849,41.47800696135926,27.418639371217395,0,3,11.1
T0118,0,72.234602832933,65.88523730614502,60.90287179419778,53.588675878131326,59.98126562595974,56.00407711493681,0.03439154751393273,0.027825388571936237,28.35414978925396,70.3126072969113,62.39202488525716,31.184785934619754,30.029473203525693,0,3,11.1
T0118,0,75.8551768787519,68.78937127932134,51.514597163454,47.503174947209374,60.829591716154134,55.395017766253964,0.09053810115984338,0.10219868061653195,32.03227758339817,75.63506150731456,69.58476129150111,48.13763635758478,26.516266731198513,0,3,11.1
T0118,0,49.049983198403794,45.91430568015494,68.27612813765097,62.837931105129876,66.36951227681828,60.46038021992592,0.05355177710220476,0.07230307029750815,27.331411835008133,78.42706250415266,70.81510173426639,28.033534809083427,29.038948366888825,0,3,11.1
T0119,1,50.89351700444659,41.81607646313242,54.05550557252328,45.06089431364621,24.97322520881785,19.81080484860897,0.18229122391250063,0.1859097044017273,33.395735098863646,90.82769455358074,87.37591273249691,43.31483225593182,25.80387791944522,1,3,13.6
T0119,1,79.90042507306444,74.19389382678646,30.321290932488896,28.442855097680777,77.40103084156372,70.84137698800068,0.036648660775669785,0.07259037971503347,25.692570870704543,67.74602214029889,66.6464620469227,46.80918449815023,30.429274840718904,1,3,13.6
T0119,1,55.988653707471826,50.64893392224677,28.0924256042082,25.780159231806266,34.466074083326475,31.78598644303526,0.08209323418787784,0.06559286165911832,32.56994251453125,81.76852615610966,79.02712446641043,39.51115719818868,27.745339691380362,1,3,13.6
T0119,1,24.080235624308656,21.711274436959254,54.01505482897358,47.36348300802388,77.14832890297312,72.45188932443651,0.06714488673267235,0.03952324738773565,33.99211452072761,73.07053222519906,69.61254408166482,32.426433165883076,26.577504247156615,1,3,13.6
T0119,1,26.074022874135164,21.637820668959847,20.119324487008683,17.020225203622367,23.033974469369248,18.609665254102964,0.09266986429165383,0.16706397709862272,25.5225585501157,96.15744370343145,86.23309918119512,25.49338910160632,30.17248270124857,1,3,13.6
T0119,1,34.549530149337095,25.52582226472527,29.272020358888707,21.67340046179221,22.157194880119324,16.22953258568747,0.21280556715982443,0.18835920086559052,31.811941663944435,96.5788187833948,83.33390434779741,29.646289073495936,29.876365441387083,1,3,13.6
T0119,1,48.85606104424482,43.21377251581601,47.369178993135584,43.683547664259216,32.55941274771509,28.42179923263738,0.12456563529534403,0.12930040475363289,28.29235383447727,66.31431095906481,60.11350234568235,38.418217172588115,30.18299786267454,1,3,13.6
T0119,1,73.18914494822289,66.45303829891134,54.16663625008894,49.7891025786192,32.72259018325629,28.025599685124792,0.06656563095759487,0.115239641209666,31.31386585550016,66.57083639594073,61.34853327726323,30.356914446653775,25.835457464626035,1,3,13.6
T0120,1,56.780131898417345,47.856763161168686,62.80889789500151,51.34724151975525,68.96504963160484,59.93709228889506,0.13616701226653047,0.09939316413053824,31.031851939595246,81.83447797993675,76.0779291638323,25.838505874560866,29.68358021127392,0,2,14.2
T0120,1,34.23646935377853,31.346376210375002,54.34203916110355,46.19213576027947,59.556001929518615,50.77406386026249,0.04602810244271822,0.09827140015147424,24.06986841200003,89.18450475122611,79.52018879478445,39.20063772620205,25.621152582557823,0,2,14.2
T0120,1,32.40948187716107,28.88400949546922,33.694730748691924,29.594197790074222,58.18264347122083,49.559039382662135,0.08143255026483567,0.16702871005616665,30.165972893465902,73.2288968117359,67.00796113924355,32.45171604057456,27.359431916953223,0,2,14.2
T0120,1,54.15987084393456,39.71271702134256,71.49553890376612,58.95328457140986,45.48139503835044,33.32246831838135,0.24971840437422477,0.26308072599478205,31.54651931319515,67.70283026126833,61.015250142394535,32.10333139292385,27.361076240224996,0,2,14.2
T0120,1,62.03486849684023,44.25552416571927,37.7656629598008,29.742236064442544,35.8044478589651,26.77642815164576,0.3195337891604022,0.3386110740533617,31.794212767397788,62.96130455070268,60.36948478388251,24.110339506779567,27.24452968698992,0,2,14.2
T0120,1,52.50188372919637,38.9212550540231,56.00947214874063,46.554298527488854,57.111219506428604,42.436008620506534,0.24353454728934193,0.3346910206630714,33.04181656387445,94.02697545445126,83.77970284848672,28.327716255441324,25.845147876924713,0,2,14.2
T0120,1,76.64485632718342,48.160642920121035,75.46011061087901,53.89125074472659,30.241017907640767,21.615281386199282,0.460301008593881,0.32404633450120773,25.545977242354134,95.14875348017452,81.66503850038166,37.65240615636649,29.642665096397558,0,2,14.2
T0120,1,50.17035722805858,38.73597519212689,39.42938602170052,31.911478179401584,36.12550007039199,30.17226415956319,0.19331839362806646,0.139953512435444,29.828261038229208,99.0,91.31607888756194,29.310411888064877,30.38627758121947,0,2,14.2
T0121,1,72.52042792260755,45.87147581077234,78.2879512188112,55.668531510283486,71.4695777122839,50.86389404035421,0.3859720766614495,0.31279378825673887,31.18202932404243,92.34537507255693,80.34651680020042,48.17570534672123,29.816911180355156,1,3,22.0
T0121,1,38.21148518119472,35.488065273660894,21.895862071937987,19.202726310077537,49.25009744527401,44.14260286004676,0.06325404937880229,0.08661012916022222,33.21169651234858,82.7555505515858,78.13907075257751,39.68461381932445,25.987609449226984,1,3,22.0
T0121,1,39.188909446743594,29.94957575894518,43.70067505604475,35.077180534262574,77.05356219825877,62.66972457350052,0.22520223853627325,0.1365738647982048,30.47570119416163,74.88794961266805,69.25060977601507,27.431137670344263,28.20777455503647,1,3,22.0
T0121,1,76.3123906392195,70.05455275004154,24.421476549889768,22.40904384642032,72.35501615350537,62.95137399932655,0.07618837010774547,0.14678327964223628,30.187945607806583,78.07909828068031,66.68514315770182,42.91972023564613,28.472119188037052,1,3,22.0
T0121,1,41.18267315029691,36.10970846074358,43.10061662723135,36.314566235130854,79.79572003311588,66.00445570396523,0.06339737298651882,0.1237349748557053,30.211428067696147,88.03033268562814,79.77108546645952,28.98830241243651,26.089330430353733,1,3,22.0
T0121,1,32.729069381513106,27.982119133249707,21.866662144692803,19.68974012633902,72.07505688135052,64.63101897316915,0.115246072239726,0.06001946594059541,24.48558712498926,82.97203095667442,80.89793625956638,29.277382008432223,26.388258264210688,1,3,22.0
T0121,1,62.53588841518518,42.15634662654727,39.39950259549275,31.024276416071423,62.60197601700449,45.77194653564334,0.2561929625951703,0.24259302284794457,33.55797222614704,73.28658168505449,67.18712975759063,39.572894680756825,26.388647271756042,1,3,22.0
T0121,1,68.74062609139833,56.29904107553532,51.67727997239916,44.52313777582582,70.82786409874495,57.365074257124746,0.15483992007652,0.11601259887959807,30.862277595035827,82.05369287257875,76.55026199304828,32.255733930971175,26.206300224456566,1,3,22.0
T0122,0,56.71279889549267,52.64519555636898,72.81695132986991,67.80025484209025,71.28624210184407,70.98189617892693,0.05005710937123612,0.003041393998058321,30.37556206546643,85.88076086754405,78.76493866044115,38.03105333820283,25.588193645169355,0,3,15.8
T0122,0,28.73485791916759,25.03471485218537,39.95802601095365,36.63746028972848,72.75509183764892,67.44700161743458,0.08379073070223413,0.04136606503227778,27.29120864105033,74.63364184076548,71.1075106956992,24.066990693662085,30.291500075509013,0,3,15.8
T0122,0,78.5370884960019,71.30803644462813,60.047312147646956,57.723630134704685,79.05531829665043,75.15293855188224,0.05614829434189327,0.02431240223866778,27.62031642299354,78.93310681418376,79.40179756161741,37.23541208549423,25.721827500669065,0,3,15.8
T0122,0,23.98833980380131,22.15854592573598,63.00510183920111,61.112683784628125,58.110089770803455,56.32428221555631,0.055385875956645146,0.023799028457851087,24.207984894222655,81.74397512890182,74.46102271742018,29.76408287923687,26.65485203573136,0,3,15.8
T0122,0,27.075358214040392,25.619912401007422,41.250341916895465,39.42946877308359,24.63735896998176,23.63877108290133,0.03852330231020117,0.032156977046562035,29.583751621582458,96.95170803614776,91.02554151259804,37.46424770780058,27.075039506738996,0,3,15.8
T0122,0,44.9984998656157,41.67028560565257,28.96870862262523,27.803610528962285,71.33535524358683,66.35470394964578,0.0424244712541088,0.05632606530922319,30.827286908605256,85.49162069926797,78.11542359756778,38.39406272699347,30.30433699030835,0,3,15.8
T0122,0,23.264781497344057,21.80987119458746,55.133517368343284,49.47068075918163,49.82885276565882,44.80310718266111,0.04776575336472052,0.058684053167117646,31.561515348273236,99.0,90.32803780488786,30.785370953257917,25.53273929301413,0,3,15.8
T0122,0,27.459708858976434,25.946937795128438,65.6549333048205,61.81421833101374,39.682044979047674,34.88813264498118,0.030952305211625987,0.080437692454539,32.17606636829652,73.4301766188257,62.193436093548115,42.73149811272414,27.351157329934296,0,3,15.8
T0123,0,28.365882160391706,25.84692090471196,64.98653698431305,59.86415318201743,72.89351556814546,65.1273152440906,0.04258626062301473,0.06967276480287835,25.77164203601029,82.41288571200211,78.03545379336941,30.784897226588658,26.08295030526324,0,2,14.4
T0123,0,63.4073331346302,57.53839734694252,37.94959445696401,36.599514159279906,28.445068288155937,26.498528197314393,0.07416909325720204,0.04218123441485912,25.099365227680366,78.87227820309461,75.30870250504842,29.56964183186107,29.81874832373098,0,2,14.4
T0123,0,69.5264649101415,66.00353175016532,76.5899935549902,74.89391584864222,22.374707883263966,21.724661845298048,0.028390864383372478,0.015308382040294857,31.86607153704076,91.68995432849819,91.0017700727815,30.78677474660538,27.43173217678901,0,2,14.4
T0123,0,79.716128399937,70.35086059805133,71.78409636424627,63.07518705617129,51.55897291439343,44.677846638023205,0.11105369548178348,0.12719771532976185,32.78895855933233,90.57178632912404,86.51579105608616,39.746842309208894,26.32252500429169,0,2,14.4
T0123,0,65.05195992926946,60.441002541238596,46.6953129479688,44.39887895035239,31.923502564193914,29.337131812160436,0.054981780632904084,0.08118275889721281,30.306507996753638,85.26157225930675,83.25714649404456,37.0116084777796,29.437691592193623,0,2,14.4
T0123,0,27.568850756883293,26.215645856244215,39.58273435757602,36.8375586728249,31.03337041377938,30.140949897824907,0.03652593980511041,0.02305754394357472,26.689573548933495,93.73887797479551,87.18212744084147,27.535280995320086,29.68312872661506,0,2,14.4
T0123,0,24.00913476072426,21.694348173709166,35.08409806630293,32.544407310230724,37.97507867028004,35.15779470397424,0.05805009206222392,0.037078070894451566,29.36049948322924,89.21850078061118,82.16545637469572,37.4908154215119,30.499690269345052,0,2,14.4
T0123,0,42.91788564392949,40.29088213801226,76.14817991660337,72.74047885849178,45.114442666430094,44.87840350191304,0.0511703293327933,0.002956132394080048,33.4276823996272,79.60928037392802,82.60928037392802,30.523521585040918,28.47331466994635,0,2,14.4
T0124,0,29.299385257913233,26.62242664857539,55.18291977662461,54.7299345891219,23.720897204387853,22.134454441283214,0.07715119548536908,0.05438315658612892,33.0902215426829,86.11507208957343,86.21371849877931,31.41262840197235,29.462589817701936,0,1,13.1
T0124,0,31.018551233339227,27.90009177894438,78.22405545341336,71.06181806126635,36.884248523729,35.057341026336275,0.08525302254524723,0.03797884009417913,26.452346327995574,93.5824143625536,87.50428156765483,26.3552331062146,25.59706890199721,0,1,13.1
T0124,0,37.59487466759549,33.89726201189721,73.0780250624025,65.2651035797841,66.86864021739524,59.064124505619105,0.09395456751833732,0.08330349157631611,33.061924329860446,72.81624394014032,65.9213050522076,28.36707808869838,27.796055917198238,0,1,13.1
T0124,0,76.55581927071574,67.84367811469822,79.80147162825719,73.45459116204452,20.605132458784613,18.630436427537173,0.06651410206540098,0.07345993658339611,31.316631664470453,67.79547108794014,64.31840944930303,35.453353599857756,26.11105013890148,0,1,13.1
T0124,0,76.477686732074,69.15456646970912,34.92546844601247,32.16667365448007,61.899123177107235,58.0857681827188,0.10808508287943991,0.04711554285076094,26.463698092834395,83.76494859344287,79.40451319660906,35.41082098207691,30.0339264209138,0,1,13.1
T0124,0,73.40338175723463,66.94277632206861,43.07171012295727,40.63294619453297,50.28364734843947,43.278562176690365,0.08412071175126984,0.1309792536741221,33.31283174560754,84.06640944361824,79.45543233722174,22.875995555408217,29.310156788791815,0,1,13.1
T0124,0,24.246666554346312,22.022291118115152,41.69163131637207,39.581925964318124,29.496407276660896,28.61156661421659,0.06730533265604541,0.026278507718790787,24.226302860414552,91.90967824887166,88.17086602104656,34.175208456599954,30.056970234087345,0,1,13.1
T0124,0,78.10870331763954,73.89231068116275,38.548986661998825,34.6670719789288,74.74792508650282,67.01967866408535,0.0279493615348736,0.07365829234842182,31.78437608646046,93.57075644247792,87.57972949420052,37.36134212814993,29.220547326356172,0,1,13.1
T0125,1,64.15233533197194,52.58103219300208,32.880636673367846,27.505746476767868,35.62214410198812,29.866365348050476,0.15826160279773882,0.14656882951214514,32.03195058485686,91.87716268827303,90.25394522420952,27.16535521558432,25.87914533060572,0,3,17.3
T0125,1,29.094548731070198,21.033527968296642,77.62685072025909,61.3180895572283,77.88662073527057,56.64991481829119,0.4524297714035774,0.26814954143305686,33.78569734378023,99.0,84.86063277410304,37.24307436324572,30.141928512981355,0,3,17.3
T0125,1,46.66919801549813,36.88099347867786,50.41179831184782,41.974330271273445,47.870360431539396,41.34169707567057,0.22966553144672303,0.13348769742054278,28.603408599702945,66.93269977342713,66.5330845108569,33.684128614970135,25.639944751625915,0,3,17.3
T0125,1,30.018047358977462,20.288210663523127,58.30146745935315,46.115895942940774,22.66045535532658,17.7241639467301,0.32642461956447066,0.1570121407724413,27.71143973207978,92.39899428243052,88.31813005574298,46.20078507500714,28.81579762820056,0,3,17.3
T0125,1,67.26766321490857,49.17758523241187,41.51652648761301,33.06841108022199,21.626294355256512,15.614644535523583,0.20021346868666037,0.18764191214045492,33.889893611000495,93.13112738274894,86.5209082454777,28.544945212808546,28.91074972351481,0,3,17.3
T0125,1,52.67716412992973,36.448046190884554,79.6090770374149,64.42035678904729,46.08238976154751,35.51392909880826,0.45829534676588096,0.40116834104175786,27.759648086892486,66.98828257840084,64.26018672002674,29.5022462004283,30.09621813089513,0,3,17.3
T0125,1,72.40824424770864,40.84946965788638,37.448496983292785,23.689242867832352,36.67993695192726,21.19036129240622,0.814634034919519,0.5184357368273365,31.811205255721376,81.84476901151726,77.55688115016743,25.882916497120252,26.65519114469704,0,3,17.3
T0125,1,40.3715360610982,23.156308945248256,52.09696509879765,37.598974203242435,39.31711514519896,24.02514199952627,0.43481146134617515,0.3866965795485381,33.36241547161201,99.0,88.03400549215942,29.346057448207883,26.938666915830467,0,3,17.3
T0126,0,49.30558522434889,46.93900119296627,66.79854389714897,64.37030400114412,39.41781433787649,39.728084618023,0.02312589785774907,0.0,30.226830438277805,83.23019252646863,77.07531301910933,42.869943119215705,28.885216538948853,0,1,13.0
T0126,0,51.88915550613868,46.08878351120938,60.12201872782222,56.267312061314364,74.84877847730817,67.81955515625499,0.1268882670994254,0.08439005720967666,27.255928369817568,85.30847583780972,74.55088755501215,33.274684566617246,28.484843998517007,0,1,13.0
T0126,0,71.74263832585166,67.40434858138681,59.97215268639191,56.41436212575066,52.58296164014298,50.533766369435035,0.02945775463823336,0.020822122737619523,29.909213949620362,88.4405848938212,83.99044841575278,33.55853832162475,27.55657716510255,0,1,13.0
T0126,0,48.48298147343704,44.9710620709068,61.33138116335202,57.20026194146059,66.5842391799229,62.87612912013121,0.04952877171892513,0.029154844116830902,30.71075604533812,96.05758627027961,89.73114836528437,36.74336336389604,27.536714167630223,0,1,13.0
T0126,0,37.23045033174813,34.86953581879963,69.81129518430993,65.22345043746714,69.42198135199382,66.5306608526697,0.025204076660063475,0.01760245731506555,33.92235930146311,66.02611487223231,60.37255843828011,32.88610672051731,28.779274760708528,0,1,13.0
T0126,0,51.623678327969785,46.03882031995833,78.96014715005711,73.12986220409377,22.334532819274624,20.82583302212231,0.10110056177431323,0.051252953828412086,28.426155289437176,93.30243435649837,84.76096201207804,43.96861705478186,28.532346597008086,0,1,13.0
T0126,0,68.206230945291,65.95417243809712,24.683975317380707,24.253392072826877,35.730859140485585,32.6197761671794,0.014462053705272534,0.06042353325261931,32.994404700778475,76.55296871421429,77.69221459536278,37.751449121228795,30.03790006174162,0,1,13.0
T0126,0,78.72714607735645,75.18021864629804,43.52662748088241,42.50080531507145,60.7643760462047,59.18710530578145,0.02833813151950436,0.016437713631102652,32.8989282075287,81.97110105004501,77.91642601719767,35.20507095662155,29.94902635904757,0,1,13.0
T0127,0,30.546932767568613,28.133836937055122,39.025894377507484,37.785801783102336,55.2906398905154,52.444623048995545,0.05730481625309979,0.035783952230179834,27.17769048328868,60.73124297595217,62.0721353533921,27.78791803004144,28.87506267298871,0,1,20.9
T0127,0,49.67092822453503,45.31724601384206,24.791779601068214,23.787731355079544,63.10475264080043,56.12620478464628,0.07789927771563272,0.0818708266321029,29.07045032317057,72.2903191229836,63.97307631815015,28.219419755451764,28.247341663476558,0,1,20.9
T0127,0,60.933370205807975,57.544226518103166,58.69605596016494,55.028178703684404,60.32824068265837,55.40782561046539,0.039289423952712295,0.05664348716611489,33.54286466746252,78.2307410721811,74.32259480674105,32.05160282637509,25.698158577340315,0,1,20.9
T0127,0,49.742835769530316,47.32218492138939,33.76210785496861,30.666322855801745,53.578712079242784,50.522659766721226,0.01858872661486955,0.02443778063377335,25.403021558004014,70.91739296159437,62.04789326059874,32.89337286863657,29.984206591397246,0,1,20.9
T0127,0,34.645354741690184,31.67546912346898,22.618257688857636,20.244488995952164,71.36130859118423,64.71971969745665,0.06503367637431604,0.0761106390628018,31.130612580266465,76.34334980342345,66.90221592768756,41.96036439725786,28.593651121245916,0,1,20.9
T0127,0,20.29704044374981,17.774093304152395,63.268997502938284,57.755183000809225,47.88922660643862,43.809519045310864,0.05119342624820778,0.048377825838705334,30.189402069330598,86.11325426426143,80.06311909755433,34.59626541109335,27.465169863329635,0,1,20.9
T0127,0,27.111320192696407,25.86526299703509,67.58677926482721,63.22677489214482,73.11174323442748,69.24343871996776,0.025294995986218996,0.025559149565938535,32.40784875137471,67.88168203337273,61.236694333285314,33.77349660066434,30.237982871760373,0,1,20.9
T0127,0,26.30083852972131,23.72953891757404,23.241895489013757,21.293722130719154,79.02213476428143,72.39363479504472,0.0599535500973324,0.051646673186968126,30.523217555027387,79.17691541868197,65.38693135961945,29.43587137059597,30.27830470622453,0,1,20.9
T0128,0,49.755302236933154,44.28367697246151,42.546005287586084,40.256370487851434,79.27264104042067,72.51579044951616,0.10562197151578404,0.06966637997357937,32.79850478500603,79.99453068700682,76.57843623478871,35.616051782676976,25.978801123906845,0,2,15.3
T0128,0,72.91153340859383,64.54836738676534,28.683918957843577,24.9117200121916,68.68089510813272,56.57497765930643,0.0895687173663156,0.15431064756558874,28.846345736524373,92.650482223723,85.3872651270285,17.528553033648105,28.817606877718994,0,2,15.3
T0128,0,55.95174077356529,51.37909208281388,75.47011191480908,69.3920730019211,72.126909085779,66.03075620910825,0.03435015909120959,0.042577461744969715,31.808986800827583,91.27794851895236,86.43011583355062,32.471623717020144,29.923547359779445,0,2,15.3
T0128,0,24.00798784571581,23.07838378965696,66.77475773264752,60.53344808270769,58.98219321247706,53.49577401449327,0.01765969954159837,0.04918515563055965,28.409804514306614,95.46378624584094,87.2394744998049,38.038629897531145,28.52744614259047,0,2,15.3
T0128,0,33.480846976009495,31.179145532148734,68.38792307771537,65.36114448139591,56.97308500292146,53.94151687447427,0.04641671665144132,0.045145930918852044,25.97194513244389,78.24225802696688,73.91717273515445,27.41510865847209,27.28938334169154,0,2,15.3
T0128,0,73.4360488745277,63.220723237875234,23.818384488879992,22.88264626549069,71.1475159983471,62.88555354888399,0.12857541667740724,0.0984251242848051,26.774440480336207,84.08725977551084,83.03097243997354,27.797429712256715,25.8831283108099,0,2,15.3
T0128,0,73.80644916112254,69.36819725595096,78.68122743648038,73.08858529502491,52.147547598433974,47.77067949507559,0.03668368026938438,0.05156447572942843,27.500453242304857,68.06366565520183,63.669427659363045,41.18488415957376,28.361233934706043,0,2,15.3
T0128,0,25.136964368745687,23.386765971196198,55.29456070169029,50.096361366352085,40.68526991032567,37.171241330815,0.039466028348966724,0.0419227879631741,33.52418052617354,80.37449466213793,74.61236643248847,37.25050130875206,27.808269612038142,0,2,15.3
T0129,1,28.9749905285235,23.87921461762885,75.2987882422427,63.02373037771065,26.77096939558278,21.581126848238075,0.13702498606559538,0.14666097420624769,28.76145988430458,99.0,90.08529046142598,43.45746438981934,27.71238550965332,0,2,13.2
T0129,1,30.284526147000683,25.488654682708034,35.79560884177993,30.498936547024602,75.38005030863647,62.62878791309094,0.07222113113761751,0.10775983585754406,33.14649759737926,79.85980846013193,73.00055249568844,23.25951881525613,26.712804940589233,0,2,13.2
T0129,1,22.944643002113875,18.609866058522787,75.40366770732976,63.19292568767374,28.328603141869273,24.036259688241834,0.13875718468743262,0.10029014125480791,27.83859324341574,84.97703748372949,74.26740551526544,28.52092507728863,25.5902253919714,0,2,13.2
T0129,1,47.798724773342066,36.33952728646288,33.799864408038005,27.737795849899125,47.50450037655255,34.520140389988505,0.20115368627626912,0.17273210509180534,29.84070773139885,65.4151059242373,60.609096029615884,45.23719417955918,29.536248624287296,0,2,13.2
T0129,1,35.27123694715155,30.541162074901376,21.884881775346837,19.10341972212352,57.642333366372,51.12630471587719,0.12864580071110793,0.13220657028681285,30.332459857194664,68.41882270956697,63.52842523106712,21.22534693356471,26.652458315752515,0,2,13.2
T0129,1,33.36392125879793,27.6948905921252,39.59242771571115,34.43288746936375,44.533427008870206,37.249410664921115,0.23841353313062363,0.18174376302788317,31.620312861406582,75.08831224915535,73.11251866142243,21.18505349793183,28.100986356831946,0,2,13.2
T0129,1,33.29434699084239,25.46238437202562,50.47044033306612,40.26893063663215,70.80267785897378,53.37492779959094,0.2024671220671077,0.23115842769034411,28.98349590959227,80.4862069167073,73.37147070139585,38.05625874493597,28.284888833167376,0,2,13.2
T0129,1,39.877919466278286,26.42873148555814,76.95879975498002,58.71798693926878,70.42900265968811,50.58949927803386,0.44077331274980175,0.32740005835011077,24.559677734729277,94.33562451897595,91.56103906346304,29.21652481611875,27.476423455505845,0,2,13.2
T0130,0,57.958218646777496,52.56015621300313,60.67589371524515,55.053639749878755,44.106493265763525,39.8301427696713,0.060719457609928244,0.0704626460308859,28.89778847247382,99.0,90.78776219690126,29.244255726042475,29.079832941178367,0,1,11.7
T0130,0,22.363116821554822,21.852122895114046,70.99219810686742,68.58090873870694,63.278007137103,61.71333564574723,0.010949960004152255,0.01088805867843696,24.740115858376363,76.05816050882632,73.1075372641201,40.81175197801909,27.95049213277864,0,1,11.7
T0130,0,76.90242644024204,73.39296367418018,72.82211637217185,66.48010759567507,73.05668593097874,67.7206049820115,0.031482935568637585,0.055221384702365796,33.43536978255857,93.67202768215826,84.96270360757556,31.476210145581458,27.98972860226936,0,1,11.7
T0130,0,56.665107220400714,52.770805249852714,57.24230656046972,53.91390395162535,22.22996724548632,20.57598948851747,0.0652216224651099,0.0758338516885701,26.832565122008056,95.0460094786871,87.19724094099152,30.059399949879644,29.977085100264635,0,1,11.7
T0130,0,52.81406810281277,48.80247947387909,68.57562718405629,65.44718009820836,30.683869964815642,29.429685236860745,0.05425940616772819,0.028162758945912445,25.133172079866384,65.99772523912166,62.38837739972041,34.25034802910514,28.70681203096119,0,1,11.7
T0130,0,66.11308777848085,59.20077640228508,29.812904993667992,28.362587002018955,28.73630342733305,25.7177146184155,0.06241482107869068,0.06009829687200529,25.54469596698079,77.83547990211682,74.4648569672564,31.166073042962942,26.43218443975584,0,1,11.7
T0130,0,78.92378692019633,72.06600510875622,66.7468043261436,64.22826400006463,66.20659082705939,61.682113343163635,0.042337779337972434,0.029238911150589582,27.127745245549924,86.82875966300142,88.01918448127458,32.22247247373437,29.989563265991706,0,1,11.7
T0130,0,25.65329147801883,22.69868414336656,63.895943626811814,59.09563054009621,71.6503318138848,63.27672606376455,0.09200896012199516,0.07977245490676783,30.566973259043557,87.73355115077153,85.20177664935056,25.415643914629037,26.733982347817445,0,1,11.7
T0131,3,49.85645649643469,30.784163397612502,75.77360820392903,49.595167806355285,70.03044626139626,45.6172219774217,0.736875879663082,0.7765772733108133,24.3926424615522,83.94302474987045,80.19190620701505,30.86772663840499,30.411983802736714,2,3,10.2
T0131,3,75.1277370008938,33.78773148279663,34.340901862505945,19.31830407141074,56.02057300882299,30.735465361989988,1.3729671238135988,0.8663527042795838,24.923627336991068,68.64776975508842,62.48201528023658,32.30111578205457,29.23639355711058,2,3,10.2
T0131,3,53.914311102312986,27.804237102115934,75.20017067967692,42.92190741829927,74.7781754870795,37.1783725970139,0.8903539167628117,1.168730360849095,33.99982488442239,69.98690884393352,62.952540789998075,38.07815861588524,26.693013478654784,2,3,10.2
T0131,3,77.71651293551238,51.279982175690456,51.7618504696558,36.162614164602445,72.81244658905268,49.13827639731243,0.4208548085562332,0.37988607219574166,27.37164333078147,89.08517841388617,83.38826366330505,32.82017033468821,28.298258572126823,2,3,10.2
T0131,3,55.13349591442912,25.836074261220613,79.82875322040434,44.070265418052315,34.96768193564379,16.322932064272546,1.1411161203280715,0.9926653733553384,31.68694141177498,92.20758802614148,84.73993118407205,33.479929645983404,27.10563582775837,2,3,10.2
T0131,3,43.64146218691607,21.7984134847515,51.96273403116132,29.527646615595984,26.76920605154693,14.89757608227112,1.4356193488544662,1.0239419005544559,27.389464941438597,75.644914216041,70.70576656811448,30.61056333311199,30.34795247116309,2,3,10.2
T0131,3,58.787763490324934,26.81575213609162,72.45624438741703,39.45475784481991,54.12604085419973,24.904443718508322,0.7254336653083447,0.9182173240841256,25.526001225907876,86.30060808122604,80.11722831473398,33.52672623724035,29.33044663597924,2,3,10.2
T0131,3,24.40571169784206,12.379743027450015,71.8555389954137,36.15821672074244,52.327466294427516,23.814549277803497,1.2079826930951787,0.922258213025207,31.5959203575185,77.73632903416112,68.9594873259692,29.946118008694402,27.485922523054985,2,3,10.2
T0132,1,31.838189819709,25.890656202873508,52.39995896310746,43.37490174479956,31.226638218269187,25.3097842748338,0.11053446910017783,0.17819120107939243,29.717640038387145,97.98112176674522,88.32135759329185,24.456548652409552,26.916585900637823,0,2,9.1
T0132,1,26.892406563080087,22.59855515714083,27.86784429858174,24.145299822072772,66.84591226013339,54.45100947632237,0.10926856524899092,0.10130145577765572,28.751094275389157,81.97096102855595,80.68063943212111,24.227092624363827,26.99883095554536,0,2,9.1
T0132,1,72.39578456366212,59.53784296447552,67.40431576859861,59.04148193638633,49.60699877999896,38.68307165786294,0.14136810989578694,0.11520929526482343,25.234635206339988,89.21641377088075,83.72440028109797,32.121496152961335,29.7426309814575,0,2,9.1
T0132,1,32.28240125886782,26.739346272267092,49.04106066155561,38.73462294787262,41.37200367848983,33.487519804721614,0.19124569114260692,0.22737404992026874,26.768207131971018,70.46360133380266,63.9768061264715,38.929841104330976,26.610654690076768,0,2,9.1
T0132,1,63.91259378396215,52.58088365178471,76.41296967390173,61.53166507070854,48.218164413510415,40.37577171358022,0.16311945939239172,0.16278505564120668,27.20501029053871,95.2852988857836,87.80533333885293,35.34031700434481,27.98450372920538,0,2,9.1
T0132,1,61.56247306296001,44.82324123334748,71.11418495008091,54.93363997529185,30.632728808858825,22.87820684924465,0.2763672467708603,0.30083824036965123,32.59542958965634,85.59885952587739,75.63346258009065,31.09584460051583,29.440475834463747,0,2,9.1
T0132,1,20.666977444525525,17.526832203078136,70.98926108727352,60.33402152641602,77.26674624608945,65.80608415959804,0.15728098361985843,0.10024013653283458,29.817438138918313,77.83665746812984,71.25894459810404,38.36025502802657,27.538248270960604,0,2,9.1
T0132,1,48.92212323879899,40.426297864820036,75.41616018576072,60.4525283051945,51.253849475311426,43.78086430230991,0.12604218508992027,0.10958851221499902,32.320015710966565,98.3235238757226,88.33089055829105,37.86175761496529,28.647333456801583,0,2,9.1
T0133,0,54.30059918439295,50.63349792382733,79.51486655592745,71.97615255740345,40.614859300608174,36.298088338323666,0.04298297532404155,0.09991241374635686,33.116615792341456,99.0,88.77681054356077,29.88086667722173,26.55881349054334,0,3,10.4
T0133,0,52.57900294424685,46.56685442632063,49.579998680102506,37.23028873691916,65.8756862688476,55.637335713410934,0.07238521173750613,0.11777367632500982,24.620053429036155,68.90130449546918,60.01785126185558,25.613563812450124,27.629660991756623,0,3,10.4
T0133,0,23.324948644747423,19.91361712755804,66.64666968684779,49.89580687424548,58.761964898899315,40.402782419125785,0.08203307596225407,0.2929548521076551,32.34306801086946,88.9704122533266,82.73360667135937,32.558020785078845,29.86186348739301,0,3,10.4
T0133,0,59.936608727751945,52.22718839382586,35.85638792200964,26.647050977038393,46.32170882720592,36.12880893434246,0.08370637058246615,0.1611260627339808,32.00774035124349,63.008785304369496,66.0087853043695,37.368277038668424,28.34963907385432,0,3,10.4
T0133,0,45.581301984864794,39.51049909876858,34.58729270774495,25.5472727421416,69.79181879424858,57.58831059459245,0.06174954988028702,0.10315354794234705,29.899002827341523,99.0,91.31923676943562,29.733043624336002,26.321450684067948,0,3,10.4
T0133,0,31.668024865657003,28.59307716790346,74.21240835119384,54.81702378472341,61.17500061199739,45.521473161982264,0.0348632675232401,0.17534027084099307,33.528369852531625,91.01438162718006,81.02686216613085,29.910376829220112,29.199144608049654,0,3,10.4
T0133,0,66.68400456493055,58.1339833746475,32.88534943127463,26.753192859764695,75.421734800076,61.07130140419779,0.0807352769961866,0.11540325746162065,31.422974569170883,83.14556338824214,71.03607735758979,37.10215335208528,29.502328000482592,0,3,10.4
T0133,0,49.74986959847935,45.74225163442281,51.98207120492658,41.203100827656165,36.00135117462111,29.436915386102005,0.04115477912756236,0.09400860318131721,25.86381333233373,88.72146149143137,84.12905391693597,25.64401679043096,26.768636199915747,0,3,10.4
T0134,1,44.856141758616815,35.21209170915557,51.741747405107844,35.8236432892379,31.636268090957756,23.55476578481748,0.13769702471865294,0.23632914007347505,26.239398286158256,84.58827000575316,76.35257751470897,29.670380074830202,30.403865018531377,0,3,10.8
T0134,1,33.6774306409227,30.297239152685467,21.038688746055016,18.30113186427653,54.07071159904497,48.409863514312704,0.061289690035161055,0.08148102482152242,27.743555383183896,87.7047743859238,85.33704692989348,30.9190469535096,28.642869126737065,0,3,10.8
T0134,1,67.53473871151715,58.072487816605175,24.691200964871875,19.149735753887043,29.535942951997882,24.035690050788393,0.1184947027490688,0.12413221796476888,28.28084364189802,72.12898125700475,65.74446082521641,31.770086643714073,26.191131807191283,0,3,10.8
T0134,1,60.30803204462286,45.955466237700925,57.03631877391427,33.24272605187049,60.12922264233207,43.57929364348577,0.27693406838281964,0.2686006482066156,24.767380353252094,69.23392951406638,61.91577431392406,28.41511483152886,27.865423698344006,0,3,10.8
T0134,1,31.096706512504795,23.430673092861976,42.08517244715138,28.673242320131944,38.328023391278265,28.090356484065424,0.2015610122219704,0.1903771830345297,28.43943246857848,79.78855364736609,75.28364887876998,36.86104667613911,28.185448425628827,0,3,10.8
T0134,1,40.059881155236134,29.665978333446184,35.027407183233876,22.058054812124556,64.6662040515933,44.785005531240564,0.24777424993961186,0.45423082835063383,27.605106102149996,95.84093857016904,87.82436683125461,32.482043413509416,29.58354891964422,0,3,10.8
T0134,1,73.14859749918301,62.276920863067325,72.70289055661115,63.81705557570217,29.35123271495269,25.262204737672917,0.1868335387586201,0.10070600771354074,28.55757343530929,70.04791184880173,67.90518068590748,39.886363776840625,27.553201128305634,0,3,10.8
T0134,1,26.50632800776739,17.116261102799555,31.961830873301196,25.480934114006487,68.20798726593576,43.167222935584164,0.3230277140519372,0.4713583941364056,30.89433884760382,84.40598620081634,83.60306097076817,35.31322923104965,30.214207454830497,0,3,10.8
T0135,0,63.86657998965577,57.31647508809366,22.408899740784065,20.515990992556425,39.08639580888597,35.6921403004191,0.054588166387307104,0.0584932165632236,33.28490993354128,71.16221025490913,63.590350521358644,28.49315759971601,26.653028627623517,0,2,11.2
T0135,0,74.7485821715443,61.09480872226667,45.37736808729078,40.33450906209025,45.33938439866569,38.79760344479281,0.1902119120514012,0.12145012597972828,33.3194675878901,94.09428369618777,86.45605691433727,28.935655752644887,26.474206419131928,0,2,11.2
T0135,0,63.54876119971753,52.12043981836349,70.33633813389451,60.53015430272523,70.46773318368176,61.26193844890012,0.11329946049779122,0.07865900769430072,33.75900546321928,69.30183827409444,64.08311796529392,26.838980822954714,29.765748047404948,0,2,11.2
T0135,0,79.49606299741849,70.44007171001638,41.43581669399498,39.278321588850375,76.77959439301375,68.67090496669357,0.08448524809265409,0.07103461838395174,26.33767367834539,59.70126716358112,60.04714463104669,24.989182046869786,30.03234288032063,0,2,11.2
T0135,0,47.22345147976414,42.09417505309936,33.570329284767304,32.67025114957017,59.825648846777796,56.34339702767365,0.0691470588053441,0.030469170794776165,24.331728518479263,63.84643675070463,62.38636728653073,34.65222163020943,26.559290093076907,0,2,11.2
T0135,0,44.74908702842869,40.48624772129616,61.74953339466015,55.86943391803098,21.81882093384291,19.640642920259236,0.05378705878246609,0.06750516028140098,24.743172479906523,66.30878326644157,60.01369232087282,34.14090931078377,26.64743142375236,0,2,11.2
T0135,0,36.61840170162968,34.75228585424227,30.624214290457047,29.748192825169603,63.00889679532304,59.43149926012069,0.038069374696406304,0.05284750020248754,25.858584839182868,89.83210373299751,85.28311160303953,30.12296149828889,30.12117384695217,0,2,11.2
T0135,0,68.7954635070246,62.65388608022556,35.34277203405067,33.07448312904762,25.733363484108366,23.514720493296497,0.05110951731146328,0.04677635729918234,28.029577021134358,89.08767689378048,87.48590143791257,21.61802952150074,30.175699701535258,0,2,11.2
T0136,3,49.96893711024545,23.059110786079323,44.260579779012126,28.475874190122322,29.923449086524727,15.877701796257549,0.6578984232654361,0.6217538329270575,32.64257820170776,85.86168110345996,79.96826161649041,42.51842662139178,26.92578394116351,4,2,23.4
T0136,3,22.998118399934313,8.42647852645359,22.19308012397524,9.727161684159057,72.4952628637101,27.849692178057612,1.829204189694742,1.4918294020524159,26.173083992357313,99.0,89.32458755276096,29.05530967369581,29.105149746699364,4,2,23.4
T0136,3,24.165914569415108,13.633665997661318,78.07205283238864,46.88626601266029,76.33467933542633,45.60577903480272,0.6376866117484062,0.5367393450557759,27.662088864185264,66.39359422210676,69.39359422210676,35.6263738287862,28.909382065559075,4,2,23.4
T0136,3,72.53948313739811,26.29817604966964,60.821429170296405,31.8876347840589,47.67122765575071,21.864501413796553,1.213846708031609,0.5440588893264416,30.43863414734065,96.54730141583504,85.22919773801596,39.10062458138282,27.10596168556065,4,2,23.4
T0136,3,75.2585072757236,45.389830843222995,72.21397844861357,48.25168115832519,62.06525141410456,34.102624130082255,0.4950027165512439,0.6556720557316671,29.396799104493077,80.98990059562811,77.3993712295519,35.65654578669823,28.24522659902315,4,2,23.4
T0136,3,45.30114527665394,21.45619973691552,24.14085023138483,13.119747473023772,55.854599462197136,30.0011875551967,0.7095831215867171,0.6794902613808694,32.85775635640424,90.71471119342341,87.91131180975312,34.43354530915888,26.089092116990106,4,2,23.4
T0136,3,22.530009554335876,10.145025654299431,51.90961686085872,26.341474856836374,58.15796055115598,27.368009799806195,0.8407805528972047,0.7519288944279449,28.745668524576647,72.74255741900991,68.9993633298508,30.04150503454517,29.645855119611785,4,2,23.4
T0136,3,44.02545976175379,19.14349936503062,65.48998204762876,34.87839520641787,66.28498189613026,30.42660595657315,1.0183621363499262,1.0050991343916063,32.749119459578175,83.52574708420656,77.6834227760069,27.760033876329842,26.86077352103442,4,2,23.4
T0137,1,56.25112392310361,42.9037348205079,70.22442084698986,59.194516213338474,45.03122554175252,35.4980929169454,0.17338222392689417,0.1476340164008469,31.484545669873828,93.89947431041602,87.85277467762252,41.22094735314127,29.97906594408509,1,2,9.6
T0137,1,71.28398723744854,59.83564921870178,27.313593829460892,23.31191907436095,61.89595005127301,51.237000850859935,0.1433543391266837,0.13351158010777217,28.310463046493716,80.38724019672127,69.01356521475438,45.436335194531935,27.26584940082315,1,2,9.6
T0137,1,68.42740855711858,59.376343005246746,22.1677014787938,20.03227860672129,27.960616952725204,23.690599415184085,0.08833839957287222,0.10970178028769764,28.790887693300668,73.8209874902132,64.1072901484892,33.51287589676358,26.911831131099337,1,2,9.6
T0137,1,27.31758095044581,22.815545812853298,55.45262777889347,46.95341073579298,63.64371749454159,54.45826100617927,0.07842178185288741,0.1079563915768428,25.57217558770337,84.00088843298818,82.53269401914213,32.904443886652025,28.969010987348845,1,2,9.6
T0137,1,65.34279933994802,56.17998736286465,49.300221032038436,45.62350652258272,68.58736248480395,60.61734736334468,0.11002879243204117,0.11567588756828714,31.738402948469364,82.49522951591018,79.34792606176575,22.199415632047497,29.32065484860852,1,2,9.6
T0137,1,65.87530017042674,54.57612772318607,56.11270984882661,49.44300465362284,63.35307233557871,52.79019641458088,0.10376835409254197,0.11891323992281581,33.61179259746684,80.68303235085145,72.96814660729738,27.57997487901069,25.802336096932024,1,2,9.6
T0137,1,36.38574901554049,30.429470975536116,37.66142262983878,32.76623449445344,63.89826030935942,54.91378502765897,0.1426115658959539,0.09319701322929383,31.687443316464837,89.0116050619983,84.13921062733087,30.764620249423505,25.738967835937263,1,2,9.6
T0137,1,45.749504354528085,35.48087764081996,27.76655113616832,21.95338806086062,56.91164843694421,46.87335933644678,0.1555784657639886,0.09764729015642697,29.889492537080084,95.32157746517314,84.27115625298919,31.044771306317898,27.645371627092445,1,2,9.6
T0138,2,69.72777696508686,38.24838880285415,52.700981725689104,35.6409454292496,41.59620236274279,25.810468777143512,0.542685199929118,0.3755879679793408,27.52582045963556,95.93079772178278,84.92796285389217,27.195393530421676,25.903469554421193,2,3,12.6
T0138,2,32.33523807811258,21.125325509275562,75.0453683083229,52.84993896828832,50.57406073053511,32.04689790944452,0.375402861508358,0.36309509428597975,30.441154478304988,80.03502083219048,72.4944720985797,21.637988523769785,28.698162629339556,2,3,12.6
T0138,2,20.23118731881484,13.486642668671035,45.04215549375134,31.455257950994596,48.58358727997603,32.660827585574914,0.4762627915545495,0.47772588427155005,28.340190186106753,93.58420845838427,87.71086780617625,26.768715298247585,26.496946028171347,2,3,12.6
T0138,2,50.18525071527661,33.91245612965818,79.58192308217868,56.38040003295716,65.76816636125825,45.23798891567923,0.3545286249449738,0.3035403596801796,32.14094621650504,75.76352588589165,69.31888801800076,33.23603908601512,26.64546332656452,2,3,12.6
T0138,2,46.09570856658275,31.480798779365973,23.339574435552045,15.856409435402723,72.23214371691142,47.1157899667081,0.3370326496166852,0.30345352029702205,32.061457262031894,76.61085803014873,69.8195853496234,30.7940615132882,29.54201543681994,2,3,12.6
T0138,2,48.91344005486951,27.27425109635766,28.41923107735129,18.839848072558173,51.29036496189656,30.625551132864533,0.6340933978360568,0.4532736628924206,29.885522518794843,77.79460326249203,70.59497617481217,33.86763192857135,27.80224940630703,2,3,12.6
T0138,2,57.931446928536964,27.568526610819283,64.44205254840963,40.998523929538116,75.27571048662372,34.113878942152795,0.9025396917296532,1.2236926912020338,25.557835399297648,92.63953857150933,83.58110269239444,35.303390710787575,26.878153404078223,2,3,12.6
T0138,2,30.2974893421273,11.35506151481069,49.768875978304735,26.990537281963853,77.54375354285129,34.16014166284708,1.2705644496327604,1.1423776633346112,26.66109438029204,83.31721891142597,79.78766535358409,36.98166748276461,26.686047373925476,2,3,12.6
T0139,0,42.32876526260442,39.4975075793866,32.64868948022993,31.539214288947264,70.19963350806685,65.46679562663516,0.04945095146537604,0.034623050258364325,27.94179468134926,91.70641402391907,90.89985070736272,29.723145088308936,27.12829046112613,0,1,14.0
T0139,0,60.09440862123458,57.27366808801506,37.58619519258144,35.49525174321984,25.247797787198785,23.991803763072827,0.02237073464589603,0.03062565411571862,26.254478347711352,85.28350870610188,78.01084981312353,32.220385906229296,25.57245067097396,0,1,14.0
T0139,0,63.36365242731771,59.55055225622362,56.129236067751805,52.97781647248713,51.102646776590895,47.32678339260055,0.04499667229447376,0.04377595742708554,27.73156112611923,94.20950328586369,81.70479391559834,32.55796855807218,26.040568230186043,0,1,14.0
T0139,0,73.0808452461248,65.54691902203184,37.5902087589833,34.399442045789876,48.98412066123016,43.765425962291914,0.061375568989837426,0.06950784527334683,26.390667425218382,70.02477476928522,61.17785114135714,32.80206631290934,28.85317280337299,0,1,14.0
T0139,0,53.30431939519332,50.324098405163035,24.653886403965437,22.836044906106277,48.18547504911675,46.24474554637896,0.031722544397013934,0.012763237721747324,30.605585700933897,94.100332730518,89.47139629513441,34.54032970547322,29.449158515532133,0,1,14.0
T0139,0,60.7374602381236,58.34350416530161,64.82689138744684,62.62210199359861,60.193259198939025,58.640760559689866,0.025284415082203266,0.015575898095802683,24.505118379399075,78.829172397062,75.99023083506731,28.7059558867349,28.29061068512356,0,1,14.0
T0139,0,42.2730796503195,41.80311134185422,47.44019400631424,46.795550619111154,63.12297694834207,61.00011942246942,0.004123544930504281,0.016803931037445593,28.668471716841808,74.20453056679204,74.08752102502544,32.74562833071073,28.89189306794688,0,1,14.0
T0139,0,34.21799584383215,32.12105216034145,24.669304246240905,23.932170707493825,51.357188132256965,50.251354898086646,0.04547118093472107,0.015540265234165459,33.48435429069111,80.79029285895815,77.64826775200166,36.29190494107609,25.824030173588586,0,1,14.0
T0140,1,43.7830923690059,36.44862239479288,37.90586303859965,31.383206669114767,42.94673059626537,34.64466571461187,0.12481263097175135,0.2007333345557557,28.498636109441946,79.88833104511147,70.79941812531993,32.30961109591909,27.29288630286635,0,2,20.6
T0140,1,25.57604635368251,20.99496135596784,62.63928666809306,51.37362189326893,43.686888489245405,34.927041384457176,0.13229835432130088,0.20305898019951577,33.13686942143627,91.77567878122044,83.43699974060192,36.72828176477903,25.758809079808707,0,2,20.6
T0140,1,45.244302956966756,39.16006104587667,44.51832194331453,39.43136362499712,54.60715330188807,47.7026782534857,0.11815034515999157,0.13209490205794275,30.922715128927614,79.69305660725159,76.9376118372257,29.528592101659207,29.724987918315623,0,2,20.6
T0140,1,41.37721171222853,34.34116069270229,52.69855761770255,44.05488907882891,50.30818410540654,39.682115006240586,0.20260756300437566,0.2690137041060627,32.235262045752876,92.3696680955297,87.01352952768742,30.188037204811536,25.59169473723785,0,2,20.6
T0140,1,57.330370870394596,49.984300783966205,74.40593165650564,66.2300967312261,73.75512925914002,64.36030897141134,0.08232941379038283,0.08195638616780462,24.289637672930816,78.98230812828393,72.95554482418869,29.84577508083727,26.447349917891025,0,2,20.6
T0140,1,27.133495416596688,23.281934609005788,25.880609623736024,21.689864108432488,76.73846550805472,64.59066778627434,0.09949893273247706,0.10605600213948556,27.410895546151245,82.4885352922319,76.81832101194315,39.96231890870179,27.32362580002349,0,2,20.6
T0140,1,62.38147467773057,56.09051075181112,58.38867088539708,49.930189832517584,47.04553592663686,42.32077811370114,0.08429049470850182,0.10529531523005156,33.19445273784966,73.61555487287151,67.06603180396127,29.84641822695328,26.521522019277885,0,2,20.6
T0140,1,49.4270441602104,44.11267877625559,34.82152998510498,31.499802852610337,69.90776925844766,61.924706086805664,0.09474694995071688,0.14234744602055904,30.419434770911145,68.13087966875875,68.99014170730202,40.339520322732355,30.032890758904962,0,2,20.6
T0141,1,57.11068193641082,32.92942538227105,49.74386535629288,32.23996127538624,35.60912909572969,20.166507321907996,0.3964398987154851,0.32724391784727985,31.708631869101126,93.6052904980148,87.54616037538763,37.15889440237012,28.648956540113304,0,2,9.6
T0141,1,24.388952882120726,17.73739978190943,42.72791317913061,33.66766156999244,75.57191263887862,59.17809476258803,0.21354854215787714,0.22430010290531077,33.41718411703221,75.39583034079956,71.3594802799827,41.87613454860779,29.302792900879776,0,2,9.6
T0141,1,66.48336446394518,55.56695718182057,28.953235153589947,24.772069312972615,50.754711109708296,44.14295137833137,0.16389119512133637,0.12558406179532403,31.3452961108271,74.22383772475344,73.00221204451032,32.97689138053179,25.95084748814249,0,2,9.6
T0141,1,63.61063929979282,54.6471984984586,62.70305097112375,54.08318552435465,34.462067343421495,30.437243394042067,0.09767054390496288,0.04799180234835847,24.57190793550501,70.96946939631958,70.6806191698507,38.691265561223744,27.57509448745863,0,2,9.6
T0141,1,69.65355963026883,53.142240825316506,27.300786737980477,21.737545380544383,42.99465682073483,32.4814878270191,0.2984964471826039,0.26786119577299017,26.8888770817625,90.51325206896128,85.65089254459701,33.38204518800126,28.78919685285535,0,2,9.6
T0141,1,58.042414888894825,47.82218127472011,38.02187314088455,31.767083947548198,36.366628767550424,31.01535790461297,0.1600971808237536,0.14649652994518444,26.243412096310127,95.98707922601062,90.28611882575868,24.84449980554348,28.9325724646775,0,2,9.6
T0141,1,39.83198227567692,32.252160460059585,71.47738257599754,60.87819165361645,61.89628743691814,49.02573304514949,0.08233016040222405,0.16648497444013327,31.469279572267308,72.22773897199573,70.84700006375807,36.70902112075828,26.161227509026215,0,2,9.6
T0141,1,60.364294541748755,45.160483968722744,28.953612363946764,22.798282247217184,51.87694906615742,40.80656504727889,0.13102533203991035,0.12218560577662989,29.762246797205513,94.82467835104508,90.83002207705677,40.473695166732774,28.420403758830457,0,2,9.6
T0142,3,34.13390590820925,23.413880031697463,35.60931866179787,21.534664347886864,37.83410192319771,28.33276369052562,0.46429294704927493,0.3725252486464003,29.266416950300847,77.29901365925666,69.70587592589177,36.18438513677842,26.37654854604956,4,3,19.0
T0142,3,36.1164716410961,17.007851688753494,75.23477234570832,38.324445333762924,66.75060747227653,31.19935127422472,0.7465561022920691,1.2090885329934171,30.916749367101236,94.99814239964851,90.47414742399351,23.03970072347855,27.312955003992336,4,3,19.0
T0142,3,40.59418663722814,26.070771453041502,32.61829588815325,21.141945840562485,23.792507171390547,13.210620620002993,0.3812872484239516,0.60873810756059,27.149764606297342,96.91773288848007,90.86083360001436,32.29638103581602,28.20020268537755,4,3,19.0
T0142,3,58.38028611429367,25.766390356485253,65.15646161215818,34.354099517504864,30.42292210669923,13.172067393905236,1.1439365621025104,1.440588615205087,33.50597179713438,68.8787255745488,60.43808375242135,28.044620007858665,25.718034379693865,4,3,19.0
T0142,3,77.56718446320248,43.96460277055127,35.190149580787576,20.21571985884908,26.332685601134006,15.38983478644881,0.5268967146550122,0.7704444044423269,26.40173229629669,62.79703260826277,62.320594531182614,32.06516288755412,29.36890869921087,4,3,19.0
T0142,3,50.2485672116226,29.216698718176854,35.249069817274346,22.837776627131035,22.355487291339767,15.043110677439385,0.5867945305632517,0.3651125580377281,29.819222503830606,95.78688143776392,90.96666869927002,24.329740453446114,27.506236824056412,4,3,19.0
T0142,3,69.66924112142448,39.076115533236894,62.35801453301922,36.83200661003798,23.270279884410606,12.61634477033057,0.6127027359090614,0.5943097750924659,33.96812795897975,67.30060955394435,63.577089020382715,39.66582806738348,29.115819495530804,4,3,19.0
T0142,3,50.674415633227596,26.251470106605385,42.50946349007749,26.548163996777678,37.97375386732459,21.211451006062678,1.070984691565961,0.787931037769937,32.92283365287892,65.76864641348176,64.23026641045502,30.182763757466237,29.42679137699095,4,3,19.0
T0143,1,38.55668761668444,28.17037498366009,20.383652975221203,16.713954025043975,76.64382104515505,61.1403552754024,0.21144054066972715,0.16975360893686892,24.430741626899934,72.7834035592796,63.45190832786946,35.79260370982499,28.90006471680233,1,3,16.5
T0143,1,73.23622813597312,64.98840178943999,21.03779066565008,18.47540477706701,76.37851804050803,68.0329187789514,0.08966742616974945,0.11678377013307112,28.23533055390913,93.59930066595896,86.81704887709648,42.40314574368515,27.324413778451536,1,3,16.5
T0143,1,26.079410521717882,17.693083592242825,20.50970829011505,15.36145297627139,60.542200984511545,41.7219399605248,0.26876489068074205,0.3752874860104231,27.882767387258607,86.0017420745308,79.73263430723927,33.91809328048923,30.260077034150918,1,3,16.5
T0143,1,54.530117079777675,47.95966688299317,39.78730749738171,35.5316318569722,36.3597377110603,31.71547857530298,0.10705033118301689,0.1255013540072422,25.23256117500612,63.00982023810096,60.7393978181875,25.30338039009456,26.86330959971994,1,3,16.5
T0143,1,29.81506580396018,23.638588441363762,74.14413589905676,61.643391532763864,39.29164005149218,31.381457702280784,0.16124457506515252,0.17397512812149016,27.59459664386672,76.73300928348613,69.7238820601919,39.892154436405356,26.927062814943124,1,3,16.5
T0143,1,70.25761590651263,62.7175496360729,25.710935059571824,22.354407373041365,72.92723396015747,61.709367823659065,0.12120547274808159,0.1640648277229845,27.76669112002169,96.46870258905864,86.77080754796542,26.793399418935447,26.908700342065696,1,3,16.5
T0143,1,46.02815996904209,36.48339990634478,61.110213083270665,49.32136222683676,41.94280305379422,34.18214863715645,0.257138278971392,0.17284424730423792,29.29328373624034,65.05006937658744,66.58205865143485,28.696949069397817,25.529057128150146,1,3,16.5
T0143,1,21.40303780997582,16.74401283359609,46.10130744360734,40.35959755551035,55.852497393046505,46.453992143485365,0.2426315888238847,0.2143771393563005,33.44968675423481,87.69823809003874,84.79509458128055,44.57468978767546,28.276487591004745,1,3,16.5
T0144,1,37.54894364209816,29.08676091990677,67.27809516290749,54.50575640769047,68.09132462705821,53.13935454100206,0.12879180108484922,0.20226818376171363,30.230444378147062,81.460298469247,75.41884501054432,27.978314842900932,28.960139568507476,0,2,16.9
T0144,1,37.56719355881869,29.273038144877866,69.14476890882453,56.71519584283592,42.595073271110124,31.772833243433,0.18090607978005382,0.2988299053894641,30.809427395242604,89.75747018872596,79.34347823480775,27.983537864943692,29.849887313462023,0,2,16.9
T0144,1,50.11808718707272,36.15827657282791,20.82167584527072,17.22909143054135,35.14516838308304,28.757942656403817,0.2151834242489169,0.1735320767483383,24.03009395528344,83.23384577358823,75.19210379141175,42.316446573297796,27.818956697672984,0,2,16.9
T0144,1,70.99609447439721,54.14915453963987,46.325784478365215,39.11411256297375,76.63043062763884,61.065001592999586,0.24436574732838753,0.17629858804139845,29.654426201812868,67.91326634784728,66.3242787478007,36.2321454472142,28.306916106903273,0,2,16.9
T0144,1,72.67233050075193,60.345072699259916,55.97290772317522,44.42885409907934,64.43670223056401,52.86387426321947,0.08538386579731526,0.1266009213829734,29.965256144833155,72.69653758525155,64.19988551897785,28.344828652316355,26.287052677570124,0,2,16.9
T0144,1,36.322982438016126,28.586675195966365,62.22499836425446,53.48176643691279,55.00934289694283,45.297114419030756,0.22650696295626843,0.1781067769890225,29.11370776775705,77.15987364850949,73.33200307583125,43.66481137483963,25.666683874481567,0,2,16.9
T0144,1,62.8884331466433,36.702780324871526,44.54026512760784,32.48270629375233,48.422747772367885,30.383922658367435,0.4697095525920008,0.3258745027727797,33.64250669571011,59.88060138017397,60.71640942972561,45.04223154656719,30.37682181920154,0,2,16.9
T0144,1,60.390959922002814,34.86076386189099,61.55615015373227,44.309998962127395,29.686526349367224,17.46057156776838,0.481860763812352,0.3968290629531779,30.839270898345628,80.11395183010139,73.82057711313013,30.206526527929313,26.540886151850973,0,2,16.9
T0145,0,41.97455380847389,37.51182317210023,39.10932617919386,36.756746452124226,35.04913137284409,31.48959418991324,0.05850159337950099,0.06730651331942561,33.611708197245804,78.01649126202584,70.59889069247673,35.081043820925714,26.999438795698502,0,1,11.6
T0145,0,36.89186493161053,31.291775006253513,49.47517440686984,44.86374266159619,52.07413604399164,44.72629489338391,0.12963368033891748,0.13241110302843326,31.8269749216079,69.85479461362745,66.69223174983446,29.759101908825965,27.007395076523338,0,1,11.6
T0145,0,38.09260357773681,35.30113850830123,24.005062840713045,22.09081953384039,26.58681003525222,23.55592025473117,0.047082613290839764,0.07423402858423041,33.58124328561139,79.74169709199877,66.44303424200899,40.14714987125397,29.729274956263172,0,1,11.6
T0145,0,53.447624798840195,50.59787302968286,23.68768304178304,22.78172473842529,35.94672032720252,34.2872818834988,0.039375936518764365,0.019895546630706046,25.47642963305936,82.57849081445126,76.84766005088579,33.56659443177923,28.264459179509565,0,1,11.6
T0145,0,20.65871504444505,18.287127498379444,28.771224974044145,25.425026406038857,58.423242755826635,52.6888642220257,0.07847459285478064,0.08123310957764636,29.83301725754689,80.97470866254993,68.59424339657733,25.98657540322924,27.38894982247823,0,1,11.6
T0145,0,40.89467871286595,36.14171286563257,59.05318815363143,50.937923942377346,52.83958203831539,46.63618745226368,0.12095427168343219,0.11071619624187988,24.31823161763975,76.11434694810653,66.68988527616622,36.00668487598542,26.28673097699051,0,1,11.6
T0145,0,41.8639053078724,36.747978996002374,50.91083279897333,45.77320744858662,21.786949046541416,19.850359839326547,0.11583705242918327,0.07659183362976335,31.100291134008224,69.48353539294764,60.745509222642205,22.165550005025842,26.80290745601493,0,1,11.6
T0145,0,34.50227824385107,31.20400576306867,22.66652097492867,20.381279119763864,52.76084242455501,45.27691576120792,0.0774528879099807,0.14175857570969144,31.923276323818026,88.0292801164776,78.91564217433438,22.438541300610687,27.606865026543936,0,1,11.6
T0146,0,47.96126883313312,43.76024972764531,63.0155716057497,61.46586465831067,79.47719452915184,74.81477723188023,0.08363565175826108,0.06171378869272709,32.895727667856264,69.29154084365943,63.49502890078743,33.95430301512095,27.48013275231385,0,2,13.9
T0146,0,70.28895270012738,68.66267224307576,69.0316059296507,68.02631902958649,57.22361714688985,53.37092139734177,0.015187005603695031,0.05653207698275574,30.256967612153247,92.1697166657067,91.47524769333295,33.904735609231935,26.081474220678547,0,2,13.9
T0146,0,78.54446772217611,70.3507384037016,74.01869570792522,68.67047203636632,37.64467927597144,35.41292398751701,0.08314784384769788,0.03813709783918317,28.35691925903766,94.13458373831045,85.75839951355786,27.145819895514485,25.82375875350044,0,2,13.9
T0146,0,79.57220410004325,74.66040556850248,36.570471677730296,35.84565263294186,46.30296180494892,43.18174430295757,0.0412054028332471,0.03160847378595423,26.22107409296691,91.64201883960074,88.43780381299054,33.70277127093182,27.980594297542982,0,2,13.9
T0146,0,43.980910042919476,39.93915808584319,49.16318751449685,46.28647164165778,61.5553397569895,53.759295760317286,0.05906788078893966,0.09108290534975003,32.09056543888933,82.88428837576257,76.1634278696886,29.624879382868343,29.234566458567713,0,2,13.9
T0146,0,77.8861214617359,68.18987759590755,52.75085298478573,46.56301760172208,38.733450348006784,33.64275173759288,0.15817813959936752,0.1270365283225615,29.854894812852752,91.05375182068985,86.80392697297061,35.26078088396825,28.34386102853579,0,2,13.9
T0146,0,56.2812881188016,55.75726392013809,53.65725252526209,54.253960080065326,71.20072849607556,70.01999476272563,0.005915115000595928,0.008688396422330099,26.679032880888514,64.90342526115926,66.31342201461682,39.127787452887,29.921155084234186,0,2,13.9
T0146,0,59.400920183814335,55.79779679939158,69.79812984085737,66.67594399717782,53.37250655937477,50.31257645030579,0.03549005419291944,0.029370245192734037,25.44530377180888,93.07470637986137,87.59215465462819,36.142333118430194,26.224048858209684,0,2,13.9
T0147,1,79.47080894917178,56.88234968663054,68.5023148722214,54.45200518517184,33.78204720515988,24.15123241429158,0.18303499020316152,0.22358192928379292,25.876175862058595,72.7488325397946,65.59483308663393,34.16318412565788,26.812153033354782,0,3,17.6
T0147,1,50.55266791735389,40.81465644848322,32.59070859388392,27.250537518571104,21.850205438744453,17.822542178543348,0.17541295173673013,0.16649582822981526,26.454115696279185,76.6457319595334,76.3076900512044,37.01107105129064,29.77740923602832,0,3,17.6
T0147,1,27.17063389179168,17.993508857086155,78.93679789795213,58.44347726014304,34.55993439912605,23.71087543366176,0.32329922714248444,0.4095664637865178,27.600323014992664,75.7311917237999,71.45657334025097,44.737633574758476,25.62090314778842,0,3,17.6
T0147,1,32.81491710758159,21.471788502638628,65.71606366630543,49.401051982959316,24.253716182488496,16.054296293907093,0.4028446473737053,0.3231499928953377,33.18332368199266,70.21809426218758,60.54273517657279,34.53708154487776,28.941992086147547,0,3,17.6
T0147,1,72.56510031787207,62.38641622121742,60.85608206330352,54.60536185525692,51.20291909112375,44.83826358297505,0.13287800871890346,0.11134326451087964,28.833249132679555,73.64637982078415,76.64637982078415,37.026664733554156,30.0929541997177,0,3,17.6
T0147,1,40.53003050867768,30.037508675022735,20.965766695620925,16.658947772862284,69.2520173792652,50.58062076672708,0.2361165393808021,0.2847836778379847,27.994004546674358,91.3584723034936,84.08716280546419,44.42903986878855,25.886023604256877,0,3,17.6
T0147,1,32.302636605397964,23.05170712496324,73.29127210958656,55.74429983623499,21.199154501849954,14.664888602926377,0.3390488889566793,0.4700735385356272,24.895068626088925,86.72862874184825,81.89640136771034,33.90776499362692,25.707123541685274,0,3,17.6
T0147,1,34.25882712929278,29.26869960031019,59.77705166519763,50.7115420813523,40.528038876345164,33.65561542967907,0.097431470475109,0.11339202222402249,28.257472364415865,65.59396448600032,62.47057774775918,29.752304145010875,30.338870311732073,0,3,17.6
T0148,0,53.59929198117304,51.62758529330291,26.48903953929702,24.95892858683316,32.918817551084196,30.714961247780902,0.022837982622719105,0.04123461429103652,31.790791283429755,76.60628988791854,68.71756362826402,29.813059031507475,26.36989597178506,0,2,14.1
T0148,0,34.088627035200325,30.365787406992595,40.60125105802129,39.16198297020286,73.93948258607821,69.51704676921925,0.05847968079394039,0.028561138427197905,33.96164887757925,88.91765966871401,80.8353956893391,33.30355092365112,28.852682984733775,0,2,14.1
T0148,0,72.56155016290498,67.68955606308786,37.31479613627573,34.47096380701078,39.72799902534928,36.94905974931872,0.045910763374703865,0.04354674215100951,32.70873928371813,64.75739181728272,60.28503212234612,28.085715140051683,25.700027858838645,0,2,14.1
T0148,0,21.48106208206873,20.000807324857753,44.80622507224482,43.093608247042205,50.37264210040372,47.74903158913442,0.03699241497350155,0.02962403305942732,29.56282889641696,65.58521134955397,60.15445767220299,30.051860904676005,27.215994457032384,0,2,14.1
T0148,0,33.96001677541978,31.59456019743964,52.18531167010563,47.76143749701819,64.1293712919618,61.25013260847379,0.04745121441786899,0.021314607529508634,29.87376011941401,97.36284950197893,89.5415933067137,31.75657271969169,27.70984774191695,0,2,14.1
T0148,0,45.82561300417079,41.91037480887982,53.31790260130225,52.5082037032636,77.99382275200236,71.94098209586873,0.06326052613144602,0.060779070757066615,29.48058172359535,67.94624041096544,69.93782818750823,25.882361172199452,26.242814628972198,0,2,14.1
T0148,0,58.78868534862864,53.011499024337525,73.41002197067048,65.21247178776686,28.319634310513983,24.82746485691918,0.07449371332438863,0.11518821541428857,29.039985632036803,92.36971274695644,82.82229069999646,26.8433654082576,25.94200358856557,0,2,14.1
T0148,0,34.58696986606114,28.680996301177323,74.01042616632753,65.55476623531287,73.62731377248822,61.655182510881055,0.15011258378568493,0.16628553150619968,27.09101546395363,85.56059138152851,78.53129426389539,27.038772989639252,29.175177795430525,0,2,14.1
T0149,0,77.27007465807883,72.08555378380564,74.45193529827935,70.62911329578914,31.40472296720382,27.724755830642245,0.05608050571180692,0.0733251217284349,31.12950284120299,72.92204515615722,68.0619369681869,34.74622374828893,29.465586093661614,1,2,12.3
T0149,0,44.600273762714934,37.50390728185934,56.29660848646643,50.70482546371064,53.60033139299969,46.570544073704454,0.1582778008809115,0.11678440290711596,29.77453559409264,91.78009095553281,87.21452576442876,39.202980125860364,26.207656119584087,1,2,12.3
T0149,0,26.142623648273567,24.235196415808772,34.63979551130948,34.44694680334133,42.73246384543488,40.0955440125644,0.04466007821933039,0.035072619622593955,29.641507156878806,85.93287225777044,88.93287225777044,31.96616784355213,29.739840511875308,1,2,12.3
T0149,0,26.94769656762077,22.8864370126429,37.01310987890503,34.17899608140131,26.38138243443128,22.08629558306015,0.11706387974621572,0.11651763857832896,25.29551077233745,88.31827112785493,83.22190950890608,30.19139908813694,30.43691211323842,1,2,12.3
T0149,0,70.25634533666837,53.892585387706184,72.61598932427597,62.08848328335496,58.21339531922447,47.87649356169908,0.21740514938274463,0.19724243105805944,29.336840050996223,73.48888862544075,68.15695668422565,32.52649225039755,29.34394622868131,1,2,12.3
T0149,0,45.287071086936656,39.293066099143935,75.21422454091498,66.63539878047838,68.65437902899163,59.55920334577708,0.09922013944119144,0.12355321437671313,31.91981979194186,86.12030968629034,76.3490353494354,36.808798552487204,26.234226630244013,1,2,12.3
T0149,0,69.248147293545,60.740670111280295,75.04321553231725,68.79767097098356,68.430866272003,59.7047613666885,0.06848563683543676,0.10795659989155941,25.386789785889007,68.03426569425078,62.19288442087394,30.686729305541085,30.14517985742939,1,2,12.3
T0149,0,52.46027918798625,49.14635388911877,22.848742033653593,21.037413981867157,74.79322296294049,70.35565715882747,0.03675256777284921,0.029085603278719244,26.926326006031726,72.96238184103859,65.57862607147803,35.225274304774246,28.999833248572745,1,2,12.3
T0150,2,25.037334522543595,17.43391138314441,56.838810442982975,42.39924282110485,25.761457839980512,17.839367327384274,0.24615906310739502,0.4052846175817121,29.631871222548455,90.94484952012968,83.82474652659076,23.963816839911683,27.413675112666937,2,3,22.5
T0150,2,70.1556984315203,36.089060117503074,48.89043873816415,32.7852514689699,62.549652272011556,42.09520855816832,0.557696130056966,0.28202451030540854,31.45444813281196,67.98016160709764,67.61899686610234,28.680830220907765,29.929828019938608,2,3,22.5
T0150,2,51.50164939560861,33.33189914170131,43.83801348509525,30.787705978494074,73.13784777753936,46.01572149426932,0.47779313781631344,0.3909024324737551,32.246237381178915,78.69242012764155,70.2691820523906,39.78470787223873,27.460331759279207,2,3,22.5
T0150,2,28.579990561145415,23.13712076706102,37.29950610222981,29.745421822293594,66.37020603377383,53.38151222163274,0.2136671942467237,0.20184633741194513,33.33567543723282,87.22083885986126,79.62427131300416,31.597432530531876,25.723284930187614,2,3,22.5
T0150,2,22.796999536678463,13.366998794243935,55.71136061802499,38.149896846560594,59.66099807599798,37.92669515085586,0.35895275672934157,0.4595704473012059,33.33829680863283,61.734108626765945,64.73410862676594,36.129819715020254,29.31058950370397,2,3,22.5
T0150,2,50.85611781565137,29.701767504386574,79.7460209212369,58.51118317953592,37.00875638768626,24.573192642885495,0.5905966644954246,0.3839737538492163,24.09547177034054,91.11408704156197,90.41776233664011,33.39605908410514,27.102740289559403,2,3,22.5
T0150,2,27.134173720310272,15.882172830224793,36.09618491352181,23.90883830313333,67.23217461082791,39.306246887622535,0.6102422909277104,0.5075301500383801,24.78231059091882,81.89299140911075,78.10555549362797,34.380482093980454,27.62859571522992,2,3,22.5
T0150,2,56.47215839011553,33.32680309039057,26.508535460696827,20.282449312190394,27.74872678995483,18.571466911136483,0.6033103709269346,0.26063813947637055,25.698466119953984,90.62277378881055,84.20306299656525,28.00923985918589,27.746690335636146,2,3,22.5
T0151,3,63.43629703248085,32.59021967135946,53.003846555954794,28.579476626278524,78.72246918446425,38.83297721079086,1.0750194484996298,0.8840059409135392,27.996626527296606,67.43536500234026,62.52557628211419,38.99049004479444,29.468490502119646,4,1,11.2
T0151,3,44.558255698873666,29.020614463771434,47.7370624472911,29.76832557567474,50.18161109268852,33.278831215712614,0.4717624917615023,0.6638549119970734,28.6900694432671,92.81473997173856,87.34441513940891,32.33668334259353,29.238950906542218,4,1,11.2
T0151,3,52.325828468841486,37.7443182039289,66.41490398114371,48.683166764536494,34.289213332548904,21.645002391080965,0.3954719384972969,0.5463690700699521,30.979005517893075,96.00255544362138,90.43426093251534,34.60281076357929,29.081494144848065,4,1,11.2
T0151,3,73.62513954527422,54.346580185293874,22.424093405314416,14.89836758024107,36.202286790623106,22.870273372720693,0.2587665469235185,0.6324885773657077,26.381630067024993,68.56897430474943,62.88407626705545,44.238029027857834,28.109110157920043,4,1,11.2
T0151,3,48.79525725280786,32.18046189217642,43.118749150282056,26.590820539192404,34.374700229638044,22.557470081443135,0.41510721330564876,0.47239607893691093,32.30028192975779,96.45345088953273,89.88735678576228,29.80326600644322,29.804485884043075,4,1,11.2
T0151,3,69.05398509411481,46.36361022029495,52.62010712006182,37.28203416112188,32.66380702619988,20.806455367068118,0.5134739111524674,0.5926368564120098,27.773926590120496,94.4947837355876,87.06497443038714,30.740890797741717,25.688912141597456,4,1,11.2
T0151,3,21.3805404257078,16.064090005906063,70.94855067594605,52.09284061275056,41.65436339347726,28.335910079725327,0.2679116669003342,0.4179519824861965,29.017616266156654,59.35441422375797,61.26864048832227,36.401587930361856,27.38745539535208,4,1,11.2
T0151,3,34.58555111056203,26.750307722027028,49.65591067418104,36.612702371870974,40.077347244998755,29.67227307221642,0.22573578509863773,0.30525977970209534,29.289777852781388,62.63998854939928,61.89696596977493,17.572432054756213,29.294043353343163,4,1,11.2
T0152,0,75.01647804013336,61.050664778695406,55.36425145390785,50.610642745037644,32.645484524103196,28.147442473459485,0.16067869927834086,0.08325298798416667,33.74572412767661,97.12807354058475,86.39305009234857,31.762083814109452,26.12070118298731,0,1,12.4
T0152,0,75.55570724842808,64.713425696689,45.58317348014562,41.34212970169159,31.439774717490426,26.602116244667833,0.1158721019129481,0.12396727160281261,26.302085880453706,96.03758554977814,90.10070833703654,34.624256858902086,26.27574419950472,0,1,12.4
T0152,0,54.29864727224909,50.10933529371726,66.30092959582826,60.43867816361617,47.96524520453704,45.38740664734342,0.0482346258582851,0.035748838237143275,27.0589361253139,72.76732299512535,64.57122838954994,27.759946916684505,25.846218341886274,0,1,12.4
T0152,0,69.74040917161166,65.77483350203703,62.269893487868345,58.44041421588247,43.16537705061828,40.42993232777734,0.044637597390837065,0.046903207532486654,25.855087229926916,83.77047486740567,86.77047486740567,29.096938048635444,27.125680768433373,0,1,12.4
T0152,0,76.81684736806793,69.25482029445844,66.56374248134172,60.84772960218638,69.93950005128272,63.92764183733603,0.061199709950607126,0.04442835319730691,26.351839485529755,80.08839514032405,68.6940170885193,32.41494935009865,26.35587836206448,0,1,12.4
T0152,0,37.02895717017182,34.39319614577428,24.917262387095697,23.47732283779078,23.76932352486353,22.237427858425768,0.03850123660867498,0.024734821600226286,32.028012901158306,73.39471702353768,67.24734394758192,29.639719558463142,26.25972975703464,0,1,12.4
T0152,0,25.396837890387154,21.224280972543596,20.416015258847825,18.14976295922902,23.07380916230407,20.72056870707757,0.12243835456957566,0.05040233313625794,26.65265664337482,81.6255488355058,77.32070555989702,38.58683819808756,25.921526352831872,0,1,12.4
T0152,0,64.08030605453675,49.45492163679501,49.671327286612026,41.27716247614694,69.96106635636251,53.014043821016806,0.19606676259371716,0.19586544337258277,31.59444080384457,70.68235222557546,60.28218466930039,33.88175004418499,26.797516335931807,0,1,12.4
T0153,1,60.47567532673143,54.35734844580436,50.57532716254166,46.37353418877205,63.12392796445965,57.77117162021298,0.09417249117290417,0.08847078456060192,25.055144280542198,70.16401363786021,68.75999999989715,38.74488390544211,25.65527369197119,0,2,6.2
T0153,1,51.62033289872127,42.14503504107025,57.610493248200605,50.22149369682162,50.62500290359738,39.98900357548621,0.12734632761289447,0.1422953909377762,32.242151521428454,67.83877493669519,68.67418621889671,43.930935658224726,28.033964235363904,0,2,6.2
T0153,1,77.25447515156681,65.66524647694693,79.42702771895966,67.30833946004125,69.98998588996682,57.59431378246423,0.1066575166542612,0.14562431306846735,31.935894365617973,71.25834864349412,64.37066190293608,30.375802795349912,28.237046890364525,0,2,6.2
T0153,1,67.32582770369235,52.903148306457126,75.77511198407123,65.61659282467289,48.58932302238921,41.07077536488698,0.21458490176321035,0.09174258156272487,25.556667254399493,88.79501374160826,87.34125347281166,35.76072292037724,27.0970005893954,0,2,6.2
T0153,1,32.51791574664226,24.53602757806714,20.13797431009008,16.03782418828248,27.829209071713933,20.70206561777262,0.26073103234091005,0.2715501702637408,29.57220459421469,93.92674070229052,86.98274923451176,32.057413631232144,28.761221842076974,0,2,6.2
T0153,1,68.72389796216409,64.62308621688695,22.61360131307404,21.81322855077767,28.81502655687536,26.750683142272287,0.04809208012609534,0.07850881566650929,25.182469133052944,90.54194704791585,91.41035082142928,50.134243617516105,30.47045658420266,0,2,6.2
T0153,1,42.07148526110488,31.778971003282905,26.985411741687255,22.265828937895247,72.35584262784872,53.6347743438262,0.2586768359570422,0.16244415895104072,25.67636973368937,89.4868048613621,83.13318050566062,33.419643132561724,27.109252449918355,0,2,6.2
T0153,1,65.46520305090286,52.43786064089612,56.94409067842697,49.34429088195854,45.301110519214205,37.31945656355448,0.15999515701178033,0.18411661264749243,29.97846470883267,91.47482854717691,85.04013855933431,32.262066605345886,29.637309874245062,0,2,6.2
T0154,0,32.49006695047962,28.423270953107323,28.97049294636882,27.137182067915884,68.55859387120626,61.42780119977594,0.06496168176390425,0.07863697498174675,32.45270991196409,98.61055787807958,91.7715288585587,30.60111670022362,30.02360972865007,0,2,9.3
T0154,0,43.54777683911939,38.023616157271555,41.81337455757304,35.40221926465533,68.20988600990817,59.52468700329685,0.06649569192095275,0.06279585140819458,25.37289223176129,73.1175669955239,63.12806212175181,34.23680153997601,28.538566419172376,0,2,9.3
T0154,0,68.84860835014149,65.12397752880622,74.35268627753152,71.8350092840589,65.83333012212732,62.792541806630474,0.032150343227110606,0.03150108220957676,26.016146586735058,73.9086431663901,74.62177821620286,26.454151004308393,25.932980737685117,0,2,9.3
T0154,0,39.784539860151185,37.09342487930631,45.37564538024935,39.903990956880754,49.656185704352495,44.61222283262527,0.036334339078449365,0.06758171346208994,28.660398364707817,95.58005256209422,84.59660233378717,21.356303843491958,25.67050109948714,0,2,9.3
T0154,0,68.40682514011897,61.163760819965454,31.70091460733442,29.283184876339536,28.39123940588245,25.40555444802743,0.05506824963871511,0.06920091159503085,32.36361842433588,92.96545834879387,85.85145204110029,35.0002973860308,29.756629732612055,0,2,9.3
T0154,0,56.22040034911885,51.600237254491404,56.74586111806516,51.73795455400799,34.05446820332363,31.93326138836004,0.07516630294457723,0.04248562464259306,30.2458628382942,89.04891219421361,83.27895879074798,35.16730966035563,28.14004400249467,0,2,9.3
T0154,0,66.93448645944272,58.78689589623625,63.94030235214209,56.38704170632463,25.74754094109998,22.82704858809271,0.06672070935902445,0.06184198176171989,27.03654038029199,81.42078075211809,66.98345158317508,28.265967236999956,30.285131008525454,0,2,9.3
T0154,0,38.80425806033438,33.69385631446318,29.26210736029007,27.56577923231461,21.894768194885227,19.838007293717173,0.08187451489507883,0.04402547702864518,30.259043713487447,72.99454262788292,66.35818700035415,32.88198150373219,28.95783353802048,0,2,9.3
T0155,2,75.31270969685494,40.95279470028981,64.6946955939002,40.006268556324855,51.65711330844208,29.534396666612057,0.491276689581447,0.4291426047397346,31.77657567494499,99.0,91.15461792365058,36.58178951074478,26.54782838075905,2,1,12.7
T0155,2,22.987986321198758,12.582748714819513,26.684039680350324,14.69113647801058,49.694274940866656,27.875221945655618,0.5231152326054643,0.5698791106249687,28.31625720375865,84.70980578537524,78.6309948014535,33.602170427259814,28.352605329080905,2,1,12.7
T0155,2,28.821647107892673,19.313206073803133,32.91546488027562,23.980612167287156,76.19175895459927,52.06357560187046,0.5351815681000471,0.545663754758334,24.38994643574465,70.26564615666562,64.36290308893112,27.215144116203625,29.437353878064332,2,1,12.7
T0155,2,66.41890495263641,40.22496118966052,25.30577086059689,16.287449362360537,74.75915467596525,43.79928181792146,0.45756087067529705,0.30934133802175995,30.883475246782837,74.29713712861589,61.962932522099244,31.858157044137666,27.2570793294785,2,1,12.7
T0155,2,47.58826612145134,31.39865573735938,79.5277415273344,57.431379047262695,38.99183455545338,26.211646880192642,0.483115308026647,0.6049012093647087,26.246374449854272,59.747781305002974,60.97257874905486,23.23630791997188,28.67405665858881,2,1,12.7
T0155,2,33.08066972268702,16.136264126250147,25.010214980411952,15.439073021938437,49.1256331530189,25.67282372260716,0.6279320938174374,0.5340135400916556,31.16432103014604,82.2922133413866,74.45539264880114,27.811674999031,30.364627318656794,2,1,12.7
T0155,2,28.08192448133918,15.625947003707125,48.96965677249629,37.641942287926156,45.98556156003045,29.996832827259905,0.3488137391259995,0.2966263026891157,26.12154860175734,96.35000216881906,91.0633870157177,37.54479893490186,27.455714300824713,2,1,12.7
T0155,2,74.8244033988673,25.56681821773922,72.57337825727929,38.732778391320444,65.74323891981433,24.358855560178267,1.0436213164513017,1.3061489096359387,27.92455874436237,83.13867170929359,77.84377235186726,25.63854842022969,29.150668198051402,2,1,12.7
T0156,0,77.53393795951574,65.97322495636635,27.085295928223907,24.149185141891184,38.703500262126724,35.14949775461556,0.1398931335009756,0.08561396983926817,29.05115360565493,75.57452383361779,71.30201328978723,37.45358218498276,28.56651866950859,0,2,16.3
T0156,0,20.432994512802082,19.06330735024112,60.76222763038301,60.23135401813923,68.96933220472576,65.42340352088824,0.06605017232470611,0.04022663103104513,26.053563413434315,75.78336143075046,78.78336143075046,33.909889438428344,28.31951137100699,0,2,16.3
T0156,0,35.5155813339686,33.921204762060626,76.58684703774442,72.21229823362006,29.666167822740032,28.381370981648484,0.0166342482110561,0.022159062058939864,26.687556833987404,89.96001247273338,83.38607142784129,37.211987080285674,26.227688373105646,0,2,16.3
T0156,0,79.30546650803714,77.41502637149654,36.537635745294686,36.66558987358373,20.008323680155677,19.55198604446647,0.009308251548779687,0.013802536387632246,29.220250585900587,78.22262858433233,72.69469732142255,34.55808061982894,25.987593552100126,0,2,16.3
T0156,0,47.850949687639115,46.06984707450322,61.07448361507813,58.576223484334655,39.98811012570651,38.988002339940195,0.01904812574528239,0.01757311122083413,29.700482943017477,83.90157822957427,85.5797930855337,41.23887051447246,27.067352018933384,0,2,16.3
T0156,0,34.45419116877688,32.216001526552674,23.825473457143215,22.08478083458762,22.985795097594227,21.58352246302097,0.042084010673444965,0.03244132572589204,33.89770984786301,76.08768468140663,68.44533857428453,29.118195086619355,26.818784072241016,0,2,16.3
T0156,0,56.201033195608886,52.2276438714595,20.77922268350317,18.962969498184922,34.02979908074533,32.268067983146324,0.04838510013432191,0.0340589475234493,29.373629251869993,77.83379931175604,70.24205102175617,42.14725566903299,25.780193384102603,0,2,16.3
T0156,0,35.86202839217441,33.97040815299002,34.17338195349077,32.41098677289072,67.3171518727598,63.49164743918538,0.032769699338907436,0.0317354849023674,29.616628200266703,86.85531736162858,83.28277004680348,32.12858064167368,26.2548232052783,0,2,16.3
T0157,2,46.889942126960065,20.843077131401206,49.9830901514443,28.82798922644661,28.842294541919927,14.252190418764291,1.0371445378891246,1.1254946234396204,32.77795579569084,88.96330790983883,82.21809158226549,27.221313885513236,28.807782313568925,2,2,13.9
T0157,2,47.96368955784033,29.198160426568258,71.95754890432218,53.33261655326906,58.983659661115766,38.37516318897606,0.2568275292518981,0.33453656595952513,30.944587111102237,87.51958016846403,86.90512607808647,41.326280812907704,30.486200806750876,2,2,13.9
T0157,2,29.502779496906562,14.818937148669182,71.7703624630432,48.05278599213154,43.441215734064286,22.900465127217597,0.6616534040578539,0.48305680012445307,33.793238133121235,81.6301207059743,82.1604149385826,29.197064446855858,29.119101320094295,2,2,13.9
T0157,2,43.70586915803406,27.674575526105148,65.92939600720027,43.651702128042,67.78542190666357,46.65409978503994,0.3380788286739992,0.3185280726817076,29.168598948837765,81.89712478526667,75.55561616570144,30.490526334592484,26.79772969120574,2,2,13.9
T0157,2,70.67439496128736,50.10277001280646,51.087510911645225,38.64031913060624,26.458864434082344,18.18287147065721,0.26380007660303767,0.31861320243369795,31.7401620531732,61.15282327094374,60.34769573050188,42.529276347555694,25.78418672286936,2,2,13.9
T0157,2,70.90400710660211,34.72121147420273,45.82443794312959,26.804218148125834,78.79718159413238,46.49796555702151,0.9264142572506274,0.7201650122029291,26.55358225685294,79.59609545212696,75.75948547240989,27.089090025658223,27.245709391075493,2,2,13.9
T0157,2,21.67182700453611,13.483193178987959,21.89816561441111,12.36418899082831,38.59475194652501,23.97106968731032,0.5341340665869735,0.6640924773573709,32.746166865107185,76.4870138661434,68.5681520189114,37.99095208366971,30.389720606658372,2,2,13.9
T0157,2,24.508071297006335,19.190021196464983,35.59824391285345,27.99163156797306,51.30424805844363,37.60236585803053,0.17988665793908792,0.23669068737175525,27.95439833846949,89.0258328618737,83.49765851263263,36.3453785912092,29.74527876329107,2,2,13.9
T0158,2,34.3944875080524,25.25825975486115,56.90464223154657,43.21604412401277,45.34353891907118,33.049343218827474,0.33439871469911114,0.32466680758134486,29.44036420588553,83.78038063053012,75.40317152304024,38.249540427060374,29.696136902770366,1,3,24.8
T0158,2,61.09764819351382,47.36359950456369,68.01162540829094,50.14602437360333,32.98756489467911,24.513454526592227,0.1865001055198224,0.2828728004761562,33.38612968342059,68.05138943715147,61.3569065173215,25.175955121471645,28.256237407846903,1,3,24.8
T0158,2,70.89324988669539,44.54556773573886,66.67425401794135,41.464100749240096,49.095851342968,30.24308053137984,0.6116953901302243,0.5943779715255638,32.17276183919336,78.73186999326842,68.72844627886994,29.044986881878774,30.047007702364883,1,3,24.8
T0158,2,52.48207780297335,39.09573792506884,20.575283624564904,14.954697039556434,22.752146294832983,15.134277889168363,0.21835552313000936,0.3462785503988755,27.563960647449868,93.65792859181788,91.48570391150446,50.914857299350416,29.472186793471124,1,3,24.8
T0158,2,74.03184994643277,44.64660557380365,61.42361757842443,42.51203570021939,78.587172148236,45.46911161794332,0.5273211102799212,0.5995527845597662,25.904082976828725,78.64796126722791,73.01233299842602,42.11859321860068,26.942473848961807,1,3,24.8
T0158,2,68.36013773742098,47.38466323070836,78.16252607374254,53.46500739506702,75.9335416977967,47.695758648176415,0.3153489412325663,0.31216624695706496,30.666693671189165,87.2894899072921,81.62597366956342,43.970869701662444,26.94238307178662,1,3,24.8
T0158,2,53.19023971455628,36.9652716095929,73.33397258455858,51.58994623381879,44.74653520478246,32.60722329763798,0.2775325655543436,0.2597520484716076,32.062435958425766,82.08038730104428,76.13652892951097,47.147206648969,30.273043509150945,1,3,24.8
T0158,2,34.24284514106546,18.69166209560264,40.43164542154721,28.016467962192614,50.75553986690471,27.141772981066765,1.2165138958124155,1.0127384666206667,26.627806657145236,96.39072221739168,89.33420618102224,27.13680245585843,29.602822635497425,1,3,24.8
T0159,2,77.11595584745444,47.373214126454286,66.39139296894689,41.5077689168215,51.7518185197715,33.50979474083278,0.7478336776204408,0.499957273233436,27.24650161683074,89.38502025994487,89.30056950988701,35.38022628942399,28.749890530701293,3,2,13.1
T0159,2,26.27009025355691,16.657678753930526,59.693488179614356,40.58275370925238,26.16874012837155,18.14810905114456,0.6427909683867274,0.46669130027379385,24.86607836913774,81.4983994684806,77.75804037824403,33.68064749276167,27.695403651602213,3,2,13.1
T0159,2,54.34131042408005,37.878489331112924,29.648536356891977,21.1858942297465,34.48989792357897,23.77316401838888,0.3062844753630565,0.350636544161957,33.137143059334505,74.55896092756272,68.83629481585052,38.917062734313056,29.89241639541848,3,2,13.1
T0159,2,72.73405426885404,50.19005933188514,47.528435898369835,31.778516628382118,35.5267093238265,23.05895027793041,0.34583798973201824,0.39984276672986374,27.175968536303834,77.29142971606774,69.66620437511789,45.44881257324216,26.88291569226225,3,2,13.1
T0159,2,75.51076849087013,53.87717701422359,50.131392800473876,37.30730163778168,74.46488446475905,51.40245223383703,0.28279233686558447,0.3196205445554942,26.056828806037,77.87635092192866,77.0411347395966,33.505847480557264,27.1786215781239,3,2,13.1
T0159,2,58.246707614146835,39.38508071967407,31.70256189691586,22.140215434401593,76.12027593594478,50.21639330370194,0.24385496568901374,0.3059767718571977,30.344454573533458,79.24523279028391,74.07119791928335,24.719710220636674,28.077923507696138,3,2,13.1
T0159,2,46.36856622739303,27.882402657114785,24.585216878782006,15.48975598572704,53.746325800130414,32.875298722099075,0.4359673127480251,0.444390053545388,31.635711514555577,68.46683334442004,70.23065616707576,32.404757519670895,26.186321989207297,3,2,13.1
T0159,2,69.94393716407046,57.779387152297105,75.50945145053686,59.413036718597475,48.09713619070666,38.00854372598317,0.11941461454180766,0.16700096428026506,24.24452218406073,86.43786944980376,79.0064992948883,30.227417725182917,25.76429191783097,3,2,13.1
T0160,0,40.71286698550797,39.85609136997423,68.70290595949643,68.78378614196998,34.74144987000844,33.651608933715536,0.017049907527810274,0.01589297874381536,24.80774148306063,79.98985662108117,76.21805423887132,40.301324783907425,29.806563601454137,0,2,21.6
T0160,0,37.73254311677168,33.47404968580267,27.759072371567058,26.571465887605072,31.960901972533332,29.814330261118076,0.09066197632127858,0.05194949221290309,24.30683924801174,80.855449373441,77.9530722113291,25.339632427084403,28.11279535895079,0,2,21.6
T0160,0,33.90676304673221,28.442856032496564,72.60844737488763,63.493083855065166,43.072051818340235,38.57458595849721,0.09922909149496367,0.07257479615186914,32.54942075503685,95.28890973963206,88.07925261965502,34.49915422850442,28.539964428633922,0,2,21.6
T0160,0,44.44608086623364,38.70460333925947,63.574142659576054,55.937325473731,31.71167344520563,27.05275555984393,0.058982697309817075,0.0664811878642659,26.60689886244287,88.79812803746228,81.52944174659062,34.775750967981764,27.050675071909094,0,2,21.6
T0160,0,27.53639100063029,26.40438503453446,47.65592895938221,43.470933791315446,21.11576189554762,19.145412121892164,0.01874441963322103,0.05103953198380444,28.372737554342955,73.4515947457808,65.51988515906163,29.620104340254045,26.05579037079627,0,2,21.6
T0160,0,49.281858167647954,44.665390236787324,26.836214592667694,24.834962263316733,73.5901795606345,66.04100604030518,0.08839795424185787,0.09366654000539096,31.126110168640718,93.16590924324377,91.98391069940962,27.716542512821956,30.161216789298145,0,2,21.6
T0160,0,50.91448560032857,46.292407599672316,29.935115009186386,26.92946884683211,61.84737518238856,57.31637519590406,0.081244214609653,0.04049608220585807,29.125330544023914,99.0,87.29626363609599,39.147475683177746,26.826822822380596,0,2,21.6
T0160,0,49.63162103444695,46.31791540991489,70.5279359621832,66.05488267273245,30.982173849977798,29.051981424100973,0.03228560100813669,0.03565472008794922,30.199422665049124,67.52090161905288,63.756983722802005,32.920283581436316,26.065928295178697,0,2,21.6
T0161,3,31.584271309030413,17.278798704045006,61.856873873798165,33.82204000143322,29.682268551554646,15.013489467705186,0.5671245938544774,0.8451827815667949,30.881705096254272,67.6278387587581,64.17298411007019,41.42636188920251,26.472678419202357,4,2,19.6
T0161,3,60.201049811435674,24.950020558364916,60.955643420233244,32.2990667901352,49.18800691936506,23.56627287208317,1.0029324604697845,0.7830952629183787,32.43546902763732,71.87683811112255,66.4726812390093,35.81937880336893,27.069816153088343,4,2,19.6
T0161,3,59.03335114920974,26.81106483859647,48.51055482599912,27.407763581411626,44.48133717507923,22.89645031868378,0.8121476255687808,0.5939229839580495,25.91911179102278,74.52133115999351,64.23765725601356,44.18568199282836,30.389165053278592,4,2,19.6
T0161,3,71.1847747931553,26.41629987439287,21.72675895349901,9.233382672229986,69.09274306323618,24.635973738477013,1.5645942942629147,2.000936208275512,29.024105829147395,93.4730262379531,86.76648384840797,41.53700950746013,25.942302119793165,4,2,19.6
T0161,3,21.57905217097348,10.845810445099188,49.709475781184764,29.150999951468794,22.383700615736597,10.743986740771216,0.6997725796730138,0.9960613380923928,28.52391453981913,79.7501789775817,69.59599659500013,34.34642646913401,28.523540701513383,4,2,19.6
T0161,3,26.33858756450318,14.058078291152889,31.12580431761942,17.533640281030937,79.02277881626644,41.5584670199226,0.7431883452493105,0.48703344252002934,29.597788525149237,87.13768913388859,78.35272647363115,29.663989086670483,27.64642227550349,4,2,19.6
T0161,3,50.35114004006647,30.413729438811448,52.34670348543,30.532904520636244,51.23726121309946,29.85737286913093,0.39956125640376794,0.5400723368964649,31.893303032493076,74.73554673494058,74.35169121662307,38.94587372996201,30.09287220358493,4,2,19.6
T0161,3,65.45038239473814,36.147239500815914,38.08025752392326,23.111347033190984,62.91093659496152,37.11626054857108,0.4325994132130631,0.37753038466959926,30.419210743337807,85.99441574281518,80.10908369255672,41.27722454282071,27.30089019215876,4,2,19.6
T0162,0,49.57885095499402,45.26076212156492,34.972089988220674,32.16137733035838,41.731510539618824,36.35767544563959,0.04521937206320201,0.06623199693059906,28.962236977102663,65.42079585635463,60.78412129357022,37.324229662898865,28.663547882407016,0,2,17.2
T0162,0,45.70694821246727,40.876823033786465,67.77727245956932,62.591808445902,72.58936023500563,69.4887434618317,0.057854700403096655,0.02268919327860207,31.240855905647962,95.99805462447193,90.8937710666134,31.103339676998935,27.773264674072987,0,2,17.2
T0162,0,63.972826807210694,54.862817976407584,22.753105341114676,19.8447238112775,26.834982218667953,22.84494728210743,0.08160041874428005,0.07790208985459855,31.78450319571987,86.26863353251896,75.027203022218,21.071762644757257,28.088108690970227,0,2,17.2
T0162,0,23.20333851329832,22.274758439969116,31.828990604375104,30.341758250659453,60.56902579506246,56.27228201457964,0.03677861257096497,0.06529809632417141,28.804094797237084,83.8562462813516,78.50168425437084,36.91681343524479,25.933201120451134,0,2,17.2
T0162,0,37.319817601513805,36.844812088701914,66.41443365414499,64.09308763873929,51.61312298199412,50.48941813954511,0.010376605295274163,0.014697914157495669,26.387385338955166,96.75970111488753,90.87604617501697,31.701735351808114,26.403948907386766,0,2,17.2
T0162,0,65.45863783969178,62.0501034322594,74.48513604140956,69.34310655142335,48.19498859139462,46.21037128411847,0.029566020738664125,0.02635661285705072,30.590180710935634,92.99527613911806,87.35435200787484,29.11073896396644,29.87038602416427,0,2,17.2
T0162,0,79.44753852877395,74.18790687576349,64.44862688007694,60.00187445483054,54.039420035879154,49.55652561159645,0.0308014398936502,0.051963434010136936,26.4592018415605,73.73217111804254,60.291952231425896,35.24239365806456,28.31925833012949,0,2,17.2
T0162,0,71.77877553317362,68.56141405877439,31.717022928494245,30.106878881623665,78.8533849900667,77.29598377818574,0.028821109759145837,0.012024502195909195,24.325049803303337,84.80296325543642,80.57537257609222,27.091033577149023,29.167152278870297,0,2,17.2
T0163,0,67.1307990799557,66.11274796341546,72.36728881015023,70.10745853187207,50.092803205416686,47.2376025970078,0.006557004557187794,0.03763284941203512,30.98593228116581,88.68489569765548,81.86615856084191,34.10953617010883,27.402766830095867,0,3,12.1
T0163,0,62.75718618182985,56.829244971331555,78.28728242365679,71.58219864754834,36.15168073461517,33.514449535671844,0.06843697521603855,0.05583654885047535,27.0591538091287,81.60690554781826,82.79003254036434,21.145982993513435,26.95643405222734,0,3,12.1
T0163,0,64.14275656272531,54.9926359826474,67.33952470769921,58.16965851724719,75.11053306444705,61.786005105360694,0.08920152532510715,0.08525530317751184,26.325410153239176,73.82167581590227,62.829357571772306,42.061206920870376,26.019766490676034,0,3,12.1
T0163,0,40.298551726100875,36.91257452672387,79.99460982162987,74.3682704848754,67.07327448428688,61.839942924230584,0.061747645549011715,0.05434625651691847,25.869095374798697,94.21361210874898,86.53477269908429,34.2171081216158,28.937262202459298,0,3,12.1
T0163,0,58.490711185485225,54.77680953539917,79.5182467736593,76.88670813086112,64.87479745579282,60.199547294257975,0.045507183569482974,0.05084548609319347,24.10781644477474,64.87390229374779,60.730389408413416,25.25611791668915,27.473192469116306,0,3,12.1
T0163,0,37.651045579437636,35.83687885333562,68.00617383416198,63.88085753861793,78.21583325385227,74.73762292295321,0.01983472889058135,0.02688521133314019,32.79943250877796,96.75726958678943,86.25890543735048,34.33489816118149,27.71292342064404,0,3,12.1
T0163,0,69.76491804623473,64.09541137773948,51.83812518044857,47.83975477303265,72.83130108847777,67.49382333965187,0.0680370862474956,0.04451621036488388,31.802835108169834,74.04921291655525,63.60498891787273,41.15090538410565,30.30541546467365,0,3,12.1
T0163,0,59.521288223022346,53.00683475103179,67.34268671462573,61.5664946002278,38.206755524840396,32.35992961855378,0.06582700240534088,0.10445109158779388,28.135722136315465,74.96661454591458,68.6807020595637,31.661942577353503,29.2166499955071,0,3,12.1
T0164,1,52.43981984403108,43.32933133299695,37.450627601383786,31.11283763948558,69.01742471729654,58.82535303163548,0.11584839725319837,0.08542627209307864,26.98997345740578,79.89790867023314,73.79658666817114,25.864045608301637,26.379017259811327,0,3,21.0
T0164,1,68.866374765009,53.92152296516145,20.121592023805654,17.357558943041003,73.28181322161069,56.24463781784949,0.13987399075782816,0.20906114575438914,27.546413204607394,92.48416433706952,81.8176036099151,36.08156736362016,30.350699958862503,0,3,21.0
T0164,1,62.73429334487396,54.631441056387494,60.504585542970524,52.31460270118065,69.04762130341652,57.36835998711736,0.07880154705589781,0.18614464015544177,28.376345028814615,65.26924329568426,65.41220935651006,48.9074675925158,25.77668227633043,0,3,21.0
T0164,1,26.339104704639695,23.285549292538196,68.68623763078915,59.04364722776339,34.50472166842122,30.302560150041025,0.07937207462215695,0.0737182721134263,32.13080930019582,66.89992393650728,60.00151071453509,38.26083119293706,29.379189928340303,0,3,21.0
T0164,1,36.86106983932591,33.685209777204925,47.66564868464086,40.791124016004254,33.85108978516034,30.12433974202235,0.06870197995312936,0.0848576360288785,30.354931049670316,94.63922140097503,89.4600321044835,36.63131790833867,26.4601174495134,0,3,21.0
T0164,1,53.01314677066892,38.388758508785216,42.770136403115444,35.27739662157946,35.867746113523125,29.538216867478127,0.14888036831200757,0.13323512287817701,25.196654537680562,76.72776417072023,71.4366291150765,24.268284095567633,26.491427337936823,0,3,21.0
T0164,1,53.55102630510919,41.3317012262778,20.83920640857863,16.9652625020094,21.344959163721793,16.677369079291452,0.23328254443017668,0.22718154739070792,25.25879392356225,95.2024594145383,91.92016317720126,35.265916043311535,26.432213247567606,0,3,21.0
T0164,1,57.847729394878044,44.0411960564641,60.18276407906082,46.02928088543212,21.8711450297967,16.241778759754226,0.11709841128067221,0.20452135944666824,25.03527289115204,83.62860713656603,67.3376312020483,36.4394904110717,26.974057500289653,0,3,21.0
T0165,0,24.465906598822784,22.5485500512653,34.42911537073171,31.34725858093665,33.06506005313355,30.068147988476106,0.07963804224235943,0.07053194815337616,28.21603210296831,93.57249949611338,85.52038820150179,36.56372325951114,30.2730788477526,0,2,22.2
T0165,0,65.01580139631872,58.72812759557246,65.44957349934697,63.426235798376446,39.774965264422576,37.12025968472098,0.06518853685255788,0.04235643758204777,33.1979174333912,92.20274034382714,87.44353873197834,26.176486106365648,25.582430199781975,0,2,22.2
T0165,0,75.0774197157501,71.04388631137928,57.69749383152601,54.298200832490494,66.13720982794156,62.91025481819456,0.04492491422791495,0.036516256197437265,26.623250764849377,93.24508179796845,84.50273083398082,32.706968811669704,29.300315195526945,0,2,22.2
T0165,0,33.35850700094119,30.51907824289606,77.2421412164775,76.1269500018814,46.57756423978936,43.15591475496185,0.04424549056548527,0.043694961223141954,28.126512527955786,78.4526595726117,75.80452300831614,29.30750849594527,26.500448782265693,0,2,22.2
T0165,0,70.92271650078868,61.24815482417532,27.00229881046973,23.491551491461525,25.077133893071668,22.164655746531547,0.08480474470125417,0.06967543559995387,33.87558413152499,82.72055252050434,74.248694221628,38.11249577862773,28.29746156128215,0,2,22.2
T0165,0,36.15715439169462,32.38788301041961,67.2766201492914,59.38070870989055,22.531652885776356,19.624073944512517,0.08975635856198307,0.08591874215284581,29.719965077217662,90.29021959775261,83.24453672610795,33.534878460584984,28.79390636315935,0,2,22.2
T0165,0,69.85047508082488,62.33295687227859,65.99247508191789,60.524078572319674,79.6364202854297,73.5510275927745,0.08764361272963296,0.05339861416818859,29.92185212130255,95.29788479165593,87.81510831762726,29.170743863254906,26.66956493019426,0,2,22.2
T0165,0,51.88368914193465,45.57316020772754,42.593994309148,37.72972053243749,45.832098325900176,40.06188994430727,0.10519545863801781,0.13195017955524294,32.284787925969525,91.92201094264533,80.51190433113604,30.376299590042443,29.65625741266508,0,2,22.2
T0166,2,60.04433607601405,45.88550352342393,64.59054182544759,51.49015494830625,39.47040969959458,28.02917939821636,0.2961453314546122,0.32981549318186215,29.281945871060195,77.40852191907629,71.58742757441799,23.968183413130895,29.47690766656137,2,3,15.2
T0166,2,50.772268452889975,32.05042808109665,79.73390084508722,50.5064009694392,47.13231454680257,27.171949039465368,0.4397201358557993,0.3940088896316136,30.665449911701984,80.24687579742869,73.2403352379245,33.59056056918561,29.04841902160541,2,3,15.2
T0166,2,69.09914865735104,54.504390321080685,41.29583790769887,32.78334052628488,26.66137579429382,20.632105067588068,0.21737831060493132,0.1925426398396886,26.48538946963898,82.19094384673859,80.11078295040241,31.858395022939153,25.66543422444241,2,3,15.2
T0166,2,66.48265273723877,48.85122302157973,74.71545869288379,55.97582043564395,32.16577254123838,24.945549281204368,0.34533044322187806,0.29900307218600386,30.749386252993443,90.33830653930096,85.39168408016731,29.32451861116846,28.090710038791535,2,3,15.2
T0166,2,78.3826006044388,35.743691660654775,33.73209611492714,17.787881772952385,48.87468694229327,22.203160403705503,0.9800495318448252,0.6409513549786479,27.182103279880863,78.66893953479627,70.54102157965622,35.21115137691846,28.587486380007807,2,3,15.2
T0166,2,65.60459931219481,55.648223210973335,37.69725650146444,31.592976397012684,62.99445297968021,52.29951504225861,0.11181438570302045,0.10847863558681775,33.32841654946819,73.72594785302361,70.84488994295296,40.45214698781559,27.056315381775086,2,3,15.2
T0166,2,70.37802203822007,52.636107683827554,29.34857355776188,21.863425232628035,64.36644173281586,45.19814687493092,0.38737409597505246,0.4008576267673805,32.234277875544976,92.93388946583664,81.69385730234987,40.73320807836075,28.80729493700951,2,3,15.2
T0166,2,57.913157110367955,32.33936265369314,40.78014704546648,25.983356232146626,68.20452110375345,35.83207002971682,0.5501715477434439,0.7100539693648449,24.52557878670094,68.13921172580562,64.77206313722711,30.375179858996404,27.044039988273955,2,3,15.2
T0167,2,41.74162419793605,33.1680721684274,23.506840243641697,18.464557883594587,30.024728409620458,23.18573066296685,0.17544065053838157,0.18741811085360593,24.828684947139177,72.60427319089733,64.7095073771856,37.61597742758758,27.523665406876585,1,3,9.6
T0167,2,35.15700182851103,27.975017573083537,74.06670978266777,59.03603653492605,48.30109160042739,37.61709913483152,0.1987911859127653,0.2268957809509042,30.437572406373498,88.37271118979208,82.62755536708741,38.77258710503096,30.293126509140617,1,3,9.6
T0167,2,63.62151257945484,54.437896822666595,72.12500486300824,59.78103227438753,39.27506387053353,32.26073104643107,0.16341021526766236,0.17415321936988348,30.271302183482256,84.45528886341665,84.76847856126722,23.77787337317853,29.006941975824468,1,3,9.6
T0167,2,79.87311361335988,64.41359191937002,50.68287340670572,38.40544895831864,40.66537162983509,30.74508151717257,0.17701848232403794,0.27704313150534204,29.752606371254714,63.386543929771236,60.47035194587768,39.709925831554074,27.847302279260116,1,3,9.6
T0167,2,68.82742593939219,55.08611062043542,52.10452702912334,40.466058773057334,79.65282551803983,57.286503777498226,0.2141585934275831,0.4225135736862981,29.47389711150219,81.60505659188398,69.73013036337245,25.441493610224374,29.210532411297024,1,3,9.6
T0167,2,39.75856475265212,26.87138727378975,31.427220277291955,22.908064425513988,49.647636566995054,34.91804947979006,0.5434452275767327,0.5160464612821327,27.759645176139568,85.58344169313038,83.4089384055003,36.768178190823484,29.181055182017992,1,3,9.6
T0167,2,22.74988262613114,15.500487474023299,43.61663784585197,30.96992071691965,44.92656733750222,30.94391503687613,0.3940274242370292,0.3205287723626118,25.854566688280325,69.64373612792804,66.94032696938156,33.90263038172344,27.70939601444965,1,3,9.6
T0167,2,32.41140167170333,26.52514503196749,23.683974559669085,19.304663192545537,54.21405560774033,40.831832877503196,0.16421244357801898,0.22935449906278058,29.849582078472864,84.7065978478171,81.43466627311449,32.84892411892272,29.712104755405846,1,3,9.6
T0168,0,52.042418196521076,48.527305923336726,76.68155775341522,74.56634142627088,70.2560259616177,68.16966447866135,0.0366144321719865,0.014675111401847544,26.987460553669518,85.16965795970617,86.6864602862521,30.737113350932177,28.35433270652834,0,3,18.4
T0168,0,29.043267521900628,27.83620762587948,29.138460483835022,27.51497935517108,48.33835046371079,47.17719649690651,0.01874128063412972,0.014940367088972546,29.10718183321171,61.88973852797904,61.858097522117504,25.061936618544983,28.006971042899117,0,3,18.4
T0168,0,22.466459669979567,20.77232301846659,53.76170999193196,52.7707179960144,66.62041400148183,61.78412462016473,0.03921728886684192,0.04648547671395971,31.69788431217136,71.25825445530985,66.51545991071424,18.74686292200418,26.026842888720367,0,3,18.4
T0168,0,67.59908274881009,61.7231051714055,38.29349604517404,34.99545637422555,22.688318200703602,20.299223827613133,0.04516675686234787,0.06330224003123203,29.86649876834704,91.08295879950214,88.20683504949594,46.796682875307056,27.017676602185077,0,3,18.4
T0168,0,74.57195641445848,68.43466822694211,38.01484072010344,33.810226698550046,33.38378812951411,30.7580054160116,0.064215563694704,0.04541273916864604,32.604971862547515,82.793475923206,73.82464954817974,37.341292100406065,27.41163410444465,0,3,18.4
T0168,0,62.426024956520536,60.85685910711347,44.133221991387956,44.85715717999595,54.64839218386503,51.07301547164814,0.020185924878300218,0.051953384026929866,32.80234366503665,79.313956180812,75.0548640039895,26.154865635619068,29.976102743634634,0,3,18.4
T0168,0,26.767923912038178,23.261477063322346,61.965206780631576,58.50909043023356,65.26702491512879,58.8759153667772,0.08522612259672503,0.05687664395033943,31.221144806034307,73.40637589475679,66.99293258800716,27.24611364357815,27.599354360984968,0,3,18.4
T0168,0,24.084401342748546,22.63691887650535,48.041881902001364,44.365244723041755,59.459872160079264,58.46357867531877,0.0292458856893998,0.006756212015427275,31.895379029260965,91.54588910351043,87.87937507402938,30.20358564398513,25.6651744674406,0,3,18.4
T0169,3,34.36554134485401,11.404610514221602,44.25955338594305,19.396489429097272,45.703027914039446,14.294933421609516,2.0127769711249917,2.069631948146769,25.11455127605624,73.62484159329483,71.12025880039461,38.17996384767496,27.37405195712528,4,2,18.8
T0169,3,74.73110518389379,20.300642778647187,59.551789099903765,21.404405966105756,74.56847674964992,22.235426745461933,1.8699452272946957,1.6724824032766907,30.669895195905,93.18984242592956,81.68176129502487,36.6153973846231,27.77240470267545,4,2,18.8
T0169,3,77.45745326091813,28.99325255958308,61.980123816158596,27.49272637750384,20.798848836140408,9.312115706050198,1.710321362866406,0.9550520371993118,27.977047876401215,83.13479439046762,79.12171167792066,27.44626348211476,25.91563924684561,4,2,18.8
T0169,3,46.20486130540225,17.003303371974376,56.18371678183221,27.23181711762837,20.18238683501901,7.558319978897553,0.9469073058934097,0.9331886428823232,27.008856396687868,71.69764698037531,66.78695167412391,35.484507573362784,28.181651254787376,4,2,18.8
T0169,3,34.65733270987354,15.667320912529044,69.74729512032027,35.82888501597092,36.52616557411527,16.002610838405786,0.934927422669209,0.8800316337322156,27.133059605119534,83.45968913091829,72.92510889981712,40.513509275342344,28.188937239532372,4,2,18.8
T0169,3,53.61814013538706,25.189254336321227,33.012638421334756,14.798288279379692,63.94888597939368,28.73563311783782,0.9478433318628973,1.0599771182657423,32.109735085268454,74.0011823495919,72.41370497211648,31.56986588955931,26.668736772059614,4,2,18.8
T0169,3,35.67773171337218,20.911530407803898,27.04822440135544,16.328342407092645,22.03766626618721,11.689168491343647,0.5495729600886504,0.5312058116520847,33.48668520972041,75.41826623739848,68.49667550823403,37.920417602682456,26.59137329994162,4,2,18.8
T0169,3,29.918416190420146,12.218372498173597,67.90716424471454,29.05905917132667,55.22881254053306,23.64095473205358,1.2180389579133597,1.0892645227112703,25.573107443731445,94.82373710788356,86.44052700674649,37.99435973411877,27.071295320067915,4,2,18.8
T0170,0,40.22828370428573,32.942142312350114,72.93302517829837,66.32708414452219,59.60209223775822,54.05401701484751,0.13297235235339286,0.04881238608764677,25.129581173364013,84.76131201749972,77.02764102340556,29.588020022694103,28.910852876924757,0,2,6.0
T0170,0,43.44419045750702,34.570423772285785,71.5347424524314,63.07249622605452,49.36771575438786,40.48242179482133,0.1503311478139173,0.13080232153703839,28.208529892748437,73.96112842107992,66.25903231868168,34.824383226478716,26.33264382991264,0,2,6.0
T0170,0,47.78673998865321,42.326153207554476,35.67387085555818,31.874464711745002,73.9853534812411,65.27409149398648,0.04731325058292931,0.0619951310506657,32.39457184014074,97.48435095553474,90.11233080700242,32.848032949484015,30.479717596369728,0,2,6.0
T0170,0,33.82987447948719,30.803965511321763,68.44955801753247,66.39417299573498,78.66732076760496,73.54756308397474,0.06864744138371748,0.03976502687685606,33.15347464402568,71.64652413763253,65.72274583726283,37.52256430400252,29.746264094792465,0,2,6.0
T0170,0,44.898895355501914,38.52076891759433,69.30249588750833,62.17194128184857,22.129552449841732,18.716778432998645,0.07067333671524902,0.07391030201529591,26.605212405714568,83.64245240876488,82.56982808919163,25.616103787238636,29.795288538389922,0,2,6.0
T0170,0,30.407523113167496,28.620349912054497,76.86710703725461,71.18961435305428,65.542009222655,61.651520780307514,0.04612693240774659,0.040371721031451833,27.09452041463275,95.50691463042561,89.11708088053996,34.74390488669699,26.050852545605103,0,2,6.0
T0170,0,55.12883313362982,48.293616865587104,23.045597512763386,20.608574233672623,32.13765162743236,28.422416141841715,0.08382818415074957,0.07080996745831461,31.097884170243027,76.55766134992601,66.49859326462911,30.67170830462055,25.509886655074293,0,2,6.0
T0170,0,30.73370113538669,22.24134245309525,44.13374284457832,35.32145871190121,50.861170155379924,40.31106965620385,0.20125961584682628,0.1177744835083915,25.52248028675382,81.20016196673177,71.05640898759945,23.669946514186837,27.901811972147218,0,2,6.0
T0171,1,35.786594694890354,30.673750726300142,52.50208428935202,43.466352985317094,48.07974513444333,37.85192625236114,0.1046790615202309,0.151050130606289,29.883752971221732,87.35165925598082,82.2882314366762,41.46265835576685,25.811560000918366,1,2,5.6
T0171,1,73.71976017058347,61.97994851992747,56.298439920229214,48.64035742812493,73.45945561664267,59.87806801546529,0.1611281018635343,0.14280366577500678,24.097550612080994,72.87682221708826,72.47456811129192,27.817654765767905,27.702769715728426,1,2,5.6
T0171,1,72.03408372319709,57.70879191654186,52.3825246630693,43.285687295134814,22.689731081613072,19.21920505196415,0.1665004481538687,0.09330740220315288,33.584966655537954,83.80581466840604,82.15291841698081,29.636806128844967,27.998488237104873,1,2,5.6
T0171,1,22.769057967127072,17.529469467043572,56.053902090787695,43.90927626924683,45.05454823722093,33.08647941459438,0.19037131965863516,0.19476438091154769,28.115253388716642,68.8797210999122,62.050727153005795,43.876870605515805,27.70975212349442,1,2,5.6
T0171,1,43.77286760890658,34.94734072946947,46.880341195958756,39.77996312784477,42.59492997065331,34.94139172274091,0.20004401360340043,0.1398874485378613,27.044401178669673,92.70845124034648,88.56420437591879,34.26806939323411,29.167741848358677,1,2,5.6
T0171,1,44.391411337062195,36.58921602453946,37.76140825876383,31.420448558368424,45.210169452237665,37.199180749495916,0.19779702826991866,0.1731666089638672,30.112854417771725,79.39499270641089,77.84892215235716,35.811156714537994,29.716556444499112,1,2,5.6
T0171,1,34.65856844430852,26.859091985731837,42.33096266547478,33.98393263603486,51.5936495363429,39.971390064644226,0.22312767086997767,0.19602717472113526,29.1328091159407,87.55987766286208,84.44309794589064,32.524691390978184,26.312517532236033,1,2,5.6
T0171,1,61.81806085889928,56.043573146772154,47.80165966340082,40.349345426945916,53.65188932894157,45.21142192435624,0.07339943696008122,0.14412020098211709,25.729898091518464,90.45872037798834,84.15798566478412,34.29485769158444,27.51844030612008,1,2,5.6
T0172,0,30.690279558070543,27.138462840566625,58.85220096786225,55.61519242331306,76.5263559423095,66.95430536421715,0.12410016105986174,0.09282401920577317,26.02569583336644,65.30060537436019,63.40413731028662,33.52729102888416,29.02778039954551,0,3,22.3
T0172,0,64.03509824396691,57.74339860782974,51.357615308170594,48.66664900197246,66.3570243127743,64.38330109593664,0.0656644520045898,0.01509291341210226,29.850544543209473,86.79269354634852,82.15354015394671,30.265449736777093,30.163836452072747,0,3,22.3
T0172,0,61.02964646917121,57.59075472258754,44.479706783121486,42.53085371371834,29.31122027989055,27.44145210724785,0.026931053275771492,0.03155019028645459,30.37661175152402,65.23465497081017,62.200143105006035,46.02748643322082,28.990511426153798,0,3,22.3
T0172,0,26.13240755593146,23.14810539976826,50.10046427305751,45.62663755873083,72.16956940146761,63.79246779557296,0.09166375537659435,0.11067490844850493,33.293078173401696,94.7374664568689,87.33630596357877,28.53588017047605,26.248811996222987,0,3,22.3
T0172,0,73.9091500406733,70.75489710363611,22.308575437768035,21.61673959309041,42.509000252723915,41.36734079011879,0.026036520101265313,0.01724345641747636,33.29385944898284,67.42995007842002,63.70913421618836,27.764756502860752,27.414547229218357,0,3,22.3
T0172,0,72.79889318789088,69.72578103906797,39.34898698433622,37.5582695674712,72.0786248296908,66.17097430810917,0.03839845851877632,0.07496366822838679,25.014441239266482,88.85970337697368,82.10432110654155,32.31655722358053,30.4081108674228,0,3,22.3
T0172,0,76.12621409221241,73.34744788974919,50.711994848224165,48.97783388615992,36.23284350802263,35.36114398034834,0.022266834067607568,0.014698238045010725,30.16937799680656,80.26171376610074,74.97086180205655,41.80076416971383,27.939331275656063,0,3,22.3
T0172,0,31.516371085539706,31.347461190930705,31.383352311481794,30.184405628639755,24.356661796779505,23.51894706383958,0.0030348881928720707,0.02240096209386842,31.869527912731886,78.95591009498033,79.76789169647368,24.721836272873922,27.155737317940478,0,3,22.3
T0173,3,28.70552974575888,10.913172339053094,65.55122440018259,26.202257328548555,40.03851031365878,15.820081284479418,1.6758443237153187,1.065664817026856,26.71060148085871,64.06072167040269,63.595482707748005,33.209969441185095,29.64734182520713,3,2,12.3
T0173,3,77.86539550119176,31.596730758281584,22.955840907008174,11.218735448585342,44.89568265540471,18.972013752748058,0.9976811546577292,1.0000479586159325,26.55253738869175,73.25600339949507,72.7324642372832,27.360943262195416,26.531348876623312,3,2,12.3
T0173,3,62.238781934956535,21.956176874017984,43.65358722190004,18.04474223097122,20.788025386542355,7.242265766595973,2.101835687718204,2.7167453017006857,28.254908196688397,64.12077130026617,65.01116718860233,30.685598693482298,28.937577342815175,3,2,12.3
T0173,3,39.28419985265198,15.150385342444435,72.73327648855216,33.02305283992084,28.649702695160784,12.42064852279379,0.9191909538638452,0.9763293782184453,25.603523844372663,94.31520877928085,87.71920183111703,34.346919086702634,30.463434803622597,3,2,12.3
T0173,3,59.31140318133527,33.619799325897446,42.26350142530538,20.61753607334276,73.44535741423343,40.4616318136766,0.845749833433261,0.8030703992204561,29.076206386418782,84.55678006821816,75.97144750997322,29.276610357295677,29.295593575672257,3,2,12.3
T0173,3,66.35639926514821,38.434353690334696,79.28731700058083,44.683578505625924,77.24126394071229,38.47712077265889,0.4777087626595338,0.7323762174099356,26.552884306693887,84.22996570086893,81.6540659969129,38.28601448446362,26.25869584867382,3,2,12.3
T0173,3,68.76556028441208,44.27353703232348,30.428065097985233,19.12829086922272,35.308295516282975,20.530351839473084,0.4184830327448014,0.6785997487726259,26.66821032356208,84.0300088024906,79.24201501325958,39.63678991003914,26.445621694138506,3,2,12.3
T0173,3,72.02812637929179,35.53971769807965,77.6228415795639,37.518234001561595,79.7956342407416,38.3618667699842,0.5914872357375958,0.914119776399288,25.660281718802466,89.55708309970132,83.89482157188147,39.79767730714705,25.66376574812027,3,2,12.3
T0174,0,24.199961281516984,23.061116785136235,40.950983373734225,41.33015872438833,22.483898425935365,22.249161250736645,0.01861262446215988,0.005824855821182232,30.49744583608767,93.65797709219727,91.09886545710106,25.668607699934988,28.452370723388206,0,1,16.7
T0174,0,60.5696460813262,58.13987986086556,37.55666473007858,35.113801259567694,21.837632410156093,20.524326334226547,0.021845812358236124,0.030195135771996045,30.384060232904922,66.72839152744288,60.09545490066357,33.426463441864904,28.625964551371375,0,1,16.7
T0174,0,51.456656613766555,48.861026416024956,60.71958595825332,58.82569213556539,65.22559904289622,62.64503457501111,0.03686860304298766,0.026838493289929103,33.61540992406507,92.65479665304011,88.74969695403777,35.94811606618327,29.225695917412096,0,1,16.7
T0174,0,56.385256896954964,56.162064017968056,72.56009309603867,68.15180880389545,38.35458272554996,36.770071387770955,0.002563521658723745,0.028955129149490885,26.33274647452941,72.8645003583176,64.62760701942295,34.885758604601016,26.54938209088726,0,1,16.7
T0174,0,34.84714393237984,32.74132234147898,39.64824802815775,36.46006563002086,44.34132502085522,39.3330163622266,0.03200246371315894,0.06970540726748109,32.840981981885626,88.05820566005286,78.30784041708816,24.84569776224997,29.76102043494293,0,1,16.7
T0174,0,27.354347157751288,26.023139618310974,75.48286830418346,68.95990480872835,59.60363869324926,54.54661020185006,0.02417277507018948,0.051807116079634646,31.260813574697035,79.56383882455907,69.36503347580336,27.636733011434792,28.883024312784848,0,1,16.7
T0174,0,23.884031652899992,22.768866905547004,61.437573161951384,59.20676575221424,28.936546285776924,28.02555920682853,0.03549158557937882,0.025932150503017882,31.689608884371683,77.40808511771516,73.15921307294688,38.83865665378142,27.863166157217574,0,1,16.7
T0174,0,26.289187478770454,23.975795835425192,52.78069549608658,51.34906550311894,79.2424609635116,76.64418857587395,0.0472469733107568,0.015360946015454166,26.322444404742598,71.42544569321258,65.47862493301909,25.89239847192532,30.362843249883614,0,1,16.7
T0175,0,74.46133664304293,72.19040355967647,34.71374700240894,32.225303184303584,49.51783348828532,47.13628852244114,0.016444811564755614,0.031938615375641494,31.472423576095185,66.93877191736239,60.663664924813844,34.808272312594866,25.58547340977585,0,2,17.3
T0175,0,26.505316631728974,25.091969058163723,67.62931713866288,62.53956132826401,63.3772806063567,59.74052933029265,0.026651813994929132,0.03639940470929845,27.377658057772326,77.30889415023839,71.04240265471347,35.65049923114216,29.368768295045196,0,2,17.3
T0175,0,60.133019009345944,52.84511566219096,65.85021885351368,58.749267195280694,24.11076649061749,20.8152651314895,0.056918810676846766,0.06976211627775034,25.71360223725576,78.26351316759765,69.14367082411073,39.75655069216353,26.18569455381345,0,2,17.3
T0175,0,58.376930896575544,54.387475919848555,78.45157679397991,78.29531250225907,68.3131221255058,64.11897204313992,0.045084263347733154,0.04372470823321129,31.298528372467985,84.85898830769507,83.93784220976889,34.53406325985972,26.44726484086268,0,2,17.3
T0175,0,71.19142933988819,67.74826975325293,46.52527036290422,44.92445771844854,30.927442710333114,29.958764842364438,0.03562093265141838,0.016121802151993454,27.05163770401515,62.78751103273891,61.09330151563567,39.17550388835869,27.294881195078514,0,2,17.3
T0175,0,62.19970534723818,57.559166195543916,31.15713296121041,30.70025606892712,38.14488891099926,37.29717936941653,0.05798977109619114,0.0164754946242083,25.03309085065219,66.38322408624286,63.963325956523974,28.025064043773757,27.971826482106632,0,2,17.3
T0175,0,42.89914087250342,39.77053874593951,73.28542733714866,70.39946935487941,41.49401594099457,39.34501157677816,0.03120741093342268,0.0265577758427983,32.371546988965704,78.7561971624171,75.58783251085165,22.976312034980502,28.32831703475234,0,2,17.3
T0175,0,58.209154597041135,55.41602689238302,60.728414430977615,59.68519706975673,64.38077388137015,59.82440487449742,0.022708315440348244,0.039747251500224144,28.80800326703683,79.2726205905453,75.43493970398995,29.10634141542871,28.634233540121897,0,2,17.3
T0176,0,23.446220905428248,21.641897170205652,72.03529434926614,57.693574925903285,30.157818627017022,25.645654245086195,0.048288317603359845,0.0751939598923735,29.843386298818203,68.74911546304911,64.40255245940473,26.16004476504037,26.886599268054546,0,2,19.5
T0176,0,34.47811427795791,33.06413205507544,27.73962656823892,26.589486148788993,22.911031301358044,21.51504803372581,0.021926127107209023,0.030500790110360172,24.44983922872793,77.65164472426798,77.20100394240677,41.627974385350754,26.434461654526075,0,2,19.5
T0176,0,75.80514215748204,68.84289614889977,66.31139167422435,54.62859214588018,73.66061614162058,62.07579984489651,0.08403743715897563,0.14779713905076602,33.64818154184818,68.21866816438681,64.73486529331757,24.16177433750117,28.383084776612616,0,2,19.5
T0176,0,37.95402087676986,35.72588377815585,71.07953715556619,60.22744513982084,49.64467809266583,43.981916202363585,0.031434092353527635,0.04828642855707229,31.27646520330558,79.69111410046426,78.95383916355127,26.8237562893745,26.57503314815795,0,2,19.5
T0176,0,65.8137441060999,62.713949348320966,44.53374258212503,38.73239753571883,58.55457777224701,51.45700330454049,0.03783234766827506,0.09579808257281423,24.796150899101146,75.9871840536872,72.13050871393922,28.60832589661586,27.566289460645265,0,2,19.5
T0176,0,26.821869724390503,23.88635306194531,54.07807758331479,44.91671677624803,21.1034534734723,18.204040932415214,0.11649656304246989,0.14707938789649988,30.300502758535522,72.57438412245344,68.19633219597478,26.68892694924105,29.305721690695975,0,2,19.5
T0176,0,63.182856399504324,58.926908022184314,22.466529046778508,20.389047816842403,76.70414695172397,71.4820803301606,0.048812058474736464,0.07936211664227426,24.811323285325926,82.35274831617217,74.45860417008194,29.172882424958345,29.693259702047136,0,2,19.5
T0176,0,33.775874848869236,33.32952395048066,26.273829307810068,25.84979366249629,24.43852068675331,23.96760875589075,0.005187158694463159,0.009517400846873095,27.37810704819263,88.12881886358164,83.26450645700862,29.536478547008223,28.779763654866052,0,2,19.5
T0177,3,42.526654715099426,26.08833709725722,22.41975132850215,13.779287055220978,68.74439780888167,44.43418590774393,0.7115471222657663,0.5526319458590387,26.704407164769393,80.67593823581613,74.71686540800272,38.723104603677704,27.95012785929716,4,2,14.6
T0177,3,65.15956149049688,34.84766260144455,37.619057045965306,19.361251225173053,34.994444450593384,16.865399169734022,0.9883247304813138,1.4347550982440949,28.810055327727216,71.2914856638485,65.40488856337517,31.747589539914244,26.172575831839378,4,2,14.6
T0177,3,48.78914436498829,32.82230099086118,32.808517544308486,21.644722830701454,79.1155233558303,49.177160967402514,0.5172862897824333,0.44102137113036904,25.550445962947016,81.6494751797461,78.83127421444003,29.255592113455403,25.780268956087298,4,2,14.6
T0177,3,76.86036818150811,23.59268335453455,71.57507664544706,31.882585302526373,47.048384323606605,16.621763351486532,2.46690203877804,2.005595247591444,32.821175076099884,80.15335451637537,69.63477366677563,35.54361375705083,30.364752595058675,4,2,14.6
T0177,3,77.92206857947217,45.46970863448688,42.50762288661129,26.69795037675175,25.278216559629488,14.11911924195863,0.4764014802196953,0.6716345532283119,32.56129671690039,80.70086659292963,73.22341866972954,38.046097837399564,29.66722617196003,4,2,14.6
T0177,3,59.996664725816274,32.5795620746016,44.905522548034014,27.453930207647154,26.07099655679395,16.39670239714888,0.6655601637875707,0.533947531655732,32.602737888398565,79.93429078566156,74.6795260764334,33.86425333626171,27.415269028922033,4,2,14.6
T0177,3,60.70886743338896,32.12085178992427,67.88786972341327,39.1240544962668,33.24102304492233,18.800162610544223,0.6605307001575427,0.5204888278880414,29.399035799116874,69.55845615478464,61.33104399660094,30.07550714054626,26.719274006279356,4,2,14.6
T0177,3,40.20530193102289,20.427454575535492,49.62850109820512,29.431761050222097,61.8375294106189,33.03921730009363,1.059728078661204,0.7584989840551892,24.746798801910096,67.4948179182795,61.48932897914217,40.783208170961984,25.869770255702672,4,2,14.6
T0178,3,67.04033110080282,35.55237455606224,61.048407759963474,35.759480326650255,45.521408720507274,27.82533711373087,0.9845162073036259,0.8209202968850408,24.7372331281341,85.65441729468604,82.86031108488564,29.476801610929556,26.62971931533681,4,3,13.3
T0178,3,73.38987623941918,37.14309334972115,38.509994863847595,22.57881388379488,67.96709629683666,38.90477436734718,0.6094538967844004,0.4926562427149753,24.15840790796957,88.39151627155162,87.52480131692953,29.53040177709111,28.7193844036966,4,3,13.3
T0178,3,26.42224121313724,11.462023299424928,21.368069071142575,12.81775470437259,69.60739455935087,33.0318190265526,1.0911216208207526,0.7673276112395712,26.60860171098851,79.15407304120515,81.75936788408205,46.91571581447567,26.99236896316272,4,3,13.3
T0178,3,72.99637110704259,40.28461607287546,79.35630509638386,40.95207946214316,55.770049971913174,29.085273178677966,0.9430301965910075,1.0151362988145172,30.50091572348717,70.29873112693724,63.89449251392783,32.644593814065026,29.486654865497375,4,3,13.3
T0178,3,46.022994769357034,32.57798947929351,73.41048192666352,49.29616451157533,41.69843917350875,26.370612035055103,0.4608538016565809,0.5608614580936017,31.83047065508204,88.209970464943,85.99122642737368,34.16354579696163,27.287787425242524,4,3,13.3
T0178,3,37.70911811115862,10.738516443957426,77.3946837460926,28.502858822427914,45.61517536500955,13.48552622124561,1.4418048792981253,1.8570748360103335,28.047587795152925,91.86624721184599,84.74765511069816,42.52764687399005,29.55219072085647,4,3,13.3
T0178,3,31.132812693092703,16.113999140299008,44.903751454185524,23.029073926564863,49.78587126849361,22.63727149277967,0.6010294728844102,0.9679862434791586,26.3260579173498,75.56910777624961,69.21547828781603,29.401133213601764,29.52858370378131,4,3,13.3
T0178,3,21.40300972461083,11.75929743913949,73.3804839080493,42.492678986459524,28.85386262263058,17.429509881914857,0.5964752336501516,0.5547033830051386,26.90836158303984,91.25371996609863,89.79480337682998,28.07481511333899,28.940812595825356,4,3,13.3
T0179,2,27.24708728730996,16.854420235682472,44.287995728476034,31.396189461994926,20.03338194607004,13.025127403965893,0.4236681917362078,0.46190226477523905,25.536341087785168,92.42573846206804,84.19758316451639,50.58441556033388,30.356630477073075,3,2,22.2
T0179,2,73.34001692237328,43.86203463406797,72.46084138296783,45.95962375632343,30.54036357735089,18.840738338445327,0.4220584827211946,0.6412589795437609,32.675776382445214,65.41105703706711,60.75932895073643,39.37239031892359,28.170170906849314,3,2,22.2
T0179,2,44.69372849987203,34.92775202551728,22.16710961669496,16.533518051871976,41.991708557923715,32.928180501252925,0.24053369590231002,0.24707930119088925,31.147097973899385,84.13220900929423,80.67103100730296,34.36218439390914,30.25071087704612,3,2,22.2
T0179,2,30.071119718879746,23.669444035785048,34.29398642355707,26.60778307343298,73.7546410673782,58.85354684834266,0.1776556738027542,0.20524895040828953,25.07926652358428,75.36809687714383,69.64551371701879,30.093593222356244,25.92352354480446,3,2,22.2
T0179,2,46.79452015732947,26.617954391184465,20.371513314013296,13.678472014051628,37.020761246505955,24.667211295094294,0.43619110853466203,0.43023299402125037,25.11784453084005,91.20017508983794,88.84362479232196,26.942099557469867,26.920846866935012,3,2,22.2
T0179,2,29.045977821969558,20.271997771237924,76.14722920811634,52.36996735318153,40.42111564767482,30.065234154286006,0.2847845270224861,0.2708369584709059,30.74264100163049,93.31604974219016,83.75664603562899,39.86569877197732,28.62654094482399,3,2,22.2
T0179,2,53.497442320767554,29.555648828632915,77.43701570310915,51.461326695103516,40.285995094205155,24.332750325743227,0.4817040221870259,0.36425146253581925,31.216197081560836,74.58925586748406,69.97819760648173,46.91159319110386,29.70188927631046,3,2,22.2
T0179,2,24.997766186498115,18.323976065972,68.72656234494528,52.98710235942391,27.835823254079955,20.119549850318982,0.47687238681108113,0.3782507105055429,30.00518417973475,89.17121175282827,80.62030738160136,29.84154371531413,27.25208782124258,3,2,22.2
T0180,3,79.50525377629842,53.27192664968778,70.87960142912982,39.40386548523336,73.22798092039633,44.29460998179133,0.4140646551095634,0.4630989412513796,26.444686699448333,86.77321066439066,81.08443011239359,28.949234180410485,30.164430249655602,3,1,19.6
T0180,3,67.03661136455389,40.41010831771738,60.020366104795,39.6697468946068,34.47465960280997,20.753934436289878,0.45260198845894634,0.5746888144944114,33.08627763588306,66.29833669423165,67.95528847205014,33.864269250736015,27.832874446603284,3,1,19.6
T0180,3,78.06572351990732,51.43460911862302,57.97175167008556,40.6145263812308,20.649960381547135,13.72326868244849,0.4122264883520265,0.39037921026561123,32.94481604840738,69.80292688633978,62.925931412243884,27.400814262739992,26.28768414644693,3,1,19.6
T0180,3,70.11458654521331,40.50293934204732,70.54577154671128,37.67655157166546,38.65115347344002,22.010054564119752,0.6490806312157824,0.6442180367840026,24.286821018504426,80.546046492098,71.86931258042429,29.510054567680452,27.332651322710774,3,1,19.6
T0180,3,62.20826042944704,35.419847776136194,48.87971722159794,28.374485293355807,37.311124941016416,22.402616213231628,0.7491835002650692,0.6576780552395038,28.970857476445595,91.00530995235412,83.57750123130721,29.619480137375035,26.427730424746656,3,1,19.6
T0180,3,62.23399771530702,20.848679640386194,24.301676246716646,10.105444437925271,55.71299479274798,20.821228993251495,1.4457639887937308,1.0177401995543152,25.6825349711043,84.45672542927365,80.57352854251282,18.914393978722497,28.110595230569167,3,1,19.6
T0180,3,39.70051076456254,16.509198179979233,44.882368856157875,19.441243644206093,72.72704761531509,29.770964653565724,1.0564719144330097,0.8992520480283503,30.27241083871266,76.44694889640932,74.60370647491978,26.649947816123216,26.760218694322752,3,1,19.6
T0180,3,59.558354279238365,36.126096911394356,76.01034670245589,45.09280291934575,79.63099905942194,38.810288398452045,0.7060266163716568,1.009920145368056,25.85998196986063,78.9896070196863,78.62544697543382,29.2739151891219,29.655052379675404,3,1,19.6
T0181,3,64.23467000273163,35.16127951524555,72.65126744315951,45.27101078322653,77.2583195507398,44.46255389978495,0.5722761658838593,0.5576966699455981,25.700490310478052,86.81817464903978,80.342299429608,33.11123024750746,26.364801934870904,2,2,17.6
T0181,3,51.75624463798253,35.14429423706681,66.95848717000788,42.67803412948311,77.45342589724655,48.484828636092914,0.4932640070759304,0.5065922953066762,29.050607041995935,92.08517855778017,91.85775906134172,20.136091961955735,28.713942682480635,2,2,17.6
T0181,3,60.11672286993898,29.73568704221619,68.42541253658922,41.13731519486298,34.40519101681759,17.58652386709872,0.7718232485049681,0.8135652263915705,28.48411364514771,74.23658370726514,68.57758357638497,23.41416660174381,26.573445595939006,2,2,17.6
T0181,3,47.97096822729189,31.044368804593223,75.02073975145755,51.08163834572581,45.59160650868965,28.325161801946678,0.459775834331999,0.37567737086854613,32.28871243827559,71.88946673967688,74.82397364678388,22.611404479992053,28.482214485814378,2,2,17.6
T0181,3,58.26677917222545,29.762711235544856,45.16086597425314,25.768847190384164,38.327688623068084,18.84818881209272,0.6837172563400069,0.8914661546932562,30.553883991258957,93.28036941684368,91.92085624479147,31.938445639750014,27.392680237419587,2,2,17.6
T0181,3,52.81502123078049,27.935462666127968,59.019437712829316,36.6353109305564,70.49510591588046,41.04868851451844,0.6515669742657209,0.6221611519941571,28.835135726751098,79.74286622063461,69.2538477299453,37.861167182293954,30.25876389752751,2,2,17.6
T0181,3,67.31664584418058,29.808719842536597,79.53220073906482,46.76503576342008,60.62842937736448,26.464006704180143,0.9215211374132446,0.7683169930334338,32.73872309674744,70.5763629023767,62.667457077488336,35.19289712812232,28.50767959478309,2,2,17.6
T0181,3,76.12794226195312,33.90979511854995,35.86293044645812,17.734391883088655,25.51615580400224,10.508421954690698,0.8915712527835482,1.129607641317925,29.13222140600287,93.50016063426166,87.24745235627583,22.876968285530882,28.29914801461438,2,2,17.6
T0182,1,50.07027824273787,45.09299313159359,36.91665855924751,33.563986474143604,53.23125985338676,48.08522932990147,0.05094772075525564,0.06894245473314788,28.535620177823397,84.17355738271505,86.29542236929335,35.0465450272905,29.54365642245693,0,3,20.1
T0182,1,60.076621252245104,56.88596261428324,36.859809352515825,32.489994905945714,20.035491090284115,18.55114017667047,0.051569388092828475,0.052147283566733746,31.003987893346142,93.66350136794185,87.92535061384294,32.650772277454784,26.306635899790088,0,3,20.1
T0182,1,20.438890957814564,17.160593343570145,67.13452027477908,58.0171531722753,25.961912737872694,22.595747759603782,0.1459055940201983,0.07683489043056897,26.353542067902033,73.16808306982281,70.9517125108789,28.032633867732777,29.700738084936095,0,3,20.1
T0182,1,57.86847197650216,43.13948012609925,79.7686228076729,66.96977915221949,56.910168023101235,42.47847536481851,0.2357960608442629,0.2797802340640877,27.796686971528246,89.14584052981394,81.14740020029758,29.355295306837476,25.99015894830077,0,3,20.1
T0182,1,35.27808996509469,30.908171728665014,63.511947080352634,56.15735915786487,65.28431671783301,59.01740907496694,0.14287696720057225,0.08933398267721908,29.089034848852183,87.99961787085084,87.72985882320216,35.92594013951602,29.077186172277592,0,3,20.1
T0182,1,49.58450671415569,43.89749991576247,32.24389180603949,28.331517240088314,45.40924286975296,40.96184845498898,0.09247239068833318,0.054377137523673305,33.45117297392915,80.34942047576658,77.19710728739481,35.21173187116296,26.231162165662038,0,3,20.1
T0182,1,50.578259858215944,39.72500152689913,41.04794229609355,34.7234655841239,54.07703881072572,44.45872053054216,0.11973074831671249,0.162216590542528,29.422499952614903,90.35388091992269,84.97391639272163,29.8706669875141,28.294018492479413,0,3,20.1
T0182,1,60.15183324463157,52.49695747877755,76.24207361241686,64.77756007544683,24.767446428971454,20.89276907032707,0.10927965308327682,0.12667765833652414,27.53973729480071,85.24441724840085,73.1183811358437,32.185410332089525,27.493195921353134,0,3,20.1
T0183,0,49.38877001578069,45.452415049722916,77.83844983447428,70.62591193671558,27.689149988371923,25.024583739620173,0.05662269821136809,0.056231909430013514,26.65671686444384,77.9995122948882,71.81777304102975,27.240961556222967,30.241402059515465,0,1,6.0
T0183,0,57.86992169885403,54.02273794734631,63.169144625303545,56.655127304730534,44.87776614621005,40.73116195285712,0.060836931822179356,0.06310974686867431,24.67029072661877,87.63239443979042,78.48212260775975,31.61846203659422,26.068145105643904,0,1,6.0
T0183,0,25.313693052955273,22.39701924591105,66.9338210854626,61.906278229175484,68.82769614024747,62.62822674356307,0.05893855574955282,0.0453382498643176,32.07638897602233,69.72120191740385,62.82713399032909,30.339055498157702,29.171897340714665,0,1,6.0
T0183,0,51.26275816344517,47.87386691041656,60.36287630422743,56.491231170683115,41.50669672388844,39.13582492474362,0.04496994601925983,0.02561396835839131,28.16732489802441,80.18779074847028,72.3504751474357,33.65558715247129,26.58696300861591,0,1,6.0
T0183,0,69.03935567287954,59.569938290622446,68.08644782710067,61.74656060814147,57.79353421371743,51.48658185261642,0.11959122233682228,0.10047131952691135,26.443675561260534,90.21918191684072,84.41915913821109,32.874057159056015,27.165611549036644,0,1,6.0
T0183,0,57.9412249068861,54.670885653026055,70.67850238359961,65.65198252307911,75.38609736131028,68.69205323634198,0.02686795628410303,0.04509043257127106,31.213658418452596,88.56270404998311,85.93904991261212,29.381129287484388,29.174283005931436,0,1,6.0
T0183,0,21.066255905233994,19.724038086479123,62.57909137181549,59.994186475492924,56.38476860578323,50.66388192568056,0.030264143451151703,0.0773019580765993,27.188753371098567,65.77825318257982,60.77479205576717,26.219536153734566,29.993450144489923,0,1,6.0
T0183,0,23.503069648470284,22.51265105383246,59.626468640534895,56.25628071408716,20.31301310869714,19.687787107292525,0.02264151148164199,0.01739180129629425,28.2558121466813,66.75152972415516,61.7081229172892,39.46719308398681,26.279896336466372,0,1,6.0
T0184,2,74.73783361913982,49.035376856508115,34.3693896758962,23.777051802778235,25.310131870711018,17.319000111405884,0.5097074414685403,0.4053109243475854,30.959174256099484,89.11729453915628,83.83362797814382,30.965402841884018,26.46869523547611,3,2,16.4
T0184,2,54.26715272106149,45.923926411140535,22.58357608702394,17.646008624946198,65.1151163239514,50.031260596765435,0.11319723533781838,0.24743516672180751,26.489766734067842,66.75414430218056,65.31012856956151,33.116918758965376,29.675157608644234,3,2,16.4
T0184,2,67.38114108928475,55.00749011666557,68.79261640713564,52.98379958908512,20.626223798262593,15.868067479939189,0.16461149038191533,0.16785685357931018,24.020274794806227,95.01909003216795,86.0771875628519,34.650436342717384,30.44505053251761,3,2,16.4
T0184,2,43.37362446202198,32.37848035395435,62.88487076347111,46.36549121963444,49.89238167670722,37.24857546076113,0.2472815419185515,0.358567386818035,24.637033535951456,68.31022240341323,60.85788417367392,30.93003759307507,26.56885978215586,3,2,16.4
T0184,2,27.3135717488389,21.507538599058357,33.788080286311896,25.028056344915925,41.8987591148218,29.19743217946473,0.23049665918651707,0.43075488067244505,29.194813824939327,81.43755249092753,78.32187109486532,40.17514236583351,29.342952819942028,3,2,16.4
T0184,2,26.6990676249551,17.68180946120127,46.12222047884447,28.35451059208677,30.15461928108488,20.15946916131581,0.3479879755157357,0.3576401711597418,33.65437822085581,79.40684725299376,74.55782749845164,27.959142848405186,27.303387661578512,3,2,16.4
T0184,2,78.67495336134112,49.913105942819506,26.821309717074502,19.26248130020704,79.96451516127874,54.54807766562652,0.4743084172197161,0.38099731731961684,31.48610549283154,74.30365850920718,75.06581742715674,42.133204574240494,28.64661119155132,3,2,16.4
T0184,2,24.484312557342374,14.69290902128606,34.21096686445864,25.530480935766384,25.649505789884238,15.285627032104323,0.5414846436025829,0.4427257626675917,32.678031028851876,88.7743542357318,89.12197159328667,41.25962332921467,26.138914478943214,3,2,16.4
T0185,2,39.95846284945693,28.41896216366361,70.3757134500094,49.64563538865193,29.072071874348907,21.006040312104965,0.32456924840479723,0.33176997042721496,31.688371671051087,89.42826480265607,83.3859712148558,39.214077563688086,25.505216585354297,2,2,7.6
T0185,2,23.260059775673405,17.519188249491766,30.124445598348064,22.19539996203477,57.79258167957106,40.473682802959566,0.18463021815448086,0.3122069585735889,25.460189910026653,60.259617769553756,63.259617769553756,38.754795140107134,28.182327504212054,2,2,7.6
T0185,2,72.64076637638168,48.03297915657772,38.46099546127192,25.461354638860712,30.944723545217066,19.91008461569169,0.3662254252369896,0.3760041028374872,30.877536084678802,74.3707112564626,64.01138384049864,28.87647247212117,29.06519952791469,2,2,7.6
T0185,2,69.83985304206058,60.36628050743446,75.93086420610163,62.27240800886285,31.85786777201436,25.150489271669635,0.09151343392066615,0.12410328354436104,28.96955703600743,88.76646252063796,90.79178741097311,34.62600997136339,29.81033049598568,2,2,7.6
T0185,2,49.11155799873137,39.78769636201637,77.70936923134673,56.757599511750655,70.86128928064682,54.23939095038277,0.13135745633464035,0.237469356594749,31.169724272834443,88.15364948990529,77.98109094287756,35.41133590322691,29.31637664885201,2,2,7.6
T0185,2,28.805866465115347,18.107867393768842,38.94682932009039,28.46045636911125,21.423903691983803,14.021479689017186,0.35821316191928476,0.3640572838356907,29.326676608744666,77.35218858594111,77.65296386991753,36.411226405329565,29.06406843505475,2,2,7.6
T0185,2,77.84989880942214,58.68008271121945,35.715718626344284,27.432235286955567,39.70421394245462,29.020054086664807,0.30659767695386897,0.3964492737607236,26.08335451311168,90.94732414484992,88.83676727865654,31.895722956896492,27.362759775243397,2,2,7.6
T0185,2,78.04582076520221,57.09788552358,29.200071144701603,18.918732638857318,41.324210835571826,27.79144342026566,0.36410164626437436,0.4813782936785602,33.630612112505,95.16995038138333,83.68606492331017,28.466398663488217,28.361408082526427,2,2,7.6
T0186,0,44.04037846249197,39.404100900148016,47.2183632698094,43.7128033929216,74.66023329544525,67.42340977197182,0.05956350430040539,0.04858696887484381,29.452425005217922,91.96482493283914,85.52499203844803,25.52099134033776,26.00205471956307,0,2,8.3
T0186,0,50.10353808099261,49.57713843968224,42.81820252374191,41.838657762000366,52.39736397700866,50.20774351247903,0.0051643553428854325,0.02447370798881934,33.532602148983514,62.04784429765356,63.20137178429431,35.31595824623872,27.692645752586593,0,2,8.3
T0186,0,38.146409016730374,37.190989695811865,71.05426564935445,69.65018685122621,62.98691944865237,60.77616408265398,0.01908612295216382,0.03372935745616551,30.654495674566732,64.11687068908807,61.00398478506885,42.18549100978838,26.069442824740303,0,2,8.3
T0186,0,31.312961161733124,28.929428736649776,27.114594555660908,26.86901416002718,51.55374636777732,49.33032208563146,0.0349499167405391,0.022548336575486515,26.98109297217625,74.11945100642617,77.11945100642617,35.439104607513194,25.580243123302086,0,2,8.3
T0186,0,41.748214153884234,40.185879248060054,21.26156360996027,20.13351244916112,74.90742595519826,73.34688491960662,0.018560256465765205,0.01152626839091982,29.092030377406367,85.64482392208491,82.85616473768391,31.382723655859586,26.17429041199207,0,2,8.3
T0186,0,24.577569976631988,23.870607989949917,29.309655130042362,28.77857661119536,35.87426199018533,35.172535561424624,0.022016372973641934,0.013586368097907026,27.081006718486154,89.52086030635574,84.42046093117163,26.591902873901706,28.162088145580483,0,2,8.3
T0186,0,42.352190407147376,40.309829058690575,31.754082403563082,28.77523045013566,68.78569478009788,63.070709816211284,0.02743513123170258,0.04137211915091992,31.825884909340047,79.41799067523183,70.14913914757587,26.504870850708215,29.4545161719499,0,2,8.3
T0186,0,20.829315963993558,18.769067819486484,45.496919401112024,40.56743289838174,60.94827447731862,56.03255628044168,0.07341326449101482,0.06742118444115197,27.98706598508076,79.42753217411867,70.903720674564,31.86399338398839,27.569491700093135,0,2,8.3
T0187,0,77.66948533554466,74.89768767985893,75.51116616488022,72.9818988672125,50.78774421746094,46.946141713245,0.01878612909334561,0.043772892074165876,28.204502876844305,94.82794153543198,88.44668319538935,44.16136709819553,26.026031299902645,0,2,14.4
T0187,0,62.497633263724445,52.624380722856586,28.14669446050903,25.5468134683417,23.39488303189465,20.95986237776861,0.09673776491253924,0.07309381138180791,30.523653857962422,73.33809355731215,64.07493832467372,38.96021539637783,29.0042550114725,0,2,14.4
T0187,0,29.603864679412474,27.757092952201962,24.288296477095155,23.250541491328235,33.530464726144146,33.25942341873114,0.0358250101697546,0.004702770460935021,30.799918967818687,72.08232693583653,70.54297534965588,38.11901824081124,28.079237467360855,0,2,14.4
T0187,0,27.250267685735956,24.052792608296404,65.19603137289113,60.34129427280001,74.6894608431846,70.0148467228053,0.05618721202801403,0.028866953110556114,27.695822009361915,86.7013311942557,78.8941790279885,42.93618599802098,26.508287505438766,0,2,14.4
T0187,0,69.59802492586213,68.7192394146455,22.37380036208035,21.738023874834283,44.60177819361756,43.63859823274349,0.007540661672532451,0.01631961149834927,27.70267954375328,81.22099394694621,79.81288042676607,20.138811328576736,28.5751667782864,0,2,14.4
T0187,0,35.7263991006116,32.673336783274955,35.93719844619952,32.57922623456826,36.28928177034577,32.783957228412675,0.07273373997565276,0.09432967417540812,32.305587358615924,81.25669552059202,68.74846604268353,27.0736534790077,26.970886419566504,0,2,14.4
T0187,0,41.80187081436785,38.37297531929448,51.11250089577808,48.87630244587658,32.34924639710984,29.080422869455973,0.05556251349371818,0.06841154351232367,27.76618993890999,99.0,91.36644244072562,35.94133287862927,26.760617735567635,0,2,14.4
T0187,0,33.49408893125485,30.98372977067622,50.20164210176944,47.38797452693788,29.113154222103443,27.073908834308472,0.03647550111042445,0.04499430483747282,24.681185806917288,69.33356664118531,67.03585401439621,28.10181727188373,28.76788431924547,0,2,14.4
T0188,2,67.57014415596214,61.17731494104776,53.02017221195153,40.96792311559226,47.458860017023724,39.24213644683235,0.05990999676037765,0.1558192091563253,26.01999460427887,93.89083802379453,91.4342700371158,34.16259037545103,28.059003434328506,2,2,16.4
T0188,2,62.74516082917039,44.889384060833024,57.64296349396102,44.429437169200625,52.21118769992308,36.377590272446184,0.32296067366095904,0.25063145311658475,32.026370207544915,78.56910080241423,74.79739236945962,27.33472836012475,27.44589002913452,2,2,16.4
T0188,2,35.662010559160194,24.565638342793903,57.19910425798252,45.12674901416821,79.93473846297215,57.191009027768736,0.3237353807024124,0.3065304375945612,33.32454238066296,91.01166740820653,84.46200952121058,40.77733312358345,28.141997878421712,2,2,16.4
T0188,2,66.66442884857852,50.16753483524767,69.8340861664929,49.021230521609425,30.572378431343935,20.93541576477123,0.20653777340582197,0.38412329767495634,26.18415882495325,91.70090289906359,88.01575133253641,40.45544206767423,28.60458919694416,2,2,16.4
T0188,2,21.087964349902958,14.985641999378354,33.453219525489764,23.896926846140094,49.567372212817894,33.48967861738809,0.4037947990822608,0.4891772678401029,30.714125047823867,74.7605723851868,69.2194923104507,23.575589161191004,30.038603682921856,2,2,16.4
T0188,2,79.2656482680701,51.07075466524803,75.6808716276202,54.39339399189897,22.897338045233713,14.312693085801426,0.4442546309209332,0.3974379741633512,25.177694860200003,84.37890941678955,80.01062357202362,42.26086620631241,29.459770813181535,2,2,16.4
T0188,2,46.7252477709102,31.76719581127294,22.324353381086123,16.755969942197734,57.9659986662137,42.01527750707498,0.23836495608381597,0.24062978618258848,33.13463555213852,95.82468889004741,90.73181540204295,48.336277261945625,30.15177419020591,2,2,16.4
T0188,2,76.59150682573136,62.87570232140615,57.954221897546,47.631871520288186,47.76045395373193,37.55786574936396,0.1930056750517323,0.2007185836821316,28.006176147423744,91.8398445567071,83.40682205685398,29.70786447108638,26.878238234206087,2,2,16.4
T0189,0,40.93880990108429,36.77934422035228,25.155787967802258,17.910564889781693,75.14391312021652,62.56931954322281,0.06209995611653823,0.15242705074093318,28.12376136538309,99.0,89.9695796920195,29.95837741154483,29.135085221223854,0,2,11.0
T0189,0,59.34669434493422,54.21340513551744,48.88825264390724,38.42268934591911,36.77916079855362,31.01958222412732,0.08740029901080902,0.10563528998810105,27.09437326075413,73.23646086777529,62.8111742531417,37.68946838973595,27.408053402614392,0,2,11.0
T0189,0,42.006661922701454,38.490122061604154,37.565767406504335,33.39852840275681,75.18912130267051,64.38967021062025,0.046504182060405776,0.09601832712404715,28.896929504139262,76.88234589189334,74.56908280580258,41.94165124499776,27.612003506896773,0,2,11.0
T0189,0,75.17930050043503,64.71986757620242,76.00516482794477,56.64164576253654,26.30190728073408,20.972344389890676,0.12142761055614155,0.2656064266249339,28.981116862928296,85.29464197622411,75.86139531954754,39.603605115214165,26.552068044106733,0,2,11.0
T0189,0,71.46277896726136,62.85152704844955,74.25797180153086,57.150967757708386,57.601218012162946,45.67191923038508,0.09154667880229324,0.13664142293963066,24.78023805525958,87.97820946794508,84.03737719647344,39.95693348302618,27.55293648141413,0,2,11.0
T0189,0,69.19116199827357,66.85838631793924,77.38703477724366,73.2931116684564,53.27983123783449,49.23879514684117,0.021586332386880968,0.044961617411669694,24.100976795884815,72.56174668320944,68.78977453635505,30.232875888978732,28.30279993210818,0,2,11.0
T0189,0,20.675046745936086,19.14617034149987,76.06313851454168,62.158492069147925,49.032850426450565,42.840901101916124,0.028064298069410524,0.060676729855457245,28.76006327210621,99.0,90.70705164059743,32.19023056192183,28.504992919318987,0,2,11.0
T0189,0,63.634202329902685,57.06112177994771,41.23305464852622,37.84059862777982,72.77454541069729,66.15710799069197,0.08293752548872986,0.07751225510975332,31.79798316743565,91.21264458097406,82.45912072834902,27.692084901022245,26.17057221025438,0,2,11.0
T0190,3,62.0736241318876,30.72783149968853,59.37171188703553,39.28091995140058,65.41009312958914,33.15507786192851,0.7362507326627548,0.867043171874117,28.911757657342978,70.8536329916219,73.66907446299706,35.443357623994366,27.337109272753864,3,2,12.7
T0190,3,20.86267003906453,9.057419279766767,67.24430986883333,36.14681918689446,29.693192923187205,13.755684859855563,0.953938495839109,0.8921269975062431,28.36886112565931,88.2791890430042,87.93646970729534,45.28265690817178,26.882807237234026,3,2,12.7
T0190,3,63.56400225355788,27.34233621849146,23.133842516558907,10.729275558536335,79.6836905523746,33.922724658688644,1.1926398620301737,1.1356348642595588,26.87900397155122,84.8650172731143,73.62186346818905,45.567182554296,27.174833336192414,3,2,12.7
T0190,3,45.764289072118004,29.010528603023424,59.13960968044535,37.31837910892264,58.37518520764777,32.13723696536291,0.6648043670083902,0.9866918278677798,33.63706709353555,95.6757035722382,89.94573738307307,43.43952751076361,28.314256546339262,3,2,12.7
T0190,3,66.83523422107412,27.354017556679278,71.07133175063794,35.55913103904642,72.73899090926241,32.389890487320635,1.5523052795079177,1.2502260476992106,26.87438877469736,79.26170173875704,77.08860820491799,31.17755928754656,27.016577753392205,3,2,12.7
T0190,3,66.04496208153026,27.633672209855316,60.28900145736951,31.618589168549217,72.33214748599971,32.661321629223835,1.5659493235024486,1.6694226623259718,29.376183874888643,88.18021112816727,79.498633210424,34.12930011775801,26.94349539504822,3,2,12.7
T0190,3,43.13399731641135,21.467894262811708,32.777334246275345,18.89997371937258,49.184478921907434,27.554397513191248,0.937559679384083,0.7420787802878157,26.155020125574087,71.31017340230011,61.936979441067805,25.031408981853858,26.2563817500219,3,2,12.7
T0190,3,48.371289356054135,22.862241621345945,77.20892659006427,39.43811005135404,44.017195713806785,20.965760720437785,0.7984126000564714,0.8347484979775837,26.014304024835273,74.02769698593532,75.04947844350792,27.6994596861424,26.410577444389602,3,2,12.7
T0191,0,62.781688463905844,55.953775171492744,29.743852518767127,26.164583637492388,22.184788240612054,19.82008287719411,0.06133369903724922,0.07202462572222278,29.748641949517314,85.63085166909987,81.22066030075277,29.384072389368953,26.505499376877196,0,1,12.8
T0191,0,36.26297891443056,33.898304819976175,59.20480113661953,53.30267926453691,49.636937574245586,44.62096205405659,0.05861400501696215,0.07413413816834645,28.534517248753346,89.85354223256455,85.08408682450916,27.845136213765375,30.00754699684884,0,1,12.8
T0191,0,24.182743774647705,23.777781527220984,43.48592008154655,41.17106779095803,45.286296173365955,43.20995455925562,0.013487005119848757,0.03015424747578492,32.404754244924995,90.66787631906075,82.45296626746858,37.33635718758734,28.0995660191549,0,1,12.8
T0191,0,60.507646838402806,58.30425780237525,65.64044717520622,60.51952744391594,71.08850529603545,66.32199332575993,0.02222171408634717,0.05481743481413859,30.91500675481146,81.48214188318137,71.24954142069382,35.11514643222683,26.400695675758982,0,1,12.8
T0191,0,26.39320980993572,23.59968043424991,75.3896948586339,73.3423763933308,59.82544782033257,54.89550604451469,0.08965828981083276,0.05591537501528862,27.320232300865346,78.67402024074823,81.31121691209036,34.5453212309989,27.544293242851122,0,1,12.8
T0191,0,26.953044682585805,24.16436384295698,23.36838488979585,20.622780382897666,49.272305707730354,45.24474145445733,0.04732322984710408,0.03219585371446856,24.27572282339872,85.95645584687142,74.90898913675169,38.13865007834837,28.156575142719994,0,1,12.8
T0191,0,45.6950556364483,42.38462517021088,33.848707998536064,32.99482863361474,25.757689078346317,23.195676721343197,0.03180344779229063,0.051811543739387025,24.167296930684138,92.61738705193159,90.09702713741936,32.63408656386773,25.594139431030552,0,1,12.8
T0191,0,72.46911568711752,63.24269477494367,51.96374590294077,48.1127615279535,56.94737978495519,51.757818342637535,0.06869928957611379,0.05297396435561052,24.54277288257438,80.83794941499944,72.62584187337765,32.59446571381265,26.80375502158982,0,1,12.8
T0192,0,49.24744816024435,39.60815874904352,78.03917537293853,69.7989672060261,39.74623059690049,32.98557255823013,0.1555901813741581,0.11463035812038894,25.273293421736895,79.40058037053855,77.78774739920223,34.505789684208885,28.537200590978305,0,3,13.9
T0192,0,59.507601047985936,51.42452323702803,69.2383236005827,62.77950605709937,53.768825736823075,45.627660580308,0.12997805027304676,0.12577865369150668,28.14318509366611,84.36024089305214,77.19125207231872,24.697944768284852,29.90499160101938,0,3,13.9
T0192,0,72.95052503796576,70.13090473782391,72.38263130270488,69.54063609627943,53.22274053729754,50.19855235386013,0.029734874298579187,0.03826045366904724,30.945246417906713,90.2690680747698,88.77788732837088,38.96888744612095,27.99546305940759,0,3,13.9
T0192,0,47.186690252619144,40.956090957472554,32.529508353122274,29.65127303287881,43.671158437674784,39.31917062581285,0.06986334727176205,0.06531960866118623,28.74382156477389,76.68563577239469,68.13158186383535,36.63523823285269,28.687962889086997,0,3,13.9
T0192,0,33.079731720254,31.13469094737478,46.97028492595288,44.50397507936713,56.10110060000551,49.81866602031945,0.03099147785088437,0.07184275222620297,26.62577098100744,81.1980962054597,79.88245351002197,35.2166406904204,30.234703349074785,0,3,13.9
T0192,0,38.31321199633129,36.31522436848194,62.627342565766334,57.40762979895872,75.05925912576603,71.38058479307567,0.02193937052951794,0.02504329251812615,27.77632223340036,87.29206867965995,79.06181022505763,41.283650477985205,29.895998451718366,0,3,13.9
T0192,0,61.5988158983115,56.699049628045614,27.964903362205675,25.240351505492345,31.560001315520523,29.776075028611768,0.05926463591016619,0.04007045437479159,27.951637476566216,91.04545943066049,81.95011845615991,32.97054068969265,28.67154563454822,0,3,13.9
T0192,0,63.2729298126755,55.220672841895954,75.63569758391642,69.9908813887464,64.43889280663541,58.34322828463456,0.06717564438045875,0.06847120145491312,27.57462632636254,83.48392471752335,78.47061994175299,21.287981543858596,27.567352317655505,0,3,13.9
T0193,2,79.36124198503599,50.974905437314945,42.76505848210246,24.788832225763414,57.646274596139754,36.00599331419473,0.44392503396734917,0.365258013082411,30.692130326475308,84.2583905115377,81.28843397468268,34.62247985591941,26.5251403980315,1,3,14.9
T0193,2,76.69326525169737,55.38385962859035,58.54676470409038,40.57817589656603,53.40939213185028,36.193750347816184,0.39847450122485106,0.2877705535639384,24.321536085866697,88.80954930478501,83.16193477835581,30.97922297572935,26.143102369883998,1,3,14.9
T0193,2,28.89385801501956,20.26829702861654,63.490100967811195,47.5990418546824,43.33478690212439,32.462330028263864,0.273119059409776,0.24561712010682127,26.0859566916958,82.78921268138279,81.42977950750168,37.31809109467374,25.9420593832179,1,3,14.9
T0193,2,57.76683182445156,41.75503489410067,37.20686027146927,21.984272807305686,35.194889711192076,24.190245661998958,0.4749812602363339,0.4515294960757285,25.672174421737502,92.81091788113875,87.80362223436393,40.28006928686602,29.290914439026462,1,3,14.9
T0193,2,64.92149784646588,51.14823138456373,74.97961367097575,57.29983207973807,52.25769992589124,39.86000692635263,0.2399484984689647,0.19141018900237053,31.52304907926042,67.12964864751495,65.61002089530044,41.463961007155795,26.00639348752791,1,3,14.9
T0193,2,51.7546711710827,32.01176658093296,42.890748882655565,27.455464707217878,25.82410745583055,14.336074760122859,0.48727019326179,0.5739646136768054,24.877119446404684,78.80717945293522,73.93709712079038,38.648631059269306,26.564122639591826,1,3,14.9
T0193,2,59.98992580459923,36.14468593777298,63.666113062428856,40.659220576633516,37.3863695439254,22.845114560992492,0.7162562441427344,0.5372724537588329,32.17388889104568,74.11047524681094,72.60281812413072,21.985736312987328,27.538671089981605,1,3,14.9
T0193,2,62.41247857755075,41.16506660074965,51.42945239884097,32.89738051385174,70.20026304003919,43.19745167999714,0.5044720484286787,0.5594643553207889,31.79254274828246,83.25526381705797,71.7525297693161,33.04758879363972,28.43333651219946,1,3,14.9
T0194,0,50.699391560301336,44.79888450942669,69.92696779146621,64.10735791442937,53.442721446358675,50.665965190056355,0.06177485742454064,0.03218786256381367,26.74464644285413,69.8156286801036,68.4930375992767,25.483295259475568,29.193240177211926,0,3,13.4
T0194,0,58.86449778680343,52.577429850869585,77.48220550202834,70.43160704748479,23.60709581869203,20.689800788838475,0.0765298369173758,0.11588624258593301,33.69680320136072,85.71848619400812,78.31368194532783,41.18485996710719,26.669121620681693,0,3,13.4
T0194,0,69.7987431931981,64.13751784746661,55.11439986155129,49.89839510583982,42.921836820012786,39.50302283356191,0.03816416332138505,0.06267085306602523,25.21026339911426,80.7126960491214,73.11583751389328,30.299245567098982,30.38427721860706,0,3,13.4
T0194,0,20.015720424863623,18.201166162339792,45.63629327588652,42.152824666351414,28.44694792336235,26.728062552006005,0.10213976954538713,0.06012473630387628,27.303643224147127,67.74427282084828,64.99005636616754,38.463342643095984,27.05714807596568,0,3,13.4
T0194,0,77.8172545704447,69.3190639058923,37.98576248889121,34.79227980217084,23.517616819769678,20.372634681593038,0.05235618229381502,0.10678825509348956,33.85344973461873,76.60832819566043,70.64732851743638,31.090286146078178,26.392268699047897,0,3,13.4
T0194,0,30.366723524361987,26.393660399303684,62.977204267126034,55.72280948823613,22.53160797427811,19.903565026824772,0.1083567516596756,0.0696467739099985,29.9465626109779,71.03878200516418,62.19572456511938,26.283219676358076,26.923447162763544,0,3,13.4
T0194,0,77.56034747688554,74.5939734140298,50.72810298650227,47.0994968307774,65.04313009461131,59.8017194970827,0.01948976131394608,0.04806687158004166,30.936083521208147,83.12461114912539,82.14986897256503,32.09323908260081,28.584625208162787,0,3,13.4
T0194,0,21.72623712810711,21.75745553134044,70.0248306527104,71.7543520609366,20.781422393563652,21.327031309713835,0.0,0.0,24.22990632344068,75.21021871475273,77.27955825155765,24.263893503238723,25.584765008478,0,3,13.4
T0195,0,78.71683734603748,75.78961235505952,32.93452667663077,30.831659271618932,27.05933496379373,25.85824075346054,0.021541515490688307,0.019336651051709286,32.87871725790772,89.06951072510161,84.59857778090792,37.348910327492696,27.257517628266445,0,1,18.0
T0195,0,31.260016346622262,27.943345697755248,36.05548855157218,32.60596491778514,54.696586887319036,50.42112574292754,0.10605910273083557,0.058071053034299186,33.802262357101554,96.16264776399424,87.8362682529634,27.19188736557947,25.704067368800395,0,1,18.0
T0195,0,60.20932115086907,55.8292771976719,61.40854366547516,55.705512111843035,22.682211461989418,20.084383118006453,0.08163401607866347,0.12943136472796607,26.34387602396706,85.99230421612062,76.36631494255035,30.817802403213765,30.33991348680374,0,1,18.0
T0195,0,60.93478061928142,55.29458441211282,31.78487796095396,29.69220523158388,79.84023289004364,73.75194896890856,0.07564292377501357,0.07317752712038757,29.295504347304533,81.63024471569855,77.2100342603876,32.511847761054426,28.929534113299415,0,1,18.0
T0195,0,60.938951455506334,56.47843562524286,73.10610158004037,68.20913744558338,61.39804884942179,57.1619220493602,0.04343137886230125,0.03194290499987878,32.49725017388249,76.84249562828232,72.76374000768226,38.63797956548456,27.190304937562598,0,1,18.0
T0195,0,62.029929529277,58.475193712065526,67.30177465912661,64.7477641913865,70.41361851627356,65.76296236956496,0.04095625243330218,0.05767762343942945,33.077506423605726,83.54134250383255,80.28246777686662,22.49511505749436,29.470908777489928,0,1,18.0
T0195,0,20.67685692174576,18.771518751852632,30.07087681300749,27.648144146045734,62.344000416147416,54.96533814133429,0.0717903978966198,0.09184153476204927,30.239115599639902,94.14706209244811,87.44676412650767,25.694545661855138,27.095915237306926,0,1,18.0
T0195,0,31.435436149477813,30.574979959448754,25.48004717066287,25.913444448200046,30.821432471765572,29.35289135794139,0.012738669353358897,0.029113526160352194,32.67187562636451,69.56733162327714,68.2553175209984,43.43971262434795,27.509975516386064,0,1,18.0
T0196,1,32.248972116353016,25.73101161944118,69.6824236894547,59.71984384904355,25.23829328014134,20.011652819183077,0.19455054280634146,0.22763766561530382,24.754422012950123,69.70787088554034,61.40673022135363,33.35296482808614,29.00062240449841,0,1,6.6
T0196,1,60.84813831149958,50.0610107350567,76.59164988587781,68.63632279946025,25.371398527462574,21.668511900584633,0.21277212048572547,0.16794166465694504,25.66884792845179,79.7588341183006,74.34536852476762,33.80678571594963,27.3623329794791,0,1,6.6
T0196,1,78.22709938176905,65.38980363644237,66.05996965396639,55.08130313695013,56.619561428269805,46.35040574220649,0.15462930538550854,0.22113406312235961,24.680463183583335,74.38610622831078,69.22626847110025,31.110025458155413,28.502745266931193,0,1,6.6
T0196,1,44.97984784776068,38.11815948472529,48.23471560612232,40.98544724855459,66.79381475311226,53.79266844618469,0.12422436557238291,0.1862695886302676,26.192369085628574,96.61283745907306,91.254461332451,32.478642247467945,27.1319861217383,0,1,6.6
T0196,1,37.19420559549617,32.841548359167625,38.87979681434318,35.14355660136846,77.93441257824671,66.92936802125612,0.09560147091590715,0.07220640424906158,31.961328059793694,79.11645655899778,75.39043041249424,31.358125635461796,29.672568588128456,0,1,6.6
T0196,1,47.72621543617575,28.916102687696853,53.60555355162292,38.51868850499862,61.91043200832329,36.72823948080502,0.4397107966051945,0.5353071258241434,25.808648006534433,91.58362339259638,90.63802072534438,32.12332997549602,30.32913845604132,0,1,6.6
T0196,1,31.998991665545365,29.37499171969398,79.23830598176289,74.82265260055239,22.373402971759614,20.70100188431939,0.06268123217142064,0.07110427918125868,27.238046957378565,86.28068265255361,83.27247146310532,40.30560633466069,27.632521593659234,0,1,6.6
T0196,1,31.834431616706432,25.129488328952814,29.680665472941005,24.747239337663988,64.30259934743079,48.66899495637218,0.14246261686751438,0.21283010774466074,29.452231973102915,99.0,91.69429058147563,32.013496682769514,30.418177403826384,0,1,6.6
T0197,3,52.18931285474294,11.556347891868153,29.05135480466992,9.740826031878044,48.14213918025198,14.800780106886393,2.7180048077157153,1.5971379884492907,27.10592420117394,71.96140945489596,66.903050495822,25.442631976842943,30.147415711929135,4,2,18.1
T0197,3,78.07485852468817,34.958333642051265,79.67343262792483,44.14397477779308,67.47608719513477,29.41683058122001,0.8630585684806702,0.7797803116703347,25.84927431678502,92.35397200148077,91.75484949404687,36.37422159184997,30.224234529027612,4,2,18.1
T0197,3,34.78413027953798,12.824471747518148,60.83084968121612,30.191137114928516,71.24917576932768,26.674013074547567,1.305593351105299,1.6890875751232401,28.50951317924229,71.11227920251206,61.929949002326744,31.25192825879699,29.599251527749647,4,2,18.1
T0197,3,36.194743895467425,14.298126578938607,33.508894200428955,17.135315959032795,49.91608537826782,18.75173203741785,1.0484016998021493,0.985120625432116,33.64927791562332,86.87303873092931,86.49081337571697,37.859272979816836,28.418216929565624,4,2,18.1
T0197,3,64.98093017561763,27.378902893201502,22.067799647468686,12.16167836914647,52.674504162160275,23.071723290106025,1.146925610930764,0.845824237789765,30.858426790382993,75.95443628246619,66.8701986770999,27.991289511516914,27.446431679515207,4,2,18.1
T0197,3,34.4065552551059,19.27150442607438,36.42700937078297,22.345621278754095,28.71720174685776,15.696184428115325,0.48585811471946744,0.579019058159228,25.468904164659858,92.72142739439523,89.38642135574442,33.9869218436718,28.853922196245794,4,2,18.1
T0197,3,33.886897823485825,15.87898948822373,73.51905895025862,37.81340622364852,50.1175603531245,24.727078371844286,0.6325937233536847,0.7341372850714636,25.334351208579893,84.37881440951645,77.10674320018296,29.678735631630072,29.641096165310724,4,2,18.1
T0197,3,25.313609724226755,10.60514667845788,38.71006968250709,18.58750267798228,59.96755100190207,25.435849013426694,1.224978947680939,1.8792887397767903,25.76779490178156,78.27688851313715,71.01932045866786,22.11381500592061,28.297315312975073,4,2,18.1
T0198,0,73.74638164379331,63.23010329362652,36.550032893888186,30.083564744031246,43.76728752155277,37.490777872642724,0.10074332144539486,0.10632586635761533,31.50239367885837,70.17618781863557,68.43655613107067,25.880046142431542,28.629341375935415,0,2,18.1
T0198,0,74.04317231966462,68.33046905978067,53.88702863229777,43.60522280021041,60.0128230506852,51.67609744005028,0.0393289754009049,0.06756843372432066,29.452459338993297,70.46758001339899,72.13354402066612,37.59733014887082,26.80726174430466,0,2,18.1
T0198,0,31.81031421808047,29.129734169996603,48.62708691894349,35.34443050200736,77.86339665818514,62.179905888731724,0.06013562558129798,0.15424886858189266,33.17582370429683,92.01409042961146,85.8233329558007,26.90003372856376,28.216677964343894,0,2,18.1
T0198,0,29.57039870242094,25.95886641941631,27.85272938176949,19.64934959931464,30.011189211024536,23.948580718736768,0.08606199718924104,0.10963177457851855,30.729314570966928,77.63232654153734,74.43655860852057,25.74424228078978,25.754811494388825,0,2,18.1
T0198,0,57.039337524910195,50.45987195330919,34.570383571396206,26.51295908537429,57.9724796324142,46.84667541394934,0.06851612443384714,0.1372013221926322,30.053733849736577,91.12892743655168,83.27578150329798,23.09349810408235,26.61371607284014,0,2,18.1
T0198,0,70.20569032277032,65.04962440277555,77.80501002789438,74.38186744803764,62.05814812877995,58.992301408861024,0.06819278904828263,0.03673162616381963,30.115743373266387,83.81519494423665,78.63240373513018,32.9463401458022,27.89508954354814,0,2,18.1
T0198,0,33.35983675244796,29.765447815152402,26.17717640781325,19.24165802781883,23.592076798960207,19.68442282216262,0.08984889963447901,0.19336832104244528,32.67897249224772,99.0,86.54771600262033,29.20332340463791,26.797321030306932,0,2,18.1
T0198,0,59.83997230019385,59.267814285287066,34.27933193806925,32.12737556730389,27.639575599125017,26.15094848803082,0.007833982598911614,0.05050582870596885,25.48297786252047,64.63034553771674,60.781568917598676,35.593475351851794,27.828407622457913,0,2,18.1
T0199,0,20.90179646701425,20.213844888424486,50.638089505650726,47.92550550123989,27.72395438219908,27.037676536241147,0.0204588638517317,0.011317259085360134,24.291656626964468,67.87815875984819,65.97856715019277,19.688859634861032,30.244996192477856,0,1,6.6
T0199,0,31.760234533190435,29.337019024332395,43.187748471997196,41.31093051824705,79.13625725843556,75.83068405192408,0.043414554406930136,0.018378425555610246,27.07014017444363,71.29560635543248,64.93955239988871,33.04736220521419,28.27036885415786,0,1,6.6
T0199,0,47.4149449201736,46.927079923246914,29.71664497866685,28.376825540827497,24.930621769040116,23.282604457323412,0.008008541876444017,0.056474400125463745,27.597035177454153,64.77071787106223,65.5425875338062,29.575100331044357,27.271870617128535,0,1,6.6
T0199,0,63.04919847166511,56.40004432056037,21.809953142332407,19.818992377329003,73.7436393660436,67.12701202426456,0.07182426985265672,0.056393569009860624,25.010535115755445,96.95601562046674,91.35754685122907,35.90114533400127,27.129343313095855,0,1,6.6
T0199,0,53.50431884159617,51.86081249177421,36.83240177029243,36.69617491391846,66.795126634014,63.90332227480108,0.018596727060671607,0.015511758804205397,33.598298832589805,70.64474566952384,71.0616035106906,40.11695721445756,30.03726827667019,0,1,6.6
T0199,0,65.24237856185782,60.07940841212884,73.03568332714038,71.78390765406567,23.912793565868046,22.954931321980638,0.04632629038289029,0.02805427152151108,27.463502913493347,83.58488255544908,84.15424615469934,37.05316398294124,25.789526278423896,0,1,6.6
T0199,0,58.33265594488728,56.355279476887546,65.43103198142109,62.16604992587545,52.20020565591054,51.48679047391446,0.017776575752724066,0.008468525164968774,33.03131983022741,88.15046357442866,84.05501358772031,41.91806251355226,29.154204319560208,0,1,6.6
T0199,0,77.6379358044216,73.0326833351812,65.61951958181209,61.83471750530834,66.90269959320685,65.69209390886563,0.03958931309923291,0.009169705971981013,29.09283038038637,88.61218383520307,85.6581240549914,21.637463654940067,26.77244099575808,0,1,6.6
T0200,2,66.07265460533148,50.724669349655855,26.87178031009995,19.073663861376676,69.44348552430395,47.9893766043646,0.27407779834042284,0.5135949096288784,26.13622475871619,83.29403040245082,75.67676907703883,24.131453364442088,29.46749734575465,1,2,17.4
T0200,2,44.7681757570099,26.559441720201814,74.48919664509371,43.54493419839389,77.70886804193094,47.52666379287838,0.7446312430883835,0.6057241260558377,32.722251453786996,84.5829936471444,84.57531917517139,26.77735990060097,30.25045234731203,1,2,17.4
T0200,2,25.70613238024819,12.959142041258762,60.56591530099821,39.68465806264833,73.58158031487528,40.61576210067517,1.0854538887498044,0.5080020783449078,32.66395532599617,93.37551096371219,87.78394675637009,41.46821775267841,28.92107134816277,1,2,17.4
T0200,2,33.26997918033506,25.39474765397559,35.85353071757823,28.55029793086079,73.42147050057855,56.29699262640234,0.20839060238077622,0.23998233280595652,31.312751038287043,62.83171442147873,61.50728359197255,33.79925090280897,26.41335477374831,1,2,17.4
T0200,2,72.64877031624181,54.927896517656954,77.14487335515165,58.01971030726304,30.206835947526507,23.48047159788803,0.23123190176844288,0.19856289583409184,30.172576469916958,67.39878468954012,66.42835584311274,27.82234477771403,26.27355077859633,1,2,17.4
T0200,2,51.4169206695208,34.536098450431716,59.19912474578203,41.44841182512711,65.78838921264617,40.263861206943865,0.5044933849486176,0.7340563567345075,25.495308456006967,81.57723085491935,80.30898726747867,32.712092452373774,29.694326568630085,1,2,17.4
T0200,2,25.56844921665564,18.888922404643708,35.563241458979114,27.185180465200823,38.538518507529346,29.542995591405656,0.26824600486597067,0.28685337634435815,29.346938373132545,73.44411069716332,66.9094404297299,25.681392998807233,27.414388078188274,1,2,17.4
T0200,2,55.35769376784468,31.65494920097495,36.01963173973158,22.64725378516797,59.600351828118406,37.222655828695835,0.4763162533711727,0.3792228146249012,31.31421647829022,82.10074432659384,79.16590415271291,34.314849094343735,27.387331486795855,1,2,17.4
T0201,3,50.87836100901558,35.17573311034341,61.20107007664715,35.365847493786376,54.51043311035917,34.75850913350203,0.45005984740002075,0.4092601077795858,31.59454238620258,71.34859159435302,64.68403988867934,44.52154024908472,26.594698664776505,4,2,17.8
T0201,3,26.751712298585637,17.24422035917651,32.60532927658393,20.049666904762784,55.508340628678475,33.467742811205895,0.5318052531655758,0.6790463709094133,28.47722720153236,91.15406112867268,89.44309700705529,31.560518479854956,26.695183272086695,4,2,17.8
T0201,3,65.36456752687477,42.7937778560381,37.92612895213128,24.5988448109797,42.746348766247564,26.560238028784827,0.4845017458920952,0.5238914407344123,25.893785044142582,85.96114487026436,80.33647947690602,33.820833742548146,28.430803726934844,4,2,17.8
T0201,3,50.17703391859978,39.548022486675876,77.65096187384236,54.82994451459023,37.50643214684952,29.921285852248644,0.23995293282916283,0.21578216347819823,29.555747323573257,88.6770823692542,82.73463147585994,26.257030135834952,28.851224577167176,4,2,17.8
T0201,3,70.41156701091973,50.72350286941657,24.934006535536742,15.418999357742432,74.17688327610838,54.09948857901823,0.38330517673088715,0.282482936986948,26.511069077797032,85.1419136022726,71.87620668320127,38.67306354179953,30.116590141258374,4,2,17.8
T0201,3,71.66071933352467,50.98903858693129,31.86943013718166,21.028148281029193,43.54652414001902,32.60254536557769,0.35258442015452285,0.291950555649799,28.119202455925464,80.36124386209852,73.96643595181988,33.59722909223386,25.880109299247042,4,2,17.8
T0201,3,57.8427984521212,35.81978883602678,22.304384112458973,12.771306762820894,66.55794248537752,37.710755419600915,0.5168616559291176,0.5889669280644433,31.617930042126623,75.76037714567228,68.10688448302697,32.00305863536795,28.283193179213875,4,2,17.8
T0201,3,46.224163333634266,26.860436980503323,40.75045157344284,22.157831206584397,58.1911431061525,33.479103605393604,0.5315285714516998,0.5026783708095661,27.56044240042322,79.23417118551471,76.06734101993177,24.890981275225233,27.017132185120154,4,2,17.8
T0202,1,60.05547324298297,45.01993410570735,60.81637778774898,48.34433141639263,46.01487119111313,36.48888729636218,0.22683188535705145,0.1259692255998711,26.1742203920807,66.81944756213224,63.625531051463,29.3288422867339,28.453704953514745,0,3,17.8
T0202,1,72.22628665284972,56.4458193945768,39.4899922525109,32.38489600058586,26.61908412586288,19.648804491951772,0.15383051992490102,0.22373825088436608,28.339601825235455,82.86691744492238,81.28906786747613,33.66915783835474,27.97379388027376,0,3,17.8
T0202,1,59.51529284300052,45.911667409885844,67.92627555474081,55.81401108445858,49.01335217616998,38.45217196245699,0.19962436266125855,0.19953802374115376,30.635266442516617,80.60785307404953,79.5796968184024,30.74866957967558,27.58172691344878,0,3,17.8
T0202,1,44.592304030813274,39.65735728411508,51.43043684389253,45.477343529883875,28.413039273845502,24.77125972308459,0.07510665451671635,0.12649586603283328,31.037561268313834,86.43456647126025,75.56171143616899,36.559314980558405,27.86317021275473,0,3,17.8
T0202,1,56.83947934969339,50.92168064522293,45.249474297240766,38.624752155405425,23.63217372714657,20.563153487230412,0.07333170205867486,0.11228686708782813,33.94495256585334,63.99489817372875,61.20914962784375,34.80356162256382,26.646106318638775,0,3,17.8
T0202,1,72.00536964346662,46.67526705989543,62.57942829794905,45.54223174736545,63.00400763299674,43.43389035613606,0.2721452222986536,0.31483922753641835,26.74515909993827,99.0,91.37059078649844,31.05014574154894,28.997060310675295,0,3,17.8
T0202,1,74.71596121326161,62.269423456980185,73.47620191574423,65.94156563042388,34.16731498925744,28.750065442660183,0.1355961097097301,0.13307039139677676,25.836252156268635,78.21290293212557,76.42229843065364,31.90618605318344,29.091524445274654,0,3,17.8
T0202,1,79.65379208848455,65.1102938781068,29.42334868464325,24.412873977104244,26.262832053902756,21.97904743060405,0.1263797198163405,0.11169057821801118,33.59365238436698,95.70959677758287,83.90248852259055,31.99221930379253,29.820640257415693,0,3,17.8
T0203,0,66.7825088384808,63.21780426505936,21.819633721167037,20.11455009905918,41.0594092443627,37.55480905459672,0.04699210498682256,0.07684249857345612,32.459158898665,80.56791461153145,76.7230696275997,39.91268795096095,28.381900835377188,0,1,11.3
T0203,0,61.44117437240523,54.182092584809595,45.48985664372159,41.96721291118153,78.9598285911585,73.98782525961225,0.06583386969165204,0.01981321858250097,28.835140964003667,67.06919413594106,63.111686969920385,29.544511112604724,29.872794798836257,0,1,11.3
T0203,0,23.093309148972647,21.817372057344798,43.66527997113455,43.3477465356979,59.40972096854965,56.46321145111146,0.024102712094872823,0.03294780687325838,26.048220908601074,74.09178227396114,76.90572101730532,40.518862341263,27.294864978056765,0,1,11.3
T0203,0,43.67226518774003,40.369550174776315,53.702376157833264,51.71907273705328,23.648385520836804,21.657703956067536,0.051234187637568845,0.06320854568259407,31.56915956145305,99.0,89.73792439136676,34.009909703936934,26.114385397344645,0,1,11.3
T0203,0,76.69537942290327,74.5259362809589,27.967021952541014,27.21678921158427,70.03647082992458,66.73260331325946,0.015226534791846384,0.023092382097537337,24.170943613180768,84.88146837161955,85.18483139415109,28.571486321079384,28.340310152401514,0,1,11.3
T0203,0,51.701225804284235,49.41274840549782,33.716149443396404,32.36309547896713,59.665744186128045,58.186087273900554,0.021313049031632156,0.008940189801232621,24.501581599776042,85.8720701992634,81.7618562039494,31.462790044256938,29.661803301455606,0,1,11.3
T0203,0,60.50477825973759,59.09759054906902,62.29033884393574,61.656107575904,23.911377034009828,22.708218278956043,0.01853419577199968,0.03683189577320159,26.664917758570976,84.22715855362003,86.99065615509824,41.7203351210398,29.627486498837097,0,1,11.3
T0203,0,34.35247834343557,32.370079503931734,58.281041747574896,53.48766970918294,28.73516553633992,27.505234776610894,0.04032139854284331,0.030938841446227272,26.865338348781904,69.94239378173782,65.19181821986189,45.63450181801028,27.114525790934206,0,1,11.3
T0204,0,63.00447895237118,56.273166380109586,50.37102820049081,47.7751430824517,56.145986413681506,51.59807201205465,0.06503188775137729,0.0569282501532354,24.843778325968266,78.89001647266696,76.77499577394656,37.36192991253776,27.98875904599134,0,1,14.2
T0204,0,53.94952779604903,53.26680092273899,44.71927593364831,42.25114572500767,44.95353976816429,42.04791570235403,0.006752774972268667,0.03093410910430076,26.47750890491384,65.77935834918549,64.20367672177207,27.244042642903594,27.35623766960994,0,1,14.2
T0204,0,32.39380792746617,30.672024747212742,26.02638040463686,24.64844510662004,30.058715441097537,27.386894154991875,0.027526324773312943,0.05175497239603784,26.705838356695484,80.92662513314868,77.35273335775841,28.620119905005666,28.61389408297497,0,1,14.2
T0204,0,55.66550987950764,53.00360884750466,35.7849958476134,31.541092536173462,48.335498120816155,43.75281619753412,0.030443554167976374,0.05548901682713368,24.66551282270442,73.58950625539752,62.633293624324125,39.426540016966285,27.490397939424405,0,1,14.2
T0204,0,55.859833219983535,50.026731733893044,57.85671955253849,51.412162336028246,68.27861984988719,61.01461261655586,0.08090315607733231,0.04688726853969145,25.09682796979402,76.83962811649843,65.09487276715645,32.95040524854046,30.204440711690705,0,1,14.2
T0204,0,24.570901185410126,23.04719182238981,55.71892819701402,49.16334988710284,78.12134541319783,68.72209008688895,0.047575381914711015,0.075166418943898,32.162675803104065,93.18903278604938,81.61378480871578,30.096842484719932,29.21372522257027,0,1,14.2
T0204,0,76.22400268169805,67.37794296828997,65.38551994346199,60.21991834104551,23.542696564757918,21.548716185638483,0.12521848776004887,0.07787573107100691,26.87311331555094,83.13280293461467,73.19931992217721,37.86777033666003,27.9571615852455,0,1,14.2
T0204,0,48.18098274706293,42.81553359829743,74.39027962884936,69.37837504871844,66.07705562558937,58.121633451074956,0.11702509890823012,0.12556562962773332,31.7642748804424,71.0233724472444,66.91640694765712,33.29142063741556,25.594619567948868,0,1,14.2
T0205,0,77.75929110331633,76.10606095679563,29.76745619896921,29.204928765078787,64.89296367603004,63.638668614649106,0.016013083038429243,0.007348860135728955,31.7909939535867,80.69090635267541,79.46508099844068,45.09246268233303,27.232892334072975,0,2,14.0
T0205,0,43.1193234162477,43.48786093824489,76.75691794442137,75.44005747622927,24.267567527548593,24.190185470935454,0.0,0.0015004617044941798,25.05711969794315,78.23888899147049,79.89835170641766,18.61684899573882,27.93473450221315,0,2,14.0
T0205,0,45.157477652945886,41.74239538419289,78.60885294813181,73.29382766200895,72.95144887874525,70.24637864271075,0.053447982967827316,0.024927804167467774,25.12627579289854,75.87906482832068,68.0442021387294,35.09855001175058,25.710570834498352,0,2,14.0
T0205,0,76.70255155649954,67.77757636762551,52.47928611667944,48.69466901364666,22.50654333279681,19.454919623875572,0.06503913644457447,0.10710028198012589,31.83671968264605,77.76592574585948,67.95798143075312,33.61443663656165,27.877477717604034,0,2,14.0
T0205,0,49.59517688684336,47.48911589312532,53.305944789668715,49.583798576509274,29.1240449267999,27.653726755483426,0.030890124985166356,0.041683805205839544,24.370973323061325,75.93998836076159,70.36873778317121,31.976934482082118,25.73212030076807,0,2,14.0
T0205,0,33.17818326163823,31.496460277601418,72.15952695348912,70.9508595346588,70.99131808092085,69.32568747226385,0.029378125319788374,0.01639397348115731,26.455816627992444,64.69663474158061,63.85650434743346,36.159420428773224,25.590740238465337,0,2,14.0
T0205,0,75.99259497358561,67.73489771479386,52.617904788524775,48.80369757152138,67.92226606229858,62.526594058500464,0.09460358514396464,0.0540987890066388,30.38801400599541,73.1073663253603,67.67433298351025,39.85509521732618,26.94203623408306,0,2,14.0
T0205,0,41.606823623067015,41.16355704817772,36.26914144010501,35.8789860813147,54.911841804337186,51.871297884795766,0.007490750359609104,0.04889490373081535,32.79891331391164,71.89855265774001,72.25193441169702,23.494532732436312,26.109263660449113,0,2,14.0
T0206,0,45.49740327126638,41.41675027361622,21.542309669342693,20.41808082884606,75.53360624640649,71.04504293700214,0.06945745149642654,0.043215369321024516,31.912800286047222,73.17478524579575,66.39115461987944,32.678237135766366,26.558191131704504,1,3,15.9
T0206,0,35.11301550774538,32.53384320360721,30.048020834132863,29.42163060418554,44.83028529254638,43.3491100896337,0.0449374623590115,0.020257203381807837,26.506356558820613,63.34304595349951,60.90854113300794,26.44514984185061,27.480283364213967,1,3,15.9
T0206,0,62.24657979204324,54.11338534080809,47.69148278664864,42.19225740976647,51.66493950274909,46.00236403183795,0.08986788949149332,0.07681938864486734,27.02090677631323,97.44413319452151,90.34015302536815,24.121662473491053,27.92668414044376,1,3,15.9
T0206,0,54.17642804086154,49.26462941888421,54.792492380152126,49.81985425359774,57.97909039838116,51.42596922717115,0.05556636875017739,0.0690645371023494,31.715326173584767,77.04248952222648,70.8958358841765,33.679446346095894,26.63065809894853,1,3,15.9
T0206,0,21.99120276737667,17.060409598899334,76.99904925179933,67.03505305616112,34.06227463023026,26.504084632514807,0.20420829830242543,0.1877996402086224,27.160927058376565,69.82289049876357,68.96873514792765,30.762686789650147,29.209119037832192,1,3,15.9
T0206,0,47.075594606774786,43.44786543709586,66.18258943279363,62.61588344679304,63.241468453515836,59.99059988891247,0.0559058683462807,0.03724158158382001,32.956474076625376,82.03598967043615,77.36438721684803,32.33846359590335,29.046237190984407,1,3,15.9
T0206,0,45.28125609920039,43.772751823569784,36.68343396253187,34.18933282521989,27.323058459186157,25.77341248920764,0.015425074730904126,0.0300707053297397,32.39470855282981,91.75325867542958,85.90862275616496,42.313188604437855,26.816251885117993,1,3,15.9
T0206,0,73.91598599632692,68.99926337735864,32.288826863626205,31.250569030221335,59.81432891275778,56.96040849012136,0.04152230393522212,0.029489568180428336,25.365886081878244,78.95595789088296,72.47956835391085,38.37381914206693,29.337578543367005,1,3,15.9
T0207,2,26.66903263861346,15.772204810054722,63.70012097033891,41.04958606617859,61.93739639912266,42.50263838551508,0.7339247513821691,0.3994932281019463,29.6607313943606,93.9240323071016,89.98793451538654,22.617162868697214,25.743283934917137,2,2,14.8
T0207,2,67.90290108228606,45.30626324503637,25.18569410284382,17.776467950320356,46.466202042588336,27.834908536348934,0.46575698016291556,0.5592656911368052,30.32934191539351,91.18175051246715,88.59416057743368,23.471861134449885,27.6609011837374,2,2,14.8
T0207,2,35.023057286763034,21.73658279903614,57.40558403399534,36.455596335938814,32.806509714746795,19.52670963596497,0.37353516147972043,0.5738324327727019,31.786059627648164,88.21793899797112,82.81262155287803,35.54582805102951,28.94459190885114,2,2,14.8
T0207,2,71.67114458730171,44.81358155934031,22.914042057643666,14.465433230915735,53.35648100178039,36.85712267954998,0.6416834163531837,0.36009958017381755,30.93810655306839,89.00563326801166,82.10148584721472,28.359829089082012,25.590342728302968,2,2,14.8
T0207,2,57.36173668126663,44.14064638891008,64.122042213068,45.46150918836524,79.49624113511547,54.64929665785493,0.26542816708077027,0.493474650976673,31.496839969587597,93.61232601297235,83.56147767798726,27.227543414365826,29.86230256725566,2,2,14.8
T0207,2,72.92315662531891,39.59935659251816,40.8830893477752,27.738788198383745,50.32528626660738,28.14439819558181,0.4417554229943119,0.48831842733948877,24.084483815159338,79.36735377832773,72.52093087581926,39.7946224078181,30.111308169935633,2,2,14.8
T0207,2,64.4369502537033,42.76860662894531,66.7095215806264,47.54501501472842,43.707936856410925,28.357290251059883,0.3322512675330255,0.3748713074613061,29.54319674653396,77.19699240903431,67.90098501007007,34.4699475229122,25.830406624158815,2,2,14.8
T0207,2,65.34177929602467,40.3104292309132,56.75233263947314,41.057696949968694,34.86859589110226,23.80248711996011,0.3975224204263231,0.28931478608730726,33.53873176717146,79.98302040058758,72.60189857696913,37.90861783821029,26.14453645735697,2,2,14.8
T0208,0,41.37635317512324,34.17749620188956,22.650809956061494,20.25742402403612,67.16973587228408,55.142316663346435,0.130528422669834,0.12679533678193478,30.109180827077573,77.41854197678308,66.86600475317101,25.673752462092143,27.64867407363429,0,2,17.5
T0208,0,33.61394019252952,25.318129604636564,50.20185629818284,42.56787570532273,44.73177207093038,35.90996426854664,0.15178642625900765,0.09800794619025188,24.005525096436816,79.84034271485021,71.33184672365073,26.788733055877636,26.59697867684557,0,2,17.5
T0208,0,53.06665308848303,45.32682366882219,73.84192971675421,68.21729492481842,73.5837931369718,65.46255954689745,0.08394106976876202,0.07601592522971072,29.52198847009719,61.05121742157505,62.659179570568924,30.696230006881343,28.368823206108743,0,2,17.5
T0208,0,30.480878170182493,28.55429852241765,79.71472929494901,74.65727668862054,52.48722351728748,50.1719318615456,0.058538178385606335,0.03695437865784316,30.8940619987777,86.31553391644806,81.8353956177742,36.213049836120476,28.320733754851833,0,2,17.5
T0208,0,33.6788680515719,25.898109321045986,48.61027860098862,42.51147744837285,26.607676407466556,22.169692585236135,0.1941571020278531,0.17414952107641146,29.47726849904338,73.71171835792225,70.75161568287642,41.20847585163861,25.66310171476082,0,2,17.5
T0208,0,22.44681183520639,20.265194593759006,27.223837108244354,25.227846595733077,55.780763006079404,49.826748834229384,0.06957118481002261,0.0693285987757205,30.04873818930045,70.6714745289766,62.402245232214035,33.16552838240189,28.874313547615927,0,2,17.5
T0208,0,21.927102406283673,18.663235875603522,75.80955997808834,67.15128848038538,25.207605907437788,22.045829229543827,0.07622172791833956,0.05958686958643543,28.972287631691522,79.39033425257637,75.20384513434026,26.098159309804096,26.208531492211318,0,2,17.5
T0208,0,61.9600083360109,56.94479665717406,50.10084454735668,45.49466925799881,62.425110174958014,57.87197639401429,0.049145797035754606,0.03786924264868733,29.636099503283347,68.17900429007834,63.63674646526874,34.546727386533,28.15275734309166,0,2,17.5
T0209,1,78.370536639335,68.11406198696012,39.560995742510954,35.47155252935352,45.37337793935707,40.13256347738363,0.09960431590767015,0.06850704748879,28.86174340000101,81.9038850989493,77.17835197545277,41.9654187652461,28.125256492778167,0,3,23.1
T0209,1,54.367735508471156,48.171063705433575,52.926366722278466,45.89136768895974,20.52268319394085,18.055746212641367,0.07545805868666457,0.07516899380801398,33.762799012754584,86.33047884801127,82.26165928202701,41.813567647416704,28.100248364454743,0,3,23.1
T0209,1,66.60390018532738,49.84017773389546,20.416426219430445,15.526221292686952,41.47090583195732,30.95608710928863,0.20197035469198238,0.1995403301217974,24.34350256459527,80.06459134865293,70.3324539800508,29.821540667918548,29.753917829412305,0,3,23.1
T0209,1,73.06652479664965,65.72563205372654,27.778829564216643,26.96546582128819,54.18352126031694,49.18967648969254,0.0765772514647633,0.08712787374370042,27.09070458149041,85.99284851127545,85.53319754205418,29.376888780581872,26.686632763112716,0,3,23.1
T0209,1,27.812972877832806,24.29544469700953,57.64492649422613,49.08750214320543,44.11118172900816,38.52809457852363,0.1288141417649957,0.08573700193384205,28.27637968703765,86.62419956921572,81.20740354010758,30.545192883504665,29.77037820808637,0,3,23.1
T0209,1,53.36364519837109,42.198932450376844,32.532231239847505,28.219241992748405,37.95318922690011,31.691513093085945,0.1902387731817604,0.14959172155649797,30.203019733680947,68.47701331640032,62.997042656625055,40.819224718606606,25.596427224616978,0,3,23.1
T0209,1,68.17938632144217,59.27345406514144,44.86829442407618,40.87742003118241,51.09086312779467,45.24701541663588,0.1353437445315537,0.1310024352178003,29.781381109821755,76.32914080662417,75.75308668918647,31.309632050405817,25.993807819402342,0,3,23.1
T0209,1,74.51173529696075,62.604924290030425,41.31801783003132,36.32885775849182,41.38128254925895,35.55688299145811,0.09972038595075501,0.10527318730639643,25.436408747411736,88.60081393234822,90.13069499452163,38.740722635729995,26.6370663245663,0,3,23.1
T0210,2,22.50678292856483,14.298943581688267,38.09599932148349,26.44834097699955,33.59865870775798,23.861230266704695,0.5912998557158029,0.3861322218433532,27.81347171381015,88.18230801363332,84.24464965959291,34.77540974610193,30.121758935258473,1,2,19.4
T0210,2,20.879983598193583,15.975487759446045,43.7975936574652,33.52824713166845,49.34252479779818,36.039278091782904,0.3287854532831035,0.3264955048227299,28.893713347422747,91.7066031738991,86.86430357802102,39.51960577175219,27.11493984479478,1,2,19.4
T0210,2,26.638767731953394,19.08095957434259,49.33866560558652,35.26829425260498,24.98918047777576,16.44605425492497,0.2628169610849426,0.4524934001120318,30.812471479143703,80.59558525503977,72.57405608419924,46.884671002527526,26.446322564482095,1,2,19.4
T0210,2,72.71794723238406,59.212724548536194,55.15900842142596,40.182461450330365,55.08234832759965,46.11581333277598,0.1934138999822803,0.22873940814260293,30.0609748667612,90.48862366966243,86.58878164593195,37.73732031798572,27.50459694638825,1,2,19.4
T0210,2,48.84985925611972,28.17916673100567,50.38240608077139,34.99801868570274,33.50641678689062,21.414658672266803,0.6659921803800865,0.6818797509266946,27.87755161012749,75.74383037400314,75.57430009528653,27.989170653928134,30.072102960834382,1,2,19.4
T0210,2,33.021101153108134,23.602442802803342,77.70832698939255,59.087790396947526,32.30481591309028,23.25826433729849,0.22794423027368785,0.21591140458164948,26.178235465724633,97.26403862088677,91.44932614973871,35.549003010961606,28.51698753501202,1,2,19.4
T0210,2,48.40948201855339,30.046810365480805,42.39695893320375,27.946335850229516,32.68488702742073,20.769497318268222,0.5405892108541525,0.5241291787976265,25.679312024852536,86.1349878499486,83.32910347385828,33.291181151199396,26.68946912192386,1,2,19.4
T0210,2,66.08341306099882,52.28928653779771,50.01428001636697,38.15389178299636,33.0855191301625,24.585771172690954,0.14319130733664132,0.22617280005119123,26.17263982574619,93.98353444449185,91.08563225096154,32.960004618316844,29.153895039197018,1,2,19.4
T0211,1,29.18817605339038,18.40152444457284,24.0540298982476,17.02045445342668,70.22874740357511,43.95743371244847,0.3097996351910045,0.4731796707663059,32.11523036376848,97.95616455338799,85.50947367028516,43.147423857451386,29.991800136621446,1,3,13.0
T0211,1,44.118572557450705,38.43611658844269,58.919246750758575,50.953118478291096,52.28138956344324,45.32790664577044,0.05546958115989443,0.09207989926811762,29.93531363931021,92.13913110797473,85.47127430335809,37.26686662149037,28.766848518579533,1,3,13.0
T0211,1,76.24879409802628,60.438677754172765,30.09193097839345,24.566730270798864,42.4558144987464,36.4927304676738,0.24849592500521675,0.14796777466946204,27.094959146664294,70.56643984649091,64.10682680792867,29.045846225667862,25.899652973914908,1,3,13.0
T0211,1,31.791841947886976,28.44611780470784,32.94489494693405,28.332872311134626,22.807943438461884,19.449494985752146,0.051327729603984594,0.1307759581393983,25.03636556930547,88.553230965673,91.553230965673,27.18927691550604,26.06547614893422,1,3,13.0
T0211,1,64.21814007061124,51.191946725642715,46.995870313862675,36.96398206215917,37.57824014176173,31.62257021802432,0.1364181673278851,0.09071710923628144,28.17557981563982,75.66650816844047,69.71603970990014,27.72473723350016,30.07777244378343,1,3,13.0
T0211,1,62.701226423945926,49.9358985853535,46.977547634875854,36.79457879990457,47.706165998647776,36.00925525192944,0.2565478725761552,0.3088887430579623,29.543227193401172,69.02955342236825,64.13421689793165,27.311668896124324,27.131139935216453,1,3,13.0
T0211,1,52.467657452467364,44.22989397980392,36.564102695246916,29.476653790808786,34.06837848219262,26.65899277534033,0.18790262263028032,0.2558348888405464,33.52842064991344,95.17779571312936,85.90746058435724,26.03369265294761,27.6839673243961,1,3,13.0
T0211,1,51.150788714680075,42.226056457799146,55.67110139689504,46.81906833553567,21.01722829833232,17.87414449040692,0.15701886373434218,0.19067852284082587,29.981657322055344,66.74815015319355,63.220204904241115,41.47982298719016,28.393703644119846,1,3,13.0
T0212,0,70.14730733652331,58.89749773261354,78.57518783626622,69.1368901422028,65.73709247540248,52.97472010541856,0.1139215861586078,0.18272258229976204,25.035395937040985,70.2644779518109,68.653666014915,29.065918486498546,26.653252750584162,0,3,6.8
T0212,0,38.765597582064274,34.658754426524546,73.6984816448344,67.35185478113317,66.8308489523784,56.90321957012808,0.07466072955233988,0.10769857605442494,30.501507706156556,79.01038831469971,76.4157445548235,33.29839659495481,25.9134229620818,0,3,6.8
T0212,0,50.796947784614325,46.39056844219411,20.438008990952287,19.49627727168884,34.886917548596244,32.462653743541274,0.04984628474744852,0.038981182340775286,27.298505270117367,73.89418331903549,68.39825311994979,30.74897349991442,26.09933963931783,0,3,6.8
T0212,0,52.90482068891534,48.16313703466879,20.32237278740742,19.486376422049215,28.91513577941229,26.289094246636797,0.04376818344315196,0.04678664986460822,25.04361809164216,68.40395260009093,64.93725700928206,24.88102076039343,26.408965577719417,0,3,6.8
T0212,0,39.16184994826742,36.70916838761846,35.435564939390204,31.298772349187267,45.64906163301726,42.0172247114466,0.04144058158002601,0.05666735669415704,31.94915803423646,95.40385896627708,85.62489477369525,26.841406742944276,26.244328351602697,0,3,6.8
T0212,0,26.067225120976232,24.98500991187893,33.17537625973098,31.73066495210467,77.72100318870179,77.4453729091325,0.022768886833851785,0.0018888474679936357,30.4112223866833,67.67079076910052,63.435856103174956,33.387954373387245,26.931426151984247,0,3,6.8
T0212,0,75.36241511338974,70.50708363595525,72.012008371396,69.6733534907757,44.44880582861342,41.15969675244831,0.034408511353491614,0.039121439784988804,27.974952672488577,66.09991623848194,64.50764683097975,34.70479353259239,27.030645001915225,0,3,6.8
T0212,0,68.09970218101694,62.218640622158006,76.61834168825928,69.5139277337265,70.32031329936554,65.6838737742456,0.046984903474921846,0.045953729412155496,33.021119123991014,98.92672922049567,91.39700603687956,36.22162094211707,30.193773001158277,0,3,6.8
T0213,2,53.22400997031767,29.176567810663744,58.05458365342398,29.43759076930706,40.57728277579533,22.6931997096285,0.7026755502938704,0.7188284612284678,24.104706128912504,87.82406087139651,69.82406087139651,29.74410337862392,26.919383753100206,2,3,17.6
T0213,2,48.09353341229358,19.50141051873593,64.44672622207776,29.264570178735216,27.878089037684123,11.355090822574498,0.8956124117426197,1.0970060061268343,26.836253476467633,93.20361581618354,89.33929012430045,25.03052400123405,26.62217301987041,2,3,17.6
T0213,2,25.14009078134903,12.609780176525863,46.32022302946997,26.138069425052795,37.74623712262512,18.84924747517642,0.8622296564067067,0.8112551786105449,33.62397933915052,68.57555705027092,65.07546976188095,34.18655715793103,28.262259353818916,2,3,17.6
T0213,2,31.480850937651038,17.449255158036177,21.491660767751306,12.031711125204383,77.66723633339198,46.20491036627479,0.5111309688786333,0.4943663360761461,27.204606303795117,80.56478780240394,75.11227389553731,33.42760197756444,27.945117085052253,2,3,17.6
T0213,2,74.35133896678565,22.476066483285507,25.633258558781264,8.857757197802675,56.872653478129095,18.232075982341694,1.770624081989192,1.5915349205025264,24.758213397199796,89.52403451328482,83.66983801523213,34.56386383856451,28.73727426204996,2,3,17.6
T0213,2,20.590943427318148,7.764492889695635,56.218799348459456,25.251834167632055,28.710636487250376,10.837728698368645,1.0041016250551356,1.1624723597454674,32.767050371250505,78.31748818242394,72.8799443853766,26.750152486472828,25.662278260785282,2,3,17.6
T0213,2,21.869855807565656,12.490185884506742,78.85988362038698,44.04918972715166,78.00894018865638,41.370189942581355,0.4990711261192429,0.45984053115372875,32.74485855469517,64.72557493202365,64.33237627319977,36.48189355491382,27.066477663049888,2,3,17.6
T0213,2,28.952199300350294,17.968968684316494,30.92487559178242,20.467571431509683,60.719136857120354,39.23536991511649,0.426651563491763,0.35853826181841764,28.785103801111312,69.07987700287444,60.14853528171717,28.796654042941743,27.147239736860953,2,3,17.6
T0214,2,69.65828250492297,52.322785395475265,52.07725009860246,39.11039512139773,47.41417296151952,33.037532683950445,0.29722608262917366,0.33396548566407913,25.842474944788442,78.13642178214249,76.14317583079956,39.001852406729995,29.39974297081818,1,1,18.6
T0214,2,39.817348171674084,18.278255146555715,58.50732114916951,32.33245342281593,44.30958945468517,27.482257764420638,0.7769292099831762,0.4097580002820698,33.34851140393159,91.43021861240337,87.09132664216838,25.190411317950065,29.642250831678673,1,1,18.6
T0214,2,44.127556704410196,31.57106678472425,62.813091823535025,44.03461269791837,58.30579875987479,38.629351624445995,0.16390178498843055,0.3070206620057246,29.15667061319914,81.74523557637735,78.91561209827924,30.037968453604652,26.258099112333678,1,1,18.6
T0214,2,75.91034714214008,37.20423426888412,66.96262927908907,32.50189791476603,51.081390034051545,24.886151685337214,0.7097775683684902,0.6394522449665052,26.985909224246555,91.49520976464258,82.51485343399814,35.400208143734666,25.592996835403298,1,1,18.6
T0214,2,25.76519112908438,14.204393160741212,31.639413806790024,18.893034236353362,32.960303682040646,16.306022289787506,0.7876698908803086,1.0775410695703962,26.754025144629487,76.23733930174023,69.82705160837547,33.93805225468587,26.091242240205396,1,1,18.6
T0214,2,54.35472702558986,29.48904634547532,25.958905309943194,17.97131377082974,42.57373932665111,28.49106952781339,0.5861267577871213,0.39245084155684967,29.54633397414084,83.05218844985026,79.90966481247789,41.70578538174264,26.759435619983634,1,1,18.6
T0214,2,73.54148217422392,33.87698252716035,60.71336511569093,28.347600784370666,51.4317068081258,23.38730789779078,0.7780577425831429,0.6952328919743728,33.76051845334896,62.03657067636093,62.4291222468359,36.128841591052996,28.19638423543309,1,1,18.6
T0214,2,59.22144772466612,44.908186699301055,41.364104518503936,33.18884177343848,38.218734046786764,29.470595805175932,0.2081020544994569,0.15062473874208948,30.858977223863064,76.7134058806452,73.16348367434102,31.302578558715865,29.124170433016424,1,1,18.6
T0215,2,44.006010478676345,34.439270842218455,25.507470602795337,19.005404602891254,43.487361010497665,35.680985132881254,0.18907604409486958,0.13450515162269844,24.976806012167057,76.09247517764119,72.17027216451906,31.98213494476633,25.844873884555227,2,2,16.3
T0215,2,38.15286515955909,21.37468001482894,66.77282730995285,42.41382767287216,79.03453023001224,42.03359880857,0.570314483728128,0.53938451598637,31.30510111550149,75.03573830408573,73.03992826815306,35.11822939665974,27.7292586997537,2,2,16.3
T0215,2,30.322603850976797,20.507836009264583,33.48360541603263,21.518635227360175,48.583934266827406,34.18576732427094,0.2971176073068916,0.33134059771291247,29.510490747514556,76.31750219900609,65.01026137007094,44.273771708166564,26.401335676505692,2,2,16.3
T0215,2,48.97155154550565,33.71890937540788,53.836422623867776,37.323662634719405,52.82587093045245,34.46715907186129,0.35150475788861707,0.4384455537678078,28.123509208394562,70.9697095280778,70.80058535058453,33.20302666085746,27.872429621107855,2,2,16.3
T0215,2,55.50100402193399,40.72209737963277,22.137033501773786,16.15402924919302,39.25330001572955,26.893215772001867,0.1945576930052277,0.35273396721134387,27.242834351798884,87.62633748603925,78.18483325592896,26.0994695380205,28.70832416004535,2,2,16.3
T0215,2,24.30368966615076,11.489517210296043,36.54615509322349,20.70434842062332,26.096153495962923,13.701513588431295,0.8963022507463241,0.8396646162117942,28.58068492319736,75.8303598208017,68.78251064500344,36.687828425620374,29.080597819947002,2,2,16.3
T0215,2,25.738411682292384,17.315089258551033,26.66251110428349,16.924868210374807,68.25781840034438,45.00833283322154,0.2400451375078478,0.39239854288653553,29.753568677713027,90.77413163959241,84.99965130532907,34.37362357099821,29.280600720724486,2,2,16.3
T0215,2,75.75622548524355,44.4545511368197,34.436445398758764,20.923814136605724,24.88281523373087,14.347691291417968,0.5775307148459866,0.33035685683711513,26.26269258894035,74.82116350971259,71.65073003118898,37.30622772611177,25.86496812101084,2,2,16.3
T0216,0,56.316878255577365,54.27810664247391,42.58157785404217,38.96211250712283,63.092359486122014,60.69289786336615,0.018949977998792247,0.028229554130728363,25.273687969103168,90.17782186431785,82.3452707821208,40.752172762629954,26.737321360535805,0,1,14.9
T0216,0,56.875020392013205,50.953527827571854,42.042715399668175,37.654508193192875,64.79038816590615,60.98624183143887,0.0687373917478574,0.03261624373726186,25.340136175741247,78.65832084715102,72.87290681598176,36.52064944993921,25.770900491739024,0,1,14.9
T0216,0,54.55070091812325,50.74936394398506,47.11108321532147,44.46176473052698,24.694956909094827,23.292770303676402,0.039251761749672404,0.0340876916524761,31.442913339987257,74.94201931708196,68.40922849699635,23.570269431161186,26.28312915525237,0,1,14.9
T0216,0,68.17377990962862,61.18233259776834,40.6874457421482,38.95541443898446,67.94073511263736,62.21796902475983,0.0854353174582457,0.05172176908127984,24.78500082056717,66.47178038205891,62.42292171977196,23.941990097993454,28.49716264275431,0,1,14.9
T0216,0,46.27406026990153,44.81094784739402,21.21771350305336,21.376974767030212,72.4555910496692,70.44309141973,0.014218203404310712,0.01561710620475113,27.263854767996136,79.56403853870636,79.47446523879101,36.002361769521585,27.068006214870397,0,1,14.9
T0216,0,27.577832387764765,27.280140835805092,41.14637720083157,40.52942561814959,48.91125905204076,45.688444699756495,0.005559804704997015,0.03568899532561203,28.959405016348907,64.97438170460913,61.1183550397798,36.62934822972607,29.60986103953183,0,1,14.9
T0216,0,38.04090942278376,35.25927322781265,58.402828417666136,52.09099384733962,55.272177287340455,51.18391717593583,0.0434375767196571,0.0414092463869057,29.395763950744357,73.51440480893015,62.97163856554719,32.93257334830069,27.055496199461697,0,1,14.9
T0216,0,36.04240670616976,32.4539209770816,63.31739639398623,59.46784502593034,59.96590638076244,55.97221821786993,0.07769471822544881,0.0455824110298993,32.45406596934092,73.76083616244982,64.03920112769904,30.02895491504745,25.798571117888205,0,1,14.9
T0217,0,22.647557944157864,19.59718472070134,44.46484065794045,34.29468074105957,69.86399351362024,58.151187322217176,0.10291115967413578,0.10835043359963979,30.11512665212851,89.30556716152883,79.87100958855387,40.578739107092744,29.001604599815074,0,1,15.4
T0217,0,56.174413803168534,53.090332718618065,38.7189499347211,32.83460508827856,42.571601011656035,36.43959624225103,0.034341222626679,0.08792754166961403,28.08532031106179,76.0506813524889,69.6867034533947,35.22819546598283,26.978942939855695,0,1,15.4
T0217,0,37.226673939123735,33.33070337318275,39.60986739849295,28.117674502478767,54.49429887974244,42.78633060276987,0.06598139683315503,0.13394059156334584,25.712945100412334,79.3427627072827,74.97766062062726,29.068066585333,26.034960889173643,0,1,15.4
T0217,0,36.32636917335752,33.57017763744034,76.22545528884271,71.09537354962184,72.15177858765722,67.13717193626336,0.04040155922595425,0.03960533699335389,31.287991882568118,85.19874052166593,76.23369511191434,33.316575291745615,28.518737274970576,0,1,15.4
T0217,0,79.0190250047516,74.49385267637315,34.79182379449657,30.530229428356822,43.76357600710985,38.234267969258575,0.04813642940929713,0.1169879558802679,28.619253605327106,69.70962357178712,61.113146391909716,26.055750941833825,29.92998694144359,0,1,15.4
T0217,0,63.745117532399604,56.40124142564368,30.11950837230473,24.517377297539824,62.87478169207183,52.557691470671514,0.0803806437861409,0.09960991016069652,25.235935633883635,73.8642518662693,73.08100413542985,22.128419437840392,27.55857221965029,0,1,15.4
T0217,0,47.70266311348074,42.209519969442994,43.13989348472785,33.67273251136988,54.71910095788786,46.26229247841999,0.10599603555681836,0.11471853155395476,32.95195781753191,88.88700524970304,84.10001952294378,35.17690979851713,25.842012590830034,0,1,15.4
T0217,0,70.08192479928186,65.16505357631623,77.13544841718716,66.39861310689359,76.43180436032196,65.95753063140342,0.056311897652117006,0.14710643453381855,31.209866160477624,70.5035852846474,72.21373270134447,24.677276691257717,27.07539864024305,0,1,15.4
T0218,3,75.73867875994108,39.09759301751805,53.18973249323481,31.4918621273263,72.72069781787017,34.610921181380334,0.741956739163712,0.8740488537439534,33.26282422475765,79.30641638318048,70.47698455772355,29.763551918302962,25.572646673926027,2,2,15.3
T0218,3,51.161177220471814,25.514323862229446,48.60066656353284,30.7266825397892,25.465875239433615,11.904062593525614,1.3618634090743635,1.4282445051023187,30.565616595264345,61.701642885953916,60.00087887467711,29.855169700466405,26.91536609702268,2,2,15.3
T0218,3,21.387950742839305,10.018986345912632,35.19114620462031,21.332970392722807,70.32448210167453,36.524370414681684,0.6516672504612748,0.6285302268019096,27.307098526955983,70.08591943053543,70.51949128016031,34.46384515048394,28.891383636909563,2,2,15.3
T0218,3,34.36953641972769,23.053820655010494,32.519569095056205,20.902774163620805,64.97010601536644,43.57611784575599,0.41882680265307476,0.4671617457610614,31.756497079254583,79.3069064648641,72.2352730549421,38.86283291143653,25.841526299640584,2,2,15.3
T0218,3,60.857326179588625,38.709301216926555,58.120611372032435,36.14641892547947,30.029888939593636,17.470486403821436,0.4904033598550764,0.6764885439967271,29.691787042446776,82.75695623959803,79.24765430419677,32.606546530655244,30.40323146284655,2,2,15.3
T0218,3,31.757483080947154,16.331782303034768,68.72302512970123,41.90584050380445,42.205302242802865,22.969952213131357,0.7478995545285951,1.006047159634234,29.751767718959588,80.72771922013915,79.17378381191321,35.54015234748525,26.782600504638985,2,2,15.3
T0218,3,61.03417837425269,34.3663017069313,76.27389537260426,52.21094268205218,27.023558549067495,14.735909164219095,0.5198392775569477,0.7123494580650082,32.99160892164268,74.4512881867944,75.30910499827208,32.362612384826264,27.158840653923846,2,2,15.3
T0218,3,66.48867813039064,32.05859633278955,54.52065877139182,26.8694880549866,57.19463289385971,25.63299818797527,1.124486466636952,1.0554536315514713,24.96633230398085,94.31614581617119,87.6741384607271,32.199848723921505,28.56975861498258,2,2,15.3
T0219,0,57.3244117146644,40.73885261409681,62.53236950976353,40.01769366195409,70.24552481164056,47.965334364190795,0.19309507711266802,0.3792965164014176,32.39938669647917,95.18060508038474,89.3359680691166,34.63945353685057,29.87523758242722,0,3,12.8
T0219,0,77.02279957930295,69.53848971977841,67.288917785621,50.891164491393646,69.6557767424791,57.053850982010324,0.04669791015684788,0.08918279154207158,33.14826677460097,68.38017581975201,68.81742533363241,27.470180688608025,27.759239950577697,0,3,12.8
T0219,0,21.901670224188784,19.851256400938357,62.08741240451972,56.04052193641171,32.91319513479425,30.64062718080597,0.05684611935990176,0.038075576291603845,27.764055653776644,66.15888543303065,60.26992858021187,32.415963374279094,27.333020869505138,0,3,12.8
T0219,0,71.2269080610206,59.984477526334345,74.84557976626236,53.57687056067246,76.38923218137359,54.76123994905654,0.1316770313255468,0.20437176536545215,32.89894480862972,70.55936486305772,67.54250363437977,20.67263102714002,29.910861439780625,0,3,12.8
T0219,0,22.076640525975076,20.581849823741404,44.71701002707307,36.86429249644815,55.87869590316924,48.092513202245215,0.03267231068388955,0.06923632556499874,30.907941950191557,71.648872413161,65.88324274969358,35.01392222227238,29.97439886042943,0,3,12.8
T0219,0,25.968156178626,24.46236965467419,73.91233408176424,70.28178621029603,40.058941562303886,37.520742499448545,0.04515587725616058,0.04380346365702197,24.900367136667697,93.74765897851722,88.58236365595826,27.64261496265401,28.81863707168346,0,3,12.8
T0219,0,45.57543744248348,41.44076691743601,77.04478676512616,64.68002634831518,24.573287444503833,21.533104130081977,0.050417313588294516,0.07710588136897334,27.780275155729083,72.20656625554429,64.13161044150591,36.03240011710826,29.45758675239301,0,3,12.8
T0219,0,25.688415950617376,24.500491907141953,25.553482612562867,24.290134749629193,74.49083690935703,68.45123614043382,0.040257749996234236,0.07494799313954557,29.65217961763745,94.2347604510302,89.15889966901571,27.75014890627814,27.055687676118616,0,3,12.8
T0220,0,73.7288293146042,72.30772917337865,60.16627816130448,61.20113136444387,52.035301972871466,52.21238287395929,0.0115028254699722,0.0,28.051472442217516,79.0301126688914,81.82445075593961,32.441303259471944,28.542081662879475,0,1,16.6
T0220,0,32.123818130457366,30.666956227589054,50.83259430098481,47.56596274691701,52.072417863979744,48.51323718019057,0.018615597866001702,0.03781240862943466,24.68836578772665,74.23473550149147,70.69274528036587,26.725274419731697,29.742442597845944,0,1,16.6
T0220,0,73.31842980779538,68.58912858867902,73.08596252565442,67.35865854929057,50.72773797356852,47.64872795238841,0.023649837080758296,0.026926066302474357,25.61313706285822,72.50282442343808,68.77761963199018,34.00533228359078,29.63934739582337,0,1,16.6
T0220,0,30.846784323810983,28.179748933602323,65.19793720608098,62.900190818782804,74.40872195455924,69.58117210385979,0.055541554913059135,0.05062722283835612,31.910465946476062,75.50303157445317,72.79974508264326,35.88598864478894,29.601356526791303,0,1,16.6
T0220,0,60.91818066372973,57.318120962882666,39.486149854793226,36.00846367241387,46.31230683217898,44.07189695597105,0.030701629073842534,0.023970765440113145,29.004242856884645,97.32574027167846,89.73587574349301,28.057436537675166,28.133727301081727,0,1,16.6
T0220,0,42.383111260939586,40.25891904262111,65.91961419835593,64.09759617727097,39.612906010159826,36.360420093835295,0.031010116187304988,0.04427114504584821,30.008669493730572,78.19786090863191,70.85691695172392,27.669588823166077,25.555800808422774,0,1,16.6
T0220,0,47.10883224751893,43.71469235563983,29.586322492438104,29.31972945963851,60.33883415913296,55.90634697562827,0.042706735287487085,0.03416811900279467,29.09951936893929,91.02847909359157,88.08391927974216,29.79791180322538,25.735397925164293,0,1,16.6
T0220,0,30.548111692652217,29.8305611466809,58.667161147009104,56.29733914184252,48.0233207690044,44.85918035013357,0.010451034493437471,0.029689645550196805,27.35239241482697,79.27966223159645,73.72095191974495,31.43732446791044,27.742960405051246,0,1,16.6
T0221,1,71.389767168323,65.30308091749986,34.58458588089225,33.014068320275825,31.717029570022905,28.469684502196877,0.0900416261495871,0.07527085583078601,30.59053663055349,72.22951774697329,68.84120246606169,40.2293137445333,26.216925859857398,0,3,13.0
T0221,1,66.69754631612864,59.06155406819371,20.846341929586146,19.222997588201345,44.35299801752305,39.96266793253374,0.09179328739507205,0.10206847842344022,31.012346149217485,84.07845175831406,79.90335844266693,33.679280120251704,26.08868367391074,0,3,13.0
T0221,1,60.395057979037105,51.30278346526203,58.28460675577377,50.60090408271352,27.462379997529816,23.3779324318812,0.1575912341328388,0.1847235540593206,33.338489843744604,73.16465768411526,62.29108234962356,37.30019321386203,28.675770324635835,0,3,13.0
T0221,1,79.1301762662358,64.3438311689515,66.27094314600586,57.3415060186936,68.65289493403256,56.228912027322195,0.1212650532607889,0.10641418980886434,32.76090087127757,80.33396704474664,77.35763149534365,27.141680304413235,28.934497329207215,0,3,13.0
T0221,1,75.46357731462544,55.93519988002794,33.40241858631693,25.807758019550832,32.57296338621073,22.875951835008788,0.22197396679366665,0.2697188413270913,26.35309413445109,62.66565629874912,60.526009459729465,37.215785622565356,28.45994093234636,0,3,13.0
T0221,1,47.09204225815648,38.9387435113424,28.870839252620144,23.875987684988974,25.15959275788985,20.851939854259655,0.11340869284630563,0.11573379567637455,32.62670275269787,86.4153199172997,78.64090443762329,23.57682589004022,27.879781357191916,0,3,13.0
T0221,1,40.3545362454629,30.883651222421026,51.13824731082107,40.50772218158679,23.44243444512938,18.509251354571397,0.27865356771254396,0.14614498190998174,25.707840578673217,83.31422640790124,74.76959625883175,29.91983675563735,27.981023035078483,0,3,13.0
T0221,1,53.32034821167204,37.242562153434484,58.170545009764645,48.13478955130459,30.988439135305562,24.391412452833002,0.36441624258042504,0.22191500477731843,27.239936757491815,80.2731933120478,79.89697090573364,37.457518429462056,28.355820154479837,0,3,13.0
T0222,2,26.12209000335629,21.436756153002587,45.414468935517434,33.36874603074521,78.70924263205522,57.142005009331754,0.18831524939650968,0.39941703437002063,33.666083158664605,80.65249246846868,75.7357628995318,26.56736661781983,28.08981626708017,3,3,19.4
T0222,2,70.31347609952479,37.49641963286403,31.73702492146274,19.09946856468751,52.31223765112371,30.707562717999142,0.6148396978650874,0.5278699894895711,29.834959317524905,78.77188556781992,75.63074514039982,38.94165761637928,28.67684990603722,3,3,19.4
T0222,2,71.71910906333366,55.66406056445014,58.35468451083605,44.03260559544148,43.91912901547035,32.470078464123816,0.24934503597975038,0.2469223094412017,26.774558206350157,85.04010609083876,77.66825152021494,35.10654052674718,28.23595295335916,3,3,19.4
T0222,2,43.416517410191325,28.998687884554887,76.30185359227511,54.924844409959874,47.0871557685856,30.732857738234,0.337703084341217,0.33542440326982115,28.228456067297884,74.97495731003498,69.12128349104826,38.55692072680433,29.844799006357206,3,3,19.4
T0222,2,31.603620525742755,19.94526604235912,70.77058717648123,47.01621975878331,26.13914274451781,16.98227760675292,0.6919211524690478,0.47103306451704086,32.5772470903539,75.1917144932335,72.07791986056965,25.9239731372948,29.79719512229734,3,3,19.4
T0222,2,26.310298923054653,17.918430819574144,75.19861547051134,55.765462593989156,52.67763032540884,37.94397899532451,0.48631018475846705,0.3637681078646001,31.60949453996544,75.88783619458641,67.66648126743524,21.17761345547171,29.90633394629834,3,3,19.4
T0222,2,65.32834615113794,56.49837069724687,23.13344602183467,19.510107265860782,63.88337308234183,53.135765959026074,0.09755261380958516,0.10674554037056816,32.84202020778983,84.70103128274353,83.9229217621236,33.38150330499103,26.812915156459592,3,3,19.4
T0222,2,37.072452639640545,23.55031400789343,35.77064941883507,24.579938474332398,76.72179718962539,55.17352449441744,0.4627274537519878,0.3461416495802664,33.09258936992561,69.9804441381271,63.371257205425216,31.338073418222923,27.75872610525512,3,3,19.4
T0223,3,55.15005372613035,27.805906207934463,59.749718820839654,29.31361886759039,45.23768227740638,19.76123193077846,0.9100645424037744,1.3484103236026976,25.014108631269025,85.45814480295398,85.24193476703476,37.405063306910606,26.419267362841012,4,3,13.6
T0223,3,56.73023779508962,20.977880909923798,33.593202190623494,14.503879961030645,47.837763313819515,18.26415755212283,1.6774885456254174,1.4997524563801532,28.013757890805472,76.15162608781766,69.03117880088044,26.07215872521572,29.15717244449332,4,3,13.6
T0223,3,38.3607270620377,14.89855186374064,79.2389022531737,34.60946118306342,46.52569693863535,19.278006690092127,1.8386023114093168,1.7503192368493443,32.669962603308306,82.35682331459176,74.59438105197685,46.995609634324,29.26616778968573,4,3,13.6
T0223,3,75.74343523136179,34.751577014257734,54.18239179325127,28.261075948960855,38.479386965990884,17.988259261672237,0.7088858791274725,0.6387823282591418,29.310218753516363,73.98960102936772,65.03462359816194,38.82871182566548,26.194050634280412,4,3,13.6
T0223,3,33.34950027194411,15.366646528359311,79.52517161159705,46.25529903164425,44.67908840140419,23.722886498173338,0.8785322863592312,0.9121108169983685,31.311248899529005,65.72922972046082,62.218619184417506,27.320664454210934,26.618985959645887,4,3,13.6
T0223,3,28.848471097941236,12.959212925430293,66.10105765494734,33.888969517037495,71.5414960299221,35.885415771595355,0.8162984613920948,0.5060028337963273,26.07230073238833,84.81496921379976,79.51755422926634,37.95971811212824,27.97076339240189,4,3,13.6
T0223,3,21.799753671416283,11.760925447375456,70.93349460982458,38.23015884856041,36.47470094239806,19.812129892754164,0.7432419903846686,0.5784219582158232,27.045194996445165,94.24496780906358,87.8335876835024,31.2668906503308,29.89605991029643,4,3,13.6
T0223,3,55.034186178936324,34.56886599741626,61.49763232633846,40.18725039936343,21.573690011154447,12.849511732736156,0.5066177911880325,0.6023566975369151,30.052852917484213,78.887043284112,68.1274766498485,31.170520055614663,26.62343253580024,4,3,13.6
T0224,0,76.48988537799738,69.40989639944243,56.1221372893979,54.07181020111813,72.20113132068818,67.58214207515705,0.08138416787994411,0.037424544859525975,32.277248557738055,91.61717240712905,87.29570590015503,27.219635171974737,25.786894773229747,0,2,21.5
T0224,0,28.66160885546015,27.800598392424135,23.362898692273603,22.50319227747989,40.685577997364476,39.79751541703243,0.020118883176649234,0.01350493407831126,29.32669407776085,91.22055934618135,86.66628409006688,32.400174901360934,27.694984813984874,0,2,21.5
T0224,0,56.695216462959195,53.00060378017707,63.41581922054648,62.06503118622707,59.70932165446508,56.61911447863258,0.04432123721342447,0.033425805217921684,24.470460366577495,75.9139589983207,75.99652830939246,29.567343277431213,30.280856249204366,0,2,21.5
T0224,0,39.18762110631166,34.777257014727226,27.5010930737684,24.253440746004888,31.07463673822187,27.93868085873838,0.050577358773411,0.06412267815696468,33.12542401373273,72.9747799009579,63.41381970414068,29.77472889686503,28.634450552836515,0,2,21.5
T0224,0,58.16205234121163,54.71774586935118,50.39201488763547,49.50050224464293,68.25658695348079,65.38014497755496,0.03470955763248418,0.031161107652503447,30.641845086368747,88.17768590637013,83.6182288171361,29.559866781146997,30.00271362627998,0,2,21.5
T0224,0,72.72626118637444,64.36465934475186,21.98245185533961,20.699808892795154,63.59691929404011,56.57648622288226,0.0911949145570949,0.0971263670459828,26.44075688857176,71.92315503945233,63.224843207737564,37.68171860143649,25.876552719346474,0,2,21.5
T0224,0,58.37670261376381,58.30336464965679,48.34922708398247,47.572848549270574,24.764445805277195,24.67186287619311,0.0009652776662141479,0.0017264964910302018,32.29620978315609,74.69612283647632,73.6779402428357,34.455793498807424,29.821343823581273,0,2,21.5
T0224,0,52.116092720395216,51.29839113673468,37.82160825790166,36.66894360483833,52.89928834745166,49.954549295959254,0.007113719373580995,0.02681840102527381,29.23470382682611,79.46847146056925,75.73034494813409,27.867513462402325,28.153911772987595,0,2,21.5
T0225,3,65.29958936427198,36.3033462606592,36.514675605424245,20.938447697871922,45.3227550444499,21.618850557379165,0.8663321608355649,1.338388100640379,29.48905340279738,90.25332570100652,82.52795915565252,29.65797916312122,27.338615226899364,4,1,14.5
T0225,3,25.561727112779195,12.747611010442313,58.959139212165795,34.342540414852955,28.8663890266238,15.47033787653385,0.6869470766756193,0.8618766745690138,33.977729200991064,82.97423818607678,76.87455204948213,36.227690649745455,27.054639931524246,4,1,14.5
T0225,3,42.56911526208509,26.89067623867725,47.9564346994678,29.13474996940906,25.48867138374771,15.01067242335412,0.45959752079133864,0.6537599428545672,30.601244355587284,72.81604630544716,67.04524423717451,33.243149922263775,26.96739980116659,4,1,14.5
T0225,3,70.91091044910871,34.012030286472786,63.799504123206326,31.01071925805549,27.91912746449532,15.482377711188459,1.0357279624407312,0.9329259557097912,27.850965825411844,87.53403651593106,74.6322840678363,46.65816415775562,27.27607319566024,4,1,14.5
T0225,3,45.08249873233456,27.09004016263901,79.06509646119642,54.16548158502397,67.44752444114573,41.104390311362984,0.5071471300736122,0.5715974021887722,26.8522104780323,77.6205770268827,75.00604240064959,35.41921416352897,26.892074571043164,4,1,14.5
T0225,3,78.88455265558945,42.56824593145976,28.975765647274237,15.761951313321656,25.680059040229487,13.550112398371365,0.4925045155288309,0.6683722216494448,33.66553907203833,99.0,91.61450415612833,31.895726130089418,29.370660537806536,4,1,14.5
T0225,3,76.84371976737324,36.27784984160671,41.98651379072892,21.139889632158418,39.68497576200308,17.326540177454756,0.9203978627531797,0.8397664344145348,32.398337079769405,92.7864769839353,90.06835809683248,32.87118882247325,27.276523149456136,4,1,14.5
T0225,3,58.19021039635007,33.810660928069616,65.18481016390672,37.412974406131966,36.43167948534659,18.08918260627396,0.43715660102978776,0.7589773401727717,31.22458032289478,81.38214594265291,73.76384580329939,33.07340975195856,27.766384749824358,4,1,14.5
T0226,0,42.8100967208032,39.17979625801648,51.64997836766777,48.17372479371606,47.247373286658146,43.166965683489785,0.03471419111506849,0.046010708013355175,30.64747089635383,86.00428802607215,81.29372537975527,39.7792576237631,30.088564637250773,0,1,20.9
T0226,0,56.66634491463146,49.08186736760611,53.92566320251118,50.12365352578866,55.89646142622945,48.573311025059375,0.10902827350724466,0.08374999247402282,33.45731476276328,72.42762387925674,70.54502419554876,35.580977089744884,26.878952193725212,0,1,20.9
T0226,0,53.349569562252725,47.180631785758514,27.198561112179068,25.755480903694604,33.51770841783904,30.55824464647952,0.05060452409563216,0.026422238493396394,33.688690780540625,88.49874902315966,82.7201364269737,31.25358970676689,30.443897956848673,0,1,20.9
T0226,0,51.1446046011401,49.5633952781276,29.30706587112413,28.296250497852633,21.622589826476407,20.544606583099036,0.022343926535242215,0.041054011407396125,24.097646726008627,88.45216714369312,83.78882105114592,26.2108020876262,27.616099994556812,0,1,20.9
T0226,0,26.620931990392418,26.078553711976813,24.48741318788514,23.737558518479226,26.063498207311852,24.0160133251416,0.013987477267449542,0.05417300831547794,28.300656570287106,67.00207609099408,63.63334464383417,38.87226868833909,30.13574064628322,0,1,20.9
T0226,0,64.96517340801478,62.047544686118094,71.721683629924,68.3720721585881,79.01185862204828,78.852631841062,0.025967999279372,0.0009764220236566122,28.47545811936386,64.90119431477683,62.72227874208709,37.650360458466835,30.14063602702365,0,1,20.9
T0226,0,71.38420302345479,66.72994006560516,28.34326402170838,27.213274540800068,37.253738031528265,35.49481128060068,0.03310629546797218,0.020955604613230174,33.73482740847307,92.18079716719045,89.13038613005816,28.316234314770426,30.1685034265547,0,1,20.9
T0226,0,75.96594178897107,71.42907341888078,24.752438416938745,24.01675603142823,77.34929858901711,73.13320225489284,0.029979013463857052,0.02730198776778887,30.066843502990228,69.69101339564665,70.22814170066589,38.90076637775932,26.636222881692902,0,1,20.9
T0227,1,61.66020238884474,56.12295358507491,65.3180803325394,58.409957271076856,22.934924132897002,20.255253335379876,0.0688333390842606,0.0901727836801212,29.412453950592983,84.1109824465651,78.3696901874476,33.829678566301524,26.06216127164769,0,3,15.7
T0227,1,45.46707708629464,37.18401725377481,50.31827285166389,41.64857565632026,31.0797553503767,24.774685649130497,0.12787785600333193,0.18415298819706147,29.55411055775869,72.6070154757317,64.06560617238091,35.69671121297446,25.849127198580888,0,3,15.7
T0227,1,59.27096075613074,49.44120981973512,40.61609091784021,34.70418063342156,50.529356198649594,43.08096211716504,0.1779978854823238,0.15562821129189913,33.75193331663537,68.05151726299555,61.75385154175564,34.045595437787746,29.8290530005902,0,3,15.7
T0227,1,46.66592529181142,42.356993972989976,70.86210174460957,62.98008906828492,45.1511450198839,41.775792447319716,0.0541682490506824,0.05319405898026177,30.934478402185075,70.52439341677227,65.00452201835328,29.488151358813763,28.38664048859312,0,3,15.7
T0227,1,72.05404186757616,64.82805409668732,71.26344413961034,62.66636862034703,76.90310444007574,69.23323040307253,0.06167103293098368,0.052034825366050766,31.77030548521638,71.58018814588164,61.3062390060331,30.179350980257688,26.561140671266006,0,3,15.7
T0227,1,73.50080806017137,60.11460787647186,45.85475419290031,38.37055830349135,41.11953993033856,31.888375041013425,0.19821611237451758,0.31535384208343487,29.848613473852097,78.95957523179936,74.93304319329845,32.23719746727589,28.64300925859004,0,3,15.7
T0227,1,44.977639427212196,36.056377478187365,62.08153394472574,53.34193482486609,51.44651449215774,41.298247365015726,0.21491831030219494,0.20553080515263542,31.413381919183852,68.61548821433416,64.4025239510742,43.917468069007825,29.217229864332744,0,3,15.7
T0227,1,73.362701494858,44.87082148280789,60.067394231198726,44.72147648637718,68.39571893710966,47.17359472099169,0.43518227217552824,0.1983876082019729,26.142083199294284,59.52802565597829,60.56238788204628,33.21590938396766,28.96609515341218,0,3,15.7
T0228,1,76.80941402070931,45.5877363802221,28.731360898469827,14.026440827974124,76.31757921727777,43.35577472521623,0.6748932126484487,0.4895816869419252,28.613394214627803,91.04388121106724,87.06856174739721,33.01694288495161,25.672896244554412,0,2,10.8
T0228,1,30.90259898877954,22.307751652987704,46.758235332741336,35.77922431813566,66.17103954435184,52.518453636703576,0.23649075552504545,0.1762376492891391,25.997067172053267,71.01470419091702,66.9520371477551,39.34753535466991,26.238667901248633,0,2,10.8
T0228,1,20.09451842952775,14.938448610603148,78.88117539744114,64.9934019551331,51.00960283168449,39.57980724118064,0.1716417697887072,0.14720736346038948,30.073703862539567,77.35788005491571,71.55145765388102,29.241902405877404,29.790497307020473,0,2,10.8
T0228,1,32.59155648536462,14.624157435428213,70.56542675223258,32.38043961487062,21.26646252975266,9.2893487342829,1.0071911402438796,0.7524790973492426,32.59632959383977,77.38843813780232,69.40988120221836,37.11473502152895,30.151680617666802,0,2,10.8
T0228,1,54.237272400178455,44.07474002242355,45.976161411388276,33.52150052483709,70.58320902287478,53.5443747203297,0.22452692456176718,0.2751028452708298,30.030579129823504,84.66035438789653,80.18605671346943,34.15635267553293,28.91353507717325,0,2,10.8
T0228,1,24.743972224438526,17.770346264567078,67.02429096308093,53.99101806862192,69.31860724631308,50.84506159829286,0.3052614481028759,0.3556129713405399,30.96109812205332,71.97510011278656,67.25100397582005,42.81804833496881,26.90473671705012,0,2,10.8
T0228,1,22.042326645995807,14.797504735598196,21.375106416920552,15.771531860550217,24.486301268467784,17.246298595776786,0.48883457682791015,0.29976868319896655,31.006657884258193,96.27781662595724,89.20124501134572,34.06422895716997,30.141562275484894,0,2,10.8
T0228,1,30.207267836323034,26.89160523407533,74.36162681005672,61.72088314443182,47.25258861123837,39.923164359541474,0.05902536949159839,0.11660987430366763,30.92113547939897,87.49940736099043,73.32438014399324,36.05526413903216,29.0216425270221,0,2,10.8
T0229,0,39.34479875284087,37.09725861365665,37.083196286504716,35.25890324254805,34.8036173623734,32.87632198876598,0.040503683766413154,0.034397627431673176,26.996549507709737,93.41870764194904,83.57017489567832,35.03412613855978,27.029392119637443,0,1,17.5
T0229,0,50.05519791831885,49.13584296100746,46.43253263998779,44.65525974582041,41.61792176937487,40.06752597634968,0.009581192180163605,0.014098114940151315,31.42884743230911,85.9672182819426,82.85535593753848,41.03092030507788,26.198032819570177,0,1,17.5
T0229,0,43.468962890744045,36.633615036346036,42.14152245658133,38.724250518287846,60.06657175743881,51.39179429378121,0.10121817588487228,0.07424599532187044,29.30435647630857,84.5776330024189,79.22645187222611,30.329145980748894,29.956870835358522,0,1,17.5
T0229,0,52.70090501309981,44.387589582764136,28.08286179765217,24.445728167499734,31.970943096022804,27.037721800758302,0.13110578299936343,0.14321921237205126,27.993317888163585,82.85234589754869,77.31711096036305,26.829120372191202,27.68008744894455,0,1,17.5
T0229,0,72.80351584990117,72.2689667324173,36.13566704650104,34.35252746217342,27.786284772402162,26.628681071007218,0.005049944352622157,0.025359945042482977,30.05823220363726,66.38550352251707,61.685304709352756,28.445035617577787,26.27106432675693,0,1,17.5
T0229,0,70.56529476205262,61.48628618223064,64.08389068547307,55.33737417541443,34.075812181922814,28.872976680332382,0.10513091187126128,0.11802019593727295,27.39062829230883,95.74405573888801,81.14305663441007,30.856591669270628,30.34533003740118,0,1,17.5
T0229,0,55.507492473579354,47.2890046471494,55.88476051964144,50.670642943201294,72.81692722273151,63.72449147041977,0.11059188103385766,0.06222781952419681,33.49639726661047,88.36392391901771,81.643788271894,32.27813580171983,29.089767912319854,0,1,17.5
T0229,0,64.18501666826938,60.75331977909277,50.2497816740763,46.91487411996451,55.48100273133393,52.21900322885464,0.026013485286624997,0.030198130897392348,32.382939929223646,70.56551055696445,66.57398281877636,36.18084774834742,29.86975032217029,0,1,17.5
T0230,0,55.87550952698983,51.15389913205048,79.35419281544152,73.45280926914334,79.51409564017156,74.87153456626808,0.06708460543947369,0.046677171918526314,29.971546036792517,80.35510240584152,74.96358810825083,34.677825401988756,27.3352696684503,0,2,6.5
T0230,0,55.84223718728791,52.880135256546396,26.164318134311088,24.40094716534982,74.10788181411009,71.80378409416305,0.0458417181215617,0.01763222360900374,27.676796142531522,92.80593297546973,84.90501043145329,16.705434510663185,26.406049888981094,0,2,6.5
T0230,0,69.93971830069515,66.93292632910348,38.97313799325187,35.756390880596264,66.60749564057957,61.45023087614583,0.032970490109643966,0.06370825453440712,31.2585281262056,85.60496956211483,83.31023215730966,37.1687392046272,27.242263038496027,0,2,6.5
T0230,0,21.620740578911757,20.60510587436059,65.6680642139189,61.35219897845096,39.372788950559915,36.53049848590703,0.03399073777171375,0.05080207727441421,28.53528093687228,66.14404210534292,61.76735006750304,39.63940555060343,28.323697655437684,0,2,6.5
T0230,0,64.73901999118247,56.8857814940106,48.117550788922884,44.67014220691918,69.66166585206,61.033361425355984,0.0680334191941875,0.09132655973616736,25.215600301979993,86.637605749033,84.33392420475569,29.03175505291788,30.316701528938417,0,2,6.5
T0230,0,43.42711313234514,40.94521077992442,33.95713225913315,31.052912355850104,54.45583993355695,50.694950395332626,0.032774329987383256,0.0360292360558045,24.375461566067965,69.85038702422541,66.40431740650894,30.27743816267535,26.31241752448058,0,2,6.5
T0230,0,30.03706581535388,27.167827001915185,45.31479753166286,41.07019519233962,23.89181806440163,21.338566874384696,0.061084087534416784,0.06370678741864765,30.447896631361854,96.37177376465583,84.73233593853456,40.31914118768452,26.85147612840663,0,2,6.5
T0230,0,66.45282910315004,62.95111386854641,45.39695679253873,44.33670815746802,63.61900246576248,59.65798924363191,0.03456557630986848,0.032804037450270336,32.86362206172885,70.81460636851419,65.96113723874069,25.725643729682325,25.91114944113245,0,2,6.5
T0231,0,40.5894660777864,38.3572356292003,59.38422288275017,56.10911387315165,55.497592481744974,49.71152967340748,0.04011108302536192,0.05904005483574163,32.94106042954951,83.61262501329242,78.42213804181942,39.422072397685426,27.054779950377043,0,2,22.8
T0231,0,66.24197340338421,63.7118319111934,26.538901181184816,25.855077494346226,66.94384417753864,64.0614983890131,0.01862201611022826,0.024928613239391776,25.987675510460505,76.6974413986472,74.84506150859269,33.53604282654182,27.264945539796344,0,2,22.8
T0231,0,50.73366874931807,47.23023869428564,74.04640417488159,68.6310053696826,32.98709190381389,31.588469357123284,0.059818188534033125,0.03904288089951651,24.781639725194136,83.17302886228018,79.98803523368628,33.071500136392665,27.904599241129308,0,2,22.8
T0231,0,25.602563906999304,25.352172954980528,25.612399370244624,23.91337645694768,71.02756227814355,68.4131810172839,0.0071635732407818046,0.025377472105818585,32.63065149655629,91.86098534616534,87.44622696368286,33.272630426865476,30.20170050512254,0,2,22.8
T0231,0,22.37631309004129,19.407769292415193,25.02113571900572,23.27719383167588,45.92665929714533,39.39848727405154,0.05034058641128184,0.08891067971271929,30.91506083828526,88.69701084425142,86.46245486872688,30.68938517342828,25.97014090971206,0,2,22.8
T0231,0,41.37629942138304,40.32334928281029,35.06075965326768,33.39217951435176,45.95646134454637,44.02190017286325,0.015001892119296983,0.01791909522441903,31.939149132691952,72.75954865784317,70.23336960734446,38.30482347058337,25.600282487128933,0,2,22.8
T0231,0,63.414098881672764,54.062883691564906,59.231164369858085,52.80499067771957,42.97994493848849,38.00642900617531,0.10390679957385945,0.07332068110925892,30.635656019988428,69.56323507642944,60.66417649118369,36.17005755135313,29.436112744905596,0,2,22.8
T0231,0,72.25681709169757,55.05627000399607,26.239478043794882,22.512146632857796,62.5495908331908,51.887126495819764,0.17549135762919355,0.10438894669855767,28.367787020933896,66.3391247436873,61.921157730742266,27.610771045216545,29.925314765219362,0,2,22.8
T0232,3,20.112966940816197,15.100284507097694,57.8823165951511,41.819163943925574,40.34131981945902,29.56909245938944,0.37004780424611466,0.424969189365327,32.51375406950989,81.46565358619777,76.1927596634431,23.40700868371729,26.398475693227716,4,3,22.6
T0232,3,20.770898547338422,11.803799294614423,31.25853750731656,19.72460601089896,70.65497118374601,39.80185217726572,0.5205839375014027,0.654787821792913,24.868239201728517,85.50609912991395,74.09280243331145,25.08256272438557,28.390703834171497,4,3,22.6
T0232,3,56.47410178126388,34.60493956588351,20.360139814192138,13.524661287871853,66.63446846841465,40.91201435699714,0.4395945295446535,0.7273433179489959,24.769315212640667,82.61470577507009,71.1254178656247,20.1637119546075,26.879203678693745,4,3,22.6
T0232,3,62.564036288687994,40.82939069289373,60.29924447723597,40.74910027617829,67.11152743120873,44.869935709417234,0.7008847776432487,0.5127056021586038,33.67527166858274,67.48480282382322,61.985282398639114,37.36846031169369,29.33206635008885,4,3,22.6
T0232,3,79.73643349543892,36.17291206863768,65.36912692406258,40.418507567476006,67.40975390201466,35.241359674078694,1.1055936509832383,0.7704461190142732,27.129952135017948,87.8107090499812,79.52910768035647,26.140576705826113,29.33475244861827,4,3,22.6
T0232,3,63.49331463324856,24.04193702516754,26.659022758530085,13.54450090672821,52.83670955434464,22.51063546023902,1.9490884230435173,1.196262148252893,28.23832973077428,79.07937037727591,77.79187149650106,38.67115673474738,29.022286227923157,4,3,22.6
T0232,3,32.5004023995574,22.198544978475237,38.33395877924793,25.299013320756472,30.0743352787535,21.894519714938177,0.33591301413914637,0.3628806736631781,24.155271656421284,67.72358691434307,63.658301328516444,36.039362421529134,28.357131885941744,4,3,22.6
T0232,3,55.626491982664206,42.1577791501812,75.48609736542218,52.135675245893225,75.30332690558276,53.94508475834936,0.38285490388838245,0.48125307381298243,25.345056657614425,87.98105849046313,87.99381808998537,37.57510695881613,28.995343612049993,4,3,22.6
T0233,1,50.614918045609826,32.396162527174916,43.02436744065691,29.99825986972717,74.78982112343328,49.33135262015317,0.4086600643281116,0.3772535452942402,30.17494114186644,75.71413087636451,68.94518358572962,34.44821572734426,27.75977030646952,0,3,12.2
T0233,1,51.5419410010259,48.36187107461053,66.60733756764114,61.372391816836355,35.192663877110235,30.063127097629216,0.05626644224800087,0.13531430065662853,31.96108342952631,89.02528271275166,82.84412552438638,27.885216658002445,25.87646275465338,0,3,12.2
T0233,1,74.48820341992402,37.704209692235,24.363972444926837,14.409224336879026,75.0072746106982,38.283901572290596,0.5846863669317801,0.6557061171884785,24.63989951092134,73.4395672112465,68.86846608898709,36.33152556301768,28.906365138092074,0,3,12.2
T0233,1,33.35264794249833,29.045832815871268,30.68593057869651,26.062441205655883,39.09703669476714,33.38968037162285,0.08175120654906565,0.06453413235815056,26.41238588122753,68.98366004743018,63.60497024902541,30.031941685438884,26.685051771331146,0,3,12.2
T0233,1,62.00878486603789,52.00605800432435,23.393127212777898,19.5391913864722,75.33009793102318,63.789529447627444,0.15746693591182173,0.11582873649988924,29.29627285358484,87.54022590673728,80.79828747311448,38.17488441630832,26.14928009605634,0,3,12.2
T0233,1,41.66683788778134,33.512756297672745,67.78762490607576,57.01238094433792,76.98812433715105,61.79394422736141,0.13994423848017126,0.1475807117690371,32.497965544822264,78.7953249772819,75.36159277927707,33.12274235822213,30.321463720628984,0,3,12.2
T0233,1,24.534674218067984,19.395930252685925,52.15847300675584,43.87509031614122,56.868072658311725,45.18906116611887,0.1683318596119619,0.10324810843072764,26.972325676007685,89.58512860944697,80.06225110243103,34.56987605597774,25.966285281866234,0,3,12.2
T0233,1,77.10690006334869,59.95825991998299,42.37216722605095,32.73058662087336,71.89806201218963,54.04217545731636,0.18463739428672882,0.16636328742466022,28.897136107581552,76.67551032933626,71.78044620497474,38.80232797509708,29.743159839854712,0,3,12.2
T0234,3,52.92350784960897,20.180449392428187,41.25305143794702,18.288806719468568,41.872451005588914,17.657176036350116,1.2109152440021824,1.8436147553281435,27.882536446639943,85.05852778619943,76.21379604577757,43.3479165862628,28.085036084701553,3,2,14.6
T0234,3,53.61982893975204,26.015866791421445,66.7394733391501,36.706918068027655,79.30205739553836,38.55690034297318,0.7798436791816077,0.753798205161894,31.28851188562094,70.71673147110425,66.14232462839368,31.069359112686744,30.45078917613796,3,2,14.6
T0234,3,35.53010032381487,21.765707820394056,61.588643341131124,36.044692804481635,52.86127923003154,31.397523257624393,0.5841170763124371,0.6175266215569349,33.581999783046555,84.9327910093832,78.86896338473319,35.43896892538223,26.50188909289002,3,2,14.6
T0234,3,62.26614763678418,34.601558793335144,48.35839942246746,26.799124579545428,50.00208064348742,29.159096777471984,0.7066940525057747,0.6731376453014963,29.498464282430582,58.232388550967045,60.094258550645065,42.900412033955,29.442950361493523,3,2,14.6
T0234,3,68.73901134072415,38.24910166088285,44.35496102683196,24.937249604614973,48.9308361639867,24.057586662177144,0.6339141605714534,0.7759528571813279,24.16483577730689,73.03191508410997,63.58076490691353,31.633690083402115,28.97845827664212,3,2,14.6
T0234,3,76.43247109133256,36.147949114901266,63.20640907985284,31.742362585715984,29.21944621154926,12.984492068252441,0.8781304987898467,0.9680331612637078,32.57383723227124,87.7027820428426,80.86494801990197,29.097673265683692,26.85875985913852,3,2,14.6
T0234,3,43.74469282188112,14.938207856926494,33.859355443720546,16.061810373081858,79.69650804337158,34.175522521011565,1.1204443264000936,1.1535557933235692,31.828244020250878,79.37854237258874,75.82544640564008,35.35236819746962,27.07133490757813,3,2,14.6
T0234,3,55.86398960598451,24.116777590078573,44.89868825957578,22.201634747300055,74.30389340154102,35.2275591583768,0.8461746606507716,0.8402194975421158,25.32274667991064,76.66549159257787,72.0364445611946,36.704260595486765,25.705419313098236,3,2,14.6
T0235,2,36.491326004214415,24.73429762762967,71.85567879277133,47.118969387334566,78.17511384419059,53.25564293881719,0.2719443718945887,0.3096800075472424,30.54444060645268,83.72000186145904,83.58879750071534,34.76948156688622,26.172931123626377,2,3,18.6
T0235,2,69.85949820472473,49.25338706023923,33.86525461564072,25.145230980335644,59.48172421423226,42.46790048867668,0.3803320498312935,0.2682018580954666,29.076172974589085,79.18838420057776,69.61356566151014,32.69162406592282,28.64220345165943,2,3,18.6
T0235,2,73.38889470015478,41.91592780024516,60.26638323619411,34.12588981647877,30.154087628507032,15.04468788737696,0.43853580657289504,0.418318360204346,31.89958709573531,93.47544121355374,89.99898478670562,26.39310069026494,26.574169404774093,2,3,18.6
T0235,2,21.666002837049064,14.586970341425534,73.97463868163358,55.32675528614567,51.388423530572396,33.80067465269782,0.3275660070207455,0.37543998022134784,24.77712217193078,71.75687537027514,64.53469279779394,21.29307718380865,28.58028039210968,2,3,18.6
T0235,2,56.14566657728212,39.025656847068134,24.089231962268762,15.641128076479857,55.59177833905151,37.31057210053125,0.4434271677938039,0.4682821258787958,31.692612797249087,92.96039647210971,88.99475207112086,34.17143328385628,26.2867122825221,2,3,18.6
T0235,2,26.51284109065741,13.290639343197352,58.583129994509505,33.444985090197825,67.76578166696359,38.76880849335014,0.8324279144574684,0.5505844587464968,26.31106340081196,76.82062787936817,72.10454682218656,30.59060040641,26.76065818274563,2,3,18.6
T0235,2,22.003428679727953,14.96130833010883,71.2076498402505,54.6088829165327,42.492935403034295,27.773027308059664,0.3676240807474758,0.4848045300832152,33.985876415563546,69.19610107185107,63.3460823537181,26.778765181993204,25.91899269721335,2,3,18.6
T0235,2,46.809443020975735,31.519166543400424,53.693064875546085,35.56235929639725,58.8427894520982,37.45864283113019,0.5616136001640376,0.630198066024534,29.044431023244183,67.60512928857923,62.86622686277012,28.939773553351703,28.08098255639553,2,3,18.6
T0236,1,23.017892129444313,19.501222465832633,78.07718512667205,56.671692441614184,56.375053926760366,43.63074382773441,0.10571503137526665,0.16057997430839893,26.51897698128572,89.3462298465234,84.56596844124398,23.843759658106606,29.405334402676573,0,3,19.8
T0236,1,62.1150398970091,45.209874069654006,52.902065522478786,44.12853310724405,24.900639125586974,19.263330847869586,0.19104160223818606,0.17207633039565937,26.890760622567868,67.88883307869904,68.89635941261729,25.733489796791382,26.237186657871973,0,3,19.8
T0236,1,58.57561002617403,50.06776067963396,66.36501993778023,47.8625716458131,58.46104002153628,44.311614297364365,0.13016781736727956,0.2272077138233821,32.299490432618256,84.02993784298779,79.4617827210028,30.396079646609643,27.453009508825048,0,3,19.8
T0236,1,24.068451236874697,16.72659632671628,28.969054657418102,18.469656654611196,57.67406605307072,38.786447200660504,0.2860358970080639,0.2698673590226865,27.351874883287113,86.71472262250086,78.44729386634117,26.534501246637653,29.273790349375492,0,3,19.8
T0236,1,47.92154157393492,35.05923891855159,73.76400879592134,48.80151965930538,55.04512350645156,36.627051844723646,0.17225632057474793,0.3766245217801728,24.041899766358,79.40345088731904,80.5700782993402,34.30665974175028,26.973339837716942,0,3,19.8
T0236,1,48.24755568694593,42.44048975078509,30.0910657140003,23.78538532482413,33.127690779378256,26.811302460734094,0.10772261746241911,0.14840750855069829,25.171208040115943,73.14707337398886,70.96976244380494,40.31851061160922,29.035399499952803,0,3,19.8
T0236,1,31.546995234447003,25.81350176380223,67.88733286328,46.5272406089809,74.79696646140356,57.09007044328765,0.16178812537804702,0.2340399751030883,27.072139971155902,78.78436803842517,72.72845751957165,28.06671924964757,25.64659473053042,0,3,19.8
T0236,1,53.13425402979488,42.67636237717325,55.642414871966736,46.36107462448001,25.977479151293288,20.747736017355972,0.14722015731362031,0.15749112387465608,32.44522301488171,93.43901736470237,85.49915957410705,36.581726683582744,27.658617754246702,0,3,19.8
T0237,2,27.347768029192714,15.309023686872717,24.17231198104921,14.37622398348985,72.02550151780132,36.02171685793153,0.5199328854041357,0.7860908306731126,25.522659888195104,93.70835950001796,90.10041774744428,23.493523695120214,28.63786845302733,3,3,14.5
T0237,2,23.79174007444848,10.011252377645361,64.84049582473769,34.094836093838495,23.384184322348073,12.191202498593341,1.0907314588165962,0.5221025643189191,28.57340661845648,82.10826214794938,75.80646057655785,38.05208549668704,28.770185225375414,3,3,14.5
T0237,2,27.93301286830772,15.916341281864725,65.55878313354563,40.560410174252766,71.73807371233045,43.788043898268654,0.33698379225305103,0.43775017570048563,32.17522579134334,90.06046000417042,86.35820038505156,30.491426594443368,26.006669635844315,3,3,14.5
T0237,2,79.14869426325043,47.90908658299378,21.227595213066664,14.478062497471264,39.84037267779861,25.770463149781477,0.4114839170655065,0.3849180268964638,27.864903618574587,66.96650980224942,64.30082060873526,20.44903968677201,26.05613903779156,3,3,14.5
T0237,2,42.64930449520749,21.341324954683394,59.10986845601633,33.4653197850671,53.94193299950805,26.4678163881984,0.6910756014302559,0.6139771737765682,24.2445759678418,89.13190205436364,82.2853170236848,42.67992914964512,28.00467766722506,3,3,14.5
T0237,2,55.07411518862018,22.789267032214315,36.61959545626968,17.304725079108103,57.78502058452079,27.94927766358013,0.9820790873135455,0.62867976721883,28.577283545696805,75.15250973860472,73.26880356241605,40.2507895556851,27.259564577809556,3,3,14.5
T0237,2,34.21763056223656,20.529950186105534,69.90505720721322,44.622860653721915,73.49201439497205,41.855959506948615,0.4276721692450009,0.514878231201994,29.377087585082705,69.72581697594082,67.6581432226102,27.085624978448095,27.918777324251277,3,3,14.5
T0237,2,27.178959437110507,13.981671131612938,34.96194053093301,22.633204725022278,52.03459085441483,28.192134599885584,1.0532656180326805,0.909662869099567,28.59968680081134,85.45418536046924,85.19770602252956,40.07896643869357,28.146660972830784,3,3,14.5
T0238,0,50.875932210258824,42.331546566278355,29.49928019072327,27.215480767572032,74.74055300886738,62.63895574260203,0.18831654842172882,0.123101587031626,31.85036632280955,72.5160120848628,70.83381584415211,37.56413103538467,28.37538337779922,0,1,23.5
T0238,0,22.46961924540199,19.577342027506013,35.09912026408527,32.98622512412047,69.59420160306388,66.79255921168405,0.10303451590968517,0.029538929067587375,25.56438514875527,79.05880460667441,75.97869425110198,34.10972129497904,26.676777975642427,0,1,23.5
T0238,0,54.387660893199545,45.363848392424735,54.932213446045786,49.139705454254674,44.511572915958524,38.89489796489974,0.1564524667093203,0.10788477787677829,25.557303152596287,87.85195276267275,85.23545336990217,35.780190276257066,30.153735125147985,0,1,23.5
T0238,0,64.00651244691429,61.83183026183016,38.666775304442865,36.7445084340863,34.91553494381401,33.61579259499528,0.018220047614136554,0.014341164188643589,30.739535603611568,65.28618566649396,64.66738799347672,26.228049909508606,26.28926707767777,0,1,23.5
T0238,0,74.83872338723462,67.31375384122238,74.46776667571491,68.45132449172918,26.089980909590068,23.654396399642884,0.056652602485517636,0.06162049437060194,26.59848610394679,68.70638090204798,60.69535731634009,27.154086741309975,27.98395650876741,0,1,23.5
T0238,0,21.20441795747743,17.921168532590137,69.83978377775924,61.21956999409257,53.51876718243885,47.92390742453549,0.07975782884480216,0.0529963540081803,29.978902524448326,85.26831892366947,75.56083873695493,31.917777055695073,27.158355553625036,0,1,23.5
T0238,0,45.283231567534884,41.589687442529524,77.71412581311796,73.43897935919459,26.77368110427647,24.130272552873585,0.07501187431249753,0.07775330036045017,26.646603781582467,66.22072153242631,61.55133877433736,31.521551379976273,29.133089551150995,0,1,23.5
T0238,0,31.36075155471417,28.059378282170005,31.39889572247484,29.24826972496803,49.957463593345494,44.71798170615914,0.07110600217733311,0.10751249699305851,24.604545959892704,90.39155866068548,86.65905200070179,28.05518810364415,29.38979707940809,0,1,23.5
T0239,0,79.71958537786398,73.26056193289492,39.25859991507693,37.067849342693194,53.28401444021456,49.18359384449124,0.055161313238366025,0.06600390373943486,26.196491764086044,94.03188804605904,90.00504290953556,32.66782207949408,28.889194651796856,1,2,9.1
T0239,0,71.14684870949701,64.37592516338769,31.99612891348508,20.82866054161648,51.509419128680605,39.00496885514484,0.05507232817889463,0.17987817943768183,29.59126327253664,86.59512257369012,80.3110935104261,26.416017687039457,29.174214459130212,1,2,9.1
T0239,0,77.12432124672874,70.08512241192525,43.38471748960768,33.49879134828898,59.703803570361046,49.82960649061936,0.06222933019876017,0.12106797320857576,32.43123039098211,90.27006216877811,81.77129838275523,30.046490638325512,30.046687279330026,1,2,9.1
T0239,0,22.41622147341965,18.234729298385908,24.30374720548924,19.016123831561824,31.715767598728796,25.63869058304185,0.12387783682619778,0.15804205221390907,27.285256981482462,84.60999097782093,71.71019269093159,30.854945672580875,26.460343503007508,1,2,9.1
T0239,0,24.172090318167758,20.718846426075306,62.17868272473127,43.72924244262055,74.631850695021,57.27921769014873,0.1198798791750754,0.1906206897800755,25.13468488965701,93.14671847471622,88.60874875198738,34.69093514448001,25.56632679383211,1,2,9.1
T0239,0,74.30088649261957,65.97519924946097,56.48935873758058,50.91021631291939,76.64531564136414,66.35651883485612,0.061792481667868646,0.05960163951870434,33.410459869682555,68.4742089337888,63.77662555432158,24.092714861530723,27.68207465264951,1,2,9.1
T0239,0,28.17978688367132,25.289713370571242,46.803892305265784,34.33261894742304,49.03191728861097,37.90716632642394,0.07522766962215006,0.15842227156689542,28.07897390758662,79.15339607510306,71.19250980086876,41.12643805573077,26.710457960232656,1,2,9.1
T0239,0,53.34298140021469,45.85671445094563,39.78603659466961,37.44559592362366,25.88334916460564,22.49971453089422,0.1406473580219784,0.09598728872197952,33.31378124011074,77.34451790171305,77.80302876366217,27.807635330156614,30.21289586362243,1,2,9.1
T0240,2,27.077247077310044,20.519346626540585,54.6732659789363,38.5498219245335,65.6108529156149,49.2367003315623,0.2189701537673949,0.19625871803944492,26.25263854654879,87.59907626670936,79.29797340208238,24.797031838683317,28.013923012812427,1,2,17.9
T0240,2,60.613978793769355,38.89181634282686,46.6921523891157,31.156120578461767,27.974520570561147,19.403828046897306,0.6716593969402033,0.38271743653611673,28.00802294189265,90.75664190799799,82.19222935077099,40.296626517989345,30.449393895706727,1,2,17.9
T0240,2,51.11884603252685,34.34885832419227,27.15795448837467,19.239175150885462,68.22516535761025,41.32937354722428,0.3352635987622367,0.5256235507614372,29.155183737788995,90.90153296950572,89.94641929172752,24.726617304093914,27.180846023681788,1,2,17.9
T0240,2,24.996855649416474,15.907012667374183,44.76015331041624,29.875441566223454,61.87131819065149,38.10030539279046,0.6935941030291305,0.7276388753512845,30.580795465537328,66.31776918989014,62.69522240894386,33.754480576602546,26.60715885976264,1,2,17.9
T0240,2,56.692870155982995,38.764769961113075,70.13372016170882,51.68841439084069,42.78215013112844,29.33199229475362,0.3193155461103921,0.3921741290922308,33.78084062647555,77.02264885541727,80.02264885541727,23.161900068794456,27.719066168784238,1,2,17.9
T0240,2,61.53739625079733,44.557486985547996,20.477064433829128,15.57748661824731,21.039289173832877,14.106628166432074,0.40260111980523705,0.2838251814341406,29.0446096762424,71.01729347426071,62.849851763881325,27.018580451658387,25.657917395559448,1,2,17.9
T0240,2,55.31787118150483,33.71574657944691,63.53071071320858,41.72211087604279,70.58972739086126,44.573834661322834,0.6029942418149441,0.37456854085929553,29.468946305877854,76.55589415107734,76.15665769272175,27.695162558065654,25.925602328066375,1,2,17.9
T0240,2,43.44885761476051,23.323884333114474,34.83788452975626,19.58928381481521,79.6501585007931,46.241478565133114,1.0737540276793733,0.7124004613458188,25.653798931879983,75.96100579901386,70.37934641127592,36.02551607392559,29.98205680307377,1,2,17.9
T0241,2,30.660076948164757,17.37948654596349,71.24995833269844,54.729750688773855,32.092666564182316,21.28082557065567,0.7258266778415301,0.45435904795584986,28.016144880264378,83.93000073233243,79.93095426894942,42.19953963936056,29.839077218877073,3,2,17.7
T0241,2,62.00495041209992,37.832208592762655,69.66827266306635,47.09523852891825,46.78206084150743,29.62572857121409,0.5697509181636473,0.43146745867434366,28.31608108428032,82.24595429970364,72.21789941549666,33.07642376389323,30.40385751693735,3,2,17.7
T0241,2,59.411085847469025,29.375541835554863,58.032996663185415,34.122271711645865,67.5021548669502,36.66171911547962,0.8709628225261611,0.7881894964907807,27.205229152700408,58.37432589306539,61.37432589306539,28.17245100903007,30.387254057980318,3,2,17.7
T0241,2,56.24378165091966,33.55419247216212,62.724211188837934,41.17544596686482,55.727292835026525,32.52958532572676,0.5264396983497244,0.462871063285444,29.199275140865733,89.78461202987968,82.59032220180302,35.769061801702364,29.465951848474983,3,2,17.7
T0241,2,59.79590287117962,38.59627696042456,55.88844593414124,39.782573041528906,78.94724754832151,54.540456631592654,0.5375730753918789,0.37373348052372374,27.609296384916497,75.04480249856172,68.53348509615905,39.57217489732345,26.027293008661232,3,2,17.7
T0241,2,49.642157239826766,38.11421818219731,72.20815653282493,53.758262294952424,62.39763665065047,45.28077051865418,0.23013350516239758,0.3079949819300797,27.669440028096076,76.94934297168204,65.69548591919227,44.05869084852509,25.92070764247719,3,2,17.7
T0241,2,37.962489160142205,20.431897927593806,20.694228537147644,12.647124873705538,51.82581654811361,28.936852294047064,0.6105420866095561,0.5295138674526328,33.24442353965053,78.25752548408703,74.66770024925783,29.63489695091852,26.123013669654142,3,2,17.7
T0241,2,73.29223511140826,37.35443271718097,26.531588123736917,16.20706964158902,27.76703493458211,13.672399920274726,0.6057841344871914,0.907762119510935,31.612852613459573,72.51736553598852,65.85877627239022,29.43495051217149,30.476710937715357,3,2,17.7
T0242,0,50.01688652558,47.12486499886393,22.428237927129416,22.345198870393418,67.76353229013085,67.20224482574372,0.03501455332063126,0.004652938476027665,29.35848013337609,81.61072184662606,83.80501276382358,24.707645817907412,28.939505150689968,0,3,12.3
T0242,0,34.82922200193795,31.827085528318168,74.93691754943676,69.99153467758651,73.04085922376382,66.628227187008,0.06049427239199836,0.0584085487099038,30.517181013494653,81.76894838334336,76.01464883226976,24.389488492699655,26.788288132453033,0,3,12.3
T0242,0,62.78503927694209,61.123581288401574,40.48158855735814,37.16842839732192,35.16141967802754,32.69765322043044,0.019375104077879807,0.031627095101421386,28.35607355120885,65.34424788046891,61.24984793326089,34.47971678586603,26.067162489677475,0,3,12.3
T0242,0,63.96680235309936,59.509387491831724,35.651288483949514,33.52533309919992,77.81936331859544,72.58399515370671,0.0505660095260608,0.05825539496833507,29.500975970424193,70.54547817417198,64.60972030005001,34.24327887949342,29.505783416877,0,3,12.3
T0242,0,43.58724056558638,38.758393101801495,79.02355351287378,76.38957656857886,31.040004572744195,28.05672269565787,0.07534320186314124,0.05943230885045042,25.70884277171618,82.17479291032998,76.04300277690852,24.226515345136043,26.650678893592456,0,3,12.3
T0242,0,46.33689053314701,40.11141868802675,21.9935041122585,20.799614567075107,72.38809508127787,67.8919667461004,0.10585579642723349,0.04773357459899809,32.58332300946549,79.26898618925883,75.00331257541555,37.830461421464385,26.300941852741058,0,3,12.3
T0242,0,44.560618236244366,40.096742789840455,75.25972240674834,68.18971556886882,61.87977168251979,55.743794937982656,0.05319292661254409,0.10831879046551865,28.926163362700642,81.12418031743051,76.34261293814254,30.155771464859882,30.141522675212286,0,3,12.3
T0242,0,77.94455820044115,73.88953981999256,68.18667545660725,64.07671599929473,21.859340987038042,20.14439431176046,0.032780135960827975,0.07418378657951165,32.79861142947806,92.40682661610445,90.67123068265724,35.10610110616787,29.63631163742121,0,3,12.3
T0243,1,50.3372319312202,43.412298557477165,36.207554044250216,31.121805516460658,20.034924451369044,17.199287144259916,0.10300230691071137,0.16244806069011947,26.747093677742978,88.13809366247581,78.5830168382199,31.536856054275162,28.639193261481935,0,3,19.1
T0243,1,23.27842573393869,18.700220291523568,39.85851604899737,33.391254651854474,32.21330648350878,23.574708139246123,0.18716436578622297,0.27624226641291366,30.220569650570326,81.00237412909252,70.35733040583328,38.46314442576213,25.62218633988755,0,3,19.1
T0243,1,79.8440876202556,52.114380304171945,46.613774481537675,36.57419552793264,39.35900628692853,25.29416733540494,0.3533994982505055,0.35404203291489217,26.12093974677179,95.53490133907776,91.51007639786891,22.30481246404746,30.488113263956176,0,3,19.1
T0243,1,35.22266588207955,28.421522670049473,21.515456724986915,16.951185601895382,20.384773966388885,15.305988526243949,0.1482305055306032,0.221244727993688,31.976698936191454,79.88114546901932,73.03437316598092,43.41367656504341,29.003372481247652,0,3,19.1
T0243,1,61.258064210928765,46.16870907186017,30.97796212480186,26.26745612101914,67.99113713010706,55.74603518333931,0.1748207662716249,0.08305760250564508,30.210875184206042,74.45333316351825,66.12757337004959,29.41480399381785,29.28212296981702,0,3,19.1
T0243,1,72.02804035778706,50.569481778203816,52.853536757974375,41.81044139865551,65.24749972347576,49.98106891691541,0.29954694121806635,0.16897491508041823,29.370050075735072,86.76336296357657,83.50821443042393,28.382509659581864,25.573807242961674,0,3,19.1
T0243,1,69.72051073199046,58.551586433235165,61.12588413231825,50.44581631412078,58.26133428795144,45.78173035730755,0.11174627111911978,0.1343226162389496,31.814979061216928,71.38970194878324,60.257231216630835,37.549317826624865,27.69960844050445,0,3,19.1
T0243,1,33.99859261185118,31.589890602271595,27.97661060289109,25.439964250973535,46.01164377004952,40.497047916056744,0.06335372845518186,0.13830744544324822,24.184983730859134,70.84873353564244,72.97660894266784,41.450209373107356,26.266515077359955,0,3,19.1
T0244,1,77.69892321721841,61.661813404781356,79.2701887340234,65.04200152305079,50.76063273776976,39.62898678499271,0.13207945780549746,0.1611237627174705,31.862904811485514,76.36864757470993,71.25785613166249,31.895818380761504,26.960120043357904,0,2,11.9
T0244,1,33.20414004248451,26.725590327593412,68.01507866343248,55.0088595347951,77.99599957274572,66.32004580427825,0.12725326539836745,0.14452962845142964,33.687847989759945,72.27858712547147,68.14620174040203,37.922704156806574,27.339960364957914,0,2,11.9
T0244,1,53.97456754906176,47.1887680009219,39.6520792864593,34.31175468244998,29.606159559083082,26.05426131684418,0.10898253369345272,0.09529695034497539,33.96435256312259,71.52772724635129,71.61743097664228,27.433083778395442,27.53027791023564,0,2,11.9
T0244,1,67.946506787292,53.86636459090837,65.56938927629972,53.966912361141624,71.83365811703929,57.53161611742837,0.2452095989961627,0.23087336521419904,31.6001411302446,64.11902628031737,62.68973894822849,29.0570672656806,30.487781717638914,0,2,11.9
T0244,1,41.191988668557016,31.54715541853517,48.362569423174165,41.67208693124649,75.97068367662297,64.19001160479611,0.23329646547467142,0.1357505769937241,27.867031916176042,70.01990453575469,64.08523979423309,40.94955267430507,26.78051161239818,0,2,11.9
T0244,1,51.199372007964925,38.53714587866991,76.16259736137918,57.90372635036171,79.06548129390023,59.934619468912494,0.13627325474128651,0.17257353236011805,30.537549724767977,99.0,91.57501356635086,26.464509242679515,29.40954548760697,0,2,11.9
T0244,1,52.28201431087546,35.35292003886052,31.462739584080772,22.612356008233107,28.15305412312989,17.45627569454209,0.46978380632829214,0.44367123272343234,27.980097910648908,88.64936508951291,84.2621900975702,40.80039369772679,29.5170837300834,0,2,11.9
T0244,1,71.7401589851915,60.336833577833026,43.79758201321285,38.25528397685268,50.493990429444466,45.68662668082752,0.10378032517014868,0.054317389064822086,31.029164906103436,85.36012863436531,81.4897567396612,18.757462526134454,29.623487299233396,0,2,11.9
T0245,3,70.00811622800308,22.66451339128351,43.68336755474972,15.247211478053242,45.227874754021755,12.924172419031075,1.5650172706884673,2.226735107571941,32.519924230567376,94.46549125712268,90.46139681166721,38.22113415912048,26.736918457011814,3,2,18.4
T0245,3,57.65440052358057,26.831057537832912,66.96074685849013,32.803823725633215,56.92180560186544,25.00767464789363,0.9881051585345153,0.7664768455275822,31.70150351202205,83.12084443320558,75.35944106099564,34.2581369802656,26.16240134219595,3,2,18.4
T0245,3,74.38260034560065,26.578911750392276,31.324149237680707,14.064359024967022,46.29751586225407,20.867378084389273,1.3074184895417282,0.8027056080000912,29.505083443816574,77.39156817006388,71.01993667714588,35.7562081533148,25.975219070848013,3,2,18.4
T0245,3,27.533856517966807,13.286808999099708,62.4537651619782,30.07334237855031,57.334953423773975,25.35887065549636,0.9207977758820056,1.0502802680815277,29.7605767778306,79.28190535588685,74.9668865310943,29.84797779622768,28.478472746925082,3,2,18.4
T0245,3,28.797854972236763,17.49227418534389,33.59520916807211,20.0322152292631,58.34978205337024,31.848225407206932,0.5035837413224957,0.565030656885023,26.02199995056924,91.15783569788248,88.84360651284302,34.39129656541507,28.211095924623887,3,2,18.4
T0245,3,35.81312483239663,22.14881059535189,69.06705657527888,46.67037976053356,58.81530577121522,40.8244024196917,0.599469288699776,0.46276949690158026,32.88129973565917,94.21914307911273,89.37903384436919,48.662232676834876,30.361464206069932,3,2,18.4
T0245,3,32.803446146681026,13.647939092360502,58.8416492863435,34.569952740248,53.98614757678754,22.58053938954621,1.6562820145947117,1.602880214024316,25.78388191995436,83.11164197285609,78.47805748392942,42.45260975089916,30.186956372687323,3,2,18.4
T0245,3,62.90392955271568,27.556229776589664,62.54807963130907,31.319066364324748,72.06339094731885,37.29828155353795,1.588772100917463,1.0924771882302116,29.961416499806855,73.45283947383629,66.70289734447516,30.144251183691658,28.999672256736815,3,2,18.4
T0246,1,52.93591900263917,41.17868330657893,70.32383622607223,59.39646280966572,76.78378475016693,61.80804141486597,0.1215316324184271,0.11615475071061689,32.38168143034332,76.20305886370843,72.64750318194848,31.230041480870323,28.695621203919316,0,3,12.2
T0246,1,22.64280126848328,20.679686015030992,27.839215145511343,26.873646030842217,34.83687769680822,32.423398562831665,0.07305603470942369,0.06667144000194292,31.753062573668885,82.89911579547304,85.89911579547304,37.25071086172157,26.856352169291476,0,3,12.2
T0246,1,64.81396389417273,57.581407082399004,27.265779598460174,24.93291495951707,46.315724089897735,39.68596640708097,0.06559703017224378,0.09096147439353176,25.52866291554441,64.36924617960896,64.79737029851533,26.120673237627518,28.29177203519783,0,3,12.2
T0246,1,49.23220897244836,45.544547228599,36.11687729200885,32.08868857829446,65.16550592489489,58.16760072177366,0.05408979271846479,0.08156856147640276,29.14352680077001,76.74610005414186,67.84721781009104,26.44594917098252,28.600009346674867,0,3,12.2
T0246,1,72.77329051034894,64.64270274730566,77.55711224326211,66.75902098654174,67.97029000170691,59.725925360481845,0.07196544756441045,0.10114437612628663,29.549999793116545,82.8254767641343,78.37256648028712,26.038672013788513,28.767905548000677,0,3,12.2
T0246,1,71.50014471417063,59.49313486838474,56.53916652277916,49.86511215381026,49.379560651219904,40.17350174884546,0.14966443922809178,0.15208767726060357,25.20836487507811,67.70577773805883,63.43593231730256,37.018564622788936,28.24951928491243,0,3,12.2
T0246,1,72.91722346206694,65.2706928952905,59.24619033034698,51.42237921329619,24.80503088603464,21.575037290021072,0.10968847635528338,0.12336556499360816,25.889671656876505,98.15104724521322,88.1591502816285,37.156369526709085,27.254661009324828,0,3,12.2
T0246,1,50.63096323486568,41.6209573245322,68.3260819307115,58.34805732863495,47.16151262094969,39.25158009826888,0.12383951888131807,0.1518752693292739,33.4161853922533,67.74376691584301,61.14250726911114,43.51212363126144,28.479324682543798,0,3,12.2
T0247,0,23.275861137841282,22.905141960464686,50.20479524114877,48.63953457001094,27.414891044688577,25.572826796991606,0.012677079773263085,0.051474450018295974,28.86399742444923,89.9384760802014,84.70479473508692,35.86411093932125,28.06049936671421,0,2,14.5
T0247,0,70.51010209112673,64.61722952491357,64.62009511428703,61.07480777378185,49.80332143525311,43.930251721062646,0.04195335267249463,0.062311703277850995,26.12034744918023,72.52964138860344,68.67963570777955,33.16241628037723,29.654899328464193,0,2,14.5
T0247,0,38.61106822720561,37.01800574093902,75.68689443691571,72.87772017060847,26.971434951037978,26.53244854351331,0.019844094734157654,0.010849643524205753,29.253159953461246,67.90408929756693,61.52362836531738,33.4674298487406,28.002581765200684,0,2,14.5
T0247,0,70.04605141405389,63.74823415053032,54.121013607206606,50.48364753072042,33.244934706733204,31.899745896578143,0.07007466601086,0.026336485195638887,28.297163797949135,66.38684688943285,61.35064076924951,31.880501611492438,28.251504365905507,0,2,14.5
T0247,0,41.90248042479246,39.250387973276034,58.826252233766425,53.722410814132864,33.30511031544731,30.38908148381313,0.03898417701260066,0.05696008792132132,30.3964226774197,97.46185244571055,87.35582390093492,31.713653283451663,27.221930828499236,0,2,14.5
T0247,0,24.622994933321635,24.260001432379593,44.1669738460689,43.16122806240766,48.90032696266975,46.30124612686313,0.006939755450810743,0.023514309860113918,29.10233499714849,86.76535440842264,83.4062927128289,26.355589529340364,27.882910720895058,0,2,14.5
T0247,0,54.41868205542027,51.92972889847046,59.20230201288682,55.56531493648397,40.92887987157056,38.99587895412789,0.027812766689127282,0.039091025098345215,26.139235932656746,91.19898317371931,84.2550942454702,35.853167877892524,25.545427875087267,0,2,14.5
T0247,0,38.208715982108686,35.79468463149294,38.154695992063836,36.08216040813669,64.54273448068004,59.15173018473215,0.03151609375437262,0.060739331412601794,25.235998435061504,80.1533603731764,74.56841527210119,28.58678422627168,30.38885764999785,0,2,14.5
T0248,0,42.900443352394234,41.29861298799934,63.35793383734788,59.33180800295418,79.91708047636452,77.79798989442365,0.018312793366446974,0.016089423512646597,29.4356445131284,63.58450778060671,61.74148379442589,32.41460266258713,30.284399137722815,0,2,18.3
T0248,0,70.53109453320141,66.32153132692831,72.16254002625188,66.52476129405245,32.450918887168335,31.34298054685224,0.052210004521354055,0.026521616040587108,27.298869374614362,93.3173011424908,86.46885359547323,31.38359332984725,28.703874663748145,0,2,18.3
T0248,0,57.56075882453984,55.469892628138695,59.57550335336979,55.421770684055524,68.90857415418093,65.71990714422917,0.016343725763456548,0.023624653740399362,31.728610438564427,83.87093384973312,76.91588109353604,24.118592411474495,30.047153397393608,0,2,18.3
T0248,0,44.370179972990044,41.752355447918355,56.14391182613611,53.20711308387547,26.139842042848258,23.97049909656964,0.03834223755320696,0.05869403966147178,30.721052728263512,78.17911098891383,73.75785546143905,29.977795585550624,27.473492872175846,0,2,18.3
T0248,0,65.05583733996733,60.47413874524836,35.21809944903407,32.47957602554903,26.79979649404774,24.611854541012143,0.028473350894030053,0.044660600556729324,28.498091398389406,71.02721402089257,63.26629035661783,34.28527434522859,28.95487785863334,0,2,18.3
T0248,0,31.939169225345413,29.916458584909915,40.93378073044249,38.36878278110551,57.7439499200404,55.42609743608243,0.0423258051456028,0.021180700172658735,30.41552529380059,68.26978296058147,62.3664230382859,30.681373301810606,30.28363057594645,0,2,18.3
T0248,0,78.15634898861492,74.27628726614616,64.29153982109847,59.057568970648894,37.25979450788219,35.10859972325061,0.035010658696188704,0.03457982665201153,31.82400239192932,95.91374521641501,89.01428793874719,39.595211288347244,25.656928435766496,0,2,18.3
T0248,0,56.124618793422506,53.45302969617468,69.28342257916219,65.88471031840106,70.15767986504108,66.92642568731175,0.03267842923079008,0.04041057527387983,26.638407621967502,80.12657475723196,74.5607770207874,39.34750805127886,30.05262675272439,0,2,18.3
T0249,0,26.7248280312402,24.607246656078463,44.74016015375918,43.16134462597211,46.75896650162428,42.59079733740783,0.043156042284261426,0.04503484864040471,24.132557148796593,79.03760657650098,78.95875125224669,30.933029204703082,27.912329129763293,0,2,15.2
T0249,0,30.989425759902645,29.305124368974077,67.67277777209128,63.84184154694391,72.97919342487349,71.106650434638,0.033226419002846716,0.011263499621222786,33.81010517789405,87.99182469604773,82.8257377008036,26.516063733271174,27.973062621191062,0,2,15.2
T0249,0,49.63382516020674,47.9219430775169,30.237956218529582,29.44963422738697,37.53017104757901,35.368412427285875,0.021568669646292525,0.03698414452439594,28.55294401167552,92.44770664433625,87.82372393956967,26.267225742423967,30.428018229852267,0,2,15.2
T0249,0,43.17382538355214,39.279899296179494,35.361069529718065,32.6528239176469,55.78646216414582,49.838648955088615,0.0689088956097252,0.09544599188796234,33.44878731098092,75.26154240383887,68.27785351639181,31.8131038980489,26.93273702118334,0,2,15.2
T0249,0,76.46418827993176,74.494405790928,44.08456209718684,42.17192015319899,57.04649000983966,55.29178410707987,0.01634115017508606,0.022107186926530836,29.394112796593745,66.10243913242613,64.14141138273827,29.58875539679853,25.634087821709425,0,2,15.2
T0249,0,46.253162611547424,42.8009517545222,26.53761182469767,24.440300489918535,25.105340884141825,24.02321406953594,0.04632151220348979,0.02639473544831781,26.645562475782313,87.44016797082165,81.59792189958488,33.71079484799658,29.16291138058998,0,2,15.2
T0249,0,32.27236304684842,30.495557918176566,34.245565140098556,32.48705317199156,67.37313124105575,63.13184841763298,0.04131157640622172,0.051375779236747215,26.877353543823528,66.46699457087904,60.14058802021787,29.02514155941914,26.847938086810167,0,2,15.2
T0249,0,61.38962774489748,56.46338335174076,55.88569814331934,53.419339675105014,79.9209601278202,77.99044373243893,0.05496876400797136,0.01182696958330503,24.281896991698517,88.07543807459041,81.88238473680009,28.309395412265072,28.490544324385553,0,2,15.2
T0250,2,64.495433828434,41.51657431156175,48.03199163121161,33.569073398917936,58.430383545357756,36.266562286245374,0.4583003481708822,0.7600326896527054,29.543376314007777,72.55212082070574,69.19357008977641,36.064631515553714,26.66539923096184,2,3,15.4
T0250,2,33.85647017607121,20.80253489807641,57.94981094697336,38.03559440951531,77.05172075210444,48.72696130474983,0.3727262273601792,0.2932900726408864,28.135768382239384,97.79303295217917,86.07734559218721,39.48419232052855,30.15672108174804,2,3,15.4
T0250,2,68.03945692079363,52.752777469504544,75.43533088533641,53.20915231112545,65.61933628857517,49.75457391410697,0.17803219182975052,0.21179826353478695,33.85902795512872,80.56254307585418,71.66922522238731,21.78486295365233,29.558239749232033,2,3,15.4
T0250,2,67.18282148972492,52.423317707244344,42.12716610673849,32.78693014507086,71.41322106785171,48.23330747807495,0.2038434331056077,0.4471758552162477,29.795811605320022,86.00653375994153,79.01394351245621,19.768466014683774,28.77719362930212,2,3,15.4
T0250,2,26.582412150320852,17.597160355504023,44.499049505605996,31.75357413802296,55.49615678073902,36.067013122692885,0.3594744648312029,0.560723300791795,33.9143084638134,86.17522744114245,86.16747611864857,22.97034776093438,27.9772888504539,2,3,15.4
T0250,2,26.22387735871687,14.168130072701981,62.37532145774988,37.051238348377034,48.14354576536219,27.001567552427378,0.41036902157588206,0.4493651924898677,33.89212564241326,97.7340261560938,89.61231966559008,19.687270338037152,26.75343202763921,2,3,15.4
T0250,2,72.85748234985755,52.35880385968339,62.08272011810072,48.90229794490144,41.76735013270334,30.75324607256701,0.32874439227504404,0.27385199614705225,29.357929591924247,69.83304020956768,65.18239476093107,33.8496928782132,27.53151433171705,2,3,15.4
T0250,2,37.647869289823575,24.108746936118074,27.8558107515898,19.587289163508487,37.32632395613373,24.712823414901084,0.30831957289858086,0.2406349647652421,31.87865467162186,72.13476015688929,69.16451029530094,31.538042031291713,28.53494980728876,2,3,15.4
T0251,3,34.23271597322212,20.468563073086738,31.63109193000825,14.85632519171987,43.7777935286001,22.14982269630357,0.5631388890548473,0.6033649699607143,27.034625731535343,88.74206198943848,77.18045383448873,32.85753825386054,27.073360529114964,4,3,22.8
T0251,3,27.293067390882072,19.6244679799665,69.81964391533793,38.6604617335153,57.39184036778359,33.48531956586156,0.3033634666257397,0.46120151792588576,29.99989323202958,80.5381679741955,66.71934807369846,27.419119961621217,28.307079024740364,4,3,22.8
T0251,3,61.979832990146036,40.70196170990333,38.81913029554332,23.30178895901691,44.92100538446258,30.337892739871105,0.5322213789894327,0.4317720817603565,29.565712305987624,83.49818071909394,80.66702628925619,29.9719348986912,28.752361081940688,4,3,22.8
T0251,3,34.47849569988293,14.76388302472772,20.756729615287362,9.68205108623114,20.630856260654745,9.427462726879288,1.6752439537723698,1.225689202381768,29.48792510766029,95.75784497973643,89.48875945321466,31.10436740776041,29.174031628750726,4,3,22.8
T0251,3,32.73213102612591,20.414313136039834,70.63381593112689,37.18219477531017,59.40166048894027,35.663481801304435,0.4171708547679478,0.4558792825891188,31.857338997471754,88.05285923986344,82.21406167557168,29.097158416754382,25.739153603885846,4,3,22.8
T0251,3,32.45101519405581,17.338454201022664,59.60473429395196,35.19987412777711,52.65975113324989,26.141420875516605,0.6142371279049771,0.8940146626587244,26.18561351728348,96.48073634370886,89.66770663266266,37.02570404119544,28.488336511055856,4,3,22.8
T0251,3,72.13009768693706,36.47263271531313,67.67315133186355,35.28260466189792,58.30403616924489,28.13800378854451,0.9939547455101466,1.175248832129937,25.502015578995998,66.03942244223526,60.062696530309445,19.893400326832694,29.72830254263484,4,3,22.8
T0251,3,44.10869326988369,25.380645284235385,39.92402455040377,20.849097526111855,73.12553620605087,36.179204559916776,0.6006953354082051,0.8546695636974221,31.363903265498717,71.42733619325891,65.77342037816022,33.23238948174372,29.879681361066822,4,3,22.8
T0252,1,20.754736974962547,15.770385112300175,58.62049141123378,45.96677485267161,56.81839492637413,40.75470593036779,0.2691725334744828,0.1937318149353894,31.32691929640055,80.92014475194998,71.54805350075388,42.857541574824566,30.491595631384353,0,3,11.1
T0252,1,22.020675138690283,19.696253734410305,52.23213622435422,45.3623482040423,49.36618545711523,44.082321423989065,0.10932468855575418,0.10578655420360228,33.73322340740456,88.83216103193199,78.48900023249712,30.430049803073423,30.055713224550345,0,3,11.1
T0252,1,35.37035026212088,32.13561207996179,49.47017578994607,44.23461578821524,66.01365223737432,56.84506404652451,0.055998942280842914,0.07152086875951025,28.00002850701852,77.26857912222398,75.15205221116656,38.216151280955685,28.35874884595643,0,3,11.1
T0252,1,53.16013621261471,45.899153063822425,60.93782913843269,52.825712404539274,41.71131298298671,36.10767883187823,0.14273843674635178,0.12519092668970105,25.318520455074495,76.83607080425061,72.88011710286519,39.42402893138438,30.39212996184905,0,3,11.1
T0252,1,60.05226134949813,31.657852169355383,41.36587870561982,29.187267906401633,31.720726295281843,16.47151647604574,0.8406743045091408,0.8250456855914593,29.60867124512214,78.75176570736373,67.8020726474966,29.685650549534046,28.611920047638066,0,3,11.1
T0252,1,72.44352133069518,57.87674785452219,77.4009320920538,68.73284759366963,79.34636989815576,69.93947748351464,0.13953012210967336,0.06877888237779294,28.79066807721824,75.821263333393,71.21090754358883,33.593138028034765,27.9334868278714,0,3,11.1
T0252,1,40.359269120573515,30.553396104120015,23.40630542687333,18.768465824810278,69.96183877414845,53.84332992630606,0.28435221850491466,0.28610508935295964,31.589365001415537,60.99299997749534,61.92644004479728,39.78590283257513,29.51195229400963,0,3,11.1
T0252,1,56.53752861885045,43.4594215758984,35.68121228599614,30.563699511721843,25.109717670613367,18.927398212119456,0.17924680231314652,0.18224702296727244,30.032490898273075,65.27959340342886,60.44529674342087,36.54649273214896,26.843039133688364,0,3,11.1
T0253,0,71.9684680354397,61.37841967530058,58.400569653116975,55.08799383154303,26.448355608844746,21.804334514321358,0.09249634980485126,0.17351284790333102,26.67323427904381,69.08904301945215,66.2911886175888,39.02305332931755,26.942162471107448,0,2,11.1
T0253,0,54.939416294200576,53.670469246848114,63.027222101822176,58.26771822960925,27.699317023682603,26.13190251024861,0.015105119855740947,0.03173662019090227,29.937583797382178,68.9434765542529,63.655131054937144,34.86241740546983,29.947586623405925,0,2,11.1
T0253,0,56.69323542623432,51.443756570353884,73.66718326090978,69.78327613771667,20.231390357269596,18.592428649116723,0.059089247726224196,0.06531437519712416,24.35807618136397,94.03772121841278,91.72416201004997,34.26657536307098,29.4337435040888,0,2,11.1
T0253,0,61.07905956244223,59.87209465093988,24.176484952380214,22.75133534808589,70.77984800459609,66.75622218597269,0.012338535783235365,0.030381417207100116,24.625060317692515,97.05130372226641,90.16182936790501,36.47011239479358,28.489200867993322,0,2,11.1
T0253,0,52.966162127994586,46.4665072716847,55.82776671191681,48.77903973916154,33.209557160953246,28.206323466384728,0.07058057215077744,0.1336405996451629,25.721105527437867,90.50158474428457,80.95987466618016,26.670312778492562,30.364020549564355,0,2,11.1
T0253,0,59.427333461417405,51.94078252509668,70.58985853583573,63.751135136803505,60.40160013960951,50.60768752441825,0.06818433100591362,0.1039645017080871,25.51506969430775,72.26930813936187,66.58220878921865,28.36536603436018,26.948226098064733,0,2,11.1
T0253,0,37.59072566003056,34.86240410606689,58.63978292162354,53.19035215212442,20.220886888205698,18.90701523470139,0.05634111151794788,0.057350249757139315,24.63288633786444,89.18814858743013,81.03665287381534,41.25483061370592,28.55120475607086,0,2,11.1
T0253,0,43.39175981169913,35.46342254574129,27.708036226017242,23.292075967378466,24.872272940163995,20.245519202910632,0.16784397597926162,0.1781738326944159,32.79705110889071,72.06712703043246,62.63165837640753,27.037166567884967,25.7618941837521,0,2,11.1
T0254,0,37.84933000597408,35.4172889728454,38.487300369657056,37.96921731764252,27.345941014320044,26.044050472677103,0.0400853451685902,0.025525613231999627,32.18516103767245,90.31863300934678,89.73604680252828,42.45228850147949,25.693844871983497,0,3,17.4
T0254,0,57.834682982203596,54.27303952571892,52.745381345589756,47.860650566627555,55.53700483137045,51.13149960129108,0.038979888645147155,0.05653327067722235,32.513701070760526,66.36467871548993,61.54700475683974,32.88715982701154,25.712449909385594,0,3,17.4
T0254,0,40.770621636740856,39.25230756347063,25.1183801946203,25.0528733130177,78.07937976832733,76.05428320520853,0.02945679523375942,0.017327890166092905,24.810617829449193,92.94036996809453,89.7484947024013,39.7871689716622,29.782040735341496,0,3,17.4
T0254,0,72.91525220809197,69.90817279101427,48.0113823906498,46.450334980358384,25.877531476111105,24.296438031720683,0.020135115568575796,0.030244700122753758,32.44824069481354,83.01956745542081,80.89711173604832,46.67592132607095,27.256864440554352,0,3,17.4
T0254,0,78.65814130462941,71.24189155946333,38.75147139180847,34.97505706999389,22.512550561365448,20.764668094182113,0.07117888274463574,0.05802154794851452,33.59047129216654,89.18882875224209,82.90509640666994,23.898864505192257,30.28739611342313,0,3,17.4
T0254,0,75.23988944756468,67.51328179007467,75.38181702225285,68.05489874940452,64.46843122980633,59.603220280410916,0.07184443057779907,0.034242071720567396,32.290438640054695,95.03669485909376,89.42774832235331,33.26933406210799,25.583537349973025,0,3,17.4
T0254,0,44.124157304204786,41.34155576879371,37.18409116952728,33.10492616148487,70.31662365464726,66.47971496565091,0.028183501612134867,0.02992606003377132,32.71638244151625,98.75624835925026,88.56881819431652,34.73393844748199,26.90587689805118,0,3,17.4
T0254,0,50.603207780478854,47.3708254304689,54.14625868871726,48.71339497369991,35.54131022687014,32.72731833207153,0.04583861135699489,0.04646815408292965,25.889117062557307,96.0286611992277,88.49450005578743,28.247001054737247,30.196819984303232,0,3,17.4
T0255,2,53.91247836504804,40.95519462214316,66.91854621051847,49.51859643308628,49.62791644193857,34.33157941926493,0.24110567803186522,0.2606308434731789,28.048962763956574,86.86997039934148,81.55975161326408,34.39882597452428,27.207983682212216,3,2,13.4
T0255,2,31.280396958997784,22.95214164856024,41.58830361015106,27.851821424634363,78.75514228019239,53.063482998779456,0.3905924434594228,0.5903540886534376,27.647732267216288,90.20762886725373,83.69892104183731,26.67169354669625,30.064959062423487,3,2,13.4
T0255,2,59.90277814287481,46.76197639096517,38.32497353154024,28.53389874424874,77.62278838124888,60.379254844279686,0.2785815067301908,0.23653023552368443,32.61122824202699,96.25193718970644,85.11238054295171,33.27268463956139,25.821077624016,3,2,13.4
T0255,2,48.9569457490811,28.710393478564583,53.24010837809515,35.12296347673478,57.85704313518016,37.1585066736927,0.6377503291084101,0.4062806189385349,26.938174196544068,94.86080015426444,89.67674701440596,39.806615824251324,30.008432586538042,3,2,13.4
T0255,2,50.19089483993757,35.79486138240892,70.9486135480912,54.21523774313609,68.74506965861187,49.990377233427004,0.29147205080769373,0.2464985691127202,31.86613545713021,89.80768158074116,85.78733430588679,39.288461862473575,29.85563036514079,3,2,13.4
T0255,2,73.83533745874902,48.37637221482364,48.50693979979115,34.057737937021585,76.81943817545024,49.757563081755876,0.38469321326019207,0.41506103281408635,32.13860214197864,96.56554160406287,84.17819580551482,30.950818353931474,27.27291638350508,3,2,13.4
T0255,2,64.41015468092192,39.4016211737661,33.98987416458422,22.31590223652764,47.98147462360353,29.959921702305166,0.6567682876694881,0.5540241763798319,33.97768969857915,95.8007904459249,90.5184108473739,33.03773734277383,25.77401110844946,3,2,13.4
T0255,2,77.21494325162513,61.18635289889331,24.66001931647952,18.262064720915124,39.98056157524221,31.056946124686796,0.17558575126529288,0.20466861096922637,26.245199855675093,73.93956503312637,67.43734901104436,35.38510797606683,30.175908735979775,3,2,13.4
T0256,2,38.198898150599156,17.999394421584157,43.27026682799408,23.46390940975308,24.681471046410355,12.166668758831525,0.6451524914824924,0.7600264933260874,33.37176865686547,81.29237297015888,77.2390753372787,21.160109835920327,29.593725997380574,2,3,8.9
T0256,2,21.324785619445827,10.041876128970873,23.529309072742297,14.339442355417454,51.325308607057394,24.16674135895859,1.2946729034832891,1.072893710734879,28.892213471307308,61.094854540386194,64.0948545403862,39.44056157656888,30.366224619363514,2,3,8.9
T0256,2,45.352247179791405,22.61369116630271,75.00789110244112,47.444570862660555,73.7425044728908,37.78587879136313,0.6314273369089345,0.702000559473004,31.60880414045363,90.45887641414933,85.38620561108708,35.08090451351989,26.696270656781287,2,3,8.9
T0256,2,68.95682925264913,33.8951579743015,61.58474938395292,39.511072625590245,36.379034335507,19.576004325849357,1.066825903756456,0.7364867626347531,30.650919178961885,73.10480694022979,67.1324146579314,32.07079195481592,27.124825406598358,2,3,8.9
T0256,2,57.52003807200052,28.24439356700384,31.461593196949117,18.978443329530236,42.18677384583157,25.317725841414646,0.8578297532183989,0.5340096214877337,25.34278505064945,95.47264064550342,86.15716915827366,45.312728191486,29.251623471819805,2,3,8.9
T0256,2,23.700614999166557,11.223775853128833,78.64193391187473,51.58058219165649,49.725532169974514,26.30007097474582,1.0733355767541706,0.8551624646556631,27.27408659891954,62.228579248633594,60.30127155520758,23.71382529618956,27.602789947210866,2,3,8.9
T0256,2,40.91884533243686,19.179071441232992,56.36221152369702,29.129444044241467,41.988821711259966,20.673209887638684,0.967258964363542,0.3327190754374627,27.6236410505417,78.87719318989882,71.80550346403739,29.40603416805361,28.57198397227931,2,3,8.9
T0256,2,62.32882115869094,30.770244259055417,62.41401025057191,38.228104698191856,29.37282143541327,15.848452130776469,0.6091122219124919,0.7082339697757248,24.430424539254783,95.20578645474677,88.29507023976852,32.875680986094075,29.622614049885385,2,3,8.9
T0257,0,34.905253848538464,32.311946073986675,76.53782576376145,73.43157749032181,50.703067176043184,45.78372953633288,0.04536057831273575,0.057887478508948195,32.307966756815546,83.00511425060635,73.95060476269862,36.16056865380159,25.54412361643959,0,1,11.9
T0257,0,49.843625965791134,45.078520715003776,79.58890012125273,76.12232930434521,68.73992553059182,62.1864810362797,0.056383580444672364,0.0621548765577287,33.35579561558185,84.00126600920898,82.02272365629409,39.5416996301095,29.62164815440417,0,1,11.9
T0257,0,55.18049722112297,49.805981049522664,32.49656880992728,29.357575514189385,75.40568157029983,67.80723912339695,0.09100271847926199,0.06719022660297641,24.7116607547633,92.82845507804447,87.45261748618827,31.876019502586672,26.204006704255615,0,1,11.9
T0257,0,48.92100600310379,44.35426315815634,59.69157844057628,56.73015326149411,22.538907284118128,20.63119970165772,0.06043914990336568,0.046616632183990474,28.382113004674366,78.97966700350115,77.42002866225917,28.64299914153157,30.436124169184403,0,1,11.9
T0257,0,23.33089758385073,22.338217194712755,74.04361648100156,69.56093102140497,61.36661556415602,59.08521082126057,0.028358654312016507,0.02105009945277033,33.84151408289496,91.33445415706453,86.36579062221152,28.669125173266973,30.221289509269116,0,1,11.9
T0257,0,65.27948039768235,62.32883960553874,23.32519346054535,21.92972587503225,44.14114447678897,41.03608037983694,0.04523507902821391,0.057072612228464645,30.175094919209542,81.62837741514603,82.7235490777656,40.950668868395624,28.842493653985805,0,1,11.9
T0257,0,69.71304138491347,64.13040327120784,56.958649593164346,53.702871626975714,54.849226771152786,48.66390076156247,0.05173631513002858,0.07219463433949273,31.63267356521815,85.44728236792993,81.18226926059285,21.679677818118513,28.52520181463611,0,1,11.9
T0257,0,35.068998538628165,31.363728227994063,25.900148043650084,23.982726123414995,75.51879089002404,66.72059888742265,0.10354144346535125,0.1040904180012068,30.175814039677217,69.96633632619199,64.48134568848978,29.999971032512455,27.406671657311154,0,1,11.9
T0258,0,55.16140164241246,51.41055724855874,20.253094964677526,19.643134405909265,56.47312790060824,54.50530513667675,0.058697106581001905,0.024694443397663187,27.52294234572615,68.53100424364678,69.16784444058861,38.31693210930118,29.746611642651395,0,2,8.1
T0258,0,41.22924034963873,37.02886602244792,73.81547699565425,66.0319810064523,61.88549163967027,56.939871952283475,0.06011222377483837,0.04403138357599685,24.367557293028216,96.94434715509004,90.22015774340707,25.24671012800161,26.676059180648565,0,2,8.1
T0258,0,69.66053056047245,68.51334270007985,66.75449438891263,65.7541829436714,60.67513499480617,58.35643338020372,0.012454143092209533,0.024821536873631245,29.92903216416218,74.16851709381781,76.98944865625089,30.762426348113795,25.606094211789188,0,2,8.1
T0258,0,37.761702628217876,34.50364301329935,26.12752870353575,24.228235333851533,46.01253875028199,42.81851946925417,0.051903217921392686,0.0389337675844782,30.0095667194426,66.06590907392803,63.24632035842204,44.172788392858735,26.425312590168115,0,2,8.1
T0258,0,21.718279857550424,20.28958280028229,41.54316900866817,38.89109507933,29.565765077982853,27.051291255684543,0.027948015819463073,0.043444344719338585,24.634508311613523,86.50536742088327,79.99986331151638,28.350054917983254,30.29231204360853,0,2,8.1
T0258,0,37.140106532929444,31.970476767653217,71.38263192319536,62.377070601400284,44.436499561081106,38.11572769959664,0.08684798994747531,0.10704996995638802,28.401209480269785,76.54066968551528,68.82658771855989,28.301857096861525,28.71355043620993,0,2,8.1
T0258,0,23.578646469590844,23.020863964900393,21.991909392730527,20.44848565989057,74.40382782877467,69.21450999714328,0.01316651042113724,0.04992321344848029,30.42678182067326,82.08689481910632,78.88203272603236,30.199553477359846,28.618853287499515,0,2,8.1
T0258,0,48.85956700750341,44.26065935735165,74.74496939696787,72.44950695208396,31.033611902895057,27.817574927431124,0.04878405729334189,0.06805004407048854,32.28494141336517,93.8474940409417,90.85506558937442,26.61846696869461,30.24489234795763,0,2,8.1
T0259,1,61.226474158997576,54.13561839212374,63.44760329710146,55.66799642273907,30.814923466999744,26.380469790411333,0.06655045535479738,0.09956491234051024,25.468058962779224,71.93902009772272,70.29562685756231,32.826276463576505,29.88773576414441,0,2,14.9
T0259,1,32.54137883025499,31.078087528125046,77.83507154011997,68.66067781383113,53.9619598800999,48.28221865524758,0.026025994593312046,0.0547652973115063,30.685409293328256,90.18555931502078,82.42279494073716,27.778743058859312,30.389427343023645,0,2,14.9
T0259,1,68.3386071933177,58.947670739639584,22.480165830381512,18.684825721889492,41.88795475154538,34.06624782435465,0.14172152362913448,0.19066737756799942,32.707750613295204,80.85541558985406,67.69766490168728,40.02460618181998,27.345667877884576,0,2,14.9
T0259,1,49.88144545515611,46.35402425386037,46.81294676949727,44.9962799837421,76.62979053999993,70.12040734228123,0.054399667039376716,0.044508731843559565,29.00349328113989,94.12457410784668,89.05489386868437,43.133710869201735,30.256796733768397,0,2,14.9
T0259,1,30.309394443782836,27.748401426282157,27.30478520154968,23.0974818141563,56.03061780481257,49.870215079595916,0.05435276976811826,0.07997241763785674,29.988675063110627,80.00417591712753,70.22186599368145,19.310892264522305,27.160939243966734,0,2,14.9
T0259,1,57.25480686173389,43.79387791791893,79.10019674839918,66.81184707791904,55.74464463299252,44.52084509192343,0.2610187202376397,0.1862462196410866,25.755546928125828,82.73949463277756,75.05577092593455,42.46285662916652,25.99353122433166,0,2,14.9
T0259,1,44.16626194097237,38.44903763423752,74.24263164614351,66.18100291418119,65.7383488998274,58.13941763745754,0.05445308129807762,0.08158333338453012,27.565140432970832,88.131713059207,86.92266760380278,29.947176311291308,27.568692483003144,0,2,14.9
T0259,1,42.960084943218334,36.68815771599854,62.57439788040991,52.220268144501176,50.78514393847503,42.765155496325995,0.13667034895993282,0.14333249793116343,31.593985857911132,84.85462979670447,80.26623220146904,27.075328059073478,27.098285050669787,0,2,14.9
T0260,0,65.74919095846124,59.45963607814252,24.78383380921156,22.78186693943866,55.96174121816524,52.065003849170154,0.06700974893826107,0.03576506243177482,27.78362188748237,72.77368790936234,64.98544849628718,26.83121006548206,29.696286018922272,1,1,16.8
T0260,0,35.66654510050344,34.403039123654594,44.81356782469767,44.89313250256621,37.165676979836036,36.9693933726367,0.03076486502466029,0.00393197863476869,28.14972430417339,85.13053934453262,85.42129169765755,31.642965170395847,28.279603946323434,1,1,16.8
T0260,0,51.46236429634355,47.91148567029486,26.781703168030862,25.04779628305986,42.313680474812244,40.420681067794376,0.0629685355429687,0.03256576088357737,33.134895461576676,76.25054507630037,71.16433879320611,28.898238725953217,29.730794217586105,1,1,16.8
T0260,0,75.53544689425541,70.92404917549675,73.75150598827611,70.60642460033061,59.04889440041187,57.812041795872396,0.0335419482826904,0.0106017598848011,32.43527099151636,65.57551743552412,62.92828608511242,48.363750510712755,27.184728246316563,1,1,16.8
T0260,0,54.592325783265224,50.89017050291339,43.234507723294556,42.23307831115608,47.30819071131871,43.4055306004311,0.04669639656395224,0.07365043616614074,33.38489501710009,74.37705224549256,70.11888488146391,32.10148837503888,26.401956282281038,1,1,16.8
T0260,0,76.3901563737601,70.83958672736799,31.494823138515542,29.276167398249388,30.245197880778267,28.822844414607125,0.0343631608120895,0.02400535102747301,29.385415771830345,88.90046981953577,80.12394491553025,39.60693333025292,28.21552765013863,1,1,16.8
T0260,0,35.99980935014255,34.18734774166251,64.22422981922352,58.690308303648294,65.91038421553543,60.51907013621417,0.036914730775787365,0.06329818093084502,30.16519187807769,99.0,89.97359078632586,35.74924678469626,29.26960932929983,1,1,16.8
T0260,0,75.02932140085878,71.0950644988098,51.59297520330776,49.13100314015872,65.03108437952608,60.328618513835806,0.02965320965172006,0.042941853213140556,32.92307747220859,85.82063660688027,78.00894562223141,37.927574096109225,29.458571716261844,1,1,16.8
T0261,2,70.96318189336992,44.904651892034586,38.53297478019527,23.427372191855056,34.298672905641865,23.877801858609796,0.3668726923459168,0.2966711158540989,25.3841225893091,85.17622265837846,80.01063495335114,28.336321124161547,27.505813076279424,1,2,9.6
T0261,2,26.773709636568952,23.843495166819338,26.506962505501797,21.99840059761812,60.444455441810085,48.52466635701777,0.07945126090770474,0.24230727974134944,32.31648839673933,93.49757631912635,89.5906426053473,27.644382331450817,27.328422579652106,1,2,9.6
T0261,2,60.808166122608675,26.373505368761325,46.398999930150396,22.14898087526432,28.906379853440875,12.518602017939378,1.1381752157106375,1.054221589446538,25.560346055864944,59.28421390178208,60.670514514085404,37.36712171545447,25.59562544811293,1,2,9.6
T0261,2,76.54819984015307,42.630064818891555,68.29099485937778,42.387655340862416,32.262585742674894,17.79717827924463,0.619576230554005,0.7131946755205103,25.273055242349965,67.88567512778046,60.888679258496694,34.82494994489128,27.47272271144464,1,2,9.6
T0261,2,22.876215818303546,11.544743791491996,28.233490391699412,17.53252490150215,47.917629842214595,28.349065875868703,1.1532744388061185,0.6268728780382488,30.171071318656395,81.3146513603111,81.72749803301534,41.413491800043005,27.931979354064023,1,2,9.6
T0261,2,37.52058852501108,21.98469789693248,70.58957922988797,44.80299567698932,76.11332911372375,52.151256449406915,0.48975350855252964,0.3110421759228169,28.430581835533555,72.02976645480597,66.13519406535742,30.266611485949692,28.1660911699865,1,2,9.6
T0261,2,44.56688817732438,16.615066376059197,25.67503896904847,13.78952930436696,64.11702524665964,30.2240087515139,1.2600800978731708,0.9573503360767665,25.837101795845538,93.87322723310167,88.44797102186408,32.959617165225794,26.163809930567847,1,2,9.6
T0261,2,31.019855064903034,19.67870595072704,62.44238353643753,44.55464892948325,77.03419008782741,46.9932855447172,0.36049870001754164,0.35512211716618886,27.272579614754605,80.1886910195621,76.31818188655782,28.47776142847632,30.478263355768156,1,2,9.6
T0262,0,74.21121637572682,73.98682374749373,52.53045429756991,52.15630683123313,66.17992997369547,64.09133455292749,0.001987583395989309,0.01442790394544477,27.883598525787058,57.39847862013143,60.39847862013143,35.96362684292695,30.185462352613833,0,3,11.2
T0262,0,63.44402674389008,59.480238369060764,27.921817395190953,26.28934183303647,71.04894381748176,67.62721553715737,0.04626425727552517,0.030836996216556306,29.514791699642004,76.57164387938228,74.75804666349198,32.90596874364788,28.461720553504204,0,3,11.2
T0262,0,26.27294979967416,25.126262069892277,44.9145471543968,41.77987857451032,66.17371447288335,63.810515438379284,0.033985326338595294,0.02766256746669642,31.022597176991297,65.97253185740358,63.748814633721466,34.83040293857226,28.31092942469607,0,3,11.2
T0262,0,76.33141523841572,74.42257323618888,71.840119457403,69.02880222157222,64.63468739981472,64.10884037450411,0.019185625359951844,0.007264346089742122,29.366970241100795,69.09461586290676,68.08512198411445,29.438032806579784,26.8200494512851,0,3,11.2
T0262,0,69.20116825337385,66.36695803802186,50.46766432046612,47.243465287380765,42.840016080324546,39.21029617970579,0.02122587105463341,0.04658669854072656,30.799798568691372,88.06907603797495,79.18532046881657,23.73484424976572,26.72173134851913,0,3,11.2
T0262,0,38.78953260091552,36.00307023811743,57.26267606768671,52.650443636989166,59.683412111662555,55.001817222710336,0.04168428486895341,0.03564422516294184,33.316639524713956,82.5821927705914,79.31836441939394,28.171492530870243,28.43849145573945,0,3,11.2
T0262,0,25.575308193971914,24.83560790235312,62.10893935845517,59.73293953361839,22.829700030615403,22.419661313623624,0.01676727432797468,0.01017380557845003,29.44685380030856,70.96527652175466,66.21950036393079,24.383946510926123,27.76937954339719,0,3,11.2
T0262,0,43.85265512619601,41.387647303056994,55.057148117355005,52.617727136650124,62.633447383443944,61.682605472801406,0.03832657131547786,0.006314394304013065,27.06864884743052,88.2465520647706,85.43055450556223,30.50629014747129,26.174744825426508,0,3,11.2
T0263,0,58.321533596080414,53.90321436221419,48.36542029095284,44.85846279092915,49.389142901463586,46.67967461756951,0.06765082274839089,0.0345027341292215,26.45246962384387,93.70618448214123,90.86443320057711,33.711713638130135,25.76195598345964,0,3,13.5
T0263,0,72.52525884580254,66.67842034302471,53.457816750191,49.66832934254445,76.48354660365803,73.00854810933404,0.066581109989541,0.028254106937351094,29.505026554833634,73.96202097425,69.81439298725118,38.506013293782345,29.16000100417395,0,3,13.5
T0263,0,66.84253111695976,58.72575915319338,69.67764635142288,62.837393322580546,47.11802658464795,43.14867327756597,0.10187990499610006,0.05783753828224501,25.095210284855952,99.0,89.79062054805533,27.38078631866881,27.866781296354254,0,3,13.5
T0263,0,32.10869177941152,30.066647188683955,63.51022537912213,61.741862128699616,26.998684449903795,25.769204185554308,0.03164625615104759,0.027477433234782356,33.29182830768045,84.1552069193331,79.92796434546806,31.413302601028366,30.463404754198105,0,3,13.5
T0263,0,54.519804391708824,51.00398617503409,62.336545816793226,59.417870736840335,39.32672260570733,37.77714825057145,0.04017173207882365,0.019671529706099602,28.289531606172986,86.38284577937677,79.1064983839428,24.962331648993178,27.393119022742567,0,3,13.5
T0263,0,36.01953585362719,33.60561157526177,39.31452655649841,36.56784698736725,57.72344977369271,52.66265149992014,0.045308914094606245,0.05435295258778912,32.26793134173157,88.8143529318266,83.9067909951219,37.29158780264851,27.937849098485053,0,3,13.5
T0263,0,50.279716384527305,47.550380931428315,75.21893686263508,69.12355887541882,76.8990863983266,71.77514854836026,0.0300296489045142,0.04106909703135044,27.84270144210818,79.01870994356256,76.96671038850712,38.539543239896595,25.517281821587936,0,3,13.5
T0263,0,38.32221308712131,35.402437311935984,34.05350372633478,31.9014723068186,63.249284757204144,57.57151772045984,0.03336912453886712,0.044600240551832336,29.671899081693482,85.78650178265092,78.57989463049535,35.16077182117255,29.34073920840163,0,3,13.5
T0264,3,54.78854191845893,25.80986935058029,44.072381755848795,21.07867598079825,69.0967717179697,43.269267549564596,1.0234190374205099,0.7022527719676446,26.714916894387393,93.08346336797531,90.27599795239452,34.05754660709865,26.760622258928915,4,3,19.1
T0264,3,36.87309440641208,16.8445416698641,44.75655443877845,21.15582991742045,59.776272245286364,30.039002972777233,0.9710574607459387,0.7671430576926713,31.232469973203965,69.20849229224426,67.75187995533388,35.44385301130582,29.455828249572278,4,3,19.1
T0264,3,49.69314406112365,24.93539133204644,75.20634986061309,40.643094059922475,65.65514554250166,32.96508893669684,0.9792943659763657,1.175856634925266,31.955173748696005,65.6628494825209,63.03494877792991,28.940947643921213,28.42459631894117,4,3,19.1
T0264,3,41.85107123576739,24.52801257675403,23.324198450644037,14.050652207753815,58.76800367292304,29.583248638836995,0.5239791380743929,0.6555117336863829,28.270103955232617,78.28417468979406,69.8278963675888,29.317172102225406,29.163778650816976,4,3,19.1
T0264,3,59.4465800220808,32.25805970141934,68.22510624026656,39.993380298065716,49.21982848129193,28.093860676727616,1.0732859413094253,0.7060606569109731,24.5669070818486,70.44082708269259,71.04102878737817,20.201409413144425,29.434340458965707,4,3,19.1
T0264,3,70.92513890897861,44.40650928502339,50.07385413546697,29.527246207163827,45.187715852532016,23.60074958120025,0.5519304980777248,0.734897267328273,27.640548488348955,76.59700582555416,77.90786932110508,37.243466906657225,26.49275555121677,4,3,19.1
T0264,3,64.7941036928228,35.48163191861391,41.30018857475844,24.870773044636397,33.49333822341725,16.98743157939409,1.0644123943207835,1.5565159411623737,25.766263611562913,89.83745646043326,82.74772646825623,46.31600868102787,26.379593422151594,4,3,19.1
T0264,3,30.737553932100717,14.037015298191815,28.516356610040592,12.27558946146507,26.26832926959814,9.624080182967003,0.9357486987641137,1.6077006219493617,27.948190701710452,94.94187052985768,90.81158723492021,33.13534921822814,26.06437680752298,4,3,19.1
T0265,0,33.43867068545776,27.35661339502176,66.76273302673485,51.605405829127086,76.55970536960277,57.850874347761085,0.1514658305523044,0.22571570162304502,28.978789197324446,67.71227376672782,63.33797485878182,34.830554795622724,26.767553394076483,0,2,6.5
T0265,0,52.91865369215018,49.616365064497394,33.6734005332505,31.224532906010552,45.9862244461665,42.04802704959747,0.03854314987956999,0.04561608278589686,31.397724501034354,73.06703356249145,64.0635633505263,30.755172802761837,28.83874056691646,0,2,6.5
T0265,0,77.91359015203577,72.40987494867622,51.08855325452815,47.95689700320434,40.66619410331729,38.26206190382412,0.045874335395446046,0.04229377194284557,28.57703101214186,85.86523716192178,80.44299862829436,34.733396306632535,25.77566462739086,0,2,6.5
T0265,0,65.39957180671425,61.10477500449276,63.30931844612682,62.10772360672883,24.27695207399695,23.701513773209992,0.034478236030152765,0.012498975402844238,28.094397313819687,80.59784770622359,78.01058715000907,41.31397181717277,28.222601442284468,0,2,6.5
T0265,0,50.852350929548194,49.628811513508694,25.689583586941957,24.581648962673615,44.82653109703522,41.79884823862582,0.01396598270723984,0.05028465931903845,24.45324115485419,65.41605913658407,60.37770861623464,41.399704646227974,27.0181518587123,0,2,6.5
T0265,0,40.36496963568591,35.450502075631825,34.21420007517703,27.33602689044549,73.14498534869361,58.22846540208483,0.08224755945682834,0.15258029194718345,26.535094624075864,74.4523065947511,70.5186752317218,33.51057089361584,29.00022695538722,0,2,6.5
T0265,0,24.139203571294026,22.740942030621753,65.10342575154273,60.31596083730795,66.80201812147243,62.38451967860254,0.046315066205720325,0.05789474827401663,27.325012591023082,73.64553951057505,68.22713991500837,26.17924083091977,30.39564132019187,0,2,6.5
T0265,0,26.043095582929272,23.802102217808088,23.225169633141125,17.79415442203917,51.322609422148545,44.77991847468478,0.047606914683694046,0.0831270295156058,32.442139952272115,91.1933580334033,87.08580008718671,33.800184037447174,26.47924875670347,0,2,6.5
T0266,0,77.8728575899038,75.59225707856008,30.816437481866302,29.26026036583751,50.45595272296488,46.5954685005636,0.017659435967483247,0.03711353816643381,29.742982168641984,76.10483955266109,70.50175667063996,44.56247530549345,28.50227535915809,0,2,13.5
T0266,0,69.19976573407872,66.36863889982676,68.39700076104938,66.49703018751586,24.390815663646883,23.251853059889648,0.03433231163128771,0.04550128425255139,32.863426812634735,78.7200159914691,74.17760528488891,38.138114688637515,29.451502396686475,0,2,13.5
T0266,0,41.377202652722566,38.84798238003385,49.38382840436087,48.37684410166498,46.052297103342454,42.16783769463398,0.04068059808544522,0.07226403327515682,28.854134752650033,83.29044509738142,80.77946422910128,39.599187384017014,27.251847194122224,0,2,13.5
T0266,0,68.04066703063452,64.65663886594152,55.491520246805614,53.83467773849061,64.47758132243212,61.61441318696725,0.039100849897040144,0.03613466737256897,26.507869497066743,65.89324070667763,62.7235179909614,28.738705775830034,27.085499987496675,0,2,13.5
T0266,0,60.528136796832385,55.92105055408088,32.49154258052198,29.732733784130193,22.522473178816558,20.74546700942229,0.044060553032073575,0.040300235724891546,28.53345166395847,87.08402879793096,80.2349284072094,33.840295857142145,27.981483573067433,0,2,13.5
T0266,0,36.56378567663832,33.60413936793579,55.049274374962785,53.2379461361983,29.103459058727935,27.33760922510277,0.0552103945104212,0.04408346341559434,31.08371069839911,94.07155782762162,88.80164568452801,32.15552022342099,26.796128963163866,0,2,13.5
T0266,0,35.324075174246616,35.318002546956684,28.187451066424043,27.943248724092292,71.04085893398555,69.78451959960697,9.845182980475862e-05,0.010971643499160227,33.41314894287082,81.05253671557627,78.6183744247384,31.830879907870006,27.62237911795684,0,2,13.5
T0266,0,22.339631193052046,21.896819742827745,64.56805418955011,60.89398852628358,76.91094871380737,73.46607003793979,0.009282004227508972,0.027168112657404122,27.876744177948247,93.93130996498739,87.00037698826915,28.05134670849484,29.070812444991326,0,2,13.5
T0267,0,39.61122139662642,36.236885502863544,24.541668474852067,22.498539358943894,26.62978489728852,24.932085309476285,0.03878605947305476,0.027054808404646146,32.71096707903596,78.69048940071004,69.79400650242924,38.75305818278379,29.192849034973072,0,1,16.4
T0267,0,47.78851414766997,42.88717994332039,30.31403161773507,28.307509882804826,26.994956889383644,25.78582574302081,0.0688926411513665,0.0272119146294913,27.200153940048878,78.99963147230561,70.76963892768384,33.833049037148754,27.6333070942843,0,1,16.4
T0267,0,73.61128390815898,67.4085473787306,69.38500958482811,66.83874377911054,38.22556256107839,36.57627572190194,0.07431342194443565,0.036527887061425235,29.94937854924933,97.7956464684179,89.74070288624965,39.58804636094125,30.465400477199662,0,1,16.4
T0267,0,66.91934629563809,61.101571114854366,53.6398056981972,50.25322328036199,31.322185660235323,28.018462642474812,0.04821291418892041,0.0492044175542141,33.266247147101126,68.07513941210351,60.5451873710612,30.35948429485665,30.265773691542392,0,1,16.4
T0267,0,44.114003540858405,41.65197795175747,23.347805000762413,21.794208511447557,22.47328590651389,21.331543294533137,0.03478340283981013,0.03897763001791797,29.761157205464528,77.89507509403093,65.98890792624286,29.577996100688647,27.195468010061127,0,1,16.4
T0267,0,28.95492807919528,28.13894964799292,53.51717122428699,52.126532879787646,20.831448092310286,19.648758579509764,0.01805830106074355,0.04776557392587094,24.829139782073483,87.79672541179828,81.46134000493123,25.22476471740712,25.68109367999515,0,1,16.4
T0267,0,75.09281206731552,66.6225089903421,34.13864860357971,32.73718001233645,58.688457138851874,49.48943754799851,0.06703868680859791,0.09595244892655269,30.247700607589326,64.37172575137684,60.112886114662786,32.37476074642577,27.29747087869944,0,1,16.4
T0267,0,25.955618511577878,23.607349741889134,49.38143407708601,46.146266059826864,67.34403957910726,62.34122430224351,0.07610131570283087,0.060790353757323425,30.90512587057632,98.20837437641148,89.7116061157042,42.46778660860545,28.965677187036558,0,1,16.4
T0268,0,41.56358261965151,36.54007776016072,28.92658375445883,26.59869181999135,79.65985119973612,73.5772433420677,0.12950226665300102,0.06407655666648271,25.75523839863152,76.8193240490392,73.90864638779178,32.615374555016864,27.78185299189939,0,1,16.3
T0268,0,53.298950890436444,49.670495104950305,64.31381468297889,57.78395803522543,57.97475185024395,51.44618168131281,0.053897753808348034,0.0716203664510009,30.75473113271113,76.89119745405806,69.04507351798874,29.470673849184713,26.47594274703887,0,1,16.3
T0268,0,77.45995037458846,75.16805827684148,42.4910368146527,40.50613233749195,62.61342593261258,57.810090902007246,0.012692812843594635,0.04372182790240954,30.5949790652707,83.47895677972633,78.38388088039291,31.625783747734115,29.776613658505244,0,1,16.3
T0268,0,36.280215019864485,32.60473921989439,51.10682271726783,46.135048526795316,28.15069059276591,25.231850477846336,0.08363994399840466,0.07817964479340614,27.82848346629535,71.45957495520129,64.6309379346203,44.13967233133403,28.09988799014412,0,1,16.3
T0268,0,64.45964713102776,62.430757759139645,55.53338222620442,53.405313037489435,55.082955738130266,52.81177032142478,0.02232762434862552,0.022687656837360803,25.646073090887143,69.61696317240171,68.5870567531759,27.66366795795405,27.825739229310607,0,1,16.3
T0268,0,32.77551667074647,30.199650687708992,59.0127326225908,52.78394515902246,59.27116813399991,53.763578887165686,0.04369830001775956,0.05694891266118977,25.124911728058578,85.44759050076253,82.42648745640221,37.120201368645354,27.809463721875336,0,1,16.3
T0268,0,54.633228656601844,51.89367976066229,44.83994402794869,43.80027965149759,71.85184204987999,67.55419970587029,0.027342900218708256,0.0326664900623929,27.218895326350744,66.47500018115605,67.54568349995716,28.8716889449622,25.677003075334582,0,1,16.3
T0268,0,41.473587617323616,37.34710201104386,47.76192567678449,44.89866664685264,75.95157257861092,70.99602506827296,0.07478789311210925,0.050751346837053325,32.76269186781754,74.2605483204845,70.99520635261777,29.54484230775053,30.21132795808799,0,1,16.3
T0269,0,53.35145546379077,47.39869490325067,64.83418176960052,60.425735686750976,76.17455004020934,70.87117594493603,0.05163598342285241,0.06271395708337113,32.77595134159358,88.6222139226922,82.79229128659847,34.39402464992628,27.187418981864923,0,3,8.5
T0269,0,57.63196139923922,56.78855850040128,53.495310422556834,53.59918911810863,68.70853145556515,64.93697944437024,0.006773520843779283,0.021537099657393644,28.31752330579142,70.21015382331113,65.9733355691383,37.59871349943162,27.003088775558957,0,3,8.5
T0269,0,71.93041897204289,67.9222447009159,52.08992627927708,49.95263756544143,79.70371709645252,78.81853867261927,0.031991807896327044,0.006904925890895803,31.215826399764353,68.38633588366363,70.41493013549633,33.945218940835616,29.117125907278187,0,3,8.5
T0269,0,65.07767797197613,61.920160225317424,63.10137787817661,59.73195637598094,20.142079151327557,19.316931253299078,0.02415515463657956,0.029405981242617223,24.173510904916917,93.25391812076498,89.05632014958589,19.49444450395551,26.82827951552836,0,3,8.5
T0269,0,24.600651969553645,22.664282485158445,42.088520076731896,40.4865451117457,78.91065505856123,70.703282772155,0.04318242677799901,0.06238565100368027,27.01033327386187,97.74343808876272,90.77494671453331,32.99587477727056,25.90500506005074,0,3,8.5
T0269,0,48.38543877664314,44.67746176400086,41.85743114131707,39.4800458822592,79.52605714687928,73.05435474026169,0.060038449672800205,0.06539344797606107,33.87425463263888,77.12058290322939,70.99037061125419,30.835928938174284,25.75015077533372,0,3,8.5
T0269,0,54.13591357521244,50.40772277943843,70.0503327772146,65.79273560653395,53.22897629299898,49.53064336333259,0.0628472918498288,0.06399594957730939,33.07182319024729,78.66878274644816,71.82362782283411,21.954132328491628,25.826551143036845,0,3,8.5
T0269,0,39.26725051433742,33.60071775759287,75.29187218642413,67.08597204155322,50.92607908495228,45.62116742790058,0.12613799742974585,0.07511157942975401,26.95542024161247,74.00664193993387,64.14933289617815,28.894393723960675,27.75571104535645,0,3,8.5
T0270,0,79.81842618434473,75.96582130371581,64.73120642524245,60.906936115090694,66.89216222376494,62.591807796659296,0.029296262181537074,0.03174398110869689,32.065453676568545,80.4084389694336,79.14929992782086,32.475580968646,25.97664787580463,0,2,14.3
T0270,0,24.879117451918525,23.28980600768511,37.643289900504556,34.7824522796248,20.666701712311085,19.387911670324588,0.04183873144223267,0.03897011546915354,31.324970455237047,82.50311035062929,79.36124214265999,23.67083876714444,28.496711333292478,0,2,14.3
T0270,0,53.52615373461918,49.1308282110862,29.67162714137857,27.384003008718146,50.389263402436654,46.039733082892944,0.07692278375859812,0.07662991815141926,33.86886158091539,78.35363517791264,75.42045308298006,38.66887736356275,26.219706566135315,0,2,14.3
T0270,0,33.77775385745954,31.799683809981147,78.24246066905192,74.13460596482666,50.64472894396818,48.78568935878676,0.042217465397606235,0.030204839186434386,25.384291786886017,74.60003273598474,73.67375095891968,29.412913617189307,27.53003768225704,0,2,14.3
T0270,0,44.424629081911434,41.154077127426156,29.02175505996385,26.649087695565168,67.46601169407228,60.47619770421053,0.04783614395443526,0.06889760893206813,25.68693448020854,99.0,91.31467248874708,27.616385540777824,30.128497838374038,0,2,14.3
T0270,0,53.07043221172674,45.930368361871025,34.275907143707784,29.255604191634166,68.02182351272094,58.725804123385615,0.06433963628073615,0.06882547207722517,26.868556014057624,84.15071234515185,75.48187983010158,20.834076248497038,30.4189770534763,0,2,14.3
T0270,0,48.16209145810262,44.26465801992176,78.60485213409041,70.5901225828844,75.07683626184448,66.81081326221972,0.057023009193303824,0.10164790859173206,26.726923799734866,72.88848766950052,63.823961574247306,28.676580003928628,29.48834007616901,0,2,14.3
T0270,0,42.47114759467448,38.32556001839104,24.977860816775106,23.53895114386659,29.46875801055502,27.27018253361569,0.06583274252578364,0.04625227324587425,25.453720320609097,93.2168569027639,90.05447422932336,24.61922857087412,29.550272512148688,0,2,14.3
T0271,0,43.33681802730364,37.41383725937565,53.26711543094382,49.51707547777719,59.54141875442241,53.06543324375254,0.10147073202373764,0.08001302775728951,28.419289986245538,63.049757276958466,60.04617624512325,28.839221263586836,28.03684832670033,0,2,9.3
T0271,0,54.842295210325226,52.85317870748856,37.45035215255845,36.05474566628101,28.637509021667444,28.49804306913432,0.02913612842924157,0.004516951173838191,33.606436186964785,68.25453941074058,68.91802176598706,32.290856005204084,27.93978895184266,0,2,9.3
T0271,0,31.65486234413417,28.010521142498146,51.890794055460496,47.505841011124566,71.39970289712168,66.46998552780609,0.058314089838961615,0.02668842510886631,29.35710269847102,96.3828681564865,87.56529652456868,36.45304062478344,30.356448981094445,0,2,9.3
T0271,0,45.463870216998544,39.72652483275832,28.76502882913721,27.182872107639685,57.01879199716296,51.37252709525996,0.07786337264378147,0.07924142248735426,30.633983273061418,92.25305399927102,88.75237711912284,38.89280777941143,25.62773488143112,0,2,9.3
T0271,0,45.019989644449026,42.9733155081586,34.88264957608448,34.41305016709353,56.8159092671091,54.30073912740002,0.02557536401156013,0.024132932277133614,32.744065443972296,67.4637104711446,62.23267529612245,33.098259321828024,29.549568196553274,0,2,9.3
T0271,0,29.489482488038817,28.24063775647132,71.72835120828753,68.15338543350529,76.30227234155183,74.26175194445615,0.019661302469417732,0.014823500095004851,25.205639515359454,68.78493120055728,62.30493537677911,28.504915454385774,25.60074507843886,0,2,9.3
T0271,0,70.38049525315994,67.33634129046295,38.21270283300963,35.71376776661064,25.730366597834013,24.57199214469425,0.043253121549731065,0.04454713692071239,27.023008861801802,83.67578808965203,75.73842628745297,30.826369571912174,25.99348097611574,0,2,9.3
T0271,0,71.11608902290104,66.07871907706364,72.45040627558807,69.57696543821348,55.37578061120278,52.77834661682179,0.05331254685645873,0.02415672990315381,33.18112773579904,86.4278544976658,80.9137134247094,35.0598785675064,27.96274310089981,0,2,9.3
T0272,0,20.793949369991825,18.872203862333695,36.000618787064795,34.178736804651855,62.88933143291475,56.43834705664134,0.047592443905874984,0.06103711163424185,24.755844056657164,79.33034839883148,70.3990416088381,37.22702714521457,26.290477376908107,0,3,10.4
T0272,0,31.018931827486146,28.727431017065616,64.75546470719253,60.69236462193814,31.931962634766187,28.876456659770135,0.05069311303992859,0.06348740778927399,25.484880702674438,90.33614213385071,85.45479456406449,24.369385473255583,26.375496193123773,0,3,10.4
T0272,0,48.923343517732846,45.940819890713954,66.47814589657983,61.71010143117958,77.59059936739158,75.05479654212516,0.0320991285303557,0.011584747778297032,27.465305966688277,85.07514619732561,76.96241704683197,22.577083105104347,28.523927215365546,0,3,10.4
T0272,0,65.33980955413799,59.46376566997161,55.91813454449843,53.36104227886255,32.6068163532067,30.945150511351486,0.05067288487294847,0.03632910788632193,32.93806833480406,76.17228717223803,68.12873490320331,30.40969884101232,26.467639476355924,0,3,10.4
T0272,0,61.996791305855496,56.49500304311426,67.94069243205742,61.58632552078837,72.7851332215557,67.9853626034408,0.04576663435734779,0.03662043207645314,33.45935428443231,97.3196380532577,91.29254906907657,31.79696975612991,28.033717679272474,0,3,10.4
T0272,0,48.815267625753705,42.818962133232525,79.13847909441769,75.62601829093462,32.12573516790158,28.27766788485911,0.03931577991814185,0.07154957826409328,28.909878341868275,91.33859401527972,85.18674623078101,40.875597941223134,27.092425564628005,0,3,10.4
T0272,0,40.25328344987469,38.739040917741285,67.67936117858666,65.63370674584733,64.55306899303235,58.79315675751496,0.01727678294686743,0.0535440424163583,24.962400901755867,77.2572823739741,74.93571125131365,23.379782290909926,29.070936773635175,0,3,10.4
T0272,0,32.88448849218712,30.794715576151265,29.288389777306648,27.792818267611523,55.247445768673636,51.45857556045395,0.04530115807077124,0.054930785422054054,26.105093505082124,93.82156064760073,86.97645579064655,26.214080420732504,28.81722603958764,0,3,10.4
T0273,1,56.23915040536991,33.357271768447916,44.646401015522855,30.781697450446597,48.65774745174388,30.209132057184952,0.4833852234947983,0.38082788803610795,26.64619813652463,90.6458086741705,86.14025515196249,29.325883593350028,28.13935490293116,0,3,6.9
T0273,1,67.36124583178989,49.502496874571904,48.878498346058564,38.158765145865424,67.24558167833437,47.33618932360125,0.28665582683411267,0.3630862653727501,25.827730643993583,81.17921333249603,79.5348262197658,31.831324762345368,25.504076752425924,0,3,6.9
T0273,1,61.33685240226337,43.46419155978238,30.269644432065064,24.126149270485826,21.977692530042734,15.709390444090616,0.25619154687202317,0.2941544689225852,30.651842361319197,96.96210072235529,87.31952414064715,39.71581756856656,28.469300199362856,0,3,6.9
T0273,1,74.71083612729399,60.649366463312,65.9952863945393,54.11085746436447,69.36293386966415,54.60963930967187,0.12624839470539806,0.16298223807671505,27.22236622404159,77.21537757578075,71.32764941239243,44.275007020630625,27.01121012121937,0,3,6.9
T0273,1,75.8743474513083,57.27792966166953,61.51788914001977,51.56351152431415,24.20226996008076,19.215888817717005,0.17914723437562877,0.13442301252055117,26.5645270028702,89.72517941790738,87.32473008730054,34.643772214679736,26.444176208231664,0,3,6.9
T0273,1,50.67714719922937,36.751855913842064,74.94410966281296,60.914169605442474,23.99575106534059,18.845287416871216,0.2185037602649879,0.17843415943139265,31.31754756260444,86.59857380361363,82.7421202642428,23.030099148224316,26.823676080249903,0,3,6.9
T0273,1,25.834637979975007,17.734587986529615,24.880602862820894,19.23417709497954,31.108299613538946,22.269203653002283,0.3615169865425948,0.381203467109632,33.51519894521839,75.73189354572568,75.44287625746895,32.20675691098135,27.013106448342445,0,3,6.9
T0273,1,22.45188054522601,13.754934061249493,29.928865180419432,21.370004627940517,53.21778159032288,33.23361618718502,0.37372349937187904,0.49573806628328765,31.996302264122228,76.60712876884013,67.80440173592757,38.39282294561935,26.899541163655066,0,3,6.9
T0274,2,58.51853655890196,41.30998350061254,74.85807955504596,53.77329093905383,64.51609905330216,43.39329364018288,0.22348296493356895,0.4062835896880704,30.0167275387233,76.51559997199752,72.55849039729421,32.706640985892214,26.275346967705634,1,2,22.1
T0274,2,78.24648310115181,55.62108244858519,30.281715159074707,23.295615279955722,36.22752386464175,25.034694493767585,0.33240837661111744,0.34087294297502585,27.91830068189497,99.0,91.27731596028477,25.515006248952083,28.274470477316385,1,2,22.1
T0274,2,33.5140138876015,19.49710239495699,38.789291977586814,26.863853996634262,66.27450927713087,36.810198385633356,0.7464585161441079,0.7435584652211635,30.644578098312003,73.1464183676535,71.88892379828556,30.30013786478417,27.298412593068022,1,2,22.1
T0274,2,71.37113981729343,57.268466817225786,25.124645419765706,19.229841071702207,73.97476972532851,57.02776669721724,0.2771916794624827,0.27726460104457434,29.523513934993055,90.56186651968969,88.41465732325167,29.267491270599663,29.22649098186501,1,2,22.1
T0274,2,36.212144181870414,20.58051815535703,54.155797035666176,34.545127237293265,78.53532195000221,47.58534322041392,0.6266096582858462,0.5660454272624739,28.060633910720963,99.0,89.5512721871653,42.35064907697873,27.680500536063303,1,2,22.1
T0274,2,35.4094619206441,27.730343345326087,76.11997994694914,60.68683621223113,22.962052991235538,18.141579558014165,0.3145022339131557,0.2534870874800901,25.444078454590127,79.94701140288115,78.3548387441246,35.250653347403,27.64478415203746,1,2,22.1
T0274,2,60.97815838581338,48.671773710841435,76.03284054081966,56.03870541762708,62.564420698237946,51.01975257728219,0.1582017165862684,0.1516107372160702,31.78621807045249,95.62994030656898,89.3293586858357,40.087803030322384,28.54597814090134,1,2,22.1
T0274,2,55.702345525868644,42.370693783305065,68.50958386585367,52.68151999236406,36.344386927639775,26.82370053236026,0.24018870286462204,0.35420452796515023,28.213823987243074,86.53513037354908,80.25450944629654,41.27705161230792,28.86729846210198,1,2,22.1
T0275,0,37.07435416082873,33.839105561613906,30.132893691489734,28.175468457847717,58.40332890628383,55.00678144421797,0.0409011301720171,0.033161013378544824,28.82347168796455,73.54367101577583,64.23134461799249,31.917291177638432,27.649196883141432,0,2,16.8
T0275,0,47.986053103280135,41.90734527513771,70.06694608757014,63.51011850829503,29.186789897083194,25.779222030593278,0.03549630605286426,0.05733742145797109,30.310801701584012,98.83649989904927,90.20408160088472,37.30841056120183,25.5297449844298,0,2,16.8
T0275,0,57.90089699946614,56.9215281582164,57.50113626828085,54.05128616088398,39.16029636799902,36.83810570804387,0.009199549316903356,0.028418902474438956,32.180039254439265,90.87040679280739,81.47104106221886,27.0183575911637,28.48337589087104,0,2,16.8
T0275,0,54.56369711482461,53.13733014290704,57.51135276051919,53.93704738861096,41.612424171838455,40.59023433325244,0.012239038976987623,0.013831096309928482,28.20511767595951,70.1038863708104,64.53751921494633,31.791304670282898,28.46032007252843,0,2,16.8
T0275,0,50.307586780626025,45.39430529206755,64.35411544633781,57.66142566557171,31.904936460726958,28.153891305944594,0.06703929545942298,0.09265994930648576,28.95143094459887,94.06616992144203,88.65752176544419,38.464570746341735,26.956465519982295,0,2,16.8
T0275,0,31.696050255997473,27.786314848199975,50.66121980561877,46.947069296079476,31.782910193057,28.248892979428586,0.07422358693581028,0.05794100076870241,26.187334797600233,94.47506899794021,90.31714267816275,27.235297495643447,28.035968040720057,0,2,16.8
T0275,0,57.77672143228021,57.27376008950529,60.701918474173254,58.5978186639293,36.9720498750689,36.88514907870197,0.005286693779360483,0.0017053769779945785,27.074012261269818,73.4167715067783,74.3665128002346,27.315580078611,28.642299396025713,0,2,16.8
T0275,0,45.3273224189209,40.418894637516466,75.1116290913699,71.11260265592439,78.11169412897092,75.11484831627897,0.082675993619106,0.01959782521672002,33.78608822555009,83.04320380782083,82.16731861522894,29.521399031210475,29.39822613131567,0,2,16.8
T0276,0,56.30344395269245,50.68622846117777,70.44307623001964,64.32154906759833,79.08019972766776,74.27917916054798,0.07044741018344704,0.046193842996291486,25.34859794238266,75.94931878330489,71.99320539430963,40.65568694525413,30.12420462907376,0,2,12.6
T0276,0,21.569000566244185,19.110110812002567,27.17883428411023,24.65187051305464,21.894068771335156,20.103213918474818,0.09599045564611929,0.04845225999455775,28.5464743406077,92.49148910505454,90.36136157185011,28.247707562448753,28.064436579428804,0,2,12.6
T0276,0,54.04021512550433,41.43957795111579,30.18732629297591,26.261705632719078,68.77316408115183,55.3357693587519,0.18804532360354326,0.14456952568846118,24.191019552993062,70.33859114933401,63.08863538356404,32.464292325569296,26.410016916330434,0,2,12.6
T0276,0,24.532856440825604,22.55594101573542,71.4102074873837,67.80309717984737,25.429957989197227,23.620825863376098,0.05257454767005686,0.035448647840157214,27.939757110338427,79.07202626181272,74.83638851679567,30.735088470167668,26.253623060778317,0,2,12.6
T0276,0,74.97516164667869,67.57977822498216,65.76984346993103,60.376910379290464,63.75160383263486,58.13074198212827,0.06015270753498825,0.03762435766196889,31.600217268228107,72.07148560271366,68.48584779060947,37.546601259054015,26.13982212112468,0,2,12.6
T0276,0,47.37448209298687,46.637796558284876,50.601484646192965,47.24322413671785,38.6323407409819,37.71027870800853,0.013168993861719935,0.016929442431653452,30.801554137113094,90.17611342526475,86.15175175952302,24.34285866843085,28.04925410854541,0,2,12.6
T0276,0,68.71854079296648,61.74646266867002,25.71827763882612,24.08668935860788,76.07049047515781,69.79249898113441,0.06554830187562738,0.0509197618876449,28.095944449782827,67.31080837716681,60.75881857861713,39.80434296140203,29.165336961532542,0,2,12.6
T0276,0,29.04860077165136,28.07659504602581,24.490861925301477,22.735682027973354,40.882052859498984,36.46942577526933,0.020335287678274156,0.0543232744949565,30.039586389023302,83.49788871916685,80.749961226132,26.871259557304448,30.26559071168973,0,2,12.6
T0277,1,69.93205802163817,54.32546565285757,70.25549535554586,56.84456293322277,39.39882280874527,32.41969326828114,0.23756894916247512,0.14317007243007496,24.192060551441653,99.0,91.1092892450346,32.023963714298596,30.29359766640992,0,2,14.6
T0277,1,26.66978257739941,20.270617066036525,24.33357763982775,20.028206111855376,71.5433815102391,58.64832888096358,0.21027183551194253,0.18675732446621787,27.135095504460384,93.8634770360269,88.61307469811854,33.39061400907588,26.336023912234452,0,2,14.6
T0277,1,50.04446470256394,38.92283087655379,37.26310546332493,29.274671258934696,45.756840655628984,34.878385320128665,0.18470243450322646,0.19800810564161822,32.32607951303554,73.00914480149885,66.6931125390873,33.92850949964246,29.560619328182668,0,2,14.6
T0277,1,43.8708034765778,36.15586465961449,57.6678435140284,46.80971220306342,27.45057720274097,23.008061500007138,0.1624499132220708,0.15911804455921402,24.114193767821966,88.65831946327528,77.11667104845466,35.84725264655345,26.862026745675752,0,2,14.6
T0277,1,24.931182121400163,23.56950501860576,21.493531291479787,18.906547256394745,28.837191805580396,26.777327466126586,0.041710941401104144,0.07802766021767102,29.088845114780828,69.9290424062502,64.24501067773457,35.65562877528479,28.401064596493793,0,2,14.6
T0277,1,51.18634844918766,48.97780105604189,78.28651513717097,73.22906874425907,69.56911344392566,64.77087590167633,0.04133599229202913,0.04263818975568584,30.30458659021725,65.81641849470465,63.06641311956723,37.35937741045866,27.56191101950678,0,2,14.6
T0277,1,31.26321252089053,23.01441386226278,67.47906016721694,54.22557195834828,34.932404736418555,24.95909162164983,0.303047797952756,0.32634645761882203,31.053624146144678,65.72570673407242,65.67557796025027,38.12059039182398,30.120177119226668,0,2,14.6
T0277,1,47.002036898229704,41.028212024638904,58.099320892122535,51.22119811638889,26.090979949198214,22.224360905370975,0.13569721549077277,0.10801649427838288,33.17731018682005,87.04777315076107,82.57181690018805,35.07499027101089,25.516377337068192,0,2,14.6
T0278,3,42.40518542073593,19.63455894635815,61.834917716994546,30.343354952289566,51.91202397400957,22.097058267810894,1.1602374004818874,1.0128248943002858,24.66357079240462,93.17136271022403,86.32341192486729,23.581998882705484,25.750232014416888,2,3,17.7
T0278,3,20.248084989568916,12.224688877382738,69.9268833161058,42.74927492633735,35.70102015192907,19.528896743726957,0.330019848271268,0.4376173661295705,27.358063299650652,85.04292991173908,79.097991948943,37.069393469312956,29.92072820207008,2,3,17.7
T0278,3,63.62053396303829,26.402442630173628,72.68956357528438,37.79247808185292,31.05248379906653,13.295784767416247,1.7425954502916834,1.925703540117755,29.838784203515218,90.14425140148087,83.5769452998245,31.22491544069445,26.285607318973458,2,3,17.7
T0278,3,37.18654108309451,18.26697813548585,67.5118583317923,38.58443492054737,37.75174324025223,21.632170386311994,1.0803972872901102,0.6277020991488227,28.383919075826533,71.13847283832473,63.28461203439463,33.590345351027366,30.282795091420564,2,3,17.7
T0278,3,28.934739945904745,17.699616110235702,57.29877996337091,37.61597340308429,28.593900309039054,16.789645737618397,0.48339904186591315,0.6702326147517371,31.594497585113288,94.56237977641365,89.46583233450052,34.6274454467748,26.470105774741914,2,3,17.7
T0278,3,62.794514279842645,33.84411985616445,65.75092007729363,37.37971058616903,27.1941316520589,14.389220804097883,0.7107009765367582,0.6985969872152009,29.811978267604687,77.40560763824459,73.610606069614,40.30357033265494,27.330919271823806,2,3,17.7
T0278,3,38.750114974190595,24.631115869699205,27.329811080402415,16.57652520490934,55.42578596245589,34.95810884397676,0.4429337378238158,0.4271695223992716,29.24346076386429,81.72291636537894,78.32700631838557,39.64767692264372,29.445266226636786,2,3,17.7
T0278,3,44.076075609469626,16.822798194289135,22.882068702196793,11.329393151460081,21.352874987080995,8.989355969126333,1.2217539102632036,1.6305023145623103,28.342876657077717,85.68470173530108,77.66791294586147,39.46456849223667,26.538713980637976,2,3,17.7
T0279,3,64.68445267474169,27.41094029574395,23.258676810857573,11.820735350749967,20.61886833008742,9.727799728757665,1.417236953114786,1.1210255025530862,26.062339568199366,79.7361094056287,78.89963619527984,27.217602631490788,29.85089865866884,4,3,21.5
T0279,3,53.08934744404432,23.079818952802952,43.611972121149044,20.32666495726926,26.59385838057284,13.037030447632734,0.8565820936060425,0.5842595031407282,30.11823762387914,99.0,91.92574302210713,24.93653473308327,26.138452518507435,4,3,21.5
T0279,3,28.958157961359277,19.16258292133288,65.05197851759351,44.19421355231098,21.34391607276625,14.126478252326175,0.5124397159621837,0.6011301219723927,29.396487321979002,81.1196083691245,79.08877979503349,30.484314921222655,29.237805630455668,4,3,21.5
T0279,3,41.844583117757935,21.414855349049457,47.04106023686201,29.07890949346055,46.44414120585759,28.318926989511965,0.6578217996902845,0.4860139582560617,26.878049635911072,60.31478337606155,63.31478337606155,39.67342650454874,27.851061155368686,4,3,21.5
T0279,3,40.79313923166701,18.441666766569014,51.71308068777484,25.94793584090323,59.45555733189439,29.126636158383768,1.0709558204766658,0.8827298058974046,26.610223374281055,79.52538143165914,73.15825188195737,22.74102741111133,25.973631220070832,4,3,21.5
T0279,3,56.47150069151232,39.00810076267738,78.94318294830683,52.3979467495839,70.53749966950674,40.27241739850795,0.408242066590162,0.8278457659984181,27.661488505423375,71.13955148377265,65.29969752756948,27.684485271796987,29.615339659903128,4,3,21.5
T0279,3,36.56518929893627,24.881900083680716,70.93284079004914,52.84837741774534,72.50959538211359,48.755116463148916,0.27109939454955306,0.34377152258159915,27.930522319672235,84.18235096750756,76.59358464734723,41.05349402850709,26.925358824173944,4,3,21.5
T0279,3,29.938846246384564,15.52387557810859,26.756879249140198,15.22336635133669,45.22463152530226,22.41035880479024,0.9949870769610544,1.031070430608157,27.987608843451692,66.29702237081563,60.16477196480808,32.106365085697604,29.090776357898754,4,3,21.5
T0280,0,43.80354612121229,38.26381626838187,79.45771053055827,74.61265594854775,23.906165809764047,21.77720949610914,0.07134392219213076,0.05170205230431433,30.062341047666187,99.0,89.28424604213328,25.316822834837907,30.497404891380008,0,2,6.0
T0280,0,24.114666968474523,23.94891183621498,52.807685431201406,54.713345439449746,50.70681329736337,48.24108955174061,0.004527004547589054,0.024576077728039804,30.80572567905257,63.21283482141823,64.09431250418945,28.24935948399299,28.17375331963437,0,2,6.0
T0280,0,79.20165828293867,70.2885465635512,57.12812186927515,50.666913316717654,42.79168741693414,39.74275631167546,0.09788800434906927,0.07101402346991643,29.931767163377465,81.79840193057254,78.04241146402276,37.28230770746441,27.16284626354056,0,2,6.0
T0280,0,63.271403859122145,58.04906348161695,41.23349352325607,38.035024189728865,24.295828171913882,22.44678084359445,0.0729885324207396,0.04436033641714658,32.80858472774465,87.7995002542029,76.415791803558,30.19829562888781,25.611507500620405,0,2,6.0
T0280,0,36.534925470457914,32.076088114681085,44.52576841917188,42.71327914722274,23.666874401620404,21.09072775934481,0.06668027057723296,0.06116718132595369,24.5277033505786,78.91653277936098,77.91064908383868,25.311315026536413,27.018476531827122,0,2,6.0
T0280,0,73.48537991593113,68.90656352498247,45.612765051052726,41.672197595033424,49.96323008105632,47.9407700023061,0.032801161155062875,0.022056808882848642,27.863148126494366,90.27380903262446,84.6421497059953,29.369440612687654,30.03300438608774,0,2,6.0
T0280,0,68.30415082516865,61.88239163683743,54.392371202214456,49.57218909909468,76.79630774824241,69.53283982416968,0.0538364534816928,0.06352083295032614,32.88204570781103,75.84786900520876,65.4473597513074,29.857313947878332,27.11337948405842,0,2,6.0
T0280,0,36.25689987676772,34.92042253885628,22.23742512246258,20.03210117344697,53.644564969188906,51.12387245443296,0.026546689389435007,0.044408244251724543,30.718583366868096,93.38671588162782,84.0454112004998,25.76093326083338,28.97622550900435,0,2,6.0
T0281,0,36.26254343698651,30.417493481403927,23.448922071331634,20.767349529707403,67.48185088855058,59.436518238894834,0.17648264401263575,0.11621825220889861,30.436836296464698,67.62494628871661,61.214760679338035,34.12198590693374,27.10630915694876,0,2,15.0
T0281,0,20.46859097987723,19.53342913359321,20.58603855414759,20.087190353881258,48.24227156252694,45.4611054043487,0.026221830145053082,0.049047395913857025,24.390496389299845,90.56375719335355,87.24532771363654,26.950125607742926,29.036105723780977,0,2,15.0
T0281,0,37.541398630165546,36.052469120083195,47.37327410189261,45.398847187142216,41.86161586604741,38.41307781556899,0.03344501287064401,0.05335399167824409,29.85780763625595,70.26755020173006,69.10060171722506,30.162637670621265,27.48514187589468,0,2,15.0
T0281,0,61.12469474092042,56.946742310206574,64.41128965976868,61.00962923394973,22.45165235191094,20.972329127382775,0.05349283338107139,0.04105776980373652,27.673144132157642,72.35628586601472,72.59214762250375,18.659618455699203,29.892526319696653,0,2,15.0
T0281,0,55.17852172480099,51.87942816329833,59.22361284612474,56.03800844541503,23.115401257810415,21.8677510379316,0.03532240256474174,0.02934536174934699,24.559817704835258,91.98908654141977,88.27889753310404,29.790003164068295,28.398925510396044,0,2,15.0
T0281,0,60.450738920249826,55.6256951192417,31.265662108483593,28.568725084684143,70.24114039704622,66.32324184100852,0.05629125602664087,0.04528862872040713,29.696817647176516,85.19037995381713,82.10303326054992,33.79333428140048,29.065270437418018,0,2,15.0
T0281,0,21.79531441041844,21.21158903852991,46.37428939319684,47.99977335035619,67.68661538886155,68.51311241957126,0.019280851015189067,0.0,30.71771475129559,80.5512590487995,83.5512590487995,29.575757946310155,28.798510599642004,0,2,15.0
T0281,0,65.38232497649523,57.807084676631455,49.77227690018604,46.14130686293586,40.1778270356355,37.1597861700403,0.08977480406889157,0.05931250301589606,31.000308627301763,74.0508281512731,67.68504674292302,38.42051406870475,26.870524429019788,0,2,15.0
T0282,0,27.960447608943387,26.590741385691235,68.61264943356178,64.09728906727896,42.46759756356938,38.71434948715923,0.028394717439256742,0.067421087243503,30.912454831289107,69.81538000255351,62.86076105479416,22.166117100999585,27.363790222001487,0,2,12.1
T0282,0,31.767573005386396,29.98088342552998,65.30445474095956,63.48297765178219,57.96238762991843,54.631984511990986,0.021010791272381386,0.02922311831749283,30.08557831809881,83.94143640254988,82.05026399629938,23.953634739032097,29.100169800152667,0,2,12.1
T0282,0,70.52452727460924,69.94626697981417,29.982921695746633,29.07005411739705,70.67599215717726,67.90962074681835,0.004693810012270905,0.02549450227982506,25.64126775011325,70.95635947496316,69.00345045825026,35.9989475577376,25.99276399403894,0,2,12.1
T0282,0,30.741844586255624,28.642644375840273,29.105000822977594,27.938043756269746,28.821535804556397,27.265271254111713,0.033861028494014685,0.027492897437047352,26.273390435663103,69.60771805663742,66.58345726723296,24.86256964899637,25.75570450300426,0,2,12.1
T0282,0,39.80136601353804,33.92077129197113,22.97616147992145,20.29227081084087,21.599975976916916,18.12362906377865,0.09025100976760395,0.14200409998839045,31.525670676542198,81.11240770626557,73.09665150151082,21.53844473383326,27.607655209588803,0,2,12.1
T0282,0,64.95834951769811,57.600366113992706,50.2933387476796,44.01959750193038,34.367918234779566,30.794278261067806,0.0751391679390534,0.06006986092320235,24.82025088692393,96.6644229105537,87.19771097002607,21.98833048553763,29.860033942943005,0,2,12.1
T0282,0,48.62447644753599,44.58706418653536,51.28562682262079,49.43890404485027,25.267712917942593,23.8242212912288,0.043920482690819905,0.02791054261515638,24.74289777216961,64.42799523128213,67.42799523128213,33.55256304131912,25.85683024773843,0,2,12.1
T0282,0,66.7958977826915,63.16397758844711,59.58190989141221,57.01283437704269,66.95319298794894,64.45194848308793,0.03774937292250187,0.016040796273228974,28.106522947643647,82.9560288249311,79.2987200092592,40.445619670046156,27.367551520098367,0,2,12.1
T0283,0,36.3365055554262,32.0849460708742,37.90654161226699,35.566149837542696,54.67789207095171,50.83335613467518,0.0846082970510978,0.05023019664849782,32.91646387051019,95.46845145798595,89.67543654161163,29.65363490513571,30.103684375755407,0,3,11.8
T0283,0,45.30914296768188,43.29825785033887,61.39209920723605,61.37184311077837,35.65685727476101,34.31365649294053,0.024011914602088548,0.02656736417033723,30.574694252028593,91.77459953057263,90.89499899363969,36.72721013775372,28.483622097906743,0,3,11.8
T0283,0,22.685322790765433,19.997251613827924,56.67087979474581,49.82476648056305,40.30789218819191,37.127303898875276,0.09611398826198614,0.050192017687202224,30.6885439928323,78.37531010769659,74.0617177470529,34.023793743863486,27.3187722927511,0,3,11.8
T0283,0,57.85079616787306,51.53654609081914,71.08146064336944,68.35259569291877,78.63723461866147,70.58776397258738,0.05471464665539433,0.03508023359375728,29.97156740213168,91.93032162080097,87.09117115117596,34.00953621095767,26.760763631395697,0,3,11.8
T0283,0,55.86412225588225,49.874639101243,66.87173449088955,59.50185926291495,55.92256675222441,51.981300973392486,0.07098220361092106,0.031998187284859536,29.267591055714448,87.03158439403435,80.90590771139446,26.272456708864695,29.676228086853442,0,3,11.8
T0283,0,34.95324508889023,32.36862136489925,30.83956727829259,29.763844678326098,28.366961871462518,26.61764426589659,0.04285026945800412,0.027597866043551956,30.33335691175983,81.16760323116097,75.13624877153505,28.916963558176484,30.152079728506923,0,3,11.8
T0283,0,44.91949283263173,41.896347208314296,75.02860528795394,69.39411668134609,38.59136806049288,34.52284274611144,0.053102247313984434,0.06479447729012411,25.060182026237612,76.93139541296158,67.0770638349649,31.361561710145455,29.211923741041307,0,3,11.8
T0283,0,79.68097249833548,74.52962488919923,76.071380051758,69.1212345904525,72.43179240018335,70.32453120724331,0.04815684056003845,0.022162104658477753,25.83832637163425,72.4386171132197,62.75633401475224,33.18587496298431,29.142635154086932,0,3,11.8
T0284,1,45.97445565528105,33.356531610935505,25.729216050777485,17.295774468422163,78.39992545519667,51.532847842008024,0.3530816914393685,0.39460475633622477,31.74598205986073,78.9676951208474,72.27336712626888,33.94420187309029,29.48243545645056,0,2,12.0
T0284,1,66.82259964508809,51.91955090015067,76.6670406476967,52.363266128856885,56.32465926302007,38.83435831155578,0.18038909765529612,0.2677871429737012,26.565007812155386,77.8951887434057,70.78793156004566,29.7076764447533,29.50670437675139,0,2,12.0
T0284,1,56.20206855792365,41.87846044705717,23.349063342329305,13.679429642212087,47.991236212239784,31.88218878919801,0.27893176628590083,0.4123970358011064,29.657276541814504,93.60745718645668,83.35013316571965,27.549930910302667,30.020230085824807,0,2,12.0
T0284,1,38.455002289646515,26.088472772737344,46.24729246577287,27.145567787620077,57.47423299620851,35.441433008926815,0.21368271058827445,0.3450587958273108,26.838148652626266,66.7061267526194,60.70934094212508,32.75215999544997,27.710298505911545,0,2,12.0
T0284,1,65.96002338680378,51.13729174145395,30.943927711711737,21.020130714895835,75.39649267075836,53.90169102330213,0.16084037909963128,0.293511520014087,32.244236941063185,71.18369665040495,67.26193001368038,36.881136935092385,27.93828991148838,0,2,12.0
T0284,1,79.34225880547672,65.00082627597948,46.582480545241765,30.655292117026328,36.77932593999114,27.25069805278205,0.2035486944599796,0.2289526684378037,29.637797784461043,80.37066597410436,77.06542553021231,34.483812229646226,27.12847005235679,0,2,12.0
T0284,1,73.3505132610671,52.47406544891854,70.01518658364549,54.34501106732294,73.1516382772075,56.054384955666556,0.21494838719712175,0.2220134581802183,27.31847993108056,94.15096584015009,90.26311478230605,30.35219290413675,28.867060834806356,0,2,12.0
T0284,1,64.03843245982095,52.17989948480547,69.86325872589148,49.3267535192109,69.81042785379442,52.88844254384785,0.12770754325870332,0.1595484531816644,30.859505730031977,99.0,91.90895737013341,36.38484075297957,26.687224033764906,0,2,12.0
T0285,0,37.86166752655859,36.47151076343844,26.92899644096952,26.091721011266173,55.940920670234334,54.13286291820865,0.032946891944476295,0.022731173999006975,30.39829914753827,77.15193091758418,77.45876530089922,24.21170488174679,29.55421850882582,0,2,15.8
T0285,0,36.80505333816462,34.75941104164736,34.338940691376024,32.315238305438776,53.036757677114686,50.06632054158978,0.05322900280541527,0.06093941078197386,30.586641716323047,92.29096404645716,86.38062795011699,33.67655112467963,26.081864023377985,0,2,15.8
T0285,0,73.13811860950156,65.60338817405227,35.06169859567663,32.39572765285327,57.39251981898501,52.62470159855545,0.08482359031984511,0.0630040084327998,24.58138629016164,78.12602495550446,70.41226493557247,38.14658740374438,26.657471783869642,0,2,15.8
T0285,0,49.57311311407079,47.09610582242608,71.54802519678081,69.75669434876446,78.73801735624353,74.80508005410292,0.030979920404210024,0.03262409899594768,28.017659600347145,69.89410569863452,66.67259678483227,37.618945889032766,28.448970702209483,0,2,15.8
T0285,0,70.01888935218706,65.65813090343003,42.77179416039893,40.700143792188186,79.93103529383237,76.1270321048513,0.04309168411192412,0.04170864750837784,29.18753347451521,81.03754449110372,72.94515401406962,31.88400871968621,30.31431011085494,0,2,15.8
T0285,0,27.095657918641344,26.09041187871148,58.630151440621866,55.22552453916814,23.615075197783415,22.938247756061184,0.0241909735476421,0.021273641416120214,31.142500097075498,70.2328641177313,62.03639485769041,37.79937762071698,28.29821503154368,0,2,15.8
T0285,0,74.85551435608791,69.67771591748031,67.5820161461368,64.18651564719411,33.566907592908336,31.743581383941624,0.030135757225579846,0.023593134705020963,31.508232352388177,68.33095364457719,64.22541604865782,33.01220270362109,27.38811149739659,0,2,15.8
T0285,0,43.466501685088815,40.82695641436814,42.90467675183359,41.89273259836661,73.72694927495826,71.18314247734571,0.051116596965226635,0.027559906169987373,32.939146350533434,84.76401928687888,79.91719674568564,28.17239553412248,27.87831002084537,0,2,15.8
T0286,0,20.19999769919965,17.900054519284573,20.24822038144147,18.333705258535367,34.02650362123605,29.604269909880163,0.06731126560896672,0.09632891965431059,28.41778274796079,89.87758879206912,84.30035985312746,38.817362564660655,29.30033739253883,0,2,21.2
T0286,0,40.58394729488907,30.424479444558127,70.4551640988397,58.38408023738006,48.158504147171655,36.1343898469536,0.20434795536710773,0.18626988912194112,28.132439138377475,77.705192184094,76.5285860968404,30.68856797956995,26.384749987940985,0,2,21.2
T0286,0,40.304641999022344,37.149002763746985,63.76398733335765,57.246843788215315,70.95836374922014,62.581225022554,0.05325919083634776,0.1046877162945901,33.741367657411445,83.02825228972166,75.56557055668978,37.071771905969904,26.212356573969814,0,2,21.2
T0286,0,68.20559684894195,61.62440260268617,20.9954989796427,18.466968305513223,62.10759047042766,54.71311382405539,0.052358548118299944,0.07499541915839437,27.14341129018921,86.84999381284241,81.38994507715228,35.8766873618039,26.60446577175361,0,2,21.2
T0286,0,55.22474458585032,50.06405107634706,54.96579988113646,50.79906234485338,50.31580669884365,44.89216198134647,0.052566808210301165,0.06107505346277741,33.86657208013679,75.04426498742541,71.08826887554812,24.76108141020314,28.68512845496216,0,2,21.2
T0286,0,31.37112812007591,24.934618071858104,51.94351300695611,44.41221962316065,64.59080531142372,53.901872789010866,0.12798310618732855,0.10850813476835917,24.554955084057113,74.22032636960805,68.6295422724138,40.625184390687934,26.568733239408928,0,2,21.2
T0286,0,78.35445499200843,69.46897555760523,73.81403424450875,67.95374914982763,27.526299083986792,25.569635683795692,0.053495343847523975,0.04476252171305919,33.712095856163856,86.0367813616416,76.74241459128882,26.33204810429166,30.27123810092742,0,2,21.2
T0286,0,67.68355159416774,61.206038461285566,27.47843133486633,26.27394414899503,48.75245314381848,44.0504583644972,0.07392097509767266,0.06745644782007722,28.43732875840925,91.86366659632006,87.58786422803144,21.15526116100248,29.44485417559205,0,2,21.2
T0287,0,26.143229617834898,24.082081676065787,35.460241875746554,33.039664857591475,50.32345056619101,47.27727420505674,0.04630878086051892,0.028646696161030383,26.658130287377045,88.17995600889071,82.10420560775495,34.71812555720161,25.867886943358677,0,1,15.0
T0287,0,37.66371885112912,34.5649059106459,66.2986935328181,62.972706986035114,23.142873063496417,21.184361550631067,0.060959017005149115,0.06634237135684427,28.552061142493113,88.07046045228192,86.6095486865249,15.535959506836008,29.362225480060786,0,1,15.0
T0287,0,64.1443369696886,62.43393454646597,41.39771792035856,40.76938014548005,43.217037104063806,41.47721757088601,0.010539820036882908,0.021407275137060092,27.193246728989564,72.4786348989378,69.69880834061381,37.815465123353036,26.901106078915717,0,1,15.0
T0287,0,69.18373216481152,67.26920714070643,33.128143669589676,31.560184673705823,62.977045168259785,60.9362465687656,0.010930749590499918,0.015945545324161082,32.87625380138054,78.75743429767664,74.23480187554001,28.065624436180048,26.31621379440826,0,1,15.0
T0287,0,20.493259036659175,20.104687179900466,58.21261419732364,56.82524847829993,24.237784217215257,23.425399455762438,0.01767325168529115,0.024377512998261852,31.836865085611514,62.518129808782746,64.71515624881066,34.25514602222632,26.726768451088375,0,1,15.0
T0287,0,60.300809279456296,57.9100627600734,69.4462664262291,65.77069820374031,76.17098979791848,72.77125263304058,0.021072683460875194,0.03240355463111581,27.970439129212746,69.814356762955,63.43827469023745,26.732927249507508,29.979415809166895,0,1,15.0
T0287,0,70.89235538734563,66.49766159997296,74.35039118393357,72.19230421455488,38.506690974358385,36.9317206594963,0.03016089850198201,0.023669523770753167,27.38432786694754,87.71208336491726,81.43006268111418,22.772432562120827,29.893946445386575,0,1,15.0
T0287,0,31.023785790881895,29.333267998365,25.008373925710558,24.27270767501512,52.915964270049884,51.45004306722512,0.04123929765853128,0.0135175120808061,27.84724308092906,90.04992774444358,84.83998259437277,33.2407730195795,26.241083778195794,0,1,15.0
T0288,1,66.00443592764219,54.12767653565875,71.91737225372617,61.760946794326586,67.73210968252138,56.95871501843543,0.1049068708848644,0.11864610428776437,26.602119657138665,90.41139550013868,86.43740957525476,41.13893503626254,29.392588633486316,0,3,15.5
T0288,1,67.94895641924609,59.766462002242314,64.86099887998803,56.48399549572865,62.660291486320695,54.20685581248516,0.06881440375224845,0.10807768586199885,28.55763251454597,74.95462947258915,70.6915500406616,32.292322287751986,26.65723203115509,0,3,15.5
T0288,1,28.708084102500003,20.153799635287566,25.06373471707014,20.521990625895462,67.08768767992426,48.30059188332301,0.4165174447518363,0.392936212696395,26.470716827453508,78.54380279532337,75.70662840662413,29.593078932746323,26.758564035030236,0,3,15.5
T0288,1,28.77034952537642,26.253575706768753,46.24012975400092,42.71399213337436,74.22644765293234,65.96462732828189,0.06418214261501026,0.09017180483086616,33.464674841334414,80.2869571667651,75.77971218947843,39.39470109697263,30.254156353947,0,3,15.5
T0288,1,21.001220383882952,17.716325592733863,31.106018455955372,26.339530994543658,24.531556140476496,20.91478345714961,0.14404559125646826,0.1616221042995553,31.055400190859793,88.83390129965017,80.71595656687296,31.69175459888061,29.30165522958861,0,3,15.5
T0288,1,61.77021725901141,53.51766059904514,78.2450161189077,70.72795333539713,41.76020148528009,35.29114002179345,0.0937834436957694,0.10680618932051943,24.713532710203022,75.78445083012939,78.24914213980266,40.854650244809704,29.638205716709884,0,3,15.5
T0288,1,55.91624044349595,54.31943060392574,45.61472871910355,42.778952738664344,76.052420079995,71.30515299504658,0.022621025925493327,0.05836176290463036,29.008147606925853,88.55748855308647,88.86254693487855,39.2366413401291,29.325863540133284,0,3,15.5
T0288,1,46.465424233892534,41.10255079157195,68.25981362850125,58.48827354752557,49.31366565929159,45.44324168033369,0.08654942779352501,0.037256007467624766,31.544794466720013,91.7423391779534,83.51305367740243,40.51807273426764,27.65768530007097,0,3,15.5
T0289,0,71.79895540281683,64.87252097322316,48.22542960926507,45.42646149102662,75.70555524364715,69.26777233376293,0.05873773476054693,0.04744797424098925,30.767154668277627,67.42099760401058,62.355835924399045,32.845833403842676,27.49670101826779,0,2,10.2
T0289,0,22.887221820117855,20.351108459940722,73.44028599390708,66.94125327836933,64.53024188073928,62.31296391216882,0.07241793526224363,0.013305012124819698,24.58584080791499,87.66197711821576,81.19456676521565,26.181864455636116,27.98023183668011,0,2,10.2
T0289,0,75.45191057143592,75.2100105053036,60.851812161489114,59.30824479438361,77.31033686579735,75.56566681107847,0.0016860326932579624,0.011513125937923013,26.63511042415931,91.29783435888392,86.39280469494493,25.55773196828223,25.606115350868333,0,2,10.2
T0289,0,33.18947432398351,29.93111313431208,53.86973218313051,51.1397515275209,40.522285734750646,36.447063147716285,0.07035167752752482,0.08127225135168889,33.03274738383689,67.95484974780177,61.0804647755173,28.674329271863957,29.817013276136848,0,2,10.2
T0289,0,70.46952623707924,67.72595892991394,75.66337177051946,74.92029636437056,60.02100147845749,58.173394129114506,0.02906667970263252,0.025459598274526436,33.552153314656415,84.11291419241648,85.61432799982165,34.67907751260567,28.053392940263887,0,2,10.2
T0289,0,47.49875389061223,46.855213781148386,39.28156006708913,38.44220134218643,39.16250579124153,38.06326955579826,0.00715444775904413,0.020174866478130438,26.121031517507653,87.05030918626375,88.68036022551806,31.921863328595776,27.99056509590006,0,2,10.2
T0289,0,54.65080812208165,52.553733035904514,62.1874040952762,60.92059853110254,43.1341580359187,41.308336816277254,0.030574186792971414,0.02734846459620933,24.575733277430768,92.61269425905759,89.77764776383181,35.00748582923376,29.5327786386667,0,2,10.2
T0289,0,61.18623674150129,54.188915073246044,74.69825066998666,70.1830901721193,75.17493866239094,72.09237435839941,0.07944182349676158,0.019893839505814085,27.83484057053299,85.6410058492369,83.94216720060469,30.704274138220153,30.249707674364004,0,2,10.2
T0290,2,66.5749308525151,23.98490244261506,31.008259705371987,16.090266289047722,74.43474544046484,28.438119945963926,1.4307241600259293,1.3606943119684962,30.46415343937231,72.55335864574374,75.55335864574374,32.357168947820306,25.777297025955956,1,2,16.7
T0290,2,59.170763355623635,38.38981015500215,57.299317080964165,39.14216733820385,50.56323234433663,32.20344536481891,0.49194500413958453,0.5658952647008305,29.32949142643688,94.67036761605775,89.15306918956063,34.15255463476081,29.097388378688304,1,2,16.7
T0290,2,38.043016275386115,30.712248543142735,32.508220696583514,25.332531570977622,22.318898260719358,17.396344607240845,0.1606861271514216,0.08317117253407226,29.428395310297063,70.3498882301824,71.09169668125658,35.988983828057385,26.74540022357198,1,2,16.7
T0290,2,52.0970059448907,41.31683102321057,40.50141418726243,31.700137072417668,22.43186353142592,17.207662449227808,0.2724266903248667,0.32295092967622746,31.30297694931035,88.49412309791337,89.20253443407223,35.03709875428833,27.6255112025148,1,2,16.7
T0290,2,52.31153448302679,44.26543603970507,33.27644822899721,28.01348705341403,54.12872389330167,42.847504360244216,0.1587701109079554,0.26284077057180827,26.291990194951858,95.02841983828554,85.58800107621227,33.46366416664935,28.144792989268517,1,2,16.7
T0290,2,64.77834765120362,45.58966546004746,44.312505729305585,32.64532822611828,45.563841070787824,33.02970924027601,0.4514302029699486,0.4167202671819152,31.259126788135767,78.1973499066567,71.74421067570029,42.86726883683869,27.100150529170776,1,2,16.7
T0290,2,63.90938336362825,41.862356304085154,32.6285644004993,22.8965776496137,21.537116665979546,13.66970960120842,0.353291588461512,0.34195494476684607,24.943613073447914,88.90685762975086,82.9970502465467,27.167250288788583,29.91292909987859,1,2,16.7
T0290,2,60.95173455057549,41.55039686034714,64.60500318353951,47.24561105518224,36.03056039879049,24.743701173491367,0.5719385943459903,0.3036377800143451,26.014610340445806,76.29057809260173,71.80358817491413,29.01354381439569,29.18701945654846,1,2,16.7
T0291,0,28.993230660456263,25.345900479671513,55.46040470637491,51.40187822212739,24.171745928341828,21.051906237415338,0.09142093602760623,0.0908507927734373,33.44734571098847,90.03498504040442,86.20308137801766,35.843703272226186,27.138210758058708,1,3,10.1
T0291,0,54.887784362819836,49.751246630985186,64.54250390029955,58.59682873013436,22.937313985397605,20.482293861968603,0.046432797138369196,0.06564554938624442,25.396807527551047,81.15038815282217,71.23048976131125,31.338258688385274,26.93098746789417,1,3,10.1
T0291,0,70.01157610158126,65.15217072776323,79.50976618993778,74.82188901767118,73.93607899703173,68.17398609150887,0.03455644017075623,0.045599005648891286,27.562274572284,90.46837320539632,82.98690449891092,26.58950627267428,27.572337929376275,1,3,10.1
T0291,0,53.776920122846114,51.42397118509548,33.74595399213922,31.977235533086798,41.89084746370424,40.193727041664935,0.03330470174006055,0.044683345686079505,25.451128873282787,85.06512604313068,82.1657231018755,26.83616391317315,28.5041341707255,1,3,10.1
T0291,0,49.87084201647311,40.44685943494283,23.494210080221308,19.380633298433036,54.26520325314591,42.03058938734248,0.09552454886105778,0.12221936802206072,30.885069559038616,79.99031203043415,68.50532560814862,39.44191531313045,25.577291096701437,1,3,10.1
T0291,0,68.12399986312121,61.691655691689164,52.98444877261511,52.76716653533516,68.80053250585101,64.22291646836143,0.08059141894268014,0.041932583547995214,25.477403696546236,61.359034504561,63.23684290646171,27.07475591258688,30.308714989593362,1,3,10.1
T0291,0,77.6003494448777,69.7278590195914,38.66935017865089,34.60340292406001,54.5433938916401,46.30935464519414,0.0856907039148873,0.11489690601118532,26.541174745148428,88.05962487888397,83.30057548900407,27.58077319482429,30.44904233442611,1,3,10.1
T0291,0,25.652922982692985,22.914312297197082,46.92871341218924,42.84351501285288,70.46870455570729,63.03803859617398,0.05580712333974627,0.06948493239659183,33.753145305538425,75.44518344020773,69.62300507097031,36.66699664206365,30.44354346615235,1,3,10.1
T0292,3,71.68006227593162,44.82297279965122,39.02890865510834,26.365746335937672,31.79654135363701,19.716356170899353,0.37601324835686195,0.43716661355660164,29.81035924266353,94.80536697347107,90.92852349734869,24.817115650582462,27.83200877948992,3,1,14.7
T0292,3,37.26446077104576,14.515928383144567,51.72321654363692,24.837203347500076,71.97715537959343,30.234556189704197,1.0803058783078638,1.3900705957166475,24.10381468192419,70.94583018700884,66.20820736406232,34.142997437247615,29.971460704653136,3,1,14.7
T0292,3,64.60285722787191,24.29302721194936,52.51549658162043,25.346683647931595,25.605000856341054,10.69813604385257,1.8259063876473112,1.4448521973695507,32.543949883934005,75.33409267340839,72.59103580217001,31.95178787956497,27.489613238490485,3,1,14.7
T0292,3,75.13467491889132,22.60146519162741,50.106956649146476,18.97210966052458,66.59161415996822,21.27628052938484,2.042889161285973,1.844281311957306,25.695004459614296,72.89746569114533,70.79780832317023,32.232676255731036,29.65715341034005,3,1,14.7
T0292,3,78.49104593756897,38.95656486786186,69.52724882609795,36.12269707190028,38.34787341506622,21.238787537408907,1.039045582240828,0.9203413307343046,24.952914953406918,67.34523835594212,61.64050885994098,31.270336263311293,28.04595529633404,3,1,14.7
T0292,3,52.46442646805563,13.565359693253237,25.00420182068616,8.740445219595442,42.499821785970894,11.380024957654209,2.0838074442714243,2.392840117411213,33.1496348625521,81.5761134876453,84.5761134876453,36.56233733163317,26.22620367264063,3,1,14.7
T0292,3,56.89646456460792,24.763787459125112,74.9906679034992,42.18668399902911,20.022378196532543,8.571829654299522,1.0891732130876721,1.1603837028412836,25.908119408569277,89.30254922948072,83.31339901706163,30.142417113292655,27.97009988773461,3,1,14.7
T0292,3,74.93647663837444,35.738434268368636,37.48315461484786,20.783808029201097,31.316625781074,15.665533723342296,1.0198196582545418,1.0392571627902152,24.896361067271034,71.07363643611885,69.41453174222647,33.01245690175559,29.558728545143463,3,1,14.7
T0293,0,30.644467936361632,27.21643433956478,73.56636843279838,68.56592212437151,45.332310682045716,41.01434775819665,0.08030380228601074,0.06865826276026372,24.024460523745873,67.4989554860634,61.848549554186235,34.982689856142976,29.019596491411185,0,2,9.6
T0293,0,25.059980622221026,24.413609256296883,69.3604786008257,67.19825926522363,33.42455527150484,31.74024349078678,0.011444083281146426,0.0285574781424005,26.348452969627253,91.44285724168674,83.7342992828444,38.9984945793874,29.313439849416543,0,2,9.6
T0293,0,36.39419331665626,34.847402246498966,51.75217773899992,48.71945493848182,36.64195848364166,34.838205656059394,0.03274509385266539,0.02527570641092284,31.89285747348932,74.46835274067729,70.41878713855631,34.35856580466788,26.166721121099716,0,2,9.6
T0293,0,67.0659931138523,62.3992493523878,39.66410922730449,36.16706307659182,57.29576667790826,54.438054890330335,0.02795524892077002,0.02273312862883215,25.30644483714368,77.53253277599124,72.64615266788269,31.370741313173152,29.03746420848378,0,2,9.6
T0293,0,24.37654919161482,21.044536941602864,62.463349744374945,56.22871521739393,26.099470922856877,22.85419717611393,0.052218484394284996,0.06674624347578036,25.127758127081353,77.41367590805126,67.13080706620205,30.95214606322474,25.80359019158076,0,2,9.6
T0293,0,78.07796826257335,77.21121107459614,64.75538598917,67.14497688371767,72.1989176467352,68.43184791529536,0.00832036503317146,0.041648404738935885,27.43300308178904,64.85989167313495,66.78467044336259,42.82792952173457,28.419276498327996,0,2,9.6
T0293,0,71.42719855412213,64.5565001356965,54.607591114439316,52.43911850784444,43.124253489057125,40.145119810481404,0.08005820055363319,0.06926873548876374,26.17373677223887,67.02917849000892,70.02917849000892,23.422822685834362,25.82993142923035,0,2,9.6
T0293,0,43.53578973742686,36.593168158085945,59.77717482038651,52.373718389544635,56.22735681314226,49.41046414552258,0.0609256825128809,0.07808000424944544,30.210137669630633,88.93710889826414,77.52056832275892,33.8706563291027,28.94655216853935,0,2,9.6
T0294,2,45.18840483818576,30.63129823607476,21.51903940624981,15.445836681009325,36.1134544862337,25.244094053608492,0.354267302510368,0.262824248850697,24.77938591608726,73.34044234692969,68.21696672750946,25.088012264431043,28.393783991046565,1,2,18.1
T0294,2,23.780052513487263,18.555172834221256,57.212621581487845,41.841022109457604,77.51254386460799,56.86739788713177,0.25752275688639015,0.2907004876564582,33.62696143995143,75.3604210633532,68.85420348778689,39.5079534400987,29.22728354355459,1,2,18.1
T0294,2,77.37694478462525,56.05809991114172,74.4515417469677,57.16008994554898,25.276081320161964,18.92327603440588,0.29952233212879675,0.23727090972787332,25.35333179517003,90.94686096504581,89.95466663675465,23.58712165134337,28.066825978753812,1,2,18.1
T0294,2,75.43595852480578,50.40837544878045,43.934279992923535,31.400045775426758,34.56228509465316,22.624196277899355,0.2897287686999522,0.42724887364878295,32.57126321756987,76.37821826133641,71.80408752119695,31.31777898755178,27.548110739775378,1,2,18.1
T0294,2,20.83853698160077,13.768996821162585,53.890094069616225,38.16711235802007,72.72722109820447,48.842030225520766,0.43263900317380527,0.3626493522233489,25.862960934488573,66.67912633971137,60.55140060207701,37.12018283301144,25.527707075635313,1,2,18.1
T0294,2,30.499887829677238,21.941729642839675,45.086476656455105,30.298103919551846,55.9986541200997,38.56313786670219,0.28658134456485884,0.31137710688173953,27.486085599604774,68.20110152106132,63.904990832943014,32.65622297987626,27.02117353433912,1,2,18.1
T0294,2,62.890301717438334,44.832893940729974,32.43587735917355,24.639937083701156,29.240631804348432,20.504143102347253,0.30052701410642974,0.2827637383344422,25.401923746311482,94.9966333826198,91.1882613693087,31.24543192910301,28.182791738488092,1,2,18.1
T0294,2,79.4886627867456,61.05238661166422,55.53382139259853,43.19421857923263,35.564867865538275,25.026472441206487,0.25591386321698173,0.45543068815394017,26.956071045854774,76.60797386014303,73.11461021222604,29.817290978069217,28.75162994184408,1,2,18.1
T0295,3,22.049971645543245,13.926335978409963,48.12635030758746,31.503144065773316,46.3656701456396,27.490247845347756,0.4860049387545786,0.5222192822108649,33.93772588650124,78.54664228394371,75.22002712723912,42.89752950425131,25.785951316068854,2,2,18.9
T0295,3,63.750435465887755,30.537338659767723,75.93835698527138,44.411972679421595,31.222653618818534,15.667042612836768,1.4215040194206843,1.1157595703914502,24.607674272156935,83.7505740605142,83.4857139988928,32.60640216762853,30.413371728665563,2,2,18.9
T0295,3,78.08440745871839,37.88530223886088,47.03470821838361,27.75694111031776,75.99506660335683,39.409341156735145,1.082487890678966,0.797695002498921,33.03236290440961,88.23612052284929,86.11589377249503,29.443639297791293,27.29264078860909,2,2,18.9
T0295,3,32.49706777866521,16.756399854497808,43.83705718141179,26.865695226553477,27.085037887881484,15.22288043730937,0.8977445823047151,0.7747613547591833,33.898719515717794,89.79295627136807,82.39492324472663,36.58610458590255,26.33060892138343,2,2,18.9
T0295,3,34.236816076920825,18.961284067829293,42.01814539759947,26.34212825794909,29.19853038476867,17.230017485424323,0.8488647350901847,0.6560048735897237,29.213082515720934,80.33376138030513,71.08782920584052,37.01084156133643,26.47197184324165,2,2,18.9
T0295,3,25.437452368150794,17.971921999891418,32.222582932462416,23.123818975511004,53.09907808221717,32.77055261095128,0.33557177857245324,0.49831804253583045,29.647991517785883,88.95947443232268,85.49191153318941,35.623331555746134,29.72915533134808,2,2,18.9
T0295,3,37.17096409698855,25.41250789279321,64.80872024259617,41.6221088345978,53.50154191199247,33.793161968784425,0.39278302614301247,0.40240992537893294,28.29485134986136,68.5252048995039,65.9120619377691,34.91115306878647,25.777123014888094,2,2,18.9
T0295,3,72.9312486283064,43.41839810844071,45.814317202730294,30.180163561870398,55.72026485318893,36.800875799252616,0.7299626862092976,0.42579701572192724,26.929438734056927,76.01574502496597,78.46696414211073,31.388355127991893,27.985994183664264,2,2,18.9
T0296,3,65.69334754178965,36.97179846820476,57.320821522879534,34.44873027802124,33.057088081558604,18.915344195637612,0.9990549094102942,0.804097903229995,31.33841983664185,80.06922349897077,77.52395924515113,40.84094400665248,27.04665756653022,4,2,22.2
T0296,3,31.556777329438024,12.798650064574483,56.20627977434572,25.714122450775154,72.69914506733936,32.33111069494318,1.3436537231450651,0.9258511501311402,27.303887119148406,93.32309357650198,84.59528935172051,32.91515864010902,27.857070123645517,4,2,22.2
T0296,3,72.0434480870066,25.70411515017356,62.85511107092247,31.498882750894953,28.722453663610217,11.903698006855047,1.7036351727064503,1.4107644753174424,27.82396504599879,69.26237270614196,67.30738189115254,45.33406031674079,26.48588158740414,4,2,22.2
T0296,3,67.30870302216383,19.184991147229987,54.533725118748265,26.102236620004458,41.94928510612125,13.148632747846687,3.2253438846215308,3.0168984722457317,33.6482118209297,92.85359601854896,88.54660966715619,42.56784150117659,30.37704256952174,4,2,22.2
T0296,3,44.14042832875084,17.328250448724884,52.647468332751224,26.729156994763766,22.942404087133525,8.322510756533235,1.4794132511248683,1.4721247653606657,24.495334050430426,76.20037706432744,72.07255274613871,26.770034565932527,28.27977543566502,4,2,22.2
T0296,3,74.14712313701902,27.687810429452238,73.09626082706345,30.197729570711857,71.80737653763443,25.285233291199287,1.4820269096068637,1.676723565069236,33.51146196460986,84.45101262821467,78.67188899083412,40.12098284721692,27.211964662685112,4,2,22.2
T0296,3,40.87336052451191,22.69587958225016,22.060447723556255,13.826287209690324,44.98155884666451,26.753038216457647,0.7126002784507419,0.4867523460536357,28.315929939184425,61.27058882655116,62.55680733841653,26.011703111382754,28.638314148918077,4,2,22.2
T0296,3,43.943011298116964,24.056158378848775,33.26113651636569,19.50585951161575,66.69690958969544,31.83851365194724,0.6602330181836658,0.8298702682250699,26.238135085545206,82.2720315927931,79.0744993837003,40.8096235930932,28.854856733131697,4,2,22.2
T0297,2,59.22060553481146,45.38906033330921,79.95315325713209,58.93063582467191,71.89626223714012,53.36989269703414,0.26803424617313354,0.22797981213028198,31.887314549252352,91.47710076289424,85.31447804786555,39.38329775743144,27.210922548766504,2,3,17.0
T0297,2,56.54828436404735,38.47581168889034,43.054738293857866,28.431628724383696,30.497685185621982,19.1983331100231,0.5133862908812307,0.6936989338384033,27.16239656244264,93.41147017638876,91.73235571629708,32.68792012801566,29.72570804258126,2,3,17.0
T0297,2,66.34620263036467,55.22182989110792,33.65742733729906,24.636326742514125,64.3633427655621,50.85307346066938,0.17262835245849384,0.17751216235968062,26.007242873494036,77.0198514913204,69.96694362097918,41.55628478168308,28.135417528908746,2,3,17.0
T0297,2,33.6528807605312,24.36710603460478,51.300188089407996,42.367585348702825,31.828196298801608,24.36399669491062,0.25227212936781024,0.1639182035932318,28.318789403909662,93.61836517096752,90.91721737362278,32.011413449632215,27.553470282748084,2,3,17.0
T0297,2,51.39749521649639,41.26446360150048,24.920652486135275,19.16812434925308,29.635103959615154,22.862554580859765,0.16192467338562408,0.13540301439712588,28.740317796966416,85.36622904254425,85.92174518148582,31.746992332171025,30.05744264037952,2,3,17.0
T0297,2,21.55807183002451,13.18558674266442,28.161290317071582,20.509979913867245,63.753760486859974,39.08074249545362,0.4520043479808658,0.3237608991221384,24.450204402203706,80.30649906776644,74.73573830913489,32.58775469052131,27.293910263826355,2,3,17.0
T0297,2,22.530334678010433,16.970506826913724,32.40663490484052,22.367163543713875,78.12898884049196,59.51188383730377,0.23644657323823173,0.2103174888029866,31.55118138202849,91.47090847497925,80.60245406102247,27.363325422263294,27.79381549353357,2,3,17.0
T0297,2,78.73104022090092,49.54752141529325,48.98234294548372,35.89575994843122,56.04946983144407,37.72182284371605,0.35841697644010817,0.3313827899497709,31.568476026976892,81.86176160207553,78.49882776826703,33.10394150261943,29.727166702086777,2,3,17.0
T0298,2,60.43391449412853,32.62474437703799,60.218249185159365,38.83055739756862,55.562441448795,29.198305651413932,0.8024870898299813,0.7023987727542179,27.76785684188006,83.32163881077373,76.25894570663078,34.27836594059425,28.79506045305962,2,3,11.2
T0298,2,39.813581578487714,23.754442452132682,66.15111338406697,45.65734781217663,34.872058300454654,20.119618226112294,0.4010404632533441,0.3814611267798329,29.38481126828847,75.4648835908735,75.06314081825349,36.06812732222495,27.99654769124495,2,3,11.2
T0298,2,53.07633977673011,35.87669784223339,34.994821561908,26.810274961038257,56.21454441093283,40.00172071730524,0.4595421505243814,0.24154852426997978,27.4862256519926,73.14731304695005,73.92920918226652,30.73194964136491,30.133237766270096,2,3,11.2
T0298,2,78.17453538631688,53.08344898932863,69.42851138615924,42.48835431920626,69.08258022549363,45.08016470262324,0.5962506885712537,0.5218156144231845,32.833705367719716,92.45333264373545,85.89456975010512,39.92399002690604,28.383233200888416,2,3,11.2
T0298,2,61.8953102772969,44.420498241281784,69.6792494086335,49.497820392917966,68.96165840714453,50.06872564413161,0.2879793529772788,0.2929737551943852,33.72703026746984,81.83831101071794,74.36706831725019,26.080265009926233,26.204419863667784,2,3,11.2
T0298,2,66.84329663307636,33.21075272427134,22.965197132667363,14.5900438531701,44.140848040558794,23.929302391059938,0.7569309772187828,0.6185915349049615,30.983573485137875,92.09520498314517,84.29933221891181,34.57318376171246,25.587152757488546,2,3,11.2
T0298,2,55.57829710266217,32.69722530504464,51.22767039929643,35.0349621773101,34.91384519808263,22.00938586466321,0.6974606401359662,0.5969068437848859,25.19626437404302,79.61029707882463,67.72634242414279,30.731714481804413,28.844968898950388,2,3,11.2
T0298,2,56.85608805728894,49.553742979894,76.94415431383953,64.07210122934514,56.3589671416106,45.6282441180162,0.10412493033066587,0.20101902596115,28.617890617719173,66.56341522372084,60.04715896482125,28.243519987483502,26.56691981791625,2,3,11.2
T0299,1,35.89578898385257,30.200253056422213,71.79022516501723,60.69576360708372,53.369917571256174,45.4152652035341,0.0982041048495855,0.12315788158075198,33.99750039940218,74.36194482508117,65.37169006609258,24.152176048959348,28.778128842694663,0,2,20.1
T0299,1,61.08540326182507,33.71885812405297,22.27894659350672,15.469318908487057,58.62858481274604,35.07390892382351,0.4810339854827741,0.5250636479307096,28.35905737810964,85.16338050868208,88.16338050868208,26.62021242406429,26.9117216736653,0,2,20.1
T0299,1,68.81053544723511,48.04368118349753,51.470235748505075,40.06670828593212,78.69747909512074,56.19151197151926,0.31771354685052305,0.2776696283787281,24.824489499089793,76.16517505565007,71.46354029628728,36.75077034563965,30.49731604795102,0,2,20.1
T0299,1,70.11961303961188,54.941501750513005,64.71363430152432,51.03170914256702,63.23069777093651,51.15352064050432,0.16932562546546157,0.12353814084620598,26.624082159785928,73.770401393251,72.24952679547687,39.04622270722503,29.844748715736603,0,2,20.1
T0299,1,40.56697511627549,29.18518531667205,57.26879196535114,47.43369224497526,23.438829525196926,17.416746543498355,0.466890026439948,0.2905817865046742,25.591983175409133,81.69293561174094,79.14805290304497,31.22590068625454,29.878753324804805,0,2,20.1
T0299,1,50.60565401832208,29.17516263394789,57.09970089911936,40.60699038307275,60.06056611092789,34.30847332070799,0.6321517236229895,0.61092721631852,28.17453061084123,64.68418001614896,63.71653945487787,28.238441565313856,29.405607934021965,0,2,20.1
T0299,1,50.60389614746687,45.26098543446949,44.19652845482764,39.01705940917353,73.78260438880959,62.69547273352558,0.06462401847343706,0.07631684861311931,32.67999878847363,95.10149250299558,89.26155211833682,38.15567732544722,28.5919987309852,0,2,20.1
T0299,1,50.812957807554874,26.64134830731631,56.964515163315006,35.3624873782329,71.92183599058352,43.256481512851764,0.7289861302698017,0.42062278511907725,26.125960911212562,79.10091693819398,72.8871688201682,29.38308346769258,26.259781842663916,0,2,20.1
T0300,2,67.12077521679137,57.26613549508515,34.69236804313738,28.612261768571457,35.55207303285152,27.806206626526425,0.11118225695595567,0.18622136639806006,32.92127414237704,73.77672143724297,71.17493713547542,31.22005531537545,29.708578455150736,2,3,10.2
T0300,2,77.28458049874305,64.7942575903259,68.62519916904665,54.55588435829019,48.056527463247576,37.30438633145124,0.10895876193614645,0.17820911968366976,28.974216139301532,69.42907335221054,63.97555076465764,36.42906365473294,28.66122874849243,2,3,10.2
T0300,2,42.727759449050964,29.89513468658493,63.53330620522382,46.01045082309733,68.89838587114122,45.001110228058415,0.37011787248302924,0.7282706016037473,25.41078557821601,84.14489663183954,82.26283158606549,38.98373938567563,28.853022118530514,2,3,10.2
T0300,2,43.88880979278739,21.224946673233955,39.685320741197344,23.421933464700366,71.23260382498731,43.61998199888884,0.825447571996842,0.35873514360756786,29.697955380470706,77.33581446115123,74.87231902182626,36.224252569986355,29.565492518811606,2,3,10.2
T0300,2,53.58368810407278,38.135165202496765,45.04247442527053,33.89130015697031,61.216985006032175,43.27456714516988,0.3141259957199553,0.19687792065677043,28.792416352821782,78.53871726641255,78.34488211423991,25.322955899250225,25.510107124048165,2,3,10.2
T0300,2,75.59986468337061,50.69211655762592,69.07941857228184,53.430596562333776,29.142870723140888,19.304552560024728,0.35442037502292945,0.2818339375150229,31.884894634377254,67.11076371432726,64.28280731867787,32.91230663654344,27.029054228395246,2,3,10.2
T0300,2,40.40196067846112,25.859288043090366,71.53303555387356,46.74463714241328,35.18539665292977,25.076813738945965,0.34848733753479927,0.24404590464435325,33.74745978692396,74.54067238424135,67.39070118175911,30.55746907184459,26.8023435671015,2,3,10.2
T0300,2,29.271389271609337,21.13277595449497,38.43442008757448,28.635548863497185,28.747479721678857,19.168904534546805,0.26995312323079257,0.31946391553855186,33.14211483988229,66.91932119828698,67.24836327086749,41.30674680496401,26.532974579362225,2,3,10.2
T0301,0,29.772242521606422,29.440458045263625,48.35716739417042,49.60634082924102,66.82592961652081,64.62843307692829,0.005524906948450156,0.012603378668758176,28.49190431011984,84.03613811955508,83.34432279812032,36.613221433089784,27.09506724602716,1,2,21.0
T0301,0,32.26619112344679,30.134265101490318,61.01043371542321,59.134431250503475,35.1713726372925,32.79395442185531,0.03640281624894064,0.036244199147038206,25.825583806720502,69.32257502570877,69.50800845412988,30.77835960404237,30.322701160893246,1,2,21.0
T0301,0,58.96549043769969,57.075812442490815,20.010717967997987,19.722583668410856,72.28669361206752,70.71810295578781,0.02052206348535741,0.010705863800970166,26.14459158518313,69.28209046115333,67.6348324408147,29.78495339822755,26.704112394588442,1,2,21.0
T0301,0,40.69623641959162,37.68297258023455,20.060560195740408,19.707562604864435,39.251052065462176,36.605437078441774,0.07142227746415489,0.04600717399100149,31.852489514873014,60.795238371546894,61.81027055376285,36.92800239363082,30.35794207878436,1,2,21.0
T0301,0,69.72684829689646,66.55045178473442,28.558084337558576,27.48082366141596,76.58384633113265,74.4699081790136,0.0196143849806665,0.013820135437841267,31.56865672374467,95.57996652162436,89.73811866350442,30.757613198780554,25.686257064257482,1,2,21.0
T0301,0,24.673299357122996,23.594579919549822,43.923010256600634,43.25782691936223,75.98501469575703,72.31351351100136,0.034016650835199655,0.033190126397798156,31.352430158397574,85.75841996349438,82.40177557520715,21.387325258976613,27.96763543732498,1,2,21.0
T0301,0,23.880639769760133,23.18668931618439,64.08970746179408,62.587277106891975,43.123447903536615,41.93844147432094,0.015414766510841654,0.014143909741495478,29.3823781125865,67.33410826309702,63.63057498292942,29.11199874238634,28.113306478991408,1,2,21.0
T0301,0,49.56372011537641,45.48384786310251,59.68764966174885,56.99085536683375,29.941735042431354,28.79494772291945,0.045104162115094056,0.019993179712429466,26.567499212106206,93.81192733387445,91.98036162697932,39.21009393685598,26.050991477246484,1,2,21.0
T0302,1,49.69596852905168,40.77982291285323,48.847692420950494,41.601455513194274,50.25469111807417,40.23697391000599,0.1350642366441767,0.1607878136108149,28.311444558840115,63.69268808137572,61.39632356992374,24.83751396105751,26.354345825613024,0,2,15.3
T0302,1,73.57862140066229,64.18085018332067,24.530520253777294,21.315616295973324,38.804043325072016,34.636360959132595,0.0953843219750431,0.08041235840110994,26.218515248565808,67.81642986830643,69.92909890629763,36.81038550795604,28.537440681192077,0,2,15.3
T0302,1,51.08979306754549,41.64142115536318,79.85592411677484,67.64712276681898,48.95857826248324,41.22127513410452,0.19663554219145785,0.1214755218584468,32.441653600107756,84.26267818679892,72.79806564682808,29.143978885336242,25.693367187630198,0,2,15.3
T0302,1,40.544700695721005,35.42742140412911,76.03709935727994,68.76627435689097,29.778377747471843,25.571861899901172,0.11284299414103022,0.10488133594773065,29.146042745195025,91.89058684371776,89.43787439554805,35.687807189102195,26.665021311908543,0,2,15.3
T0302,1,65.9035102784942,57.534776587978484,52.59652379162917,47.314631844761955,37.468226484134135,33.724970549637106,0.07464081313017468,0.061413344658027225,24.709919173200447,74.35280764923085,69.90914591364357,26.374544898820055,28.732962586413272,0,2,15.3
T0302,1,52.25662275425074,48.168563723142576,24.40150547305359,21.3759489020381,78.4203146341654,71.95258469280141,0.048588031306001686,0.05185218818662651,32.37287742457958,65.1707247242344,62.8593253957627,34.20315185502238,26.928965505246524,0,2,15.3
T0302,1,70.21809259442978,62.6881646474673,71.86718459690351,63.820002460739985,30.157454898763884,27.38563874810056,0.0975070663886344,0.08129707869861959,29.436679188956138,83.36949385076664,78.15782782620084,35.12465443447388,26.841280914839544,0,2,15.3
T0302,1,72.52133898799107,64.55081430292937,20.313650357981253,17.812332741983354,22.914326554990502,20.827054246412416,0.11575800292557811,0.12790324459476798,33.08542437971488,78.52133570642425,69.8756387824988,44.317216584200395,29.51483643086588,0,2,15.3
T0303,1,22.624756514460447,14.722340578357686,68.82887423892268,56.808457914614216,21.207572171482234,14.550043597089935,0.3849777887279216,0.31783278916869445,31.250532636647293,65.41404920083104,60.498697894107565,43.389697318670386,28.707464185953306,0,2,17.8
T0303,1,31.543060017129754,28.23554664842951,46.3335073211972,40.54832189741487,22.519896242693182,19.794426125889157,0.1045100096803977,0.11195705248197434,29.647059167685924,66.6586246378694,60.81170087385205,30.2290292376135,27.905270126695168,0,2,17.8
T0303,1,58.92546196633817,50.34594187220237,46.95973522484732,38.19492712591397,64.26754840251304,53.686547093918406,0.09470417228829735,0.1038361987412808,24.551360842037198,76.14379968079207,70.06060659059234,40.59632933500576,29.78234802050507,0,2,17.8
T0303,1,30.20403349208524,21.277479856649556,39.297011076058155,32.683778137403564,75.57054774091105,57.11426850858025,0.22134582778419815,0.25509288651036444,27.781198197192392,71.44256971947341,64.11553586010825,39.20791086522783,30.448765301057325,0,2,17.8
T0303,1,59.62374725637327,44.13889262580129,61.66855728583584,46.7366553910856,68.21630281845594,49.47579545661294,0.26687566277464797,0.3769849774388017,24.96976684721118,95.82643542674144,81.30613233273041,26.464206928197864,28.362079938266415,0,2,17.8
T0303,1,65.91728324243911,51.66592011768063,52.352515311398186,43.678990041938626,46.26854185806563,38.04020310740799,0.12661332278866974,0.13557055449380684,27.040577632461083,75.98966461794804,72.40217838206567,29.568697431712188,27.625643923560254,0,2,17.8
T0303,1,21.693799316044927,13.157543539585031,20.112740120480822,14.634368543495919,64.3173923706516,40.84234292544157,0.46094480237509355,0.622448889198098,31.611184754752752,85.44166869732585,77.04588536812467,31.541777267051703,29.51519130883545,0,2,17.8
T0303,1,64.3407692050251,52.292241354148715,44.05597458112626,36.592380924423104,20.50678599520512,16.807886246424,0.15747984634335194,0.16598841445618875,30.318832971450398,91.61317955298134,89.01794269912932,32.006408661214195,27.15556101224297,0,2,17.8
T0304,3,25.96944382897842,17.37857249352707,28.634084407703696,20.746764177557903,20.76168409705093,13.021151856876608,0.3961055487944621,0.653071767129713,31.87503771406746,73.3761696041143,71.62272329422973,29.290529287865425,29.6760456000401,3,3,11.1
T0304,3,61.35182673045931,40.7824347967566,22.173340097756476,13.238668145314188,28.366756786208043,14.98156439119125,0.6700027005679813,0.8171870160546929,27.894417205665615,68.5433547546013,67.59636414150299,32.123140608648605,30.446443767089995,3,3,11.1
T0304,3,66.87420480624324,36.39688134980876,23.74284712597091,14.762357851449073,31.44281085239087,16.309687071143145,0.5484842932033752,0.8171660792349089,27.178835327599433,77.18506887827675,77.66019291057242,41.944482577027294,27.178717416819175,3,3,11.1
T0304,3,60.0451499572653,42.215328746395116,38.355543366412306,28.611447830161392,31.46752077984938,20.68794055680696,0.2482002541329037,0.2870614782564764,24.270464325969126,88.37796994086561,87.7913012977769,39.280895646786036,28.48972273159549,3,3,11.1
T0304,3,61.524142930135646,37.24547706374749,34.130758455161434,18.987222155353393,30.756833383976524,17.893145612457385,0.6634241009066112,0.5021896814466115,24.965473197522975,92.82650042508651,83.99019651966867,40.999887164668024,25.8065067625533,3,3,11.1
T0304,3,32.10523057244761,21.05709964919209,43.81785346800092,27.99926197043915,33.53255572161919,20.80391665638787,0.22232091432499262,0.3706265082146638,30.035159640113704,70.15220383631072,66.34578223156792,38.43701513235493,27.61937389677524,3,3,11.1
T0304,3,46.757010636337625,33.7855127582947,20.30063279268244,13.31354495329469,53.96962950093604,36.3426526263882,0.3165727498377746,0.43742096702854016,31.44806210098409,82.78154676720365,74.18840450879645,25.993017180568188,26.702777312019663,3,3,11.1
T0304,3,27.10508656402922,14.716949236210938,72.24410622954036,43.00186522079031,64.6025456762767,36.87369393032295,0.6436308161650777,0.7815757900914564,28.49989072305669,92.96814290515111,87.541100435227,31.83543429810469,30.24472077461651,3,3,11.1
T0305,1,57.80590620216041,39.33274556714706,23.39620052732488,18.10746415634253,43.17867535354364,30.804075656361604,0.4985304505049726,0.27944830963451456,25.69088385678491,70.54326420267077,68.16335398033031,37.10642125776517,28.96175576648966,0,3,9.8
T0305,1,51.664539086384025,45.59261455717832,72.25888755731258,65.50903315887426,58.62195869117236,48.86851068462805,0.08598228221018622,0.11836227193482222,29.745346958470545,88.69619827508865,84.35559869812263,34.72328779941975,30.32729540672579,0,3,9.8
T0305,1,67.74890132875458,53.92731100581001,58.87116393055429,49.03050203560919,39.18287264040651,33.391738284834446,0.13170892227783348,0.10624356639366334,31.659330872795675,71.19642726726266,68.1770717811965,41.24874274760676,26.637841247747108,0,3,9.8
T0305,1,23.594933140121316,20.787656345983425,26.55599654846073,24.01243858527226,74.37586884434013,64.71181521244078,0.07902485044507448,0.08767487750821594,27.435012244143486,69.16838992288571,65.50875133375294,35.86763836020762,27.122075676236427,0,3,9.8
T0305,1,76.74451876964748,68.47899037603688,47.295505571134434,42.97067374905044,40.28609677060329,35.6600305085298,0.06620388999004992,0.0812695800392734,25.661526324428213,64.28350210106223,62.07574881830713,28.489936312848936,25.66513929454139,0,3,9.8
T0305,1,72.69357597178261,56.73730955603309,33.231203435139946,27.427817972062783,75.4185243449613,59.38225504142032,0.1405853751164827,0.1458348028164554,29.802319670075157,95.5785565591697,91.71228951598064,36.519787379448935,27.28584848146234,0,3,9.8
T0305,1,74.08778130709027,62.18119698435558,55.441575805210086,45.296792767261564,53.48693630757645,45.49283977377487,0.0921795663872183,0.13178020652600272,33.46666321547224,69.8051334832206,60.74509046034954,27.627001135450783,29.198497702511407,0,3,9.8
T0305,1,53.20888728723192,46.169331819875936,37.28669341296364,33.7715716345803,34.646657526387024,30.200119692389,0.09685254213628679,0.07963675276129431,32.09321847848389,59.932214410996494,62.554363262040226,35.2520196472716,27.90433351398035,0,3,9.8
T0306,0,51.28555970826167,48.54436472127149,45.45921132126319,42.96891603865186,75.03355331559143,71.20049093394074,0.037041929567253606,0.03421115426210105,28.954936663532337,79.00295649500862,68.72540112968336,38.1477778114133,27.828293443726732,0,2,11.0
T0306,0,59.60866885504013,51.91898267635586,79.83750128495322,67.03915069303162,21.656321581185065,18.255078293887685,0.08699194008884285,0.1177404415878092,31.114183049384437,74.24360528668514,61.02354585541897,33.30617433312109,29.774226869475314,0,2,11.0
T0306,0,40.53554538809557,39.41332385010604,79.23786507868229,77.51003567391854,79.74926414735253,77.17788397359728,0.02804541534388953,0.03538345793539889,31.573932696165752,67.52501862792057,63.35945017116192,26.985810817685564,30.10337502652404,0,2,11.0
T0306,0,63.8483751640556,58.75880091352208,66.14553940258041,62.074430385299415,68.84047695570347,64.52721595667299,0.07350464478693358,0.035046421469656835,32.3448566918446,71.2402539167932,63.92024795731243,36.806296493398385,27.705571386641843,0,2,11.0
T0306,0,45.003061929511915,41.40489473625602,73.10772751717414,65.63294723620412,76.62394006829918,70.63457802651241,0.04641042608308895,0.030808483603843778,24.27264600082466,96.15947699933992,85.91105206182016,37.03556378867311,27.498047830256017,0,2,11.0
T0306,0,21.219167290932106,18.390027213394212,63.53386567896079,56.170984370880106,61.25568548119011,54.24923564248047,0.08340687717054086,0.06686060965790398,26.697995300105305,85.80470544692902,75.7616400071114,28.266524876280364,27.314327907571116,0,2,11.0
T0306,0,52.140119677905496,50.05335625243954,68.27610501298986,67.38543457695718,63.653551945040405,60.15733765726096,0.025898709722568466,0.028290302063931596,26.29539679013832,77.85863862301511,78.93593482779485,32.36650561443169,29.14646848158448,0,2,11.0
T0306,0,63.987238935651185,54.07394199054008,43.82266679370963,39.61123627985957,48.54161020204918,40.787975480682235,0.10884420255201607,0.09265834543611669,30.171472451609908,93.03895158588736,87.59550397275366,38.54220237650361,27.679858649148173,0,2,11.0
T0307,1,50.17203630573293,43.99074526558472,47.97548981513291,38.04779923951392,29.740141992303094,23.674956684599437,0.08073234170811192,0.1567568965374764,29.684002607999588,69.74522579788997,65.37786635363275,24.961565609016134,29.84182881577243,0,3,22.1
T0307,1,57.24334966152044,48.57108907548363,57.63135718223648,39.961798320822325,42.811763464583024,32.32765628764709,0.10275237942722329,0.18984281561299188,24.29405955303302,79.46874704010506,79.49279434983394,33.89953396053637,29.69450169793987,0,3,22.1
T0307,1,71.99887589837134,58.15851320769203,79.45687315677142,66.31318984342725,68.75208838620226,53.283353590331046,0.13227131890138763,0.159604660592624,33.59264197652243,85.89073238034014,87.00332500912845,28.414093199616374,26.456702526010396,0,3,22.1
T0307,1,51.61175684979287,27.92301485833959,64.09320997305616,34.346247726987066,56.08702764619589,29.41910094452948,0.6314496799613482,0.5679277200372953,30.506277194844806,87.43065040394578,79.96071213410987,34.59886306974011,30.012726017632502,0,3,22.1
T0307,1,46.51797911931412,31.165745770576756,27.6690415146731,18.21379198970155,21.497807162892798,14.301789068434045,0.2977022311349139,0.331614261088348,26.715453539392144,86.30038729971882,85.72774249055948,31.682072840812392,25.898445607291677,0,3,22.1
T0307,1,21.4228521694926,17.403851229847977,51.114396104523586,34.06460339803174,69.51869846236642,52.94948945197505,0.12530224664245612,0.20429068878269352,31.89657615095652,82.27590819377103,83.17731675413414,24.83454573779153,29.21890870273363,0,3,22.1
T0307,1,43.340906386856915,32.01403857479057,66.03423667554722,43.812419488198564,51.41672147171623,36.919174723103346,0.1904511806328835,0.1840989842110494,32.89452300744165,89.1714120049177,84.54822941802962,37.75905218945273,28.82362161322376,0,3,22.1
T0307,1,28.617910895583318,17.1682903193444,62.63824621192893,35.41440236067525,54.79575117719063,30.101825061904087,0.48196710967595463,0.41936951653499094,30.02775807634158,68.26865246396216,65.48283786783944,37.495563822379495,27.377171220050148,0,3,22.1
T0308,0,22.75080023779664,20.877250159322013,76.40414631360866,72.86857174304222,63.84613200003684,57.799139296161734,0.045473470109666174,0.049290836322483815,31.22042088556611,90.4986453917214,86.96468570958001,33.03977538824374,26.505267616739488,0,2,12.4
T0308,0,74.8658308920468,69.12252056459862,61.830908226622434,55.0876819100786,30.547505754333535,28.504102059016567,0.04822900567566434,0.04764261372751743,24.212609611898984,84.20634786631246,74.63054637209308,36.51827628834799,25.789885746242497,0,2,12.4
T0308,0,65.91149216874823,62.504921306489514,39.15632719629125,37.96586999383281,78.95828613151306,78.35888699665013,0.03587448598891405,0.0047051497214548625,25.278531716891774,75.47747158313113,76.642252897761,32.7573147313881,28.557824654296745,0,2,12.4
T0308,0,33.18658178118013,30.6046490369132,43.328340964283726,40.18382351399513,69.65505201087078,67.60704530165728,0.04467424432637669,0.01822992079072143,25.784059998757513,74.48966310776598,62.488423502732516,28.05234105826287,27.795261626497755,0,2,12.4
T0308,0,77.49062928493626,72.51955513937317,72.4943340166484,72.27094897155403,20.802586911085644,20.0752102772799,0.03589695225067091,0.02392579549077198,29.825001670676112,68.75954727576764,66.06068100436428,27.15461474512511,26.21080510539456,0,2,12.4
T0308,0,33.38569299277248,30.716974145857908,44.47003763965249,40.464103568258565,35.99172073324442,34.02125830137481,0.08180436387451864,0.037992831988112215,32.359518117456936,88.17536087652536,81.13208546765031,35.1307218251683,25.86910815897275,0,2,12.4
T0308,0,65.75863810757835,61.99799766968346,25.669183920747727,24.304875301053812,79.58328439781597,77.73075484689643,0.038840264587645036,0.02296473709457028,28.77791172479074,87.83339397677777,82.14748413852011,37.77337536113813,29.920916953911444,0,2,12.4
T0308,0,44.58956505886364,45.862023589690615,42.82047507637138,41.21940783032851,68.73494743679251,66.90871810675081,0.0,0.01945650141846158,24.21982755193006,91.99577872684034,87.3533677286093,42.799713641096346,30.42745203974561,0,2,12.4
T0309,0,44.85373337499745,43.01068402634632,78.07502441377622,77.20471124676772,39.87594641148449,37.18092748278033,0.017739470990868502,0.03705446863866023,29.270196397892,72.22334514840747,73.56727223495795,22.074809537210456,28.03129339736449,0,3,14.2
T0309,0,23.17249377382504,21.224734258159103,64.4807855253506,62.544667424012054,47.26428782010394,42.13330587229197,0.04227308405317914,0.07268610381240533,25.92168103838636,88.6092223545258,83.75893025621578,37.75096584261965,27.93769543991334,0,3,14.2
T0309,0,43.881417669281866,42.08521242859197,56.79601645952639,53.00402516008249,40.97683588727669,38.94929317237262,0.03238195772325671,0.034055011478049776,26.502492627337702,72.51294023300969,66.41664013567672,22.91022930514101,29.13816010504438,0,3,14.2
T0309,0,24.734029229901004,20.394199851882593,76.08133149249744,67.32281767717654,44.34281880203169,38.05097345033446,0.08887688236003013,0.10976057555327515,24.56170011439935,64.85945735021392,61.069357054786856,30.6186245135263,27.40728825587998,0,3,14.2
T0309,0,53.07083129086799,48.21404282116439,59.236761506334865,53.410961777395165,24.56124711374475,22.47289249569831,0.046758015046838804,0.04726578414969889,31.104474835990736,84.1804256080724,81.27392499562721,15.622472623198409,28.397365277335833,0,3,14.2
T0309,0,65.8651039944,60.216652827024696,77.51492197491717,74.18092508386253,35.34299895414524,34.95998170332075,0.035701182457204245,0.004578856929412618,31.357666522583575,77.98570450989885,74.93055989656861,28.689637998039135,26.540837067879053,0,3,14.2
T0309,0,56.09976350494849,52.821256070413284,45.61370037191286,43.12802044680858,60.964294034288756,59.33327220230039,0.03453660090585824,0.010352533995586907,32.85906000513725,75.13648060729477,69.72993471597403,48.80635227082599,26.726187176164345,0,3,14.2
T0309,0,24.944528587765426,22.853641017411253,49.978838391156536,46.198081350990385,71.68072317643863,65.7854877197866,0.045444405251280746,0.039952075010752826,28.092026887633164,83.84922545170465,81.0156316938097,23.566469723088844,28.414643160053412,0,3,14.2
T0310,1,22.59404517095064,16.816719019844395,49.6537390910687,40.52965359439986,27.911849511225455,20.840985484007824,0.25874651468949644,0.24023150152625136,33.3621860711083,80.80301096345218,74.74741661048458,36.890512070989615,30.08728363404898,0,2,17.7
T0310,1,74.86126662170012,57.06941149423056,39.29645756042313,32.67008262478522,27.320328640210246,21.173369221289,0.14047758088154505,0.1718031135211301,25.173592234309652,64.64959338270957,63.515829013828245,26.884957240089285,26.908974065553917,0,2,17.7
T0310,1,21.962062033112144,17.400242950794023,60.424437089661765,51.80201838727975,57.212664092921855,45.452233925922684,0.1492827882440785,0.16787012214969663,31.679868629112427,79.6201867515319,78.09821381610907,24.887527539717386,29.395690776113184,0,2,17.7
T0310,1,32.82618402702071,29.772068363214792,76.15836532947468,66.27360646475839,63.44805608939057,55.04634978971225,0.061429730022815064,0.11188246550656983,30.099173944285134,91.10434147307394,88.07546296842614,32.1595611797021,26.948561453101856,0,2,17.7
T0310,1,79.04367875738399,58.33612779287488,61.28029618367815,49.78292502903759,37.430450757444575,30.451546312623663,0.17561857907953582,0.13922453148475605,29.571220926547575,78.00164050847019,71.39056316105108,36.86058165778593,28.717326190140486,0,2,17.7
T0310,1,67.78493076632145,57.23308438376437,39.9591889233881,33.86796810774865,46.83250456920606,39.94781338278183,0.1024524761639664,0.09664280480336214,26.09390697991447,85.92270046029444,79.73119045180212,34.949761172539546,29.102267012268996,0,2,17.7
T0310,1,33.95642290329104,25.666005610350037,62.74654167230028,54.01878950630928,31.443889122443615,24.947835286454694,0.19472654771412445,0.15970204773785512,25.289733942257577,78.78340691215429,77.22506361628166,28.671181696170144,30.01173127181195,0,2,17.7
T0310,1,29.57964843098619,20.42695763319668,54.14497488570576,38.80278735719444,72.15007287988661,48.79309526469295,0.28792328401102424,0.3475692675307037,25.730086238360492,91.885516725334,87.5168954734612,41.77907934977556,26.08654146243135,0,2,17.7
T0311,0,67.18000446012415,62.51760452636954,44.18176989782332,42.91678850026578,24.9724786195426,23.757960224487686,0.04249820929323472,0.022076560484842557,27.250872228566873,74.78053789401281,71.40536132913545,42.25160701256483,29.807594035035766,0,1,9.2
T0311,0,55.51661591481429,54.27454044930216,60.81578443622523,57.85835373802255,35.45407069916187,33.55644020629904,0.010348017555071875,0.02774836502671476,32.533423441365215,97.53446142663414,90.25072617864492,32.29344375945983,30.353798127881205,0,1,9.2
T0311,0,48.87327634693679,46.00573020928309,40.067586414055086,37.10751126139821,35.439789608856415,31.91054683053697,0.034746908035108624,0.0798692622133494,30.518253207476768,74.32144586897898,62.407128391342525,30.69947679871692,30.040499333560874,0,1,9.2
T0311,0,34.873930011408596,32.01931050647793,57.21324110328591,50.395478583100115,79.89456991697031,68.61331884086697,0.07121162933117514,0.11272230495682255,27.745142121091604,86.74161546803093,76.13069045076188,29.396765520790066,27.392890763692623,0,1,9.2
T0311,0,66.33759750193528,64.08139811297502,74.86608002219899,71.58247290067561,24.513957622761744,22.39468246552509,0.01796550216200924,0.05151743856858167,26.135318149322266,85.69570456152708,85.21823139503624,34.24683567067194,27.031643202942387,0,1,9.2
T0311,0,64.88806195178523,58.04539952664664,37.022693190349905,33.26846640043033,35.739825647672546,31.455658071215524,0.06811025946953807,0.08847746826395024,24.3515159132185,87.19007377429924,81.46622282996803,35.764098626035704,30.263813459724417,0,1,9.2
T0311,0,61.41366818010099,57.05973863515624,51.58030376090915,47.606414426061676,41.13013302868161,39.151589075017185,0.04589348164123361,0.027214573401675036,32.377364887878734,82.82699765791948,74.91882848458692,30.415561728247436,27.806601829172408,0,1,9.2
T0311,0,53.78746436601697,49.18179502045725,58.320868557256915,54.70888903730423,58.6627811646022,55.18343782333938,0.04755133256758406,0.042235700689321025,26.162559783061468,74.91148956177875,70.34149310252711,33.972805570584896,25.97372634554244,0,1,9.2
T0312,0,36.15755968847597,36.276850922762094,62.24466784789457,58.306565717287164,38.06291490984681,36.046226654455474,0.0,0.030232735840954927,29.337474478332318,85.81393871616355,81.11036537300839,31.996056657028657,30.181758616295706,1,2,19.6
T0312,0,33.52695940225122,32.65970278915107,46.434931454627105,43.78145296036972,31.911208129970426,30.60837292645059,0.013628862566277971,0.022679179713102293,25.066349892844652,90.03630820998276,83.0784660398414,26.44204008762498,26.615465893352987,1,2,19.6
T0312,0,47.8286488323011,45.865912363685545,23.566587915961108,24.096426245750706,22.800775135180714,21.178936038656346,0.039171150722009586,0.05732133300983867,24.006438717471596,88.37278047996108,85.32485225823584,30.060653672960918,26.808535733497063,1,2,19.6
T0312,0,57.621052524867444,55.39360036517175,48.62341009617717,47.59405680337366,22.836807921169854,21.820167738970582,0.024738951044309686,0.024422929321801005,32.97008954548242,84.82965302557423,81.36437682133595,31.694724446595202,27.07263694681373,1,2,19.6
T0312,0,25.879649288866773,23.73070554077341,22.467907325329122,21.030857964943795,56.38179979886827,50.67831849148649,0.07369710150978451,0.09242767076860267,27.96287544690278,72.76258095144958,72.10575867347396,22.752509369288227,29.545828238811787,1,2,19.6
T0312,0,52.59078518431822,47.74689812311172,30.538920211087515,27.55467350253766,21.44620392129531,19.34551429363197,0.05617114182010374,0.06324828592705992,27.351784016027164,82.85548823563181,76.4733665682473,35.85568671782919,25.908935263920217,1,2,19.6
T0312,0,42.62710352909884,41.39164697059731,60.67011183074542,58.19353930572201,63.83294326039208,62.00537646904939,0.0155575560939928,0.018934356760285473,31.07586483005842,66.28757489521564,64.2816811509239,27.44497499926707,29.10892414213441,1,2,19.6
T0312,0,26.01892222972259,23.392503161816684,44.671823656102745,40.986609726191595,32.147096462651604,30.223201781763752,0.05256398869337563,0.03564255933256835,24.42503743951104,74.93312483095156,66.22829132439381,39.100391546677706,29.274628577644762,1,2,19.6
T0313,0,39.90122233825264,30.776915563187377,76.75013389450663,66.10069690817929,26.256432266885497,21.792055199518547,0.176944871938589,0.16947899487751159,24.503277888420886,66.01125602540927,63.513163084539805,38.31441399891881,26.48584270767658,0,3,15.3
T0313,0,75.74018205669054,71.24655056790291,34.45349807891644,31.585472776190738,79.26544036301438,70.28340047851314,0.05047224772796332,0.09755636004641667,24.711301431485392,79.66117747587688,76.13961324171721,19.54497444408156,29.360526614361962,0,3,15.3
T0313,0,76.51489798895645,70.1278597394283,52.04323663817477,48.74118544123355,35.939014532933356,33.50801136791811,0.052377538328190844,0.042733275727430464,26.976024644551,70.31778511049826,63.48481346897928,30.356371053834017,26.40917635637994,0,3,15.3
T0313,0,62.76751997196587,59.43584150780913,47.77833574751759,45.1868671824122,77.66173191850906,71.60680152842798,0.03463073010107433,0.048401035956056035,33.94245120946057,90.07159895859527,87.99254424851036,40.69355353364156,28.435216227192548,0,3,15.3
T0313,0,21.413110083415926,20.148356495198357,41.96650159490181,38.952593323853684,57.27289910342956,54.78877705905049,0.028614717837392258,0.02233157446709692,32.34715396358675,86.73535953492677,78.7290263355041,38.32177472763355,28.048879355838704,0,3,15.3
T0313,0,45.53444385676618,40.7013011092771,76.10027642978118,68.23975869920173,49.84822732554666,47.69733597351141,0.061310219370674435,0.02497813220850639,30.808697571071725,99.0,88.26371941258917,35.11836388138962,28.696865008472365,0,3,15.3
T0313,0,51.320126703629015,47.18122538088217,64.00415907417448,61.13351027004803,71.85261059822369,66.03925019613,0.050167347664570455,0.042522216570816514,24.088063665132964,85.86066647632344,83.3566177367009,35.924110633594374,29.67830502412815,0,3,15.3
T0313,0,54.819582871196026,50.36873316825652,78.33272745273476,71.99186439298126,21.805663687558646,20.57118749063897,0.05077238395922933,0.03778229004450428,32.09349454751176,83.46327487844573,80.37293760069079,26.83920791395471,30.12612844811579,0,3,15.3
T0314,0,28.811800457981604,25.752261071522234,34.055259578436775,32.16180144059398,33.578024299474194,30.348667768255016,0.09424392010033829,0.07775572234069655,32.43980833162242,77.50401457123654,69.29561806698823,28.387977931465656,26.449540691591952,0,2,18.0
T0314,0,57.07663887466545,53.80500403942673,46.563074068553036,44.136162575670774,26.141928336840696,24.484576736665577,0.02971981199112765,0.03018814272909455,30.963236415383285,85.11925358743953,80.00947730519678,29.218652535246797,26.484927704690506,0,2,18.0
T0314,0,37.705757267520084,31.31458432299507,29.45806175838846,24.898498315961636,74.90540509622886,59.03013575089443,0.1287637711723342,0.15631461497749438,24.20623795073728,80.37751246259128,75.46931036113087,28.734811267859985,27.22557094181336,0,2,18.0
T0314,0,46.73831453128928,43.61286421800147,40.3328784261458,39.42709529366151,37.83214792135089,37.19052579685882,0.044600076084293235,0.010134426683294534,24.605340932458308,66.41403694596784,65.52802690404752,37.264312572461414,29.622716603176777,0,2,18.0
T0314,0,46.31882132489026,42.272491822660726,65.30792903898075,60.745937562323995,61.63854678791635,60.29951941288645,0.05260107358474483,0.011543558360642941,32.00730755016136,92.93748878995402,85.97322432765401,34.1717141889775,29.214336709413036,0,2,18.0
T0314,0,30.00835463679197,25.656414192126114,42.237188120156105,39.0136662106175,54.569045105561756,47.31978207392771,0.11024492302824464,0.07479322304496692,26.443753471558836,72.35812900986798,69.84245932019948,23.301786992916945,26.38024813632435,0,2,18.0
T0314,0,73.54981283584505,72.60296598544652,53.61761993433413,52.50609297924763,59.64870233816172,57.422082773079225,0.008189061692973666,0.031080132154964007,24.39381149279707,71.31133654229545,72.0653817803298,32.919209516417126,26.749319214437225,0,2,18.0
T0314,0,25.126210776153833,24.654078747126697,33.04936637448738,30.984211007514105,53.499173326819935,50.42186267494353,0.008462637108329826,0.04227250569451374,29.88244392548063,80.56979880889745,78.00057656902894,23.69135440030976,29.547964213950245,0,2,18.0
T0315,0,46.65401762789553,45.32822941863086,75.84774079987689,71.8922752046344,30.053321414157015,29.474446034439715,0.014427265242043442,0.008595212079739118,25.067880589418557,70.62093046968222,65.9893541959311,27.208981007948257,26.836324314488085,0,2,11.5
T0315,0,25.908847831124284,23.6000236271358,54.302913575020256,52.82798067710151,68.66010502539862,64.24065626531356,0.07544519232034363,0.04670543732605745,25.270995080078507,78.15959077128802,73.64065675604098,18.453258927080487,30.04000770147681,0,2,11.5
T0315,0,69.84172352201747,58.01643504043256,20.25745144997165,17.51469741213116,34.237168634901735,28.601577206341926,0.11966477127165147,0.10504025034462726,24.768017759172373,70.15554890842907,66.56841970765898,33.75890552665002,27.731090626051557,0,2,11.5
T0315,0,21.554379207295533,18.99408365086423,53.22362419739343,46.87249163699493,42.79962063760536,39.15963384657473,0.12252150810704729,0.08747441873724338,24.647907236696508,98.71564350088516,90.18720158865756,28.069039950972282,26.676836520433742,0,2,11.5
T0315,0,35.2593064447595,34.1837962099287,79.29911739453698,76.61451638919354,49.68582282932606,45.97002529906354,0.017026659465252073,0.05237823978190677,28.644532226762152,65.38829706745516,61.46822061544267,27.234396223411323,27.541999601767795,0,2,11.5
T0315,0,34.33505726814538,30.855324949250775,66.07320333282522,62.21249150709859,23.895216142144594,22.833817389716476,0.0590437183861029,0.023746173529465123,33.83396403707496,66.69684348607164,64.91478302637967,30.83954765391702,29.005344117570726,0,2,11.5
T0315,0,29.384593335010116,25.198300734177995,20.40018691339313,18.269617381726068,22.029006344490895,19.823744055377826,0.09580259910467408,0.04592368155338053,25.176059561549714,95.21312034007701,91.45263487781368,40.41631374528556,28.574290148691716,0,2,11.5
T0315,0,21.561924528745163,19.427502600492666,68.33604929844145,65.15652304149965,26.44577140522945,23.65862038509168,0.07389119859168031,0.07109254962845005,25.06726342251896,87.75774158936346,82.28834786766687,32.200393331215665,27.980774400196818,0,2,11.5
T0316,0,71.29037397828648,61.537774221916614,26.660535795959554,19.695885587282707,52.39155369883516,40.28555926215925,0.07303919518164936,0.1845616951899677,29.830005004735188,94.87268738062919,87.5784123772432,23.016536009505277,30.488374898417284,0,2,9.6
T0316,0,66.5998439335545,59.67287241974565,32.41381850896315,27.301053392292523,64.51526789990544,54.9745749485042,0.09024847115114533,0.07682356174904703,25.40689230741622,92.34365642352459,91.08926004749499,23.100436488005997,27.73369748989954,0,2,9.6
T0316,0,78.6221664680109,67.57029053167497,55.71662760735684,50.188080625859236,61.648582248508376,52.75136564597895,0.11807857497675699,0.11406008387019198,28.53050014905232,76.01918310313052,70.31544915931721,37.26637736975716,25.6593286387396,0,2,9.6
T0316,0,24.856583054450066,22.600925815393744,23.473580393177595,22.462896388006506,72.87504550257887,68.20268611835841,0.061171716357423175,0.04800158311842885,25.420719985454117,77.52096513453579,74.15784045355448,18.236542149118783,28.523181192829533,0,2,9.6
T0316,0,44.99152086866465,40.8700313300762,35.65498797585609,30.045592167207314,74.10564157145018,63.10826644595579,0.07039912392087201,0.12412128639605705,28.211890513596018,73.52776113033988,60.6735654904773,22.109624068143127,28.123378325316608,0,2,9.6
T0316,0,45.27130360237779,41.83792518441175,67.52578195059036,54.64024387107652,29.512883698278436,24.779852378906806,0.039401795135448614,0.1547535569708904,27.60445932407413,81.81973303574827,72.77325584116277,30.41915177566554,26.782205928816666,0,2,9.6
T0316,0,61.34670403016748,58.07485603653989,73.83456683449383,66.6470074538889,21.724776401130576,19.496448207355783,0.01958258544265647,0.05240922448575079,30.394719347606085,86.3526422894776,77.52894626695534,37.42845667117148,26.748256929341807,0,2,9.6
T0316,0,49.8263338139118,44.073300228137825,74.73732898445564,50.91470278684854,27.72135138558775,20.786377683604876,0.09050095285566771,0.19453625701634486,33.77231818172076,96.02493890018461,89.23222406571084,33.27936103346137,30.07588520214012,0,2,9.6
T0317,2,47.075605314772346,34.4679318917461,72.48936508089275,57.359328315942754,51.39181876549037,34.19344272027954,0.17556887460925588,0.4007181000303144,25.64705244607844,88.32163419099018,82.87730580180671,31.640065323885914,26.805269304822552,2,2,12.9
T0317,2,73.64612759021408,60.48862861982032,78.78806827870025,61.03511999141784,21.714417286274685,16.763088115655826,0.19640959415532933,0.38894301361044653,30.219401539530516,92.98650666145026,85.86198303285175,31.187207827972664,26.675500241579922,2,2,12.9
T0317,2,37.97727371171975,30.243370080466274,51.07284372617782,41.01069104729437,26.942203796451174,20.961726651413926,0.22683239655568777,0.2300959080899494,33.78114255964558,83.12708245378558,73.00417703305892,28.055940454776817,26.181325376866774,2,2,12.9
T0317,2,63.359969619421605,45.31472898860969,22.04944109091209,16.714443071723533,75.26267299269364,55.71247956422816,0.3500310903255299,0.2787687074793797,33.63092572366308,73.86578558623061,70.82524040440799,31.556153810866142,26.393020536507986,2,2,12.9
T0317,2,22.06655902642078,13.000349455564594,40.54574747335144,25.929209986947342,35.82952926625889,21.44448437660195,0.7361675536530161,0.660075684280098,31.41773725335939,90.3524102622731,85.39076193720854,34.714309924321846,29.56709541566498,2,2,12.9
T0317,2,30.799830589305515,20.633772450003114,61.07640405556425,44.68043341348205,68.89902220961545,42.78004426886636,0.46327186284923877,0.6405278938847075,28.562662329247125,68.31658063987051,64.2394684998797,40.14533901027902,27.815382564269804,2,2,12.9
T0317,2,35.33318699855714,25.377925737802332,28.151295947164577,21.37851223320182,68.67312834753501,49.95600334067479,0.2881598519637801,0.2912930351523558,26.005770351572327,70.56766257366047,69.47211380782781,28.919188228180417,29.8311336011777,2,2,12.9
T0317,2,43.891756168544134,28.101958007211714,46.12050843675814,29.78395097274554,23.28150913423397,15.123765048913539,0.3350477751534109,0.3609668625772797,24.910040436790368,70.5982453290031,65.8127621898996,32.91602656336737,30.24166556388743,2,2,12.9
T0318,0,37.6985919605618,37.31369521099503,71.91518166180634,75.00623024839277,23.635870045457906,23.030057613506095,0.004189352090761619,0.012622078242101289,33.159629667946206,70.73990513588024,73.28616390971281,44.12079501651998,26.331998187339813,0,3,6.9
T0318,0,42.64202314700528,39.1560694392042,45.267765412130316,41.11188509324127,28.4277283883193,25.821600849635796,0.052688595732975296,0.04275496971578283,27.817580556620918,98.28171987887559,89.31035300270543,29.503256898024766,26.43761877762759,0,3,6.9
T0318,0,25.91020138619278,25.267041354883506,34.10471959640253,33.37377603946171,72.76198935036328,70.31848621641781,0.011703478712934586,0.013042606074480958,28.959873320104013,65.25260304513488,61.2351687550787,32.25735314750169,26.442603637292148,0,3,6.9
T0318,0,74.55579359278777,70.04661042039645,71.46459619911586,67.60417730434791,52.93430010092446,49.719890707093874,0.0447129819089918,0.044901424043795594,28.73779758452275,86.49911752109797,80.2333724665979,35.18330462207381,26.692531767823343,0,3,6.9
T0318,0,40.09053237134132,38.89975397352716,32.5209915227769,29.61803388037053,46.393451141012946,42.83460393300982,0.018001799790433492,0.055894874393630264,28.415863899404982,88.59805933388952,81.42528986322075,38.308491765460865,30.070477735919674,0,3,6.9
T0318,0,25.512081747098172,24.20104606303121,46.91721725865454,45.697223250512614,48.45808195510149,46.4631165515722,0.02833039969280206,0.02130643230785906,30.923294690691698,62.1559869413218,60.21219890517485,31.816246772034244,27.98664990153383,0,3,6.9
T0318,0,73.35011588942606,69.07619403496972,21.68244730341696,20.183335674679004,46.69196042709187,41.47617321080392,0.057261078731807455,0.09008573445743798,26.465717661845467,77.39578795968646,71.69010040121573,41.10475945156148,26.65023940204283,0,3,6.9
T0318,0,23.981438556813206,22.796544231094074,30.30372726672985,27.28144394876868,40.34542516479937,37.71953790893665,0.03275621810812064,0.05826358308323469,24.984779665755163,94.32322666944285,86.54364138469447,31.47328264640943,26.92582112392806,0,3,6.9
T0319,3,27.5698024096927,11.266472716327382,44.403046721618786,23.371032995532012,61.507364090808274,27.428760232781332,1.491328597954488,0.9125871957531281,27.278583427257033,85.11709342437479,79.50363338795088,21.053312466268757,27.834306138052426,3,2,13.6
T0319,3,76.04421572928891,31.71013304386132,56.370175004685535,26.791211271406304,68.9099276825851,29.301317064757935,1.0049028024463778,1.2491874674299184,25.815038556606332,81.35753804342816,74.0161680735228,32.04308969317154,26.756544770169217,3,2,13.6
T0319,3,52.73202186081317,26.02075192575421,35.66599783669873,20.67739852180391,24.201451308161907,13.150757465599828,0.6356057545830881,0.5940774477173794,29.362284731489957,72.46648605807638,72.95910805790848,39.521503354698034,26.426860753371432,3,2,13.6
T0319,3,67.17950517589566,37.24192287044311,22.115399775282118,12.346758077782006,39.862751274945836,20.375239006961746,0.5791448937271902,0.7771438986574561,33.71238164282642,80.98066202378124,77.01519661170109,34.41353080727167,25.880123146584932,3,2,13.6
T0319,3,40.01624848593816,15.52335926147599,70.9225246869587,35.36142597938615,50.24012465702059,22.438722854295616,1.0583005975084916,0.8790440003000639,33.802606773430924,78.3493749571321,79.20449570355332,37.055072343357295,26.12716941906191,3,2,13.6
T0319,3,76.92551875189251,28.882768223239374,30.211936003593774,13.49030519998269,35.92944691584625,13.322165636469567,1.9243078376762934,2.003696162233709,31.80403241570186,85.10955557758464,79.15038120956181,30.13026252435532,30.474768336641603,3,2,13.6
T0319,3,26.596643164893464,15.638361492030933,59.539601009265105,34.8150241467815,74.07227930171429,38.02813927119255,0.5710818326639966,0.5029497300780587,26.533207339013455,76.46232574438345,74.49327357600801,34.34414932090627,26.0220930144226,3,2,13.6
T0319,3,68.72627888184974,33.132841104337466,23.378021932204835,11.838975399625935,53.37142325426059,27.567210589981055,1.4906225650896239,0.925034226287375,30.605515201761477,91.65626723570139,91.00870120068822,30.912680527875718,25.966481312816093,3,2,13.6
T0320,3,79.89135720532879,35.38315860832717,34.871198771019124,19.982769271938633,50.16415759400178,24.089325018240604,0.8068893669552613,0.7578666905355367,29.15707479153373,85.30155442248885,80.76812194012474,35.13680265543427,29.173884181565008,3,2,17.0
T0320,3,69.02660359533567,29.427776811153908,75.36711104165988,40.27669238731868,45.62609896339617,19.911351267301534,1.3747545226909934,0.9007548036789705,27.482399353029287,64.6941402793716,63.86111859648909,29.890831816683463,27.175332184921942,3,2,17.0
T0320,3,64.71641295377901,32.038300138671154,75.69319348293456,41.499600792716805,69.29489787295142,40.55284366146097,0.8140574969697799,0.7555359284696903,32.77634212429558,83.96341097268717,81.93350794294334,35.165400595378244,30.115765144806343,3,2,17.0
T0320,3,48.81718650753952,27.145094080422485,70.36664348261172,38.549902161400745,79.53984806906652,43.71164149599769,1.187444243304543,1.163636242113317,24.756730473614386,85.69898955638295,83.517785556838,38.160588880511824,27.445912481532364,3,2,17.0
T0320,3,53.703116567498824,29.983186942932,47.668030700377685,29.75456725338364,55.72095925266453,30.784834513442817,0.40627249176577007,0.444787244992442,29.110238271698833,87.75354082275754,79.61987126137988,29.327657410775025,26.929988917319246,3,2,17.0
T0320,3,57.815023710197806,26.021584484477632,59.536960279082784,31.43258300323534,59.57696695919558,26.82293725309109,0.8633557138075116,1.090840584425375,25.212879943670384,68.89145616689021,61.88994812164021,37.29212361320623,27.693914588991884,3,2,17.0
T0320,3,36.456210167987486,16.36065958762654,42.304267046609134,22.832588562106096,55.401385418723486,24.788500687716873,1.0579355343010586,1.1628570192022627,33.7662268676052,93.5206391587425,83.86574130174105,40.87263088840962,28.698745512514243,3,2,17.0
T0320,3,21.058592724656794,9.133978117590557,40.11256518016667,21.133370335046717,51.38402923531015,24.189359255274784,1.2247385731727352,1.20756707517944,25.626017265325423,75.0771974226243,69.23515223841488,30.533776224665402,27.719664496930974,3,2,17.0
T0321,1,32.45256346013353,26.906963507778993,71.09458513155361,59.57650409734439,46.43275683220916,38.29079604839207,0.12275571724489628,0.1657151567969909,26.149323512464527,81.02087470686341,84.02087470686341,30.362394829079008,28.030975451950887,0,2,4.3
T0321,1,74.65442997263887,61.638913847409746,66.14383276187351,54.83257120942492,25.122323096714318,20.256266790386945,0.08297020602789662,0.1181086554588372,25.827344768511367,88.18558845067327,84.03693955860489,27.909153615607806,27.563578712048937,0,2,4.3
T0321,1,58.86398419659908,40.81471726356188,49.74013835496007,37.011434879542406,49.75339202755788,31.740157579882336,0.20580472332573121,0.39774530524026336,27.671195487784157,86.95494840250558,75.88123887853494,23.461348421578712,28.56060660281727,0,2,4.3
T0321,1,59.62212103276802,46.55167447032848,45.280272310556306,38.49143842820899,50.1126741677597,38.50180140800619,0.18875288987150324,0.20648384736812106,32.30609124647404,80.0420633154841,75.98400974710091,34.21740926912207,29.48349125657836,0,2,4.3
T0321,1,43.67855032449482,27.68745016510403,65.34183572724052,48.91693696152311,74.11859675708318,48.307100772381155,0.4376470154488931,0.44565637358227755,30.832489307609322,95.73496730199983,86.26965504889858,36.86503387546594,30.079493620028035,0,2,4.3
T0321,1,63.90114687093618,52.64833620633598,79.48753360627593,69.32738900886147,68.1217134408539,54.45044329437578,0.15718954012311673,0.17994482048907234,28.488328690800053,92.44511890320742,85.46672592105381,29.85523132682377,29.558040800639898,0,2,4.3
T0321,1,33.786762517404895,29.635039685173314,70.14293093563788,58.01024793339134,45.20484715978145,37.72830379985688,0.09688617492160682,0.09862182275762685,29.97186042837335,85.71584389044035,79.18103220951647,46.88040136397539,26.415964618303544,0,2,4.3
T0321,1,41.48145967845977,31.362996167668356,34.37023741263232,27.548639542569923,29.79022354012834,24.512615785960346,0.2672078561796046,0.11943134795620938,26.693192308975522,77.29602494987223,69.60521102952382,38.5957612788971,26.747897858776625,0,2,4.3
T0322,0,33.21964883287022,29.081514522311736,49.83914964047066,45.91255157533336,43.89352954801154,39.052751549573294,0.0840643528474006,0.07732547906217908,31.294228619763423,86.33812447180054,83.64019417316491,28.135339822507405,26.56096873827307,0,2,19.7
T0322,0,24.509603707138645,23.37285187960899,70.7845720882417,68.34664798701262,66.84522854830286,64.43713803362392,0.0340531259479716,0.02565535071407584,32.50174923937041,79.14172018605758,75.52377908035716,30.9491090964969,28.140601153908534,0,2,19.7
T0322,0,20.075703412373546,18.290351150665842,20.94551112535409,19.840729878621293,25.839627490763007,22.94145727835948,0.053938145001915815,0.09517912762160305,25.485201172212424,70.71019997505012,68.23245322827998,30.424723744207856,29.674489038525742,0,2,19.7
T0322,0,71.82467950675543,64.79621562957051,64.98218976824666,58.97918210922521,75.88830028589726,69.10797229467155,0.052478295871089785,0.06976764562837565,27.537043338841148,72.56734655440619,64.28848835462256,45.17297742935622,29.72852508398757,0,2,19.7
T0322,0,60.25913193337425,49.76067668057511,24.220682313083323,22.48055610879432,59.24770906417286,53.28912403829744,0.13399437775508505,0.06092582999595219,33.43004452597948,71.6298746395809,69.20844668658808,27.91184755390438,26.805222249665263,0,2,19.7
T0322,0,41.92499987981974,39.52691234972519,35.11369188708739,33.17241799226225,63.437714877693324,59.01662861748982,0.036894984643608957,0.03600482495400425,24.529774530432178,98.4042492029231,88.549728787988,22.01172346562822,29.54762044362235,0,2,19.7
T0322,0,79.45681389017074,75.0178974159042,36.15769024663887,33.091089375731904,57.3037325499347,53.68050534646765,0.024482014983328745,0.0327123015585855,27.529287596884807,76.30829442830395,67.32429249541701,31.986037817517822,28.578799995531824,0,2,19.7
T0322,0,28.932500408066154,26.777166978869776,52.911810122105365,50.62316838134245,35.01701509486112,31.92808385885269,0.0702236840578135,0.06708811311266606,32.48094982669809,63.00597764965347,61.120217337757076,29.42503288640607,29.78153182952443,0,2,19.7
T0323,1,73.2187422675974,66.02141213872662,70.7201762053593,61.37210826351065,58.02690749257218,51.413614442578435,0.06188742963114748,0.0931807956029261,27.877963657646568,86.01618754343735,79.67345580600073,29.331802255937262,26.663136550447433,0,2,11.6
T0323,1,41.189203190654545,35.258911874860026,20.97009018721607,17.4910909425361,21.9622542804812,18.16210761711473,0.125788582927055,0.12124811545830208,29.13455046730281,78.41720833179687,73.11961209525158,29.458956675941327,29.73560970111848,0,2,11.6
T0323,1,25.001164436736357,20.859903129110318,54.25548336725487,48.75234753957272,52.89637063606346,45.90396083787105,0.15500136547353066,0.10654907233582261,31.736777449718048,81.55023028073317,76.09170923049334,28.535933679420285,27.650948342269196,0,2,11.6
T0323,1,39.32906345622236,34.405703786047965,70.23282375766287,62.30620075510245,45.9320283987438,40.15686288571033,0.1315360102866273,0.16491156115208427,29.42027482719665,70.64984408930452,65.96813278738242,33.263741574899875,28.234076421064294,0,2,11.6
T0323,1,62.1789783090978,51.5926220901437,41.40156719647274,35.37421678356661,69.87675110565081,56.29373871387712,0.11046312852192466,0.17747108272866363,24.5934105927118,74.51112185669291,70.47405923857274,36.42574016496361,26.93542141197583,0,2,11.6
T0323,1,59.96764903940152,53.961758120177485,75.58791990795494,68.32549729503097,64.18693796281657,55.33062412502511,0.06595214920901257,0.10661053988537272,25.839208985882816,77.20410596078163,76.08384551695066,30.178452761464346,29.98979052425748,0,2,11.6
T0323,1,54.30322774012964,48.03520316852285,36.92313999165215,31.696959300864037,28.23501121140401,24.51827086061268,0.08816786653698652,0.10106105250860095,27.515146738629674,97.0388760012502,85.76970316536223,31.024729209466184,26.64794952061514,0,2,11.6
T0323,1,76.1587578163398,64.44375806564952,53.67349221553042,44.93397325253608,50.424799986676064,43.07762153460972,0.16746456920789002,0.12668962337300005,32.53137508847394,73.19025207492795,65.0781728245935,40.384768393557174,29.36728135452162,0,2,11.6
T0324,2,73.63769629480737,62.249785459102625,74.19968039077463,59.14227796555301,45.24101967069234,36.05694545099243,0.12989825981224937,0.1950427315233946,26.92326656344546,79.53232827787686,73.06793987301441,20.809184813877636,28.26210984360738,1,2,15.3
T0324,2,75.4777537839781,53.40339398506116,45.2680513568275,35.93321261498616,31.319287539440783,22.897497188725158,0.3099003151762508,0.24693535875789677,24.901996159007957,76.52104286477153,75.80738503274836,31.7837522716647,28.63479968243096,1,2,15.3
T0324,2,47.06313463267333,35.63611514904959,67.01299318627778,49.24746299665523,54.4576339740811,40.77213953390877,0.22087348364183193,0.20826069366892075,28.406663419756864,68.38039503662898,66.03057272096889,42.275935138640065,30.437469212438153,1,2,15.3
T0324,2,74.52151908325958,52.177656190094304,61.05517946647469,45.66863303369404,79.65755564065151,57.41973932342009,0.3904792866494039,0.3046160413315636,26.788538137175507,84.31024813043099,84.54237173075319,36.8058573965446,26.27167950299641,1,2,15.3
T0324,2,27.1661444010892,19.859720287268843,28.101119613669223,22.31001306311508,47.45666116622443,34.20795207630903,0.28880153290105964,0.2343290103386851,30.335136563379365,96.30214818793537,87.58766857085367,32.29261632225045,27.837377714063294,1,2,15.3
T0324,2,79.19913146923446,56.57644713120016,49.35444528937455,37.857592126812584,50.137224322016664,33.78677807184283,0.4484619018044449,0.5957579065846673,26.469323209169204,73.37469502149305,71.10926120359763,25.89438421739353,27.53652925340107,1,2,15.3
T0324,2,25.099665472654152,19.817528940250185,50.23333764801502,37.410548271820446,65.4868373756096,47.81991378536138,0.20428149361385364,0.2688991055304023,29.676534378658353,70.58178648416418,64.33297870885409,28.775206069531762,27.950076569849845,1,2,15.3
T0324,2,30.994538900382786,26.980658760035038,52.52821847858202,41.39925678135922,24.674674330613506,20.050573078459877,0.10936239633557497,0.1283726626402767,29.723703250816797,64.07722854541237,64.10397527391127,30.494421651414548,26.482247065379884,1,2,15.3
T0325,2,74.20951873042858,55.469481892477354,59.94015205958858,43.630273275287514,77.55704013276558,54.06420461199074,0.2594984771842676,0.42346408487252224,31.395235166656487,99.0,83.23458501314657,35.06272920446461,26.0052807041216,1,2,15.1
T0325,2,73.35046077718877,59.03274082290249,68.4931956129647,52.50142898215666,63.88722293875823,48.30120286646539,0.2433523789270452,0.3950943741463053,30.603911990904336,93.48640077292544,85.64546342233314,26.692816027923627,27.733992490416334,1,2,15.1
T0325,2,26.292187670491273,22.199354451067933,38.781981384984654,29.630503813531035,34.52049300801886,27.953349911802785,0.16135877703106363,0.1987356602641324,24.43775113944621,79.2560370132721,72.87902277674823,38.23414661683393,29.756426344405284,1,2,15.1
T0325,2,42.74797864356279,29.6059307293503,37.04474074396022,26.235582671517818,61.134534402708525,44.2743519813381,0.22155544878732877,0.31610176867124495,26.178752695212072,99.0,89.3450806444889,55.0,27.337453526544646,1,2,15.1
T0325,2,68.65024725321803,57.235681522024514,64.88105225618332,50.48455967013041,77.7441665464078,63.619422100434456,0.18985904707080625,0.17985840687343327,31.248599342151262,66.89472061385429,63.447810423933966,27.47513444123506,29.180328278933626,1,2,15.1
T0325,2,76.37886371273689,59.12819300457132,63.65357499629998,50.77817569653155,45.87686947790905,35.088931326344174,0.17425741436021944,0.27800983848849553,33.21744346971471,68.06936685503712,66.36511108933608,41.883881784688306,26.415651317803576,1,2,15.1
T0325,2,43.74396133310918,28.412719276917873,68.37293039811318,46.41603380155664,59.03573588446829,39.22574353442912,0.33656697258270496,0.3154687454266637,26.5505536507386,74.87641592142339,65.80328222869832,35.97110327260036,25.878225380633896,1,2,15.1
T0325,2,63.85352582537655,45.346033847164954,55.95139919472223,39.101264595534424,23.057936786663756,16.259156031879336,0.19345535433597488,0.2739341993797729,29.32322373064224,95.58836555932268,90.73946039285903,29.694572887939643,27.615501467627354,1,2,15.1
T0326,2,29.299950975482645,20.340940912507424,45.089143756771406,29.52757648735673,41.40697892661166,24.432977919734338,0.3444523563604309,0.4110952169585681,28.687187472270825,81.68637727492275,74.4185954130877,33.52275656922448,29.241486011335066,3,2,17.4
T0326,2,22.99201044120583,14.360557528065783,38.26971198945169,27.282059422054243,66.9821511872565,41.48756274774649,0.3514402301316845,0.41224332241652395,29.943101606658413,74.47686468895792,67.22756373032841,41.34163886668702,27.609371413792587,3,2,17.4
T0326,2,68.7101413726004,36.99382177162059,66.24491236019193,41.16063831627003,78.34795422532926,48.78388875984484,0.5877490490569648,0.43638664525865045,29.02317582020735,98.45715910740368,91.83597465302596,43.14118198103189,25.92035160379816,3,2,17.4
T0326,2,67.10543142719314,43.614609879162096,54.86623950774774,38.23038613823943,63.85246775578848,39.50550189035833,0.4594905343598667,0.4851124136205112,31.710120740613895,75.06862208499976,73.0224810153963,39.57828765754695,28.941687150506986,3,2,17.4
T0326,2,77.20651287841258,46.27951660578123,52.62871618981479,34.9031160453848,40.66179386237657,25.60491596927988,0.5208889633034596,0.38763972962867144,26.18560530963249,68.82968363142223,63.15878913770581,32.067931580412136,26.02037869264267,3,2,17.4
T0326,2,40.243480955211155,28.77061383931889,59.14556093030129,45.53191108641771,62.13631610257529,46.10983352581119,0.29828528911948626,0.17705958992259455,27.27577781597602,75.53709859070018,73.04743979050036,35.37882210438205,26.195769866944254,3,2,17.4
T0326,2,46.331612928185024,28.683728322540986,45.14841828835506,31.34843080643954,31.636257199028044,18.51258299052777,0.33287173890236843,0.5815763724543083,28.036985566539887,91.73097468772296,85.97280901904642,37.82720927818735,29.25251283010587,3,2,17.4
T0326,2,20.25568070598954,15.94909464325769,56.56680058156024,45.07302982294435,30.273758858224074,23.185167704285313,0.2073476656315533,0.25832762039263246,32.31955148279715,76.42652509601726,69.37534781618045,36.44557071936006,29.386868967099517,3,2,17.4
T0327,1,59.00751141787725,41.643276448286656,63.10323895374875,48.42343159961584,57.77702170606313,44.209660783631925,0.239442143679212,0.1531991234799061,29.682239818459752,95.337974383461,85.04924005083086,35.54177107886995,28.444344817832253,1,3,14.7
T0327,1,59.347966603996056,37.70828956351479,37.86587337932026,27.313042215033903,39.393398429827144,28.37300139011362,0.5190555890641515,0.36224589734405427,28.06395311810981,85.28439719125683,78.04784177623401,24.473766129994775,29.99943105874132,1,3,14.7
T0327,1,28.80232836834084,20.847589921939615,77.15566893212053,56.23393482102713,32.44598498298838,22.569827760025436,0.18569420769425998,0.2595966060359817,24.219791268205103,90.14844121732287,85.54910680000548,35.89425060856625,30.13042110072938,1,3,14.7
T0327,1,36.620258082182715,25.60702992086817,22.247993483544818,16.735772222904433,79.0426512823022,61.53007438173114,0.37143047721216205,0.2463884767523115,29.951959591811296,80.31668589843203,71.01106037160739,29.381088280947722,27.321324265817065,1,3,14.7
T0327,1,35.11479011822623,29.673306887886785,26.402056757100713,22.17993491348759,52.803080698457684,41.60835613743009,0.12341508352485576,0.19209044641885242,30.230976784086973,72.58741422252851,64.0441011059023,32.34574143556326,26.717649620770214,1,3,14.7
T0327,1,24.274251066740586,19.924612237980586,40.96792604008398,35.441860985985464,47.750940010816926,37.99990054366242,0.16715407547488126,0.16325471440172185,29.30462457427346,77.46804226885233,71.2837262461205,33.70628785857785,30.040217326687763,1,3,14.7
T0327,1,63.34475764418464,49.331492574343635,79.77965341325887,65.24709488133514,42.289266759354774,31.970549594107172,0.25894250209101405,0.34648772122302396,26.237841572247696,81.82547960484126,81.75389639765785,29.043833575818894,28.861974614713112,1,3,14.7
T0327,1,65.880385023636,55.21803743352447,33.37352626884798,28.514617979293856,44.085592152094804,37.78422348760701,0.11668210656298446,0.07340641952652241,30.428485983536948,95.73151313049308,88.14138418789337,29.638135417787367,29.601158892470384,1,3,14.7
T0328,1,44.628433628093944,38.16951972832299,21.501126047315914,18.97779347251662,42.8993139254786,36.23601898056617,0.13668027105461153,0.15443987657185976,29.165557204184346,83.95973159153647,77.383122448971,28.49793188212525,25.671761688234817,0,3,14.2
T0328,1,59.51995819153808,50.77653321460353,56.021620088237945,44.68411836239728,69.43361137624406,56.63180138889797,0.09076864824109201,0.20666383375301628,32.248159737877174,99.0,88.52386539981107,33.67908638319369,30.35763888794686,0,3,14.2
T0328,1,70.65129773587432,52.93043669411727,70.56041332035662,56.895496926641364,41.79730118036473,31.933411374955455,0.19702435249570793,0.16181275808148443,29.519090697331592,62.95764184748878,62.427273592010984,43.91676475989151,29.904377250877793,0,3,14.2
T0328,1,35.45121377942701,31.041661640408915,56.82557024466462,50.577418757141245,77.90061150535414,67.22987847838654,0.0808851818315537,0.11067259985768509,33.971681235223784,77.59878394827369,72.51357313899997,33.703362714607934,26.607837120405264,0,3,14.2
T0328,1,53.10242821804388,44.532371000544835,54.00384504120002,47.177966420777516,43.58634163157336,37.8587839078284,0.1167847926792335,0.10607872073302677,29.112358015887033,82.27274449653316,75.80091856103157,35.979755357784526,28.133560577911478,0,3,14.2
T0328,1,36.345387037091534,30.417902625108805,44.449686361457864,38.05284723966966,54.406305001403034,46.1294792839911,0.13454526632488614,0.12453596561569724,31.458656819683227,77.0909500508198,66.25859849865611,35.72413128299483,29.933082244586306,0,3,14.2
T0328,1,65.28603199516152,55.11950058972452,67.83765696500403,60.40189552280081,67.57812678492236,58.30673893516348,0.11793498753041931,0.11502244926113704,28.749890955627542,72.186229454559,71.98987015169456,48.20753029263184,29.78118772631939,0,3,14.2
T0328,1,22.428597642429423,19.5269575317852,48.773045135940166,44.41531369078011,59.24338440157872,51.79243995822823,0.14408703832018666,0.06890026518867076,29.037575375323318,94.28004079096435,86.41402977735939,34.35584042054297,28.410653411043185,0,3,14.2
T0329,0,38.10267376015675,33.75290181901825,48.527848012721336,37.31719378599493,78.67289023993864,66.23097135283754,0.06105237436004232,0.10173876325496348,30.242971453991057,78.99978288719602,72.28250227600897,24.44794096340061,28.603273906108424,0,1,17.1
T0329,0,76.74197018492427,65.50338282819283,63.68454769777486,46.70937574414639,78.20923431680208,60.59063411278974,0.12984055249579698,0.20657449048347307,25.26673789802579,90.23759821971584,86.88121706585521,32.27667890279992,30.39380832553534,0,1,17.1
T0329,0,64.00363696404702,58.598642032493174,45.042136581327796,39.51307184150448,63.349251097260726,56.610199352417936,0.06848871131677983,0.08788759736778137,25.675975617025856,69.52179026870837,72.52179026870837,32.76946524031393,27.02501387669358,0,1,17.1
T0329,0,36.23991332241544,33.25810280281148,64.79963058038257,58.52183070393224,70.20840885678702,64.74888398893458,0.08622927958907659,0.058688230810080774,28.875583600394194,75.9333820814471,66.02674410624935,37.66522765908267,28.94314245874198,0,1,17.1
T0329,0,62.781968659742006,51.76951302375127,35.4443299541681,26.009349499699468,32.96336817868453,25.653537233050653,0.128954782585208,0.14899609712260242,26.7674273510466,81.02073576135105,76.64751928298917,28.217033256689007,25.893941245159937,0,1,17.1
T0329,0,20.12339892090256,18.39901855600545,32.426049731010934,24.86595054690684,64.910578060983,52.43904700997584,0.059517039881210626,0.1623640535461141,24.192237506804066,70.4590671464611,67.45685903549932,28.666349540815776,29.320372299422132,0,1,17.1
T0329,0,23.535025627976303,20.529122794974487,26.656378854129635,21.555776260560066,30.031361942362956,25.207374119238793,0.10218701027299147,0.13424781850864528,24.810199150008366,91.85399356025296,86.46333738359648,28.14942439091319,29.104163445075773,0,1,17.1
T0329,0,67.55752951001911,64.24692212971259,37.3466342619532,35.94564458640215,29.16115825207782,28.7190455542463,0.03311438048785266,0.009765299369538488,33.09330129693503,69.7412727313829,69.68336286940587,31.333666161301952,26.417809408126917,0,1,17.1
T0330,2,70.18112008498137,43.25332576787758,69.47951027294434,48.587743469762984,49.86435098023942,30.71118369168267,0.5565159038311219,0.5045210156774539,27.8369245846348,81.09356858892318,73.55407304496023,32.66363765057768,26.440306689961265,1,3,15.9
T0330,2,53.754652060828406,30.807760778027944,68.39908712273825,44.47614565861609,24.673971187533724,14.458069047607445,0.8169721006822576,0.6748588331963175,25.855997503068686,67.77556520742256,60.98356737289854,31.96403265989077,25.59316248687735,1,3,15.9
T0330,2,68.07015341712722,28.366804961554173,58.95992520623915,36.54935549933482,45.59338448983012,24.573768465878157,1.2219951624485828,0.7914470753566298,24.486709125221406,73.2091312277037,67.81636822557716,29.39938755258637,29.283461215471547,1,3,15.9
T0330,2,33.280701395789904,18.66212545566143,24.71182800168587,13.682433241451466,57.36348977920809,31.472261514552926,0.5121964089359912,0.6055104223028784,31.15778836074142,90.7156676374057,85.36250181356567,30.737962628624373,26.71234050816613,1,3,15.9
T0330,2,36.09359629851864,14.862349394240821,60.25127847491478,29.093288472250833,40.0128864488762,19.111935032844777,1.8154298769176616,1.1014105493541897,30.76170959230059,63.205805716172975,61.25491666937724,36.218229989852105,25.81274621194831,1,3,15.9
T0330,2,61.19118987002084,29.05053809461648,37.4371029029069,19.06686258324577,36.43804048720443,17.053438432372953,0.9299240776608826,0.935468083498012,28.593623248949015,72.0235911617605,72.57762624772155,22.629165610410265,25.762361600603445,1,3,15.9
T0330,2,38.42773622790448,16.066908539276067,52.691385098419886,26.225120028477615,72.26733564664991,32.505873187538285,0.7902824420454513,0.6285153521370532,27.96618073891234,83.03813663298679,81.18599557646799,27.25328706625788,29.326319262217382,1,3,15.9
T0330,2,30.250211391072636,13.472061748017683,43.357878772984364,23.363400435152684,39.839447858504016,20.029929998618435,0.6532219271858888,0.5514671554416636,24.975345765862457,91.36059970417033,84.2518467619393,37.897335867655315,26.62480232638863,1,3,15.9
T0331,0,33.489638419220384,28.23242917738291,51.88562017849041,44.47049682067189,20.51255572807796,17.11514746160669,0.09661868115994789,0.08803333128800679,33.040458726099025,85.36366375119445,81.60483699914411,33.82525442455402,28.520756421668594,0,1,6.0
T0331,0,70.2997856880308,62.19729301610436,37.98103067726292,33.504416066520236,57.45317512344187,47.99400943790701,0.06434579406151063,0.07752734491248546,28.55395251240077,87.14909860057726,79.16320094905001,29.56962480717244,27.5885494981291,0,1,6.0
T0331,0,49.14315599836071,45.57369040714865,65.53189537520122,61.55034752837152,31.50951687922091,29.0320000013506,0.03997238486596972,0.05487333990874869,25.103185609251348,97.54409862435168,90.92765703077698,33.80594837574923,29.88418708922612,0,1,6.0
T0331,0,53.12125101657905,52.392807890809614,31.893320836296084,29.607664269963408,56.97259564740427,53.150563547686836,0.009402883543574722,0.056436168062766974,32.78589038934511,83.02072373674014,80.15315864298171,44.73753111061488,28.425274998363548,0,1,6.0
T0331,0,43.67434637650898,41.40535484469687,62.351429511842646,59.333704118267605,56.78281253491795,53.28678238308625,0.035493600978960475,0.03661859445624637,30.09990070557177,65.45292855906676,60.980110524373956,29.385289438021704,27.043347036181242,0,1,6.0
T0331,0,52.77424308964379,40.09672660124963,72.0041503564959,63.841597508248284,57.25684361052935,44.9747889773635,0.18711992246964212,0.10878498214802061,25.254767537945536,79.71379375708352,73.4457214126924,27.222471844268764,29.212088151375912,0,1,6.0
T0331,0,54.49886058798079,42.572378581811606,46.21464197997807,39.54309808941922,71.51926557840187,57.91713049059211,0.1895409991592796,0.18922979512279547,30.72549827391331,88.45202784311174,84.55119606877435,33.59538781574508,28.321220436176983,0,1,6.0
T0331,0,30.527326100577035,27.506158372541563,36.62498986637736,34.60089333602195,49.88110463949853,44.4817181061111,0.1060231614937787,0.09128339641486206,29.49338329398042,88.42576584633358,82.90579178907034,41.82570353812703,25.534802983351085,0,1,6.0
T0332,2,62.60955143282187,36.77997826064952,45.41282249420617,29.493864591185034,41.42526006806048,25.41776877285794,0.8291542856343156,0.7150505300468945,30.09574970384625,82.34725305785375,75.90935146339115,27.10488109143883,26.061202542606388,1,3,17.0
T0332,2,40.500469455782735,30.40950543996612,57.51518543008778,46.95036735414117,38.48045472393943,28.315077951351036,0.322093157409978,0.22537030559596158,26.545150267021125,76.60630562501987,77.07845845905773,46.66181904141439,27.68948494443618,1,3,17.0
T0332,2,45.18674124615586,31.02282926952507,43.66222243635975,33.705062534674504,79.86618788665524,54.129275361748434,0.3976560878210379,0.47066526130045877,27.582272818241336,72.32036928372628,66.10055379147467,40.944871442140716,29.908106138707545,1,3,17.0
T0332,2,38.157986121101814,25.349269241262125,73.62648538629944,51.12751443527315,55.56180952318502,35.90790994656032,0.5598818948791544,0.5373737148192752,28.26937082565799,92.68505249955777,84.80658961460801,35.02071933450304,26.226091570269094,1,3,17.0
T0332,2,65.12938203992562,43.76604175572788,20.013768642821145,14.1447927440216,37.68584495433912,25.645812705045365,0.43504885877897254,0.35972628810721347,30.24445616834629,70.29165358650252,66.0089648908366,43.18349810304544,28.12774813523344,1,3,17.0
T0332,2,65.24348574671382,41.54468130181196,72.32379153679199,55.319835638809174,25.233391825553632,16.66901348387042,0.3343547506562982,0.403249307213545,31.849270052182142,77.47966143090501,70.81900556868582,36.91809943502127,29.25755549026213,1,3,17.0
T0332,2,78.79316748585978,66.61350345911205,32.454700738800966,26.46559693534629,41.1032229663745,33.50381790343814,0.12667937127670167,0.1202863415702852,30.269082053664015,74.9302004073829,71.74898929043614,38.13623375063593,25.720970028861746,1,3,17.0
T0332,2,75.84089862134277,55.83646684811493,57.80900872109539,40.72557327097854,37.29768629490536,25.190099243142235,0.22008551145960586,0.2817291594385062,32.5357814071449,73.88359885399072,73.06086461381463,39.44065335855794,27.94352213923873,1,3,17.0
T0333,3,50.464261061081196,23.962192368992717,63.75631674859665,35.390847315145415,35.89990569643841,15.245071973724768,0.6670890781850436,1.0750008203574672,30.534505680272716,95.9092458224952,89.37828195007091,35.867833797731976,26.3620762465136,4,3,14.9
T0333,3,66.44018736919651,36.54688418291138,24.53385129221003,12.85401417636149,43.22138264981695,24.301937980705834,0.4715572798144947,0.5003764624228042,31.444145452469368,65.23079165354575,61.22811052239572,24.457018373385505,25.783889113327504,4,3,14.9
T0333,3,57.380629661093415,30.637095156285987,66.72713271812688,35.99821904703557,77.97886184353646,38.7864609559666,0.8708358564560161,1.0302202081070437,27.417765364672192,79.98764053501847,78.53340223548798,39.85867137076055,26.159506977401822,4,3,14.9
T0333,3,21.58167270921056,14.667211298255072,50.74594247878554,36.6162929254595,64.11313115532406,41.26468121591062,0.3585773215412922,0.3238207399384149,32.03969025180735,79.7225746902168,68.46683741985653,21.823368968340603,25.57482727032241,4,3,14.9
T0333,3,25.405782472569516,18.26997531313787,55.27871546185317,34.60941579822724,37.4382690642847,24.607346505592147,0.5085755901500973,0.5764965052452644,27.380256253283555,83.96220510246101,75.41777370291327,39.55568376264948,26.594907513896043,4,3,14.9
T0333,3,51.404418097699875,25.6948992155309,35.853527724389934,19.81643728787255,28.382827184950933,14.6263446890977,1.1259070861570273,0.8349076200685452,30.13741182558119,78.3876923048272,72.03326615331943,26.26743162267413,28.87421115107895,4,3,14.9
T0333,3,29.7061270500566,22.465950978325626,22.27120218684744,14.940298248741957,66.90829310064544,48.531965925536255,0.3872468667700245,0.36963237857807213,30.31831737961793,84.98667791505707,87.52676947837323,23.25260337744613,26.72187855369659,4,3,14.9
T0333,3,65.07581670358945,37.86889823308751,57.9844717845553,31.732403746180925,48.327310504187864,23.639833554531716,0.6349869933544782,1.7014949116575573,31.590558720652286,78.9199153281473,72.88488656754166,31.64031194441993,28.383803740163767,4,3,14.9
T0334,0,60.89511210619982,54.84197180571536,77.75428207885415,69.72635815115773,37.10740091839757,34.39999003662397,0.061935125690296945,0.04777267564512244,28.60337880859691,78.19447410698916,70.7529511153279,37.78548441676506,28.293182487191192,0,3,15.8
T0334,0,45.73157153301169,44.20186133154714,62.82350509977109,60.15390131266796,29.310845736946117,27.816177393878114,0.014822184622409069,0.026625475180437185,32.97412299730711,82.27889460861326,76.88664683078733,41.69331202351161,26.839402516124093,0,3,15.8
T0334,0,75.54142206054848,70.89024267928767,69.48700142291173,65.54384305549326,79.56418195409563,73.46148530013228,0.03388779468291413,0.03965584485330373,33.116667785874434,85.2865153072808,80.20234319103078,34.96838977412332,28.398041381707475,0,3,15.8
T0334,0,20.65651776495049,19.389244251954466,39.01291350135017,37.353023691541075,20.367731299400443,18.886168193230358,0.05108392247685659,0.062427280769602946,27.559916397953863,65.90041748569952,65.78978719556443,30.096270191119768,29.80237006213546,0,3,15.8
T0334,0,39.3948221035758,37.61805958985045,58.115453760036274,55.27469511887511,22.532550213522757,21.395486145974555,0.027854588044124984,0.0322063769568334,26.404483069423712,72.96970325214261,63.42139326945893,43.50020454160194,29.40641733973674,0,3,15.8
T0334,0,69.61904858296384,66.10308493108448,34.466219336678634,32.53877804539645,76.10439553405476,70.85172477975935,0.02241999120211918,0.030737707399076764,32.164829466570325,95.77560122412336,88.96019097832432,39.203821549113336,26.83042090365027,0,3,15.8
T0334,0,24.454592782635753,22.78683248659434,38.77280013894897,36.21240283574166,32.21633012768979,30.760765505703752,0.03784495677860355,0.026563321463368084,24.11222752271693,96.42912999702027,90.74431273805179,26.702392112826526,27.59785699499851,0,3,15.8
T0334,0,39.08878554577641,33.43626738748723,75.12176095417915,68.48763286230374,36.29700632870029,32.045821150192864,0.11665401158339854,0.07637360695611371,29.43416302540419,90.32761183194218,86.78120682617687,43.86261899114642,30.1048915226719,0,3,15.8
T0335,1,63.23440539894827,56.51195184020293,32.70445502186938,27.205333000885997,34.82066394150935,30.258840966508288,0.0476290899623491,0.09322320106708598,24.374453435901405,73.2407213467028,67.6600935704175,22.935692024774262,27.808042097902202,0,3,16.0
T0335,1,59.89874476353046,48.116295401343635,41.78612610248865,33.92305081554351,29.01123826280132,24.70604351404891,0.14783131533759294,0.12554431969411034,28.693223326716645,74.89947704008668,68.21386873737696,24.854835612681896,26.26808304315031,0,3,16.0
T0335,1,55.377909050194226,44.876202779143235,53.554986051076796,44.51841718383378,73.65515143445748,60.525307318017646,0.12452220604403784,0.12066505548013526,27.56258699682901,75.24343136095932,72.69282359675822,30.060627567292777,28.3934103666384,0,3,16.0
T0335,1,25.593753328459428,22.97576460110404,50.57724284895079,46.79094309029336,41.58814596425562,37.21988828071027,0.07365218812558696,0.09468729900857509,28.68181579773134,63.03374722680481,61.27731731277575,30.21996827461412,30.415434366144325,0,3,16.0
T0335,1,44.99124771747232,36.47012140237322,58.734060688979625,49.29096651162973,30.26261434093187,23.917170387058164,0.16141380072620362,0.19213126816427678,24.2398145742816,75.13795144974291,71.35778376606214,43.670025666553144,25.70965786338043,0,3,16.0
T0335,1,27.828611355499856,22.022476373137042,68.99986740054908,56.92853603590916,35.20354645534958,28.746941847188687,0.1457939396729234,0.12429108446288992,29.902754510745986,89.17130909617184,82.59797279201109,32.1343764008842,25.60662319318971,0,3,16.0
T0335,1,43.73728369674872,32.20140532851521,65.23141462941275,50.56026084007157,71.45868667928501,54.36828663486049,0.27639812389951196,0.1677875612315921,30.512961008153862,71.54174502388165,68.06582558440817,28.625713068031626,26.46610461521144,0,3,16.0
T0335,1,21.324812301571633,17.294484773576507,55.051940355975745,45.19058087294715,77.11630074923892,65.34265952131159,0.1166433208504138,0.1120079049845003,30.405352430941306,72.58782011615939,67.60953600410024,41.33370602406022,26.877608733866555,0,3,16.0
T0336,0,44.58889081838045,42.36017619676292,50.10572464071042,45.187369876620174,31.992846860412108,28.638851280787843,0.028597653545469424,0.06475480071747457,29.44344850017716,67.72796823173186,65.78888738914543,27.85802845239005,27.23989403271689,0,1,17.1
T0336,0,23.61189372691477,22.7382806755315,74.32835377921347,71.05548699659465,35.4080661843212,33.81121698362615,0.02405338605490623,0.051350655710959314,26.506765009814682,82.64309273662481,76.3427761192119,24.83513032188219,27.497489949674716,0,1,17.1
T0336,0,72.03041389192927,65.39312037216617,30.390215502946404,26.257765108846286,46.095117056831455,40.79755771954075,0.0646767868097931,0.05487003285245801,24.9846961354688,72.38704158247467,67.70000615097548,38.12736337797225,26.210222776032655,0,1,17.1
T0336,0,75.2566743780396,68.92243025429849,55.471746568471474,46.2889150193813,77.51245486921135,66.75785008747776,0.05992314685759518,0.14579770980426232,29.35161793884181,81.05546278134743,72.85053880571385,32.70250578049945,27.39870820343025,0,1,17.1
T0336,0,79.2721892977913,72.72032403559577,32.90168613207851,32.049694154521724,60.45369383739447,57.38515126390646,0.0651584513754473,0.04471072915990011,26.99355920311626,86.87188761565254,83.74111357577135,44.12064754987297,26.695176748070633,0,1,17.1
T0336,0,38.291895476828074,32.081877005147796,35.49354332279043,25.391682284517568,28.023312698070026,20.65214984663445,0.1658135223964389,0.2980471669621359,33.41519533522694,92.33318881394835,91.06107294208563,27.308942998289268,26.744858532646305,0,1,17.1
T0336,0,27.318965532147082,26.02484351284399,77.34879135804016,71.49689917621873,69.16153130862554,65.9473673598564,0.02514046680146718,0.02845600290087949,33.74403257230011,65.54628480546234,60.70727388066783,31.8361018991278,28.00308152913624,0,1,17.1
T0336,0,76.23535543123431,75.11591305162509,61.827747826558095,60.86464036461177,20.225096793495595,19.46594070289682,0.014758079825852637,0.027950301810825195,32.15785714675053,78.021734717122,77.48636174878501,34.70185771354437,25.558012430266558,0,1,17.1
T0337,2,71.3673210831095,39.120074068295814,75.95130480246604,39.84733910364553,55.99956818423424,29.801079436740817,0.6239535276932361,0.5957745344057739,26.921331766248002,79.75227834873532,70.96437761201351,17.654558601113592,29.797872406504712,3,2,15.4
T0337,2,67.64114369667686,50.2965524871144,47.561965050303485,33.29589908775597,35.86157518452554,24.05913799576903,0.26994053728947565,0.4225210339432599,33.25138710646456,88.33952750183691,76.61568949572975,33.98405939922687,27.546467797046926,3,2,15.4
T0337,2,49.94171944928969,26.265484615719892,27.434957787066917,19.3336576280749,64.97765355964964,39.32040271490549,0.649871394025078,0.415032909742201,28.20564188968727,96.65956145904873,90.38417827959152,31.716929100350434,29.101681513188776,3,2,15.4
T0337,2,34.37558376497622,29.100722680255284,29.452338218559532,24.801025566354614,65.86819572148575,54.62159068716753,0.20045318396109982,0.14387410419661872,30.20197804841054,62.81298033501936,63.61060367366787,25.815467927655835,27.59288327179739,3,2,15.4
T0337,2,71.38887432588031,47.57477342493143,66.66195352607684,47.3257796913358,40.146284253437535,28.33021621836656,0.34552093831534914,0.3488485562369007,25.471515460779408,71.34218155600861,67.29791181044345,34.87167076751931,27.9602165562406,3,2,15.4
T0337,2,29.706058121397238,19.774329773400723,41.196310212154,27.275186592441045,31.8560605255336,21.784060473487678,0.34105777832941137,0.31690512667073845,31.20992086292153,97.38325145489961,90.60124613189795,28.122036928999304,26.84157133794357,3,2,15.4
T0337,2,45.141499717257005,29.69085299548156,49.33038074273054,35.16443802367797,29.39356013775695,18.42832950176991,0.32969879072590674,0.5181480127812067,25.932577031728187,92.1343150807815,82.63706410171869,28.947773985661126,30.459811262186072,3,2,15.4
T0337,2,36.090916150163466,26.995830234647507,29.375950983815983,22.873533053501845,22.079278123806304,16.71216220207025,0.2671100349998444,0.22113185785705847,28.137964696006854,69.2022257448784,67.14601195991463,29.997291580440614,27.17705446073167,3,2,15.4
T0338,0,60.87718250152389,53.34608517035567,23.646519529730774,17.028871012867278,26.97750752019983,20.590948883897806,0.06312298990696265,0.12814485627916677,27.12873191916822,92.67111126397454,87.7337466629965,49.27836358428221,26.754620747725326,0,1,12.4
T0338,0,31.1311133168625,27.369941713243218,33.162802607903274,29.51658644810752,75.34031144564804,67.8528866673099,0.1050026588174536,0.07948020090802302,30.3881435678427,71.89563438862086,66.21648419331237,31.368604548595904,30.07837165225562,0,1,12.4
T0338,0,57.62746351894766,55.535109092929076,72.061438249368,68.71282584295047,76.98001220458178,73.04461518105971,0.023803340035925966,0.0256467453430299,33.326958958594155,76.8386852654759,70.87804895757168,27.138574811585283,27.65769384504133,0,1,12.4
T0338,0,61.829103366572475,59.5255089466941,23.808796005913273,22.346030878412854,52.152082859008104,49.11818630256217,0.02552648434984769,0.0426174594870751,33.11651256375065,70.89837645208172,62.51872547355953,23.666290353017892,25.836585775923464,0,1,12.4
T0338,0,29.77578995861836,26.515777708160563,62.436406565258324,49.85666765717623,39.39081987187227,32.967082428192484,0.07408994666641384,0.11754662906289143,33.43799178733309,91.57708981444911,86.59852524403884,31.404679793994436,29.04262179991783,0,1,12.4
T0338,0,30.718209705776367,25.91342679018796,24.234527715481384,15.815450715029323,27.26656768688029,19.79316598481359,0.1438619555054566,0.16720257962394958,27.713659321469645,77.8075095991092,74.06759856875385,40.48746873002654,30.361786212166663,0,1,12.4
T0338,0,29.78079182387941,26.4457232583581,27.438511850470523,19.64055546141561,72.54542941119803,57.84822064397236,0.06902165034969618,0.15457935094036568,33.47260135520345,86.28430660998099,84.6299475298903,35.32759176718686,26.227635420837935,0,1,12.4
T0338,0,49.4244006133636,44.26677050647955,53.12497431895163,38.97672905079177,40.64610344142983,33.07768903659467,0.04425499031406713,0.09266667517361622,28.858259955193517,81.37440532853344,78.0969908649106,28.858356575738103,27.647376577966817,0,1,12.4
T0339,3,55.28534841111118,21.441963491524454,60.0936375931002,31.353118718060777,45.946150933186914,18.32926712282469,1.4138020787665802,1.029125364132165,26.106532154452545,77.11130040154463,72.6906822791007,32.87846050597128,29.560213749482187,3,2,17.6
T0339,3,23.242554151113787,12.816652181867985,42.84547840650061,23.81724128093211,47.34675823352184,26.325665686872597,0.9387232548818593,0.8161005333902022,30.083744981352822,72.94692333464073,71.808589887621,38.13438531030387,26.192490412974323,3,2,17.6
T0339,3,75.8364396882101,27.39554365406944,44.2507356694008,23.2608666076565,53.32505618873789,24.820463349341885,2.181910894024214,1.4695311836150633,26.271620644402166,85.27843598345777,80.13009835049235,36.053640857716545,25.824743041315582,3,2,17.6
T0339,3,37.24805479942497,22.244125798932743,64.03101919507372,43.33925721978941,34.45559438647475,20.440362410526223,0.77197444390829,0.8329664905305681,26.816186706778375,73.5830738949091,65.39297521437774,25.809111936577608,27.69511247702982,3,2,17.6
T0339,3,73.70361091606058,39.97121202247279,43.122608013857544,24.338221475772663,24.61848660819524,12.748072564473306,0.5581981976493885,0.6496875035207315,24.53379843707703,81.71856843829703,79.40872487319353,29.887674673838067,30.247674419199377,3,2,17.6
T0339,3,24.0975608401708,10.634491209245766,21.10033216148379,11.704036600532806,77.00834237473192,37.032623127100464,0.9410290877412308,1.01024570993283,29.934985870330237,88.98755099294115,84.29159332740375,42.96052206878446,29.048047818848403,3,2,17.6
T0339,3,47.32991174754794,18.892256649424617,68.79560253840177,34.477709980962196,75.78585189835871,26.581951831087622,1.0144539121139196,1.273347078805572,29.01138026838867,81.74037513371572,77.86879235075423,41.22068155369958,25.59833663745945,3,2,17.6
T0339,3,66.06387569529059,36.02777880650262,33.31747257708187,18.60193801268324,53.47996739360417,31.715163046184433,0.42159401533016466,0.41544550254342955,30.31488980522323,85.26787415539778,77.74194892224604,35.179047727629374,29.814799965588918,3,2,17.6
T0340,0,28.17283815481548,25.385123042513822,56.82321525268217,47.81107078888274,62.52735295220739,51.14834699222158,0.057380365065950976,0.12103470794827331,31.328037264295382,64.75249765131842,60.259606956953895,31.879180431352534,28.09330836663574,0,1,17.5
T0340,0,20.909034251968436,17.694961835161042,63.55418001788933,59.06883019406013,70.61768701379741,60.9433499958625,0.11678315200830562,0.08966407645744799,33.74550470134511,71.37180099518487,71.14352434805912,18.283565948600376,26.181418463517556,0,1,17.5
T0340,0,45.013673786254884,38.471667162346506,71.43308296562692,51.85476694634294,61.3863580791191,46.36262268231616,0.07276456768815691,0.14853611185197704,33.62133293800859,76.69824968160218,68.29218588633347,32.22393001049965,25.907568750379415,0,1,17.5
T0340,0,24.37407724776751,22.558479394857304,21.445589950864154,20.71019200806769,27.915600131284293,26.91566009366874,0.045132172688874164,0.01750728116506729,31.585250620073836,92.72377270399303,90.399511503548,31.81289278968707,28.783412337970738,0,1,17.5
T0340,0,72.31517458384835,59.70109081355092,41.5335127483377,29.793829054108,31.217669293723066,22.623428169199727,0.14103861306433282,0.24250010221387303,28.75709897275706,89.69985885911797,87.69855148809987,29.584003631771324,27.043927171839574,0,1,17.5
T0340,0,65.66877723924233,58.07149074608771,75.69064271334301,61.644153067356626,24.920194508781407,19.114179275645725,0.0788852889635125,0.181581400173271,24.3511765763856,83.95415539642893,77.77152830796437,30.890932019642886,29.830360728720308,0,1,17.5
T0340,0,77.05154573406935,71.32961000802499,40.056517223906134,34.041715963577225,27.97737572779989,24.149884234740508,0.04360641486695786,0.057961356593200966,27.591344947704286,65.92870238918287,62.662605001409496,26.032491506643197,26.13209771177087,0,1,17.5
T0340,0,26.71725378329931,24.672480188766055,76.77774509328137,63.69471882947653,55.746743634302554,48.710874805028446,0.03326425828334774,0.08537768567398364,25.195650743724684,93.58436149912704,90.47704070579802,32.54048102196667,30.39540537407878,0,1,17.5
T0341,3,20.543278497252185,13.715627819861355,63.84215441648014,41.83276726223092,44.996118135263615,31.36029021550932,0.5009698291537558,0.5439074406753212,24.77303736578211,82.16463753132538,77.33681515742822,34.89178642946784,29.271264607093933,4,2,11.4
T0341,3,34.00050494048176,13.882739646579818,21.13857540329498,10.840868682820496,38.02870737431057,20.277026777841606,1.1607565212653086,0.6976059748935024,28.53613486508127,91.95433631510258,87.54487340222438,37.07621211990343,26.39271594859601,4,2,11.4
T0341,3,59.9177260126164,33.25695526702136,21.283350897588644,12.247342976439343,28.93286416859106,16.089856165448378,0.6553013200498465,0.36620160218904224,31.648861921782895,80.88552226419874,69.93085687875707,31.814036423492478,29.01665614057047,4,2,11.4
T0341,3,60.45728564965548,33.60228518159254,32.329857933388965,20.289648556984496,52.053658539355546,29.89310643752258,0.7300036773997517,0.6955999727726524,26.052237869837107,85.68264166878335,82.33794904958503,38.928177751836685,29.451486397410918,4,2,11.4
T0341,3,37.3455032308163,19.12890915620542,36.07223127485189,20.60022739502546,71.70541713684901,36.05518487975355,0.8439152371606792,0.9692140158212916,27.21463054299157,76.10468429570416,72.26614579645859,41.474556943389516,29.77462430192498,4,2,11.4
T0341,3,41.38992212918455,28.498350622179316,56.848987601832214,40.53062444848208,40.73765668504414,30.207100943497505,0.2705166486945178,0.2856715216911649,28.956035321628622,96.41269544123773,89.71181388149867,38.65821028369983,29.09295787069699,4,2,11.4
T0341,3,39.9445906668544,21.190292030303603,29.906794521677444,19.051847035942984,60.88939920945859,33.73356128659352,0.46493423846622833,0.5805090358530883,24.817794788378357,96.17068753728405,86.86606248886838,32.99160670709008,26.872630642602108,4,2,11.4
T0341,3,54.63426734714196,23.418573609968416,38.67996200309143,19.25283505199778,51.639576283676405,19.506582706185977,1.3523404892052437,1.7207099539987358,28.237741934989685,96.38007774846801,89.13779050862547,32.51256236237956,25.817239477831272,4,2,11.4
T0342,2,59.21293508808907,45.812654644443214,62.84761619126107,47.01020667232658,23.419685275780438,15.83555455103608,0.2544911014181871,0.3819527255316905,28.248615769646147,77.87888619045663,72.13010329184544,41.16147088562339,27.0786542052516,3,3,17.8
T0342,2,44.45887533110691,18.16375738881299,20.941731638003,11.367946320515339,31.013094558998695,15.542935005905292,1.1285276314846897,0.9150630802455099,31.109901502967972,90.46588496594865,85.02815584078792,40.29320469908171,28.829678318362244,3,3,17.8
T0342,2,29.67793943480855,15.312247669504192,20.116096871660506,13.141646683618754,44.59299493506793,24.853882527777373,0.45594061574298156,0.5009088050885776,27.495078273767838,75.26596213075716,71.68864522798582,26.918903892288522,29.369594880441273,3,3,17.8
T0342,2,77.23576680239643,26.470308016516015,60.0945046226969,29.124502192745556,39.48157417799328,13.049927836515552,1.3560261088438272,1.6154508129248963,30.322294405353816,81.84821221600782,79.40035224039127,42.90109723582874,26.316466316863913,3,3,17.8
T0342,2,71.48561655481124,38.269271227074185,25.0763100779197,16.206776466292645,68.13998676654855,36.39105959595291,0.7654946857748448,0.5677166325739821,27.899761705824186,65.71490356862961,66.14694675359746,27.539127343386262,25.990716887462643,3,3,17.8
T0342,2,24.435881636405306,13.814277887054065,30.709051965153492,16.995792214044354,60.6571639778062,31.49286146273961,0.5049793453579002,0.6675930949058847,33.884850658536315,85.89255901635482,78.20916137139835,34.33889806776596,28.12198133283622,3,3,17.8
T0342,2,34.52786350404688,20.327999354653077,57.91201648296284,41.57290341203282,37.017395146351475,20.4403326448087,0.3603005998187616,0.4530079556258687,33.49898033584991,64.41179280208384,64.16967176288638,46.68508157706073,28.32594238063436,3,3,17.8
T0342,2,68.30596811313939,41.4388502138556,78.22468171225407,58.08163735190025,62.88134490782362,40.60629731848493,0.3734535325334957,0.35818676266791644,32.65617634425526,93.44772839892035,84.871537677172,32.117921457067695,26.666899922943628,3,3,17.8
T0343,1,30.88714477899387,25.505696499270755,37.60546583591588,32.05254002033569,60.056397126321016,52.36823949909244,0.11118591721370644,0.07265374381017213,24.199613277073226,70.01723022230516,67.12645212709026,32.234522684409335,28.179878207829976,1,3,10.1
T0343,1,26.711228112507378,21.95976772623596,55.38360838447124,47.79633791103528,24.041978416787146,21.05663681180199,0.10764626984674405,0.07640809192223433,33.83104034883081,65.96313210688893,61.138791314202855,36.00209149048318,29.130742285008512,1,3,10.1
T0343,1,59.69935878316625,51.08159097306095,23.18536152551362,21.3871539950918,52.465037407206786,46.467195248005716,0.13116392341683303,0.10311573975161516,25.00105009681115,84.30101923202713,86.5568272718079,24.992373735670874,28.934747899208816,1,3,10.1
T0343,1,63.946144717783646,53.32088851831563,40.41102840021777,35.59752937331541,62.74141772393195,54.41017620433603,0.11870267954551718,0.10996973192611875,29.657334708334407,92.56609688534776,88.0287925675006,33.0510422368601,26.286370945632147,1,3,10.1
T0343,1,76.96203387267452,68.3437644078698,67.8585354712236,58.359638654297974,72.25237913530404,65.05090654781523,0.11007806752254415,0.10438251325753752,30.184515301877827,93.75346349056572,87.49045838470414,33.04674358124233,29.702281602910475,1,3,10.1
T0343,1,72.57754384182917,69.35216603509956,28.231731997195038,26.812956506638034,49.96868509605944,47.61300074900557,0.029176963779910418,0.026723291959550394,30.61430264017724,68.77454833650438,70.68084540654857,30.175446280963744,27.45577963112527,1,3,10.1
T0343,1,52.046184572198364,44.06463053150488,58.165994036640036,49.70153311513788,54.788193361964424,44.11375261023026,0.11239424780565374,0.16957169629817412,29.582051179775362,80.13004558155805,72.84329255401127,13.834742436686284,28.85452911415268,1,3,10.1
T0343,1,45.16770161766668,37.61523810669237,54.346849379214135,46.224593801773736,20.600206362106537,16.929838206169137,0.1681931613259823,0.17931514845276642,30.750827132902792,87.18582830371886,83.070265815218,37.10463672535057,28.56592921846737,1,3,10.1
T0344,2,43.41152790092947,24.059857873360823,70.63536828199915,47.55189326336862,44.56880995332817,28.343932472881644,0.7503334716638477,0.6980045388491016,25.989154467171847,94.52264676906468,88.49559967311511,21.262915878155766,30.2896960927525,1,3,20.4
T0344,2,58.64701959426263,28.738870741938808,58.13237964631836,34.67564641188245,31.60957066123137,18.114972457056314,0.9978573413910079,0.8333513590864976,24.908751054480092,95.35989385270764,87.73910931283993,35.261711244790625,25.7259852173153,1,3,20.4
T0344,2,45.62625232609999,24.946909442684184,74.41397048963526,45.78230155136922,40.75531529969308,22.37218641251648,0.5898883906238174,0.7501221075900413,28.734506096025676,64.89581044906119,63.362973236157764,34.82086214156128,29.852930151348737,1,3,20.4
T0344,2,24.093682566231212,11.434470647834745,39.41338231864181,22.344241573951706,32.18973641919785,15.6532645381126,0.5899801674798636,0.7284197738618118,33.61701691251412,72.56090755782934,66.5136499650552,34.796591169383014,26.04584990128464,1,3,20.4
T0344,2,65.1314399471027,33.13725687184746,41.1960198698839,25.44814885559921,39.78145958622135,23.075855682522523,0.5921051695996103,0.4509730197163619,29.70928400717029,65.12433487438263,65.31811386286697,34.19067990932679,26.332144758715604,1,3,20.4
T0344,2,40.40507705392932,22.799065724506946,40.885428837735034,24.491665374016105,59.2907940502117,32.812238690319724,0.4690948583938103,0.6017265621363949,32.670645223502035,78.67152684402681,76.48384484809591,37.64736550786683,27.019119536160837,1,3,20.4
T0344,2,30.634914442981252,15.335297540394292,69.22599106602537,45.42667810730435,52.64697577456168,28.993784159954295,0.7551778041651297,0.6715933907341258,24.939426808627385,81.07802665354825,81.05711744091526,32.211291765425194,28.876662199713007,1,3,20.4
T0344,2,39.60557046561132,15.175084967264695,20.14108346466344,10.203782903358748,57.68779299051033,22.066628298948007,1.2576887930449552,1.1990523321308346,32.49109232631608,69.75059770116867,64.34221941774385,27.81087995223951,29.9376220911865,1,3,20.4
T0345,2,56.708430376910876,36.45651017036382,60.23248462797694,43.02153680707712,69.26155379377317,45.57362834682924,0.5024919002812461,0.5649931258171578,30.838521777177377,77.71416961604352,67.43972612053655,38.46974999548259,26.40810806995441,2,3,17.3
T0345,2,53.478721592888625,29.28710204759217,51.400993878420465,31.222704485858216,75.32641430684174,40.481291941644564,0.601710763655169,0.339023729864381,25.42529142814524,85.63846561868259,76.76850744891485,25.092875693134697,29.393971392355418,2,3,17.3
T0345,2,22.00633186823948,13.055052789666574,75.11568006151441,45.85706560633569,79.32483844216166,45.08071130903713,0.7534582139616448,0.8272841138389662,24.45889900893614,75.92871525577057,72.09619557711105,31.18883122893505,27.824974420553726,2,3,17.3
T0345,2,36.85903276659159,28.371510954686233,67.85984792055213,49.753800989710385,62.850377796593584,44.433132177030934,0.16527323763362414,0.21254554925413624,24.599001856457807,72.69058674194757,70.1804475761321,35.42002335776712,28.583946386228924,2,3,17.3
T0345,2,68.46657578714019,42.15579796047051,54.14275930091384,37.35960031215559,51.55961945692249,28.980363015065972,0.6280729559190461,0.6732490662350196,29.432037393424054,99.0,89.38711624456202,38.473647862740975,27.814099741611734,2,3,17.3
T0345,2,48.268081451331305,32.754653606919234,20.07456078477491,14.591155513723745,79.81513257782395,53.25320807842623,0.246120875011686,0.3683858726468862,31.446776772814133,82.95801554171152,85.0616797573495,39.41061494216115,28.434832967194616,2,3,17.3
T0345,2,63.10221110520501,47.70104087676433,67.62132937834812,49.992466870942856,33.09591957228583,24.460069360693062,0.29380644766538655,0.2571486429934334,28.319964423329555,69.09219262026114,67.0106984143945,24.3096039056845,25.604818577434944,2,3,17.3
T0345,2,75.72050054681405,56.17841604073885,72.21244797182312,57.126964728957375,70.80957643424517,55.37453742999184,0.23253443251781264,0.1658994554562453,26.699765477819916,87.80945257109524,84.68743675466432,33.76628867939041,26.32988666447463,2,3,17.3
T0346,3,29.59418836639695,22.777428135126353,63.80278397865513,43.86014910259308,74.87243390624619,53.25999736012569,0.20844453380353561,0.3543251317050018,25.498909021590556,64.71227746381174,63.27859149166027,35.41412069774669,27.47007476952646,3,2,20.8
T0346,3,28.181043804399433,14.325764167079006,61.26227096190276,33.279672640367366,27.233966293321103,12.152925846915217,0.9292437694875156,1.1275106428079742,26.661840359961808,95.09068379506903,89.63462034598247,28.127684996155477,27.940386931358155,3,2,20.8
T0346,3,51.43362127015119,28.611641808114463,35.1410538808745,18.787490370396394,24.636777180574192,13.278971786991109,1.1748374628496148,0.9310186177415862,31.076361957162284,70.26905687319193,62.450529917860095,44.22924356559607,29.592468946071754,3,2,20.8
T0346,3,29.220269159256553,16.152445345421445,27.82145340888225,18.28977125030789,46.142207587641835,28.06849837589532,1.0752181665829519,0.731847209317368,26.636165988639295,87.3745331360779,78.97897985188393,31.719286870021897,27.843928624791367,3,2,20.8
T0346,3,33.595712761525675,19.137790906810604,38.70744647059495,22.791871629953707,34.52600180929815,18.23049850615011,0.7489293023470184,0.966504953168087,25.049716234812895,77.5056747448165,68.33696703832473,31.794613872424648,27.60436321049105,3,2,20.8
T0346,3,79.69248470238122,56.56479884957808,42.97563042434422,27.146589771788676,26.832242021214086,18.651011823180074,0.2214161390968237,0.23350803955209828,29.022616046750834,85.63378409222138,83.37713798586634,30.765936946747004,25.938303689371548,3,2,20.8
T0346,3,47.532541600977595,32.86156138705755,46.98085885621637,28.18227710412575,70.7449290936844,50.191377521020506,0.5654439296401026,0.5474686917631015,24.475155175034587,77.13731315839331,74.53482567164613,32.30934005595865,27.51253054315987,3,2,20.8
T0346,3,58.39399959724142,37.27626639699789,55.590018320028996,37.01046459393667,38.33952930954225,27.3265885041523,0.23572747636007005,0.289423130258339,29.491311199686496,72.97309580668856,67.23703046097347,40.829163772599266,29.522846026679943,3,2,20.8
T0347,0,49.043924432933956,40.55556418020054,58.64342177713707,52.25348317178494,75.6740267545261,63.94790648056291,0.10474240327731409,0.08833428130742138,24.320690840203994,85.42954163124159,86.21834691542212,42.10149847879846,29.803898322700384,0,3,10.7
T0347,0,70.37813769524607,63.070111659154314,31.677844374475978,28.4771877074208,24.745643137124205,22.00746044152363,0.0774246145204355,0.07765917908203285,32.71237027295113,80.33480754700047,77.5494580593174,32.27908325425858,30.130306164123713,0,3,10.7
T0347,0,36.56621374181101,34.57096131609352,45.345202815827385,42.919208958129616,34.69848752525124,32.22258416121631,0.04071471103564302,0.04660565547606535,30.480878586986183,65.36313431452665,61.00116201911413,30.07507307798966,30.340845682109524,0,3,10.7
T0347,0,44.293805156743645,42.15350561963205,52.07702503505169,47.851303305100366,49.42580761799256,46.958779413521626,0.026659299963117274,0.02873941829292701,32.24213831648375,71.69426663869125,65.58618889318939,32.41172690667051,28.08936131351476,0,3,10.7
T0347,0,61.74154123400251,56.49817726485369,21.042287718544095,19.941474680883093,46.995994323970095,43.121487994822296,0.05239776276475316,0.04423110275115055,24.498818210045467,93.51914049697028,90.13284870349541,33.46885875883948,29.709551282433356,0,3,10.7
T0347,0,38.8215606901927,35.10075540306103,73.68118350448813,66.11051913679458,28.056321995789702,24.78872320854765,0.05892287173034242,0.07533695283545373,29.665145092516667,72.6289761234131,64.4300252250967,34.77031783577773,29.544990478768845,0,3,10.7
T0347,0,34.56907040142368,32.10126424175345,73.80217888398568,70.20036610896932,30.78589776417366,28.683576389017773,0.05265484027255399,0.05768048765678545,31.873704560372005,86.37925224492724,84.19574728685394,38.97342163182829,28.108179842952815,0,3,10.7
T0347,0,61.55424832534123,57.034340065332586,46.166244068335786,43.02928760987916,54.36338492023454,50.97251919733844,0.053628099470451676,0.03500175865102348,26.591438657249817,97.40871822200752,91.02719187595636,35.76504667215004,29.241195834313793,0,3,10.7
T0348,1,51.91720661972696,44.71496897170599,40.35181724558606,32.950310054819305,30.312961540218936,24.463800998041325,0.11294132400830786,0.23725988008421117,29.18471021373749,84.09573247736435,76.82608033400356,25.47169791924981,27.747196737779426,0,2,13.5
T0348,1,62.477510720622604,55.33492404668721,51.910332796448785,47.01828122400874,76.59975853751148,64.37693735451458,0.07527235868743444,0.09391637402672579,31.208952291810164,73.77954254484614,68.18944539393851,30.109684867743574,30.44837433814055,0,2,13.5
T0348,1,26.78812198698416,22.0171732026403,55.33976977630624,48.734068102770884,65.41534857375134,54.921915570166945,0.18678672228527382,0.2032798057722954,24.31435595670852,93.53944081860467,88.76770540938853,30.75908809867014,28.44525501681614,0,2,13.5
T0348,1,31.254053233610126,29.607009784113867,31.547184269060836,29.85238274745258,56.50348583423125,50.82487304351162,0.04409104006494758,0.10681961861716338,26.81292402248804,64.50656529143669,61.40708399625811,36.41208485496984,26.75103132765821,0,2,13.5
T0348,1,48.77527194779269,46.46203229686237,70.14908364158164,62.86968823209276,34.81138661076899,30.282913265396875,0.04013281917660203,0.08680357930888132,25.432350984298004,91.1541055195297,82.1376766547992,31.11182401231204,25.654685540818832,0,2,13.5
T0348,1,68.23080912398444,59.007845958091536,64.6021634983951,53.375208039554416,76.97054446901953,62.357966501019504,0.12010844834850293,0.17922505911848835,28.025567451269836,92.8890956636296,81.79802706643062,40.72570183479843,27.94560031764884,0,2,13.5
T0348,1,32.70714393260258,26.059644864657205,20.062438739400417,17.111389186238565,46.8888610754441,39.069825032079024,0.13395417351393615,0.15587070579769446,31.79414912017804,84.59411515120017,83.61230396712456,34.93112854428427,28.7263871046948,0,2,13.5
T0348,1,63.73845019103224,52.78824254050359,37.55916578189043,30.136102276508595,35.73168765832297,28.478342751488274,0.19249373327951622,0.25226184635435733,24.247444735891754,93.1722093619959,83.05002137861034,41.38216509388443,29.162557628522958,0,2,13.5
T0349,0,64.79183370535861,60.81950484823107,74.55298426342583,72.25137672899281,22.211877586226226,20.563045307199864,0.04691366121657208,0.05996894893453226,32.12993742221451,86.8772522160114,79.90743499297866,31.852475572946958,26.87239908120364,0,1,12.3
T0349,0,39.727913186278585,37.73013182957065,72.99694912545948,70.41033002232665,49.99489357267022,48.240876745695694,0.020819998901348613,0.018173883220692712,24.610742130539165,66.41912134468693,69.41912134468693,31.76690276984313,26.366220260534895,0,1,12.3
T0349,0,70.85121683503176,65.47483732378487,42.75443357858151,40.50710608302908,44.617091518281455,41.314657811903125,0.07131818489872865,0.04902822523360221,33.87516543620728,87.8491030560841,79.887325069195,26.76280616150293,27.390988814159925,0,1,12.3
T0349,0,28.117789234818673,26.76427319147945,67.56838992278847,60.92585088663184,45.77278379451663,41.82870223603776,0.039119542338614144,0.05499237876043723,25.347956105597692,82.56366669411277,73.72437826735911,31.97826758469629,28.058549896019493,0,1,12.3
T0349,0,55.02802799692838,50.759533484722226,39.86933598088012,37.67675496388706,35.3825511750948,33.34641834850527,0.07211265880788453,0.05034524102244445,31.173348099774373,92.72682210256914,90.1321528409953,43.2254978532799,28.299813149705507,0,1,12.3
T0349,0,27.958955527446136,26.19683849480553,47.740356590107304,44.85772109485468,66.25621805175513,63.784321308001,0.04082503644239738,0.01928836974592908,30.799238783279947,92.46646181203164,84.38459045050115,37.16655735089622,26.587125618421375,0,1,12.3
T0349,0,38.895374155968554,34.817530061267966,72.89703915972873,67.97837896274727,20.957109984164017,19.96733545067257,0.0710474760697285,0.045912246577225695,28.075546600085925,86.48145484592368,76.44023350575922,33.161015933964926,27.42012345226347,0,1,12.3
T0349,0,44.082951668948255,42.83009995339676,53.324211214851466,51.26227244125664,78.37343240795036,75.1847168970027,0.01593226800012667,0.020325542190706185,25.721970711752842,89.15054287691568,86.64734695396494,29.224100471993516,25.770874496061793,0,1,12.3
T0350,1,67.22309926608384,26.158074217993388,41.66592371697942,22.350620249022626,57.231192115316404,26.158902983070124,1.0945883477095748,0.7086332639564995,28.456199071076483,99.0,88.76050212448305,26.749273118633653,28.403558504254832,0,2,17.1
T0350,1,76.54749954414615,45.06689139141986,59.130157556558416,43.28737800910963,35.948529332848274,22.621942052253306,0.5953203985393453,0.5100564655439132,32.848222541426395,71.89539585850918,67.96656412901577,35.288567928983696,26.705112918517877,0,2,17.1
T0350,1,68.86472023048387,56.838737690824864,53.95004456944806,44.58551027792214,76.63832656415114,60.09762587644428,0.179774197371723,0.19580703967316918,31.67324420399011,67.88388461167587,63.342920235468256,42.51124016507255,29.096320593427446,0,2,17.1
T0350,1,55.26928833179984,39.26337240479744,39.19627390397784,31.08666169793268,37.01495146599339,28.52654624007844,0.2061767140321155,0.17912574251639304,26.434096189042748,71.33400981321932,66.65337569019958,38.44516846736185,28.099290870022173,0,2,17.1
T0350,1,75.6101782385455,59.00563573555846,76.53298379219069,61.597625487494554,36.72796626638568,29.40609071736021,0.26847052687227974,0.24638182317604393,28.92175988428981,85.20844906389718,77.07235626034105,27.875223893335367,28.073672213830427,0,2,17.1
T0350,1,72.11526888788536,42.798352360883364,22.405236895583013,14.903326515965126,59.533741630170965,38.53108029430546,0.5940344570776286,0.38630150147776593,25.141298130305568,94.79270603864869,86.76885879288592,33.5356179271494,25.787675847998102,0,2,17.1
T0350,1,60.45737249157271,32.679163077811985,28.652714565106525,19.71681329908267,38.47838684933954,22.984554889965846,0.4449041176462252,0.3783262764688904,24.859196040467477,86.4322158871598,87.24389112841185,29.7599452896376,25.580037625322245,0,2,17.1
T0350,1,76.10915791513813,51.29154313304495,49.31710665966216,37.019581153917535,21.772786709232392,14.80441088199611,0.30763866096865083,0.25356483992880946,26.33937515983454,72.0491926956949,67.57750136423238,38.153813535863875,29.799017522163055,0,2,17.1
T0351,0,41.56482200736322,39.671067855534446,79.09394456418738,73.9148474538555,69.59457026664887,64.36633481377149,0.02640153141852207,0.033646978131038445,25.812378686595242,96.16466492041812,89.93424500433456,34.927221663854695,26.229167048079535,0,3,13.4
T0351,0,77.87425460241985,71.12850739410246,32.74343723917746,30.078502936065828,74.77645566649913,68.92670096432299,0.08294213205549443,0.07554978511148515,32.40993533738251,86.06033940958116,81.42445664991718,31.93806132664496,30.264118209063405,0,3,13.4
T0351,0,74.53733927810882,68.05066268860413,57.77824326043927,53.200191106871436,55.74197668134267,50.246408052795466,0.07693299236306583,0.05743201718685175,30.903116777321426,86.42435278036884,77.40344041654548,36.84552660092092,27.53027738523782,0,3,13.4
T0351,0,26.382002935561815,24.371840193914068,23.280151310854592,21.831542326154487,76.5887583007065,70.33862623515793,0.046278424923454166,0.04653496364016523,33.730500559165016,99.0,91.10866562294757,27.944617018409566,26.58078179062631,0,3,13.4
T0351,0,27.78004561355538,24.671159170625824,29.86240693932936,26.998562885311944,53.941306711886305,49.37100099540656,0.07711796249276115,0.04640589310900649,33.974452706037205,92.98309758258665,91.95978230063969,32.83020595074944,29.2275034972457,0,3,13.4
T0351,0,68.31078594449664,62.96567541044644,30.347231165617835,27.66345494790953,27.759464075884964,25.10154829367681,0.052132094543324965,0.06033464478278958,33.59054290609576,83.7508686069998,77.23335182752606,34.999405016850446,25.791016308096207,0,3,13.4
T0351,0,63.79990279159814,60.966416269868304,76.4898453143413,72.11894055217635,47.98740489419424,44.99831278743586,0.032485050512893014,0.049577082077273876,31.575879027671093,97.21798647556429,85.28966586108635,30.001630111620898,29.1098823778907,0,3,13.4
T0351,0,79.36201657008,80.07721620838909,35.83529629482406,33.8171763023256,54.467178733516505,50.36240492270266,0.0,0.06748005419321912,32.70583793247622,65.99827477667444,60.78397170990422,37.26541169215306,27.00590880222963,0,3,13.4
T0352,1,21.433886110005474,12.548053142296775,21.929348691091096,16.09955655907437,66.73541268282925,44.04614804088854,0.5504916919519831,0.29976245116907807,24.592681655468645,64.58060382255135,66.00805523548779,35.669585489988336,26.85591239297016,0,3,15.3
T0352,1,71.92930426472385,53.65062788573543,79.16428304607882,65.87927196136131,55.51022210601882,43.833056573755236,0.2852101044975806,0.25927256583004454,32.843255151408826,84.82019583602344,86.11688509219752,34.44854627277049,26.941659843311868,0,3,15.3
T0352,1,45.38968776997718,32.42309654368259,48.397057379462254,37.862851993162984,52.1557929195474,41.18884071915655,0.2909181755264894,0.20713702029914122,27.267034518791622,88.5740392285028,86.04977861858879,35.92312200621449,27.209648123754306,0,3,15.3
T0352,1,61.47416639056882,46.068035122957475,39.37928534385172,30.82604803646384,35.37856125490906,25.29335940098408,0.1994196345929786,0.27123498337498114,25.108081234814676,85.07419935357542,76.97793342702944,34.828079586816585,25.75710794793941,0,3,15.3
T0352,1,27.560986976456228,24.469548060525575,53.03905208263736,47.85667029831661,46.987675546135904,38.96508589718617,0.08089093128223934,0.10653422167714488,32.617793307009194,72.89531877506863,69.18743239442911,42.0788477983245,28.246753592569462,0,3,15.3
T0352,1,74.6076879317715,57.379315838567805,32.61111525514434,25.00159488818105,36.22522828046161,26.404595719985934,0.25265940365596157,0.3304033237116631,33.19030911278681,74.13557132323338,64.55972708036452,26.66081666774871,26.288757042014037,0,3,15.3
T0352,1,53.71497522594686,30.321948274432735,52.77367469506277,37.48373562968397,44.721836333963054,26.358893755002768,0.6544893734008645,0.6712322192338736,31.169597278873336,68.99184519305389,69.61253261047204,25.147193502371035,25.935655547428162,0,3,15.3
T0352,1,34.08595189134304,23.923626956742662,41.614184581231,33.03011197983386,75.46680607951677,58.24982890018435,0.4194204017749041,0.3402684075247458,28.46475103961112,87.2874271958697,88.71297530432352,38.949586784232345,29.25750436062026,0,3,15.3
T0353,1,67.905700756706,52.024704417929264,33.621398391961826,27.033575979971946,75.13319635122701,56.11544028326756,0.1640164840461128,0.26330552886904673,32.1026608656207,92.51417208493442,87.28262425400104,30.222150064491004,26.787422271497928,1,3,11.3
T0353,1,55.09802708589875,49.492781818509016,75.802244842103,67.08717522394761,54.67652794750543,49.201554962368824,0.07222738041915425,0.06131698299563193,24.746344816840466,95.30664850059881,87.96438057304265,41.802368355347255,27.744627732091704,1,3,11.3
T0353,1,21.320883703592997,14.185979733337447,66.68982972414427,50.37723552557316,65.45886270297771,44.72765169248872,0.5112578569584213,0.4652064127403092,30.721057356385096,65.47790540320308,62.36985951516209,24.564548681684567,28.44153653223573,1,3,11.3
T0353,1,22.15983551391504,18.398260104439423,35.94184972418493,31.14739543924446,48.86533305785205,41.00504618068018,0.13167047145070565,0.1161859100180426,27.629842736045525,84.1722941285983,79.34624032686338,42.02319860675035,26.394561811705465,1,3,11.3
T0353,1,76.15300862967753,67.50786566109883,73.0300071989462,63.46409397281222,76.90523271460476,68.79886090428438,0.0854198017046619,0.07152215971505108,24.094302769061308,78.76535842225648,74.83017538565583,35.95916034180517,26.835275420201466,1,3,11.3
T0353,1,48.22283754820382,31.731323250132284,28.168054392412227,20.954888337674696,56.729466128839164,39.473644264529895,0.30530133332264564,0.3176479879433555,31.434133690023216,76.86349616924525,69.3980319892935,30.56042237674005,30.095906129862307,1,3,11.3
T0353,1,22.530778778514225,15.979255664449557,68.31350009930225,51.545370258979595,42.90312593758962,31.086904587948236,0.2116920877649545,0.15072247885882462,27.89415746207936,91.95859663413991,89.47880135242892,28.26284242493716,29.9266673827122,1,3,11.3
T0353,1,78.8353594705809,66.97693533042093,54.5264839130792,47.251775614675374,67.87882852712369,56.115604936651344,0.08061819619150032,0.15426517130195205,28.75163241245025,77.06021113551202,69.45379787907497,26.67211125858619,27.18500567518901,1,3,11.3
T0354,1,47.07586069402844,36.09029099300309,29.807504626816687,26.167766953305996,37.789781576368085,30.65463029313559,0.153399888836188,0.13513489618322394,26.88093300679219,76.88316497913137,75.49675989993959,30.67951078766677,25.979245086148367,0,2,11.6
T0354,1,70.72263540204248,55.00078196240523,24.94659838314078,20.083404354780992,37.627138095484284,29.7548402172821,0.2744780432203804,0.24035422226601388,31.5513436761156,79.54987690899672,72.72609569005076,36.02275173345431,26.12137162370681,0,2,11.6
T0354,1,52.77209870211976,44.603696293411105,72.24155118966371,60.16811573840584,41.4977701935864,34.405546261005846,0.13547500009693592,0.11494830825845252,28.371913107828313,67.22763328447247,60.40532912733224,36.5006913594572,29.737734349080224,0,2,11.6
T0354,1,43.047667538408035,36.68385338392734,66.34455826415156,54.98529071401881,55.783301918848835,44.66203226477833,0.10770729693233387,0.13251502998308282,25.3630963744665,78.52519277024288,73.83890511620582,39.52000726592818,28.86647027527431,0,2,11.6
T0354,1,47.70934662447421,41.96784006115427,77.5983171677002,70.48239040650655,40.51090437836024,37.18812962083616,0.07908838294534407,0.06333493304411791,30.162052382278866,67.49449072886864,62.92930351619141,30.80766459035921,29.63053662797666,0,2,11.6
T0354,1,29.677498300641467,26.91581535032116,39.6667032369576,35.51140571627193,71.06859632728637,62.28407943345513,0.052580766340592854,0.08719616762476212,24.438122689801347,99.0,91.56283954292756,25.75573866699316,28.84538128737076,0,2,11.6
T0354,1,71.37496322375743,62.63880841308529,76.28326010297283,65.70081576432996,51.84031480689259,46.72437640371244,0.07080255638830965,0.047814954479610726,29.558156905548064,89.61775973132374,83.48873716538336,35.52327934637116,29.375491159274517,0,2,11.6
T0354,1,22.258193808706316,16.794227218627423,29.599468779349316,24.678089405925338,57.94792062998702,45.48193835614129,0.17687814201121024,0.12762141110163816,32.427015127066646,89.9468813388309,87.54596247729924,17.42292471030554,25.71666798418279,0,2,11.6
T0355,1,21.7007366905134,16.571265768822435,27.855631603731624,22.417796868587242,26.386763740074095,21.201176993527334,0.16591724680060924,0.16081562335649882,32.162171671808686,95.49582509368496,86.07073964713967,31.02415054959009,26.31914129455263,1,2,18.3
T0355,1,30.906091254009063,22.592947409560587,62.526597327223186,48.777947246130815,68.26965265776538,51.73608831821743,0.294563071936822,0.2960986725519113,31.50258438047918,85.1291836692428,80.75245365783516,35.328213632430874,27.906063866699217,1,2,18.3
T0355,1,45.72407514008313,38.28238188790727,77.14936495662532,68.24873423511492,73.47582857622663,62.14661053505035,0.0884102106423669,0.08367655971329055,29.679693176240633,69.18692051173198,63.0062366999813,29.342566551245014,27.489642403433702,1,2,18.3
T0355,1,58.09378884613208,34.80961071901011,65.40679296658428,46.905909023044714,33.56724005305226,21.613769899344405,0.5309390112480867,0.40749917230382426,27.61478728612665,79.02610654746366,75.07313839475792,32.150389316138735,29.403642942867002,1,2,18.3
T0355,1,76.60252766877755,63.27545165387042,68.27002557089992,59.918932120020585,28.332645915823576,23.65438598573591,0.18663872442937668,0.12194781156846424,29.224698046324853,82.35786558002003,77.04441347085321,28.338685994428737,28.90794375938674,1,2,18.3
T0355,1,52.1049651848448,42.6110177946482,79.72203965940184,67.06227733281479,43.122636273238534,35.50069607420956,0.0868601931613599,0.1631887046512013,24.50693607797995,94.61985237515805,90.64673781717343,30.88848163088951,26.847484276391974,1,2,18.3
T0355,1,59.65198637172903,45.788492178594645,73.35694553367568,63.13914962035678,37.04836038302447,30.376767838570782,0.24017158577448783,0.17280041117295927,28.774312844465573,62.82695499770623,62.06519607256047,30.132447047183245,26.599950777591097,1,2,18.3
T0355,1,34.61348573357543,26.035206082370316,70.76362937555659,60.684685492881655,22.779826611147758,17.874739567923342,0.31276671274571055,0.2705343006915745,33.88209966880554,68.30877687751766,71.30877687751766,30.37354509386475,28.579429613582967,1,2,18.3
T0356,2,25.80902417265029,13.810950257091614,54.189266881520254,33.021289831126,38.6375504866034,22.944175715025413,0.5124548648357763,0.4068919446701833,33.2491560754153,67.48722658431933,65.60289216415678,38.15011133996924,26.687180354690167,1,2,18.1
T0356,2,62.155419653508076,35.338349020264594,49.29976994359868,31.45239497305459,35.50815979937178,20.48536862932596,0.4859377840005606,0.4978646005060098,29.359063165671166,64.19216676753426,64.10483038275024,38.6640998358687,29.121117618748507,1,2,18.1
T0356,2,36.973688959757496,24.45054837691227,38.8899795084944,24.882035709011937,36.18474233001237,21.210345608237215,0.6369667393159424,0.7389862460082665,30.347231446262573,93.09575693506699,88.43974130883416,26.57296521092227,29.178166850953616,1,2,18.1
T0356,2,34.551125744239656,24.74906142787834,49.52396864413022,36.02378045530916,70.67707388566191,49.01637940607474,0.25965459181372946,0.288926511469483,28.27384988549492,70.53073026072322,66.82630780465054,26.163545799085203,27.3621652849878,1,2,18.1
T0356,2,64.09808103882551,34.210611234491175,52.43855413361122,29.71990021906883,20.603533359760164,10.54421052924302,0.5864193837250127,0.9153378462753602,25.70380086380532,96.9862020846244,90.46064419672814,35.27571585687524,29.95250724760613,1,2,18.1
T0356,2,32.90205101531619,25.087287976837587,42.01557823451764,32.95343719542595,58.23898650593169,40.7477788388315,0.28075177081651914,0.3816925125183446,24.276921003602894,72.10912852969736,67.39292301428043,39.44006574967001,28.435375751699013,1,2,18.1
T0356,2,44.76037869010928,34.6212725278666,54.58721879232312,41.93127086737893,48.58335476145027,39.88316412146927,0.15850384566588188,0.14804309752601835,24.052916543591007,84.94180792325,75.8428292732082,24.448334394792056,26.14624706729113,1,2,18.1
T0356,2,33.48844014028917,24.51212332349566,72.69543843431401,50.88304882129278,25.839071649413764,18.565066808527888,0.18355777841708987,0.2713478540235852,25.273994399080316,85.04628906818373,80.75787758330384,36.8497219423542,26.840361147250256,1,2,18.1
T0357,2,79.1881539209858,42.91894239998869,42.907643447926205,28.415354358025862,25.091596467130714,13.893482764025835,0.6232236607984185,0.7279826463997889,28.10530854419181,63.46170134743385,63.09406805156775,29.33575569387095,27.174926206375645,3,2,13.1
T0357,2,76.56179994729888,51.97386857130446,20.44223030958853,15.20806726186875,33.29052923476227,23.740143575615907,0.337378146266445,0.42847351941233075,25.79068563327355,70.55440620510038,71.81887687369338,38.76900744096872,30.473590571657432,3,2,13.1
T0357,2,77.74948425332235,51.46416231064104,78.2551596373066,57.29878527576006,44.81654867788295,35.78495313444565,0.39523919108611977,0.22484677634270636,24.017216281627608,68.38594495209934,63.220535228776825,35.523773004007786,30.07796220135452,3,2,13.1
T0357,2,50.85501936676446,42.266053079402226,22.499122941357978,16.942227382332153,61.043100890871216,46.96165193927042,0.19938326440939397,0.2376058629728837,29.526658000088805,77.7729327093814,65.31813105766754,31.666537344245263,26.569264677744982,3,2,13.1
T0357,2,42.08639475777611,25.791181497327685,39.18822866745299,26.942192859234947,54.22794372102799,34.51533089949933,0.4212300605010657,0.41109227467898324,25.65551377191962,90.98296873281649,79.49687478723531,35.213586746171266,27.42797703452768,3,2,13.1
T0357,2,69.2170957370146,42.11062059253175,46.936149086668316,34.77969541031569,36.48321461181956,25.82809227340988,0.4373619862177527,0.2216648598519942,32.417487562846816,90.5665899961979,83.07686535127709,37.88612349657876,28.201935152429296,3,2,13.1
T0357,2,36.84962382671508,25.387373229215747,29.028654290355128,21.167383518634562,68.96537099657175,49.07882478651277,0.29141009274078256,0.25289509130493043,24.97000081841119,81.2523956305001,80.06007151944306,28.46425269553237,25.544193781557798,3,2,13.1
T0357,2,79.13616674756861,58.384045094951674,56.46374975432767,42.51425502139249,57.8522828718595,42.49938424027467,0.23796489264371476,0.23185074135870953,24.938163416758716,79.60120827796072,73.43158152327706,32.972337126786314,29.27325752858557,3,2,13.1
T0358,1,51.164886759203,43.654642735908624,28.59954405718326,24.67479746590986,25.095649167228725,20.542847453961393,0.1449621432289785,0.12955387350046677,25.279455909172373,90.84127880185764,83.81778462126378,34.78754504180495,30.31614722183896,0,3,9.5
T0358,1,69.86158828139604,66.25153363084596,43.99491929352777,40.42768087918753,73.46092803879733,67.69758500812921,0.02505757020421511,0.05204393598394198,32.04680830213046,63.08038515129429,60.41362913255409,26.087779540421383,27.51584822889986,0,3,9.5
T0358,1,39.289590982882864,33.20694382540682,58.7383595153911,49.49006007137486,60.36719509967026,47.974879224680265,0.16367042640067864,0.19907175244563283,33.36598140097644,72.21061091311388,70.82170691818955,31.195451833149356,27.26095679671284,0,3,9.5
T0358,1,22.127056722168515,18.53899217242694,36.76318953829474,31.20424602808636,22.30470763778114,19.02296296429149,0.14152656549422152,0.11774054220943449,30.24319341356813,88.93491163163728,82.68070762474821,31.091508422181068,30.307657137374388,0,3,9.5
T0358,1,31.985590232700027,20.938371355739193,67.375079438813,47.78459540027729,55.98424149772074,35.31236076081424,0.35629711485724475,0.31917341533604,31.32245765920417,86.32976194421435,80.6859076115394,23.010987766249382,29.28008391869597,0,3,9.5
T0358,1,46.73462624062997,44.07959441838538,75.22898814802721,67.03581418966424,48.93284833998837,45.36841807186067,0.039838569614950387,0.060327027541884085,30.14420530211727,74.32531530748079,70.65554848760594,38.07901028733499,28.858510835426774,0,3,9.5
T0358,1,72.54175364100371,61.88028419274295,28.77215936156354,25.590046445753458,37.411355184745155,31.153109624767307,0.10079553630533111,0.1412674686994035,29.765510332372983,70.31427085300119,68.57674978804806,20.49400394167243,26.978919970707775,0,3,9.5
T0358,1,35.86253531104994,29.941754985366664,45.942525256789395,39.67923529541023,46.781311607794464,40.50714738034572,0.10097203941654065,0.10269342076853975,26.167199298003183,61.847917933992655,60.940381202610354,37.74334542063565,25.71883060757922,0,3,9.5
T0359,1,23.223726657623413,20.95145597207968,49.75106857541583,43.43971185335308,33.578117835104976,30.543491126079687,0.1244115738354739,0.09401446734008387,26.020444403944254,95.01614147513845,88.01508686617899,38.20776617003158,27.961790041369444,0,3,13.9
T0359,1,74.40233995771547,66.56652232063881,29.075970295651793,26.161337818936634,55.38896211711501,49.788989210203475,0.09365370616698147,0.09405598242150554,32.52625624059856,75.09270111279979,76.01504647904946,29.31652651471045,29.92702281031446,0,3,13.9
T0359,1,21.260433286714836,18.846139289484196,39.412487192751584,35.125933237496376,54.34665409209524,48.245018765844605,0.09751346978424301,0.07178803412658512,24.360755766324974,86.68252771207999,83.86016809207538,28.931705479032317,30.20782716953695,0,3,13.9
T0359,1,24.268938271886213,18.59991480617129,60.57558612594627,46.21604797381349,55.55266890892523,42.01589069837508,0.1618652463789583,0.1457505236573123,27.71368783513673,76.86551892294328,67.4089439271934,39.26802371076967,29.7693400718272,0,3,13.9
T0359,1,35.96176694858986,30.227488569787866,62.596689339166346,50.90687214991446,39.044599526342346,30.586911095820557,0.08706776990721374,0.16111768847739735,28.219087571458275,97.60145863565145,91.00093108840967,30.020527737835668,28.13379969085298,0,3,13.9
T0359,1,42.08551295933307,29.14964351407734,44.49244397163423,35.414907355029015,53.72121443143625,40.31151252314657,0.3413234579222055,0.264524830747046,30.538466252802472,72.89836189231212,67.77508334874722,29.419948180082393,27.660962733663712,0,3,13.9
T0359,1,60.929533434527315,46.4878905369189,71.95979197014896,60.614279907949694,65.49734386892243,49.2611921440416,0.20413385622863112,0.17028243451404568,31.091670182441106,71.18101555412116,68.66953485405386,40.95701897083439,29.31253898118697,0,3,13.9
T0359,1,38.14246992494444,33.049326333831814,62.33641842742868,52.62852357018418,51.20029605908799,42.13906887206924,0.07569169425168329,0.09163970820190977,31.48594016527528,80.88847072241721,73.40959757310313,24.20185719297851,28.82308326595487,0,3,13.9
T0360,3,26.12305837629447,12.156677761927948,52.15970020289576,27.62070745349135,48.02374965467526,19.89563706345848,0.7180429011347526,1.1051037445958718,24.077714499208376,61.838255487168524,62.063511584793645,40.52481672161525,29.243425090172977,4,2,17.2
T0360,3,38.254384536496644,16.146183830060064,70.09387447623534,35.941897382411476,51.49156001311624,24.614993671647486,1.362193500878472,1.0478297982143943,30.678417959970286,76.43356287476539,79.43356287476539,34.50953189796815,29.550567410194688,4,2,17.2
T0360,3,53.81051261129956,21.853489695183054,67.56659949205121,30.653100460489814,74.19135138744706,28.375223149144468,1.2165165247107539,1.4616534586097778,28.227269895934946,86.79224693629013,78.69077367807512,32.25710549490859,26.77674423512808,4,2,17.2
T0360,3,56.07101097101212,17.98742252421445,65.78875654304616,26.628970733089155,72.39274613690483,21.60483071930576,2.1185428938228332,2.8458034344411742,26.416484817130865,89.82174003378839,86.47447972882802,30.170334765421245,28.678101986828466,4,2,17.2
T0360,3,67.77458912595975,23.136654468059387,70.55507394986282,32.86812280890518,65.09995299412701,28.222188525288384,1.4395733850960202,1.1595454363938387,29.662646062578744,95.79545047397528,91.16855042757945,42.404654480866924,28.544142127270042,4,2,17.2
T0360,3,77.44520808462384,33.26867355809771,50.1273947514329,23.566646431496267,54.450285666261834,23.457904137624404,0.8698766699165065,0.6807491360034083,28.634421414307724,75.65020473708195,67.94717504712652,31.09244145046363,29.73320436851752,4,2,17.2
T0360,3,24.83707749149523,7.991621009145958,73.52466179556424,35.28283848077205,31.38057824589786,13.100017988348185,1.7498256313200253,1.376810051812432,32.159017825069874,71.50990748428643,66.6276143248518,37.55364237153343,27.908994574971928,4,2,17.2
T0360,3,58.13283343669027,29.55968102553145,79.00586920169343,39.35636300214467,68.70384816583787,31.18760011162113,0.9095898445220294,1.1146775322814513,31.908861965127258,66.6762420544426,61.510659187151745,31.418250735764612,27.301725847857913,4,2,17.2
T0361,0,45.00128885378885,38.633218459674744,43.41606173945034,36.86383637484892,66.74915270290893,54.23547145742712,0.08645940310968517,0.11344118033531515,31.63142524227481,86.71661057035004,74.53300699323397,30.63277547712761,26.238545852898223,0,2,10.5
T0361,0,54.76098909721779,47.320552141654865,27.575767260262957,24.6399304963584,67.46064101877255,59.19208844069039,0.12206976366921145,0.09954367695855512,32.07197262891397,80.63294229843103,76.24864002012224,30.805483861371492,27.80586495936572,0,2,10.5
T0361,0,77.75165500915243,66.72330557770454,67.4162081464676,59.98130493980368,37.333837641746115,32.01838793208867,0.08515320904230372,0.10079762403621413,30.574595695976303,73.25325110769457,68.27022585101425,29.174136959472186,29.024749283443555,0,2,10.5
T0361,0,32.70775439567713,30.76773553912247,40.873950834303315,39.49641038396795,30.573566535935125,28.426785287867137,0.03285468478343054,0.04454377420592393,24.227535123414274,86.90100112054081,83.29549163961336,32.11064928915841,28.506141969109844,0,2,10.5
T0361,0,33.161886884888226,31.326510930951507,20.230895581959526,18.93765235416647,70.00340200189433,65.88967764156097,0.0476533979977406,0.05259352124535947,29.138673377406175,74.20809695950517,71.75232088090881,45.72982204822523,30.46352440974381,0,2,10.5
T0361,0,28.001995698382476,24.424793354519643,20.732440791042553,19.2413145727659,42.92646395981659,38.99052607356642,0.0952320965854854,0.04559270187500492,30.774947137144345,73.09910832797812,68.23547260682687,39.47145689803041,30.363841448254053,0,2,10.5
T0361,0,53.5510937754149,42.59906937281797,44.71829423855276,38.260668519835704,28.350867060381667,23.54815840005352,0.28042897439246106,0.14350406622752135,28.15952327955975,89.89148203875367,80.67747925977918,26.468596783703113,28.53154611179661,0,2,10.5
T0361,0,68.23412805178694,59.91095077470831,24.820634970754778,22.279032479601693,39.73440452579295,34.782384749447495,0.08325154097877009,0.08574947768033339,28.479189973949588,72.67492159571766,67.58383449463399,27.62797865556443,27.280425463038082,0,2,10.5
T0362,0,77.44403647154941,66.8543147719669,20.425854380163823,17.3563179681198,53.504934097452676,45.6439459819951,0.10286857820817344,0.12030173077559068,25.711278979048924,89.92746973710342,82.41844260757611,23.78332079324806,29.302150917513842,0,3,9.2
T0362,0,23.567599340052553,20.973990086662894,64.23772726876797,56.44315573773727,71.00005203285309,63.79229035233585,0.09131046465944401,0.059900801505661495,25.01373022297455,85.38143379124047,74.4554021000048,40.15239818927003,28.228103738498252,0,3,9.2
T0362,0,51.43073633011405,46.937174166378185,66.22750597633049,65.68431402470654,36.42334084848238,34.33468978762423,0.04584757119598315,0.03877540090780138,27.172917153936105,86.19588487931364,83.85195907509629,31.91968368144965,26.935913206195366,0,3,9.2
T0362,0,22.977039293975864,20.869617342992072,45.258831659636925,42.096063988273904,68.07826965301541,60.391065005139545,0.03192307587986271,0.06129464771315768,26.12004858233154,84.88368803363902,82.64135396444449,28.96842008588918,27.598617461557104,0,3,9.2
T0362,0,29.84825810731617,27.434360274379188,46.21727801224357,42.05355066203759,45.83545620922567,40.36869025796472,0.051040372354884046,0.09647217756404591,29.487660129127647,90.74512126156168,83.89005877855877,29.8261229004591,27.37465782864545,0,3,9.2
T0362,0,60.95261573882343,54.72688757212937,34.28376753593484,30.415900047055118,48.1417679173982,43.3774985728111,0.08086669736424978,0.08171870905317648,31.99760665389377,96.49408217649821,87.46402194895187,27.2928760742786,25.753275017169777,0,3,9.2
T0362,0,57.536407387932236,53.808627486898665,49.76681898246988,46.079315903359976,23.7697106781098,21.70686736771578,0.03618149202329807,0.04358639349298638,30.19376700857461,98.97257555143572,86.16355228353466,30.179707577362763,30.397628700398673,0,3,9.2
T0362,0,24.06775729128492,22.241009342094777,69.1812724881223,65.13036775047554,56.48029401650185,54.58775737371646,0.045941640196217666,0.015392210829356706,26.009000762671548,68.10463894416462,67.07431532596216,47.30946498204102,26.734543577405724,0,3,9.2
T0363,0,77.69096104508168,70.06826343845566,59.01283593568445,55.033344568173106,76.85604465863901,71.88336395832515,0.08060558365228414,0.049932533300168606,26.20621001946278,88.93819184638262,86.7859666949699,33.338089768005815,25.702817888788033,0,2,10.3
T0363,0,50.17681025452841,47.74805082705674,44.61058201625877,43.01777194622503,31.5057310468569,30.311195721385378,0.03939250484009484,0.030712174447555227,27.173135981645494,95.87535228532846,89.63192510028645,38.15667179694786,28.501491111272436,0,2,10.3
T0363,0,34.92753532679272,32.524090979412286,69.34964893331968,65.99166418766357,67.71460123670849,63.267243824908746,0.034943016061909124,0.027794348027122197,30.833415814946807,89.89314743267514,87.67391403616827,30.904119128378795,25.81349849419967,0,2,10.3
T0363,0,23.02846063234996,22.662148045000997,40.41286105349113,38.63656009165197,25.66731265481121,24.863706738044915,0.010818188034341857,0.02701109339564555,29.79648515385211,77.93175912606516,73.55148677945681,36.06492671151719,26.424647877517792,0,2,10.3
T0363,0,52.130077673002596,48.15651266139983,63.25266894715007,62.445256624928696,27.04859159150155,25.05677415197481,0.060142494118286316,0.04687927217233431,28.78358581669864,73.72771637194732,72.19504213834946,30.207509064583732,28.86117436824123,0,2,10.3
T0363,0,54.80812981908951,49.08504448789309,41.51762134616169,39.004650275942716,78.2650856690089,71.70515112456289,0.08452816917638545,0.05947058758905486,27.486158702661385,76.60149093181849,64.73887440802358,24.216285838484403,29.761357720155726,0,2,10.3
T0363,0,32.62882800110954,28.89744543703992,49.77231321670911,45.4495450609277,34.10999816974732,31.05763677947302,0.08245664714077154,0.05183750134138191,26.56348005800216,69.41116575205042,62.5275668040091,30.988338668621296,26.975120608147527,0,2,10.3
T0363,0,41.16627965012466,36.68474796920186,58.9664109524261,50.66298182990123,71.18865516193858,60.70256969483211,0.06496122001012763,0.09246608143829667,33.403139815185135,73.65553885897107,68.5762673833665,28.015952972295086,26.961585954113602,0,2,10.3
T0364,2,52.14359586397323,43.65560911261605,54.71760998622054,43.88427883272502,67.01542633700589,52.03894050368265,0.1278629264228536,0.20249093824923692,30.801914153305834,66.91833353927363,60.731649184986395,40.44838169265353,28.1892831023878,1,3,15.5
T0364,2,24.59788387649877,15.053591310966237,21.555344621935877,15.382154392933188,57.04058412369038,36.765500143609145,0.2862384835233967,0.33509943298361616,32.382072896530005,82.4202153088939,74.13849008050612,36.6271950601787,30.202994898156213,1,3,15.5
T0364,2,27.863450164845148,19.10183074745044,44.42595795684066,35.29772048803816,63.03791206849058,43.38559615421417,0.18700761750224273,0.34737885653446654,32.59068324290455,94.0429330265188,91.81279648301387,34.66508741612432,28.751565470052146,1,3,15.5
T0364,2,44.12286264011373,31.750015138022626,36.20749829099985,27.225893276801234,52.29592925711093,39.427488223251764,0.3760099566977168,0.2544131400539156,33.24899420319361,93.50574157206569,90.78892837903095,38.376106420899745,28.63341408436189,1,3,15.5
T0364,2,55.78864650153404,36.424552514329996,65.6545825951658,47.75324208615993,70.42801500419401,43.637122441468435,0.3595337040118037,0.42815852926532494,31.49704351497135,76.10556018951162,69.65088497785558,33.44861769566464,29.010672469408238,1,3,15.5
T0364,2,78.5207400755316,51.27932898678463,21.47992126530478,15.080444191589292,30.94631409839696,21.818750840093934,0.4305016144467581,0.2554741034524153,24.155786086322607,69.52358437635331,63.63401328944368,37.44675539030236,25.8548016678788,1,3,15.5
T0364,2,70.53984378878465,57.18789653300031,52.09201698224027,36.18470422197454,77.33282451254263,60.12929813406684,0.15385157209503778,0.22201809720239357,24.807396525889242,68.20736835098211,66.13152400190803,29.310280370367757,28.78537808033458,1,3,15.5
T0364,2,26.953981327494752,17.42548184755281,22.36613686386528,14.28988850564308,38.57674559253803,21.415958250200955,0.31262636525423526,0.564625147614433,31.610599742754307,99.0,88.00250468515458,25.837891875935732,30.487582708185275,1,3,15.5
T0365,0,35.41780834211319,33.17620848928252,74.64677810647407,68.7647967289892,22.53255621230882,21.33948412425381,0.05746625299305743,0.04502763993571876,30.834983630886125,89.17546080878374,76.70501666011296,28.674216651272193,29.495411312461776,0,2,11.9
T0365,0,36.54148055456653,34.68190779651779,22.876768850596033,23.340307257210053,69.0769823206623,66.35917166844726,0.036432696423017115,0.02998985820970361,26.63832000247263,70.90591935591024,73.90591935591024,29.330770679309953,27.02330309553022,0,2,11.9
T0365,0,69.19194834768989,63.81120963774113,30.627322781599798,28.51294462818503,55.37787951935498,50.42786226571763,0.03353164512914837,0.0571601186290044,31.932937692896193,89.6793365840374,79.68347696975546,45.39549172448151,29.96671647806678,0,2,11.9
T0365,0,31.274889325077915,28.036859440770538,62.042047293859866,58.75003822671739,57.039247673205566,56.12061458507267,0.06686199148351227,0.0070403765022525,27.591858928046104,83.50576755658577,75.65456854294132,39.9718537174315,30.015309532331447,0,2,11.9
T0365,0,35.97126224802528,34.37660104477295,66.33475085590695,64.66677245617312,57.66215422076581,58.12539214254572,0.034300683808601025,0.0,33.40498539373148,79.12609352024865,75.50516268394142,32.116341133228254,30.070865311212845,0,2,11.9
T0365,0,66.52117605751448,61.929077138358835,71.0312173959685,66.69135150596662,70.81401638086018,65.45706895538362,0.06903122132363695,0.06180110070975616,30.281814193577553,65.9184599871435,61.04404673719401,42.769112771179906,27.316811270149728,0,2,11.9
T0365,0,51.471896216832384,47.60683558678273,24.996378252607865,23.48812136059276,44.71191971728112,42.0201035477116,0.05702774421915509,0.04826597246630996,25.11607889291394,94.02664359047935,87.44165907477607,35.23284836249516,28.271383982694005,0,2,11.9
T0365,0,70.25752666626244,62.64790761272225,73.1494679312216,70.82694280333541,67.17373539009692,63.0043638291391,0.07575115028770157,0.04415498070117444,26.44121238301689,91.22528463522607,90.19020120267434,29.814397542639483,29.375285012082898,0,2,11.9
T0366,2,78.44275150837808,59.07334035071405,44.189528696328864,32.4248536762367,60.031401630706384,43.0193372643393,0.16587404502630854,0.3011683171684666,33.19961047924447,75.44675031970779,70.92554091299087,33.72711041440057,27.71052241978365,1,3,23.9
T0366,2,29.949288740990895,16.876741066651924,68.05810553912903,43.277475849282375,49.26170411318007,31.401417278601034,0.4533068171228166,0.25511127272750056,28.146792233500697,79.83430655330494,73.40841080746875,35.598884699719925,28.48005651376042,1,3,23.9
T0366,2,68.48254303629972,47.59427610035867,53.81821600887914,38.4400634359265,40.60806214194665,28.01635680510771,0.38696605757757346,0.5143865935095028,33.52166487166389,79.75389734548233,69.92583946060583,22.911723723608524,26.797977033509007,1,3,23.9
T0366,2,66.17577291069209,42.078105749823635,48.998594262398306,30.868502001321268,63.99897313340175,33.830049030063385,0.37961482517335204,0.7011296076942296,26.092521810893228,86.13887366361308,76.57658800941176,31.716568250214845,29.04658755399456,1,3,23.9
T0366,2,41.32652613463933,28.669783967455945,44.39983082833631,32.3807964822951,59.1808084987444,41.67175302735879,0.4405527968616172,0.314286464344339,26.41433942741841,89.03679587283035,85.69381983158559,44.289352946564925,30.23310203421358,1,3,23.9
T0366,2,22.71230197704387,18.41478792402248,73.89989741709465,55.053770763940285,74.32341430388477,55.62943911088914,0.16396454482821077,0.23140244217260306,25.16740481804622,77.54502228660417,66.01303880072425,25.76076726313488,27.881470269228124,1,3,23.9
T0366,2,30.843647354270008,20.133306830133368,33.077583129192824,23.78341951306764,53.361674523415104,30.3918830904401,0.25092725043609954,0.45784005231942376,25.978613845375328,87.07091477361894,90.07091477361894,34.02652738996308,28.4837648579736,1,3,23.9
T0366,2,37.212310175713355,22.123784887383177,28.74454966965924,18.152844836696325,60.99566221783897,36.36076701135984,0.36731322493787105,0.6409798625330135,31.819305706898763,79.50697570157753,68.76713593529558,37.191964436077036,28.20113125367823,1,3,23.9
T0367,2,33.442591878047764,23.61450719867159,68.43694193383713,49.02241903630093,55.13370699269395,37.6478933845873,0.19170273626229895,0.28437141606123445,31.469695087289285,82.2440546107988,77.34467685961805,37.82621940937277,29.537134715161997,1,3,14.6
T0367,2,68.98135097781565,47.246058799876685,62.183816918620046,43.71710241443289,79.01619556262432,52.946913302396645,0.3273756147237322,0.31590201935366097,26.816058923286125,88.14592955625173,83.80513626041629,36.375320432104274,27.716339949793756,1,3,14.6
T0367,2,30.660180959161913,24.423761193104202,62.82431778583704,46.94883974325916,77.19349190031147,56.60508711676279,0.15180588265303976,0.29449264875715236,25.243608974183683,76.29006181863676,67.11935591491049,39.835482053534115,26.0342763109871,1,3,14.6
T0367,2,25.7862494818433,14.272791238032404,46.818602128961544,31.265573025620508,72.03470065347163,42.032240099291805,0.527184290288062,0.47592262582933564,30.376286990669406,77.66109802997838,71.8179496705898,42.502841485179474,27.8100561530523,1,3,14.6
T0367,2,74.03860453651913,44.45758939385176,32.78515075788268,23.933516786648294,54.724073015741354,34.05719483247729,0.6282747800914208,0.48598717455719825,26.129997882648908,87.93308883756835,83.80930526739468,26.70211173746805,26.090341666062567,1,3,14.6
T0367,2,26.774364902554808,18.95470034162098,79.44758318312859,56.026481172117144,38.9583650071571,26.957804376464438,0.29849992936078096,0.3326326002868752,26.17664474155837,83.2486556712999,81.1054526426503,22.294308916320368,26.947156517314394,1,3,14.6
T0367,2,73.30314319694878,50.69843098610776,21.518122080893733,17.731867005739375,63.525796040530025,43.934460893801386,0.5166651253534752,0.3741902683213211,29.07514942938088,72.32846005855635,66.3157365569367,38.52935406535757,26.344697402267393,1,3,14.6
T0367,2,64.37559473796563,30.077238552610947,32.226537162913544,17.416372781268063,73.89685655911785,37.570710323823796,0.854440590674745,0.440467065832914,31.3714249649172,74.82015892977104,72.01668595643861,34.86531489352449,27.20219423666226,1,3,14.6
T0368,0,61.269963375670244,58.12201961768491,69.98379644173527,65.21130759333727,50.613162837653356,46.592961274990365,0.029566183306343845,0.051057475101301854,26.635689795681255,82.47313562539688,77.19483456311825,30.187679020901054,30.204138040367518,0,2,14.0
T0368,0,56.58949654418543,52.23388411566939,59.92675427140217,56.7215483882092,26.835976437659866,25.30671004697668,0.06652348206858578,0.04392427298037127,29.44855269569872,93.67851514671378,85.34794395748936,45.97027140704489,28.10485279390643,0,2,14.0
T0368,0,21.549248378656564,19.66393393542044,34.352461061326316,31.940699048085637,46.464268965954574,42.045899826019074,0.06399283359504564,0.05479742559689967,31.298171360171327,85.96292881493355,79.04664947504679,29.813916074123842,28.98655024738055,0,2,14.0
T0368,0,63.41232155461444,61.08119533258597,59.01256717514239,54.4883529687503,76.20868714263095,74.64697417892287,0.023299263105293823,0.01342577805530062,27.69813016004752,80.81992564987951,77.1518954268351,25.270554350496216,27.584294210968274,0,2,14.0
T0368,0,32.24202758294389,27.601140859799603,40.02848759164904,35.4692284650581,71.2008229659088,60.82676829044121,0.1289250695319386,0.15669769881781426,27.931260789703025,75.42659779577457,67.96786519593579,33.57383905238905,27.22417458095181,0,2,14.0
T0368,0,20.61723850057626,19.15592118208518,69.32351248702477,65.95653178528678,25.409346764989426,24.626098172278393,0.03574142443498019,0.01687637212947314,31.350755456369065,77.77995307501128,71.5960110189281,20.110914522193678,30.14805078101303,0,2,14.0
T0368,0,47.150404775058234,44.64542222981094,33.05254811013717,32.712139745140846,62.740041469239735,61.00340359646779,0.03915434819116124,0.017561619873272618,25.173769041879638,94.35438270652259,87.87335151303878,21.80289459485041,27.366476807744203,0,2,14.0
T0368,0,78.0065895100158,69.5393188313872,78.3633702048807,69.34192079380493,69.8427642906392,61.95546443589641,0.06284542108279623,0.054670159992459194,33.80648437393989,71.98922471737939,66.79558550343326,41.39516044927013,29.29676966367061,0,2,14.0
T0369,3,54.27084019768796,8.383585251841657,41.5835120269049,10.904495820039417,66.15962302416234,12.488416612351307,3.8392660058541006,4.461210961042621,26.865242409938084,84.00720046512556,80.65879953365324,31.05644133474391,29.707070434523704,3,2,18.7
T0369,3,41.027567010781056,12.415864390692999,78.42589870280295,34.03817485659491,75.48506495905414,28.294896610269095,2.6928197688362525,1.8559780307016769,29.86519842397554,62.05087832129574,61.792660205953524,42.12018541572043,25.52025528283061,3,2,18.7
T0369,3,30.76714589868054,11.339844109745108,24.913328955101512,11.876284227108682,78.07609331027516,33.924546159897645,1.5701749871683903,0.8116958586379612,24.325424907925242,87.5497300208599,81.75012529741251,37.13238518870882,26.823705419513495,3,2,18.7
T0369,3,63.0053902757311,29.988374685981455,48.899536399376316,25.317727454894207,55.42661382486687,24.968904720419452,0.9083244040472738,1.1118900824189173,30.76974705705406,88.44536813951663,84.31720396622403,34.471174866147855,27.75332151668277,3,2,18.7
T0369,3,23.039096689355546,14.454573069525729,33.09549606680947,21.72621086427278,36.532156402055186,23.446343512544168,0.6844629174430792,0.6415840013411452,31.315406353916526,84.59542660004843,85.00190907372526,43.596001879493734,26.623527286310395,3,2,18.7
T0369,3,68.13080687541601,42.856127547539415,76.5066653436951,46.522075375126306,37.98060913837017,22.693821388312568,0.4933251728977522,0.6742654354662344,25.92550981812755,80.17036967303788,75.16793328448878,30.958775474495468,29.687220513912365,3,2,18.7
T0369,3,31.760516561883225,14.234925175959326,22.804997014513972,11.599496965604775,52.83216790580132,24.790971796820894,1.3636294820978447,1.3439738534993406,29.60693419357184,78.97604120963726,81.97604120963726,22.76096858833366,27.39663047038422,3,2,18.7
T0369,3,70.30030120059567,26.12321126796597,58.33753016639997,24.376381185298985,64.73226219945303,27.105231003863,1.2404646441427436,1.0469953768362876,31.7394147723109,84.6915403383085,79.16070939468166,31.870273561307684,25.5645634931756,3,2,18.7
T0370,2,39.62575752225578,28.044400227056613,51.96191948606073,37.65376239379788,57.95638391861043,39.5481936826407,0.2903367709879687,0.3567403213311449,28.73061247328381,67.16269831780036,63.33993504869184,43.01734897401382,28.66843659153186,2,2,21.8
T0370,2,76.50180132468847,47.7604616976072,35.99559836632166,23.86220446315094,46.78183500846697,30.848535629937473,0.642951628655061,0.38850619984668905,28.839163816153647,92.85620559620622,87.5748693525395,24.569594788817298,28.727429095018927,2,2,21.8
T0370,2,54.802332350295025,43.80372460909612,49.00102941350846,35.899942136827924,65.19924121513341,47.7653246416336,0.24910718115785352,0.3837965634236514,27.791440262555845,75.75270421071677,70.63761056885457,41.415626551521555,25.56102972390007,2,2,21.8
T0370,2,64.73788091802993,33.54239739929759,66.8302566384597,44.68027149171725,58.42258216572017,33.94509532202923,0.6239728841029787,0.47146239163549897,28.70351020708687,76.52608210644814,72.97425342649058,20.34698089157979,26.433439749652145,2,2,21.8
T0370,2,52.22282829290485,39.93971232935602,21.087693662587224,17.051933439588325,67.91555252447199,52.9449671087983,0.2983512929490029,0.1585796249604441,28.560573741573332,75.80818135117593,77.08845802091021,21.606140959023392,28.8669885899683,2,2,21.8
T0370,2,37.673972081423436,30.874277872965212,75.71987662231999,54.66844284565602,66.87410491208344,47.98762942382289,0.13123365818686783,0.1667655691171137,30.98915859139773,93.54382126087853,83.11474294001802,25.79853360124035,27.691865291445296,2,2,21.8
T0370,2,40.065447399328185,26.808269135466762,35.627661353989254,26.52756943866718,77.64731913687362,55.7973684897894,0.519543608930079,0.4075530282266574,26.06247977248791,84.10022982909021,77.71243465083623,41.35576702280641,26.193114238870148,2,2,21.8
T0370,2,64.37823461710283,44.41012609482135,65.38098215770846,45.35283995326791,66.50290086485131,45.726465323293304,0.49805280201550145,0.36532053669514947,32.966098625237144,96.03845242858098,86.54897655547255,35.03645483436834,29.0482266172788,2,2,21.8
T0371,0,32.73470521228171,32.30474213353416,63.05682263592535,65.6295138424782,65.78804984050151,63.23074384876833,0.007882802749150914,0.03975387786683837,27.317635202817385,67.59943313826814,70.49021211703811,40.7559547985239,27.66344681937429,0,1,11.4
T0371,0,57.98461224602691,54.36130919458522,22.134804109753233,21.599381677393524,53.343309882603386,48.70253126746653,0.04510258953100951,0.046566442245344834,27.52184497066949,90.09965913449545,85.81866147152704,35.14151955504781,25.921506117097213,0,1,11.4
T0371,0,48.2237144198301,45.71623617462344,48.275680471026234,43.60813820626475,31.16971908610952,28.76373965615835,0.027193668318122203,0.03698378700695145,33.556063722280435,75.7829433040111,64.11010995023294,27.25892951272556,29.49301250952733,0,1,11.4
T0371,0,46.763795309601036,42.866725778580886,65.54872539394967,60.95440281364612,31.610370682185632,29.42503829957432,0.037165259827439075,0.052832090514016626,27.187782016085265,76.31020143358379,70.25107203941666,42.80603196502011,29.12116691196192,0,1,11.4
T0371,0,52.20337739946649,47.64135851857942,64.17888871333518,58.73136574118371,36.50209032100985,33.929034987816415,0.03933520447638113,0.03635752258325636,24.64352412410161,70.76280630116449,68.64940380190448,25.17089217202616,28.39270959797381,0,1,11.4
T0371,0,44.09061266167731,41.33899719821964,35.90307250360094,33.89766223312826,77.6276641196311,73.59917585801068,0.03497844557589093,0.019972179173316323,30.290076973902348,87.87729893869562,81.06425534825946,26.683829058124246,26.558517342885587,0,1,11.4
T0371,0,34.76051457792816,33.04050355765054,70.28993184561214,68.50991672433999,66.5664947875642,64.06445515066014,0.027263536516292205,0.02134919911942949,27.022449018573177,85.3771138101005,83.28988397654614,26.949070726394126,29.5757631850083,0,1,11.4
T0371,0,39.374624677659845,39.020587695392706,76.05932597019941,75.72177321663602,52.64260167308592,49.073825134893525,0.0042428334728645085,0.025848405285907004,33.44383955984782,61.997718269156586,60.79056689121347,27.942493573414872,26.291110223600768,0,1,11.4
T0372,0,75.8912330966708,72.90031849239028,63.51379172541693,57.206120119135676,54.606900384912244,52.27913057887197,0.026635490955064442,0.024273980322324314,27.565082301296506,91.60868511662933,84.59110702759058,22.800965102720355,25.616734200241115,0,2,8.7
T0372,0,59.268089759351675,54.84617850678008,39.15362100134258,37.44755832825882,25.900832266458075,23.7306003260905,0.03663491101304923,0.04518354438112627,33.213247022761266,73.39770119611842,74.78519190836876,42.1318326281786,25.850048741638396,0,2,8.7
T0372,0,41.25652960255163,38.0412730272125,54.68033431874958,50.89623815545992,43.44366040954987,39.90018951385974,0.05179677530568717,0.06059223099810021,24.04582041966969,65.70638974638054,62.2199062874528,30.66693701286606,27.553379832158686,0,2,8.7
T0372,0,60.51479353640973,54.262233467235255,30.557765979165566,28.345733297076123,30.66415614383897,26.802713116693656,0.06035545632481393,0.08042454166182411,32.57935143095374,69.47799201747986,63.32103139272786,31.976389686768066,28.953006560681672,0,2,8.7
T0372,0,68.78143834388086,61.90289780301283,37.45446760502503,36.39783917436697,67.17019332182343,61.56915442044869,0.0761499148313753,0.043749274606322476,29.464031715290005,93.35988407917975,88.3882720926873,32.29823740997823,27.954757082150437,0,2,8.7
T0372,0,46.040488542083466,41.76116578246761,25.39185733817554,22.375042587854427,69.15825394941746,58.0863548116967,0.04410465742504995,0.10482397039955624,28.397646022505953,97.4757294851274,80.23072279018795,43.21432279903799,28.93768541482617,0,2,8.7
T0372,0,60.83727805107212,52.470205724726625,51.02373646868115,46.36959759885547,68.33032423124499,59.68497447145758,0.07189737422291072,0.0957403416547121,28.089123998047054,79.56476197508499,74.42285611036378,34.13977595766131,25.758965481865364,0,2,8.7
T0372,0,77.93825364321262,76.07102462903615,49.05801546128892,47.74101546555634,27.538438522393633,26.870302074675923,0.0166836767664602,0.01573916592245363,28.756696165353294,85.01847777101163,85.01173919990202,30.859472363271934,27.191351585740136,0,2,8.7
T0373,0,55.07878539867293,47.19687622219708,22.65074783111175,15.867084574553354,77.3538779236823,59.221671582635196,0.10257892786851623,0.2118822180887572,26.91801617471445,87.38694394982356,84.0545754022811,28.35886957372698,27.850956558940617,0,2,21.7
T0373,0,41.38286231775386,34.582884538046535,30.195448550320137,22.896912966151607,52.62148417441654,39.01189877488782,0.13659275517347103,0.22465054539765764,24.84583550681399,72.49668156710572,67.44243666051482,40.66999031625713,28.311614047197395,0,2,21.7
T0373,0,65.39236883102313,61.155609141202284,63.53570340937296,55.84276309840081,54.972768375016244,47.47583523246954,0.035127073679788935,0.08052147105253132,31.067095470482784,64.97959963607101,64.14070917361381,39.022871664924914,26.98105343563783,0,2,21.7
T0373,0,29.217431999544655,25.932192407820448,49.2143525893787,46.29921964658136,31.72996001225779,28.477710853976546,0.1007706284118828,0.07844232401945936,24.589398744516544,91.56356360615041,88.77400105319063,24.862034434279163,27.968900528588502,0,2,21.7
T0373,0,42.19678300433813,36.767262003278766,30.07495598056011,23.337444042940238,72.1436745586073,58.84484395286247,0.06889495577459676,0.09112280113226051,28.750122270461333,72.59432862851479,72.29763624800637,34.45003827698004,26.529207690660815,0,2,21.7
T0373,0,31.767672494447893,29.95714441601568,79.73651654587923,75.78562985212463,79.95334217458819,75.9379974983683,0.030149695080422118,0.02101307590488923,32.50389225964943,86.17534945511667,80.46945807708238,34.77026084456754,27.902608377814463,0,2,21.7
T0373,0,71.44713227541624,66.2370354610743,48.61747468043346,39.330390691831944,56.55094131934383,47.84907881954347,0.05511121233305911,0.12758329966419485,31.019254355807533,70.13704099921051,64.17194532249951,33.76423982489996,25.51831217499573,0,2,21.7
T0373,0,63.61228855425485,56.10720100354234,22.25189266533531,18.830750479035554,43.069525878853455,36.89910243762882,0.07300011776246557,0.1294252344938764,28.737898282275395,77.752226402934,73.01070331736382,36.50198465864538,28.478598653195313,0,2,21.7
T0374,0,40.12310482589484,33.57517148273154,54.69391688825047,47.652587829869276,76.3993983970633,66.87118786673906,0.12327701681996209,0.06328849412643847,26.364575967098087,78.00152684178083,73.59334678515583,32.49648953849374,29.14158438635474,0,2,18.2
T0374,0,29.15253506244686,25.83118054740931,76.4501686091488,70.73139191234277,42.94370359561637,39.401380252006874,0.07651783977870354,0.04687986934714939,25.49673109760089,97.00848078757609,91.51117229733504,30.717104989507757,28.18818892287101,0,2,18.2
T0374,0,67.52248190260401,62.15228982104706,43.56334004400402,39.57350414736419,21.876779721354303,20.686629290823273,0.0743627958783121,0.047411919923957026,28.32159271455321,96.69674074758872,89.94602094418205,37.00470421758661,27.8027344092493,0,2,18.2
T0374,0,79.21613801016173,72.4969093014915,79.06712470241706,72.88887052447589,36.0881853701088,31.314451198411728,0.047940453672760786,0.09468104585702554,31.557193987602194,76.66877867765281,67.84032433042674,25.118144547493138,27.360244912243708,0,2,18.2
T0374,0,56.3484239382007,50.3788292768327,58.16849926384715,54.08544786750746,24.547492279918767,21.314349488349873,0.08250861872900603,0.09622539258045595,26.688736415632263,62.16983573012724,61.73107946928791,28.299539092296985,25.760238651772706,0,2,18.2
T0374,0,20.07933552286483,18.86356197780731,65.6333260133008,65.9479376671408,56.14957578409323,54.129036037451435,0.03296236792778599,0.0186302776364448,31.15438611457501,66.67257589059369,69.26374980293389,35.97429620594005,26.791539555350955,0,2,18.2
T0374,0,33.614714471346566,27.554728663297215,47.05116018216017,41.6922750668534,54.466470444858366,45.62938181802951,0.11391736241264927,0.09363530280841664,25.40655280173546,96.73188373407973,88.76296426162314,34.482128167060914,30.09386534948502,0,2,18.2
T0374,0,70.51752904364947,59.61177757168953,50.53100930817636,43.35915444735674,61.73221770706754,51.26660050728163,0.08164952388596976,0.11925966832034746,32.672911228208214,82.04634777492214,75.31749061227771,31.02738415996409,25.64632129059546,0,2,18.2
T0375,0,63.07648408743929,55.51043346652876,61.611416087245985,52.84134962554093,35.89300623318513,32.909273959020155,0.0857988788579101,0.045236666472664624,27.530665388858772,87.43296870651574,78.28541120126158,31.670724314456784,28.33022586881165,0,2,18.2
T0375,0,47.77229659328041,45.477102614274486,74.8280056843106,55.43950725513666,67.92454900125546,56.66912179395751,0.03802401963986712,0.16655355450418613,28.446468493899864,75.11101784378829,70.97488326101214,31.299425429974633,26.84406187830947,0,2,18.2
T0375,0,46.27242590153875,42.41499055132429,73.34386225407565,57.28901925901064,40.326736849794344,35.88658140711011,0.06118418394908628,0.07343206234826727,33.9108482456641,95.04060621208103,86.87763182586701,31.813160538787265,29.70608021976551,0,2,18.2
T0375,0,28.231662465457198,22.02425370223817,66.32818678920472,36.02807699132024,56.98056042038175,39.94023625205757,0.1858994601948108,0.2664095894887813,28.68374685985722,83.62669012186362,74.74102402020803,35.94314906833648,29.395693264582818,0,2,18.2
T0375,0,28.556328480186536,26.198568765921966,40.85086613032509,31.853547881148252,40.09305893736354,33.41969936699665,0.03886588254359712,0.09585200045225953,27.573200775405944,94.27599639296153,88.57137820680194,44.976747232335555,29.5342750094731,0,2,18.2
T0375,0,58.75545006617032,55.37527589712861,73.76182006071025,69.89585510517598,79.90096262439371,75.33301266070313,0.0601963907334085,0.05727180784313754,28.126102904591015,71.35789328973357,68.69338828065482,21.3207489938002,25.6157739270204,0,2,18.2
T0375,0,78.03410037334682,76.58201678127286,64.82745094836596,63.70632379071129,60.52877498755906,57.98904032564206,0.010070095550213546,0.022197893749157784,31.77597208716338,91.58777123404424,88.83802236672544,30.826555578900262,26.446152522137794,0,2,18.2
T0375,0,40.70567708012567,35.51142936721775,30.63343034232684,22.85938888071124,28.595787918402035,22.18756052888005,0.08553582036151978,0.15732342696114346,33.09405115196369,80.50154499240703,74.50330962193242,41.05665637516768,25.805755920605108,0,2,18.2
T0376,3,63.265555057703374,45.19625962952559,35.582081424274676,26.03771786831709,21.431402146812072,13.051198690198847,0.3428022836390838,0.6022809488101666,27.29121050901255,88.71314355240993,85.60116303591013,35.22129322723571,30.431975685259648,2,3,24.1
T0376,3,41.54775990948498,27.712564597285873,42.06266433677169,27.44394825973702,69.40265676412473,48.11866028854796,0.3734248160267954,0.35983768167333513,31.510859328633842,79.7444472372134,81.37088622302151,37.62398436075816,29.86545578161146,2,3,24.1
T0376,3,78.93079503106307,32.569740498648706,25.424829213539972,14.547956953487384,65.43134787747357,28.018967163787565,1.0500983044490844,0.851775857714568,27.86970009912713,83.31110148199795,84.41128842143456,33.51476088291508,29.629367143345533,2,3,24.1
T0376,3,71.93537538381327,39.7614594174679,29.96679994472289,18.292445295788745,68.3908525227262,35.291679498358924,0.9017500271084623,1.4699856327765124,25.38931260084856,95.6685342451276,86.87102011711293,35.46674877607428,28.547029036895257,2,3,24.1
T0376,3,40.880591983697954,26.89083444438865,58.987101388445446,39.6254171320668,21.627824391313816,13.640862745179458,0.34685300352100595,0.41999280064075784,27.563065007120297,74.57630848367627,66.90809921941687,31.1557775133394,27.805697231377827,2,3,24.1
T0376,3,35.42273332512255,19.455165518767927,35.48333279759884,22.652767652661115,65.84736568314418,41.117921073858355,0.549375333159553,0.5712814975053324,25.522913793314387,83.89008772000878,79.79902947224164,41.259910920715434,27.146280374244697,2,3,24.1
T0376,3,32.722070020350095,15.862307219547096,32.62090599074035,15.97358689549319,47.89743736022963,24.786659168984738,1.2587656416195516,1.1052332768339628,29.027769571300837,78.40569695137458,74.1212863730374,37.48719262930787,28.84745661555606,2,3,24.1
T0376,3,47.011536980189106,31.919172726601218,61.25847828422137,42.33560197247572,36.247414865823515,24.472105501235205,0.38781048659562556,0.46621667644589787,24.729814911728898,91.0165602624525,87.17750094058731,42.66309004089031,27.73177887364768,2,3,24.1
T0377,0,72.31527707558223,68.71271115797326,59.18652478659532,54.89533253308455,20.561235092265953,18.698368445033793,0.029310041250448247,0.06819600425434541,28.111823304051526,79.54279063348498,75.85708207380034,25.744276788590668,28.9734965184018,0,2,14.3
T0377,0,35.580445742910385,31.376478409774297,34.09473441195417,31.543141075093896,32.66686370690703,27.80238978631586,0.07120556232126744,0.07865390128229965,29.38077774131615,84.77348547086179,78.95094441718857,26.664931977031287,26.843530231744197,0,2,14.3
T0377,0,46.29684622069259,42.89888167190953,75.00043149323506,71.09068056225306,44.360000194535985,40.773186870882284,0.05282590552105549,0.04869381436478026,29.766426606422552,91.00698349450388,86.61790579393796,26.417233765290543,27.1452327693469,0,2,14.3
T0377,0,73.47163852279039,54.50471901681426,64.9477976904167,53.45566423114426,77.06940314175345,60.34061273829668,0.21635158039034993,0.16440029650940602,30.034791921225704,71.4408038378198,66.76050585444918,39.12870690852113,25.752602545734618,0,2,14.3
T0377,0,27.981849372525687,26.822303397834634,33.99081971772446,32.150824463839356,64.83914334325033,60.61862740911268,0.024740740264091336,0.048566414964829184,32.05968737586362,95.80112634636608,89.91441728597246,31.942602132894272,28.94888086829894,0,2,14.3
T0377,0,27.524283204068702,25.753491881659418,74.76859406516502,71.24861760941535,38.73515202733961,34.724581791255744,0.041927738352410746,0.06513117539985293,30.628214450379193,73.24516912572474,69.66850200834185,39.96400615845231,29.85471397071332,0,2,14.3
T0377,0,42.99468710187686,38.013234162091415,32.370153340520936,30.130141906636947,69.7177444676475,63.640732101686076,0.08960125703379003,0.06916084021795786,26.919766120383386,69.92324234139664,62.67387591876573,23.61894245588509,26.0669129498687,0,2,14.3
T0377,0,36.161862831863814,30.636866290093984,23.04187493181217,21.07950071227334,73.37189390616263,67.81312956680897,0.13642572500967978,0.07058207521548372,32.64681605997099,79.03685276256793,78.45578359172445,33.826259981245094,28.47639955051733,0,2,14.3
T0378,0,39.39273970115369,35.30653333360808,50.73472165822214,46.74613588907671,36.60924407056389,33.617044324887985,0.08185511592601792,0.06793823459858166,29.742087060434912,88.3961077247004,86.6097522709729,32.186148202482144,29.01616212296427,0,3,21.8
T0378,0,53.41429899648008,47.83700518942189,60.01300968603334,54.367653013810205,62.82722335091465,55.409052325978614,0.08259142247657264,0.07818375909613716,33.46308026771517,92.25942204899455,83.76259684925212,29.992865527569403,29.518954857358388,0,3,21.8
T0378,0,36.24334170870542,33.756578056125456,29.12592250710093,28.213047028410628,56.83158635483351,51.319133443399394,0.03491491767162399,0.04795488506699099,32.8616047796529,75.38091230447903,72.42966307940742,40.875117022763874,26.855258900564106,0,3,21.8
T0378,0,72.35398595295095,66.62294780194668,23.41741586756625,22.25347313306492,37.860202968165574,35.05105476791331,0.06298336962802954,0.03903634758702435,26.25040586470995,91.79727487628749,90.06301420033758,30.895480592200776,26.83730491544369,0,3,21.8
T0378,0,30.518448144099164,26.94322016285525,61.39042471408335,55.867681787818995,60.13966535542526,53.475522146101405,0.10003474891964419,0.08566687219396696,24.45029444435675,90.64126973209002,84.11622539836497,35.604477883116246,27.55205611641587,0,3,21.8
T0378,0,78.73523336443577,59.49068011613699,53.582393020959046,43.84715532173715,42.55136141432739,31.464850026511314,0.18644040005629897,0.20600037118747322,29.179821737048954,81.08639490700274,77.60944662126813,27.494998806482492,26.576418547955342,0,3,21.8
T0378,0,47.226416586890494,42.53198517514424,45.97112304435112,41.37846896335795,35.82147189159269,32.62354156097346,0.0453077267839296,0.049914352564116714,33.26718688167723,93.18209180806682,85.10409855079762,19.83598256487085,29.11590952436941,0,3,21.8
T0378,0,54.57105702968003,48.12595296291726,24.019874530782616,21.698510246875582,53.14263506334269,47.0356861733509,0.10384748784670678,0.07857986674915877,33.29934599241825,88.2427588087601,83.52863772828812,34.47129337013618,28.235408405435965,0,3,21.8
T0379,2,51.00524669368721,44.394499463647016,55.431459400507606,47.36834049230046,31.238136368486124,23.717798588648844,0.11698092548558556,0.2266040165228214,29.774847428893388,90.37354549265646,87.33782816543413,32.81068697125397,29.275515285423516,2,1,22.3
T0379,2,68.92104841407806,57.26272208910634,50.81266197943423,39.449074594983955,41.69085752750253,33.4988329397908,0.17903991260475557,0.18098613144202236,24.041097686089692,74.11503465758594,72.46332580927941,28.158246366763905,29.48344862876433,2,1,22.3
T0379,2,38.33131961688576,31.959200560743653,39.02573648348475,30.67915434810259,56.287429133935575,45.75727633923612,0.21085793737491232,0.1879943257223927,27.22348326454825,95.62734727175447,80.98137700472847,29.808978536594452,29.364624935080542,2,1,22.3
T0379,2,69.51768546974019,41.184375283208176,54.603623299959246,36.76985136153416,73.38270604650246,43.301974260448205,0.4669516558507342,0.4663636211280849,25.907274276279843,76.52521091227064,67.44664024456296,28.221676487612427,29.479920567257523,2,1,22.3
T0379,2,45.367229774743144,37.721955029161656,70.67623012229653,55.19387772035776,39.75894393666642,32.1373748028141,0.15528175359735136,0.18382603889387428,31.96479566333017,64.31512008160927,61.87973759086109,39.769638267571,29.718371451939102,2,1,22.3
T0379,2,45.019658160922624,32.12356885705354,25.914741692326796,18.37651814587476,58.043633894607225,39.734941384483655,0.20453400992378526,0.2230639242305943,27.49943595438897,91.85419417311242,86.64906251691778,40.566238055530576,27.762733272986544,2,1,22.3
T0379,2,47.21466159289439,38.89248092055054,78.64081461867946,64.56346961234347,23.004513705362797,17.140693888712384,0.1437663981440157,0.2726758790830118,31.210521326523953,89.79415670309805,85.01446024693104,29.284156401296507,25.60574054856357,2,1,22.3
T0379,2,33.484832768891614,26.328602678461955,29.34141999246249,20.816204068294148,22.604090351915968,16.246384535525316,0.2172789001620047,0.30913626882717127,25.74004277904855,75.92573158506993,70.90064148607149,33.37273806523028,30.363950440976343,2,1,22.3
T0380,1,47.37618793334515,42.477824190195385,75.24475842279901,68.13241298990083,32.06292603599414,28.76986343940272,0.09426928637482289,0.0948536342059221,25.000237171654998,88.90947854134514,83.95246830947349,39.24633642415251,25.579941748048434,0,1,4.0
T0380,1,64.0906070801214,59.442144539138226,24.52805758133871,21.4828003075157,50.4627237916196,46.90300997852839,0.04835358198837439,0.05431623037800871,31.65091931294687,86.11841811397478,81.4826373808065,35.94344350450956,29.641340707310032,0,1,4.0
T0380,1,22.127731080901917,21.446378805969328,48.8062781115543,45.30503226525258,37.20944845998311,36.14430950856003,0.022561298503736293,0.025640781321934668,26.037607067647244,87.26527233691336,87.60443248258176,25.295191439957758,25.952643645415332,0,1,4.0
T0380,1,37.50066782422523,35.67523904421446,57.806658563419354,52.36986807465927,45.39666919685075,43.9242732182348,0.03159422508574546,0.018604790311356645,24.811999893486906,79.45006717292698,76.88896727027446,38.72614791610488,27.67073721339596,0,1,4.0
T0380,1,73.38283608847252,65.87328366858516,42.03550997823399,37.18845244597613,58.60709440242425,55.67360237413578,0.0752977997530993,0.027405267383736134,27.322623743727814,68.3321717674984,66.54987698651317,36.3926665940955,26.0339533115808,0,1,4.0
T0380,1,63.428472143265466,53.35230547557348,39.24066265742546,34.70232508990606,31.4800066613315,27.55905445379544,0.1194687438881739,0.09916286189214445,29.048843820016543,76.10626230639234,74.46917754426565,33.867648628822124,28.972841620093522,0,1,4.0
T0380,1,65.65518265433073,57.88491782850371,28.994010251928962,23.61212279178008,72.95681741984535,63.92931099474861,0.11253221257987937,0.11772599044883177,25.008150452748552,93.7741251015346,81.27448237271346,45.23415322350156,28.42934505637482,0,1,4.0
T0380,1,53.864126336850376,47.978994888146296,74.4225123060909,63.0460859376931,53.422766970430075,46.84945041683999,0.10471535924513901,0.10231955040758668,33.518938721015665,96.55440150411782,87.63795836672232,25.038497792824224,28.806635197247925,0,1,4.0
T0381,3,42.041816252911545,21.035957720525875,26.599940682445858,15.566219818482784,20.698928623023228,11.260550580889701,0.9092973846729862,0.9745876765289693,26.687033195190757,91.19366191441489,87.74657332428188,40.6470875133227,28.30070725590906,4,2,24.4
T0381,3,35.00702259388626,13.930918641633719,41.745897656183935,22.680329272801096,30.498659544747046,13.41067702663507,1.4928994757688645,1.5216018544388468,27.012371438621653,72.18628415720667,61.29871362835668,36.84329971664445,26.884395977600736,4,2,24.4
T0381,3,76.98009862019566,50.64240969980737,36.067541403854236,22.66528016157653,34.69229885175238,21.408745882548487,0.41426946416806537,0.4382399647773011,29.87011939422739,86.73225683227031,84.46561638216205,33.345944871975334,28.81270137560378,4,2,24.4
T0381,3,52.31237992397741,24.134651960466872,55.71320303457745,33.19158316817383,27.724687457931676,14.379353296399668,1.0563868968444625,0.8731544965099303,26.877722089643655,68.83293914895796,61.67810298634524,39.94019577756172,30.158821932070673,4,2,24.4
T0381,3,68.59037729416582,53.44301136909859,23.531817718017308,16.340937744855168,61.52379089719985,46.098213679360555,0.22129124367044437,0.1956069717321249,32.303625632865874,65.10777967964769,62.11373473390963,34.594504228650436,27.77861895039197,4,2,24.4
T0381,3,68.35533039680195,42.511658135163444,48.68026636895014,33.47397182867636,35.45496545639499,23.372357947543414,0.5993823141659681,0.5150040497340705,26.391345418671307,71.7753285856559,71.18102356637871,39.08493809693433,28.43081741153891,4,2,24.4
T0381,3,64.18309906581344,33.12289043035432,58.68799784677183,36.2703238491647,63.98662471475173,34.43936707754179,0.8660919788666577,0.669181166409779,26.479132446322104,79.63601122229561,72.793579725634,37.6210770239474,26.829585322590745,4,2,24.4
T0381,3,71.31452958503516,36.4127015597015,60.826666071909145,30.478686082133226,48.42344682065012,19.96505730632218,0.7540707761272205,1.3518399641405912,25.030564075804666,91.13912454914289,89.86578277070618,33.675800271079815,27.695974163556503,4,2,24.4
T0382,2,32.03243212073422,25.562962876336083,54.30648343329145,41.987219928655975,34.376356337959805,27.44877992395466,0.15861586113542722,0.16088016149133783,27.553059340169302,84.24257030318383,71.61513380946808,28.873744611582513,30.121470711902077,2,3,21.6
T0382,2,67.74500426765363,37.53035678918845,79.11360988558712,47.77642278109123,32.297230449197244,17.78737046397878,0.7494803438346227,0.7614068421438434,25.54940371730949,66.45146337335774,64.72026638254708,39.471125631688864,26.326859769604624,2,3,21.6
T0382,2,59.09919054183369,40.289581089444056,70.5195170941091,49.01183897824814,39.722914942679495,26.359129768510442,0.33113792197847164,0.3704719319408651,32.40770571595721,84.70924789519673,76.32236614675679,32.95026457161111,29.703108035687983,2,3,21.6
T0382,2,66.1644437860627,49.75141920196911,47.33802062292237,33.87873394821051,47.131638400411305,35.003990262742896,0.40971065779110916,0.36962008485334713,33.242132012636546,86.05623850565149,72.88869811006347,42.78818771201589,27.0131404732317,2,3,21.6
T0382,2,67.8860114865995,36.27585836967486,62.007327291381785,39.137654985085526,60.83087268693004,33.715961712463546,0.5431348964393947,0.577970528893771,30.447321766852262,95.40700668782519,89.68295327915949,34.35285776486581,26.81879090210816,2,3,21.6
T0382,2,34.38317238142115,11.622109881686402,72.42543510570304,34.546711433527214,38.95691149038676,15.012253076141937,1.1814758797743437,1.1541288640027854,26.85800806492279,87.37935603742439,89.34925298029968,29.59215558503096,29.237742560953865,2,3,21.6
T0382,2,21.015499579719055,11.379946198570492,42.03659801762748,24.76832419560686,73.80751796543494,39.183390302735575,0.8271111665258136,0.918233720725359,30.507714082191537,97.38854570791625,89.79819917189903,34.52107285727583,27.311660373985916,2,3,21.6
T0382,2,74.53883251390859,34.62730111303972,27.852643556610722,14.705589910114664,30.094080647077064,15.765947645780644,1.2807633495469593,1.0362187145537258,25.558104772226024,90.73069131186229,86.9191386763931,33.203254834275675,27.024639133793723,2,3,21.6
T0383,1,71.06294066803966,54.63982890056057,61.264282670926335,50.5380103073629,37.1609521108501,28.88245619529624,0.18663257256371393,0.16782407093760177,24.80349992296073,83.59155908423763,79.9662616498815,32.81375198354732,27.383287775668755,0,2,14.9
T0383,1,25.955811806206313,21.306412458796515,59.265106970591404,51.673703909298325,40.51683381616145,33.602703458726715,0.1297374690069781,0.10228944563968997,30.068876764497173,83.51620145600869,80.50659978902964,29.943914885082638,30.069725316109917,0,2,14.9
T0383,1,22.889414054649915,15.10970452092318,63.39431136544361,54.31152550837152,68.47848428683484,47.779863573392014,0.3649563666809119,0.16230564021330318,31.00434837719058,73.75443203307051,69.61900516766734,22.274665644260853,30.17945780640924,0,2,14.9
T0383,1,53.725380283086444,42.39291106971021,74.123029307987,64.70555797388401,47.77066039010451,38.40137752434387,0.15287952770149824,0.17102325212890332,28.09867315165972,88.0779873217977,83.03292197506579,31.729335553233504,29.1016240465223,0,2,14.9
T0383,1,56.77574163338719,33.988533188807516,75.48910896675696,54.061954135272394,68.31078398738002,42.78882975143935,0.49998085743414183,0.3971366846396884,30.27905711604221,70.5706757332616,65.92134940992422,34.19755874633457,27.155384406261838,0,2,14.9
T0383,1,25.380544642975153,17.89046817035642,79.0390317915452,62.081917035034735,39.35756088468544,28.698435437006054,0.3221517712530103,0.31918335551184407,25.96801267015365,90.2914218897104,82.87724493997597,26.678241356371956,29.01644059800077,0,2,14.9
T0383,1,38.50274496285486,30.3185707157837,64.6930209528791,55.72931155884218,66.0917916088361,53.869652894105954,0.1885864099925257,0.15722109903515924,33.57893614813344,62.41511560712927,61.69459106655573,30.07547253213599,27.736175079152293,0,2,14.9
T0383,1,78.67400198774865,59.115805682158296,39.54733845615726,32.46080395308037,29.667495819325453,22.199163033489107,0.23797359546311528,0.1876299110461925,31.2554026321503,90.04774073841497,77.50271362349825,28.301164060281625,26.164910664577157,0,2,14.9
T0384,0,60.02664651402565,56.07803883105449,46.012319447286394,42.96038048338248,37.21168417691575,34.30780401048455,0.033557388658151444,0.05068830688744155,29.400451076764234,85.62036313423316,79.03021641288045,30.954649134558494,30.189787821106655,0,1,16.3
T0384,0,54.451944067768494,49.32221158465713,38.835145827045395,34.026858261593404,48.53370808044327,43.88089480711112,0.06198273988899351,0.03797432040224047,33.89836231355381,98.22116248569354,86.24392778307214,34.88583385313728,28.13412671671819,0,1,16.3
T0384,0,64.86412368302103,62.20699674756403,35.50336001962265,34.998502777925026,77.6389590147944,73.07136453912015,0.030343080567659594,0.05970501404424155,30.501089038948805,86.85338980667818,82.73479949197602,28.95744567243484,30.180311032699443,0,1,16.3
T0384,0,73.77073562747802,67.24177891569173,60.68118072250879,53.87495680792119,70.12707049184479,60.82605010918548,0.04628140651292361,0.08055124882722335,29.872267926287087,99.0,90.8715746568927,34.60248013251833,27.784050007581985,0,1,16.3
T0384,0,74.54573087902206,68.91646447073462,24.532864886689396,22.718437641696582,52.02227727509161,47.40439960603773,0.04459889960416548,0.06891220729105557,29.162193948892977,83.16806943634876,74.72731142985464,26.990370263473373,25.66628542352057,0,1,16.3
T0384,0,51.73242615346936,43.769128467927615,67.84537353147269,62.22752507201212,64.69377651334989,54.3054507737353,0.12468728718751955,0.15187645075688663,26.564854726646068,91.22067845843519,87.6735712214341,32.021312767412134,28.771205729293747,0,1,16.3
T0384,0,36.09659164015496,34.55642494653624,47.65342890584843,46.698333157937874,42.803364990721185,41.04144411641644,0.03730404787324206,0.02820056815270907,24.58102081199631,85.19116316181055,78.2597790946877,30.384263901564097,25.982160275393223,0,1,16.3
T0384,0,77.80914674405625,73.7597733788234,57.98675150215479,53.786411443995455,36.337225344825754,34.82024048194222,0.03514618242924506,0.03179411170355008,24.691266565215315,63.48031070544284,60.01929780038697,26.24246571806582,26.658439638026756,0,1,16.3
T0385,3,32.188217929011756,17.408756646186166,67.43165404532712,40.80216031377866,31.200157972343938,17.166903467393613,0.724694388170549,0.668265733290475,31.4699310103308,69.67330249341296,68.00931149281007,37.48546756430419,29.196998559418645,4,3,5.1
T0385,3,71.6343651163547,40.697857816591934,76.22125735918104,43.92115766516641,77.0707026315154,47.85228887563925,0.8026698236022267,0.6256599363691326,31.091912381274863,70.32336984003534,66.9436267446248,34.134043710458755,28.967530983473075,4,3,5.1
T0385,3,71.31503472736685,31.99057728599784,73.02807491490954,38.86619643145896,75.07938461923979,35.11618245727998,1.870269149291744,1.3191719939995297,32.95013825974554,84.25066154069835,71.15391968412179,32.42339655664961,29.266925232798577,4,3,5.1
T0385,3,21.60382914541529,10.886909991861856,62.588418886132324,41.423411036650116,72.61629644838149,37.62777989626861,0.6753276476481535,0.6499063817915156,29.56287208580529,82.26721178376916,76.52900052809127,27.74732187108988,30.217584311547824,4,3,5.1
T0385,3,63.08531894340487,30.882314767873325,34.138880728020325,17.548384135071817,36.13106364033802,20.06450022498874,0.9942591610470505,0.5559576559440786,33.837851993446975,71.48791986340703,66.3855865455514,30.555044456554736,27.27172983976481,4,3,5.1
T0385,3,73.76345824489366,36.446805371897355,71.67152497284789,43.8429889762734,29.016019302229076,15.229770257455707,1.1171872259276183,0.8656791784136483,26.67584924895876,88.4240677740168,84.15672591009513,24.36305701277133,26.254926322816267,4,3,5.1
T0385,3,72.86001869307717,31.47843293092469,25.337091156425906,12.765496226353772,22.727723289409923,10.458118678320334,1.5735674886168782,1.102007716991392,25.564535737926334,78.68410284603897,72.13193310540701,38.74062666474304,28.859144603799738,4,3,5.1
T0385,3,56.54196292684326,35.65317642656,25.0771239934501,14.692765217533925,27.587750380836138,15.034000490126454,0.4066011219602733,0.7979051766749915,24.97439498025441,92.71100019766195,88.36650776039781,30.238774318759962,29.61845367392286,4,3,5.1
T0386,2,75.64524415206034,36.63206865522628,66.79021407896654,42.66154444179694,73.02974720564623,37.48301026602845,1.251504143156147,0.6454920201144961,24.774600931921917,80.67471460393283,82.06878283891359,40.794245939949676,25.904623846163034,3,3,12.6
T0386,2,23.001611694721984,14.666251230588975,73.96930954844996,51.87469869060208,70.61885471298167,42.5366294089598,0.6040266223779059,0.6030068529624446,31.038646414767072,80.77509351989434,79.74840472249859,31.657726031848043,30.151262700729923,3,3,12.6
T0386,2,65.3299736456324,42.3404791428343,29.141963657044506,20.535703494193427,46.66673188872034,28.34019448824291,0.4328771264905974,0.35200780366431633,25.225487748421806,64.28702248925131,65.11616922859145,33.492856683590276,29.481962587260405,3,3,12.6
T0386,2,70.53696079726876,53.616994097975564,46.99458236070949,35.1407130786113,27.026205968070144,19.74452809276433,0.2592898970468445,0.29121615618934854,33.87033719089294,66.86590455530626,65.0870612732917,33.153838254430255,29.416044325856916,3,3,12.6
T0386,2,59.851523777805966,42.48165101718105,57.21684269384353,38.07191791975001,45.329677612232004,28.586491492227974,0.37446804772714887,0.5804017249786755,25.714914081170086,67.77792099658795,64.52439602853914,38.56703046326438,30.207340653223934,3,3,12.6
T0386,2,38.63117676530891,24.143047782012854,72.98307443060466,44.83497868017009,62.81634219528642,34.504775870319484,0.25541726921943997,0.4697868337940615,24.82596743628219,83.04242061530553,75.79032001165976,27.297126798825573,30.38508237229034,3,3,12.6
T0386,2,41.781443214032976,21.55763814884989,59.447955496387294,40.271551021085855,51.619030341018515,27.342858663838857,0.6920393883214006,0.7040823285005666,29.4938694593182,77.22621383117576,78.7696884059473,32.61089230376473,26.092019375979927,3,3,12.6
T0386,2,25.810869681732203,15.822661853252946,32.075214158470565,23.4527786623997,58.524790686324074,36.16867244153004,0.5693533060868632,0.33646014896430954,32.39291603726764,88.2296088988998,81.22668436907378,22.03902118455853,28.786366057399302,3,3,12.6
T0387,3,71.13587585183001,28.459517653608888,50.51784171969397,21.796443492305116,60.004065166831765,26.9210720005818,1.6046105909842354,1.3462216990484916,33.35373533708494,87.92600118203734,78.44452209230798,34.0785687388272,26.473048802972404,3,2,11.2
T0387,3,65.70730069214929,43.59745561020898,63.79634769019402,39.40786119026854,24.05180375677208,15.895474448281403,0.5192568836888645,0.6022373782021525,25.43292902723239,86.08913287662863,79.99215937014678,36.42284853752402,28.320349081281826,3,2,11.2
T0387,3,70.94675469984196,38.76274591321414,30.778688158714154,19.024527954274856,39.08597810346494,25.08548023649248,0.9164547305844679,0.6181592144834027,27.18186281130498,83.6436335743738,82.0779379876713,35.14129599172219,27.293849233529468,3,2,11.2
T0387,3,74.61380405018711,44.894584317390816,29.36645515680891,16.793782727286896,68.60114959877959,42.52132704792009,0.5930763326229974,0.6845810332322839,30.571481394480188,65.07628857468865,63.521450249813796,36.70428736479262,27.589137855793645,3,2,11.2
T0387,3,25.45449488935425,15.926982969608698,64.01973187151953,39.692595228316534,21.282676554074456,13.556480299834496,0.44346116624599585,0.43583587745711466,26.113823873804034,75.29446554975866,63.56876014414776,35.18019772013626,29.031633964488012,3,2,11.2
T0387,3,47.68358700880298,22.35136728958726,44.43244064668043,23.962358241957137,31.902684610747386,17.328230265449594,1.0773786272151178,0.6386187038385409,29.100862636953153,87.84689633806963,85.00174120188495,31.439177156014054,29.815819740133918,3,2,11.2
T0387,3,57.241246565692904,32.699557778437324,30.018964867746362,20.120025093176743,42.2169954332834,23.017461594935785,0.5243005121643721,0.6328423876433588,29.918331234170644,81.81111976141159,74.79188182402143,23.85363016322905,28.722808578701734,3,2,11.2
T0387,3,79.70867364683016,35.69248538833026,54.136386589681806,28.03755242752354,68.43656582348126,34.25609393665446,1.140925808931746,1.0583333407502091,28.96891959573007,75.17206298676139,68.23069497047706,24.334220263545745,25.86103583640817,3,2,11.2
T0388,0,63.476505727797466,57.501937840585946,51.08572044300256,47.431274140762284,79.8801399800137,74.20469504280842,0.06811846388642052,0.05625847566919942,27.349827106745387,88.97237981401729,84.44454304702883,24.873707975755543,29.422587125910695,0,2,14.2
T0388,0,46.71752971876503,40.09281875682248,65.08572525878921,43.50641416373558,42.01841573888489,31.765213708823477,0.09758377325398807,0.1974828924546924,25.12251563024989,66.87433758458565,65.01298311095485,35.45957650918111,25.521500523500563,0,2,14.2
T0388,0,75.53289341335523,60.10336602090379,50.97337095299504,40.8661030850685,38.48744817940707,30.372150300017157,0.17226789821350488,0.13902700933727746,29.30402325742758,98.79538880905854,86.76193396696472,23.827004562284323,27.3673015907564,0,2,14.2
T0388,0,77.24649688386546,64.96453204405469,26.95147200816841,17.054554037133403,58.16024583073966,39.94198268317871,0.10274285573064196,0.2894572098993156,30.350719072735018,89.55233092401454,80.2929912613161,26.46382285493725,29.818109592941802,0,2,14.2
T0388,0,21.87114386677684,20.24052887955682,49.95971337533423,37.77384707502634,28.688852800120657,24.786416172570323,0.05824262015679898,0.12166856171915232,30.798348377588162,74.59956093404554,71.34671383552639,32.33888017020594,29.643773150925647,0,2,14.2
T0388,0,34.906561986203855,28.7998419878543,59.21045473534754,40.117898766493916,23.34291813583412,17.96521187997459,0.1128512126119632,0.13207753785295293,24.359184193834004,72.20751699506556,69.10576134983432,33.089321273619674,30.44207946311179,0,2,14.2
T0388,0,32.34424438182992,30.287889356159862,68.37301554678399,63.93936411289558,36.942597936569825,34.88909047757544,0.03150408278569249,0.02931966120183177,27.313276391232524,70.94745023590612,65.9420780883606,33.6191631116658,27.21086041324498,0,2,14.2
T0388,0,41.65816145806535,36.09980049835903,76.10144693861855,62.64855602703399,44.48320389041905,37.21108986883375,0.05791964121014711,0.08649196338824619,30.44936278449473,68.4271618175237,62.169708358036125,34.67027729411417,25.9805571519252,0,2,14.2
T0389,3,25.52591838433352,13.742789506062467,48.87468117505095,30.00545776271492,49.132677171092894,27.074169897978802,1.121990930670498,0.9641574421337838,30.077312216785156,86.604380152744,86.3827764518175,34.40877678841505,29.70493043419546,3,2,22.5
T0389,3,20.4154371296719,8.739782217078616,47.66211513985897,22.817945488369254,67.55176562667532,30.643988189747517,1.1847210222095708,1.0964394358227432,25.038714234303427,77.80626824644743,70.8293127678303,30.963881540086042,28.63490527229525,3,2,22.5
T0389,3,51.70160635588013,30.572742524943322,55.08236568773261,34.157333157766224,69.94012316336179,41.1228509304353,0.3886444145100492,0.5198337907982779,30.972573484534696,91.19830034758463,86.94762797442428,39.04231181817516,29.977308692960243,3,2,22.5
T0389,3,37.553293433510305,25.71869199902049,42.13959865411685,26.902922727122927,56.16631950492829,39.62939695952777,0.49745376101743854,0.39706580914601797,31.12070787142485,95.66308868336742,84.07486190993365,35.058727505030866,28.71821189569423,3,2,22.5
T0389,3,47.018331252371794,26.39229134909801,75.26008077076483,44.40373613660366,53.51712663077536,30.35675956479968,0.9825471275314407,0.6420091837548062,30.55503278134975,76.31933492935025,70.7932458818978,27.98935094771406,28.210345281576597,3,2,22.5
T0389,3,65.70380299856578,38.06049868722702,43.59327360160674,24.89594955742648,39.28785250145247,19.123059977896265,0.5110459196912855,1.0005522018103956,29.044589481908503,74.42096348345211,67.4446089834832,33.980504588623305,28.12078195798315,3,2,22.5
T0389,3,41.74888997380256,17.719935236147908,39.30459956616512,20.114862519131634,49.94428674966518,20.687113608779125,1.0358367280450755,0.7040890232699689,30.70349350119348,68.80734147846191,63.07768343469109,30.115369042631706,28.452416999709207,3,2,22.5
T0389,3,45.30591428129777,21.169608826825826,38.692208734134816,23.67558064100825,21.94919298773589,11.869809196804532,0.7710758347320522,0.6906037655831234,31.22248378947141,78.76837952221702,73.16761355805242,31.271655380403875,27.20940852748062,3,2,22.5
T0390,1,66.3066330268983,47.82402468271295,20.225478504793266,15.441463816993908,21.82385523679369,16.22736520957887,0.1744481803255682,0.1829220199582031,29.751634601681126,74.42660771855705,71.48762131350763,33.65938999577674,26.30234853508942,0,3,18.5
T0390,1,24.72629926099009,14.119014122073144,46.10678212740419,32.27573776770069,55.782454359474166,34.9894366917308,0.5741732218891248,0.4990850770209681,29.247855848411135,92.2291997999692,91.79922077923976,43.56339554171841,28.065423857301113,0,3,18.5
T0390,1,47.7743400231816,36.74725294934759,27.244493562063326,21.357160593017632,27.386936857224317,22.024530597820238,0.16788961616116987,0.14132994813212968,26.104361182139446,97.36553625046172,90.89952585183842,34.82981410259412,27.122665935012858,0,3,18.5
T0390,1,22.212683277570818,16.173087055795282,50.88013654766992,40.54046082522413,77.03306189875782,57.60248461180578,0.2444644353387747,0.16412220564270438,28.845592280262697,83.46335065794636,77.19488084536779,31.319705566778637,27.62235691596,0,3,18.5
T0390,1,72.50908371096273,60.101431712422254,24.433198376942755,20.1717663628149,64.1099651134459,55.297460370154525,0.13250286008109857,0.12140569610812882,25.164039528929585,89.41544164484137,83.7962320530656,33.503973687903844,27.1027302450757,0,3,18.5
T0390,1,63.6347164025235,47.8998651867779,68.2596184977449,53.51887442401611,35.682874652716045,26.396813969677797,0.25537710543968356,0.29969741964880686,29.877837456753326,71.85794995870597,68.7503352178122,31.98899326922381,28.099144507760546,0,3,18.5
T0390,1,66.85300200799695,52.565754222441804,64.89267440554312,55.75589514276776,40.00523850558011,32.61259606139334,0.17295038300127993,0.14558337548479788,32.74030286209396,71.82705245846572,72.56557955962002,32.73421206635736,26.908785362210928,0,3,18.5
T0390,1,33.01271521209977,24.61751390910498,68.36750261554518,55.27271886920281,44.79774628513942,34.15744132806321,0.26259639868896656,0.21814636370327362,32.310110685590814,79.3609554925375,79.41129403299615,30.04498235306306,25.57820314205552,0,3,18.5
T0391,0,75.79683281011393,73.17281214809157,38.1397415257029,35.45296671315067,40.665722704822244,38.06652732530196,0.018980806947193025,0.03272899637504022,25.13682184873976,94.54468827356602,87.07241925565731,22.751182337022982,30.32507778832682,0,2,12.6
T0391,0,60.54408923007285,54.5174805303073,58.94199671130919,53.55368222906256,70.86536196882159,64.86198795577361,0.06424570842936903,0.06974073490051015,28.30074827879629,72.78649778694617,63.55550713023915,33.749956629628436,30.33847124903179,0,2,12.6
T0391,0,25.926435486328607,23.446250169542985,69.8918466734735,63.448647521061574,70.79274594030595,65.86922698030222,0.07339935263251735,0.038922378533030356,28.45633758762926,67.28205871567809,60.06043841802688,37.047468464476424,25.8057998026333,0,2,12.6
T0391,0,43.973550062838264,42.56547941170731,70.00462607470838,68.49491016489891,32.210097098371016,29.98990649541568,0.01638072700686295,0.03252154712062568,32.85168739742521,72.11334160902399,63.80438804524037,28.14562119235418,28.064445968089103,0,2,12.6
T0391,0,21.303496566502613,19.178278722552488,42.04122204284545,36.76905915500387,23.07818220870677,20.5058842005409,0.08797999550472721,0.08735547014112066,32.17446248951844,99.0,91.14983131746027,30.00827111871702,25.792576116225202,0,2,12.6
T0391,0,29.15342266961664,26.60678880269976,34.50862184030537,31.04594063796365,53.040348106649546,47.67136560870065,0.04528837997289646,0.08638065432904882,32.475377450712635,78.26114086596097,76.53567890219286,31.15364258113578,29.920545299531774,0,2,12.6
T0391,0,50.676683605132084,45.02737980740093,48.499810814179284,45.24309840368122,59.791768475070725,53.9817901514643,0.05062671402900873,0.054921961830385516,26.664358941943707,86.34986119185798,80.62242870890955,27.967216686191612,29.902689602148573,0,2,12.6
T0391,0,68.28960145094089,67.79031876407831,45.979813762094,44.24649052513406,22.062475311632774,21.336425810495694,0.0039338059260546135,0.019341681048779764,33.11126852478939,95.73266661934662,91.63835547362322,28.202941086622474,29.108564769271467,0,2,12.6
T0392,1,53.98408359779547,45.169384147439025,34.87891295934227,30.33100772914624,41.78405738946247,34.75495449223299,0.13884028962086156,0.1334713565144767,33.85372973545693,99.0,91.27243559855047,43.16253948026957,29.53455612342655,0,3,6.8
T0392,1,55.63851389511837,48.896416735651314,46.418532606591405,41.81835743994501,50.65993712746872,43.59860405998908,0.10155681524506906,0.10868058888091287,29.897288417153263,75.43958732009473,70.57037467787113,22.846789581715655,30.152039456808538,0,3,6.8
T0392,1,60.79245726463894,51.115847263954635,54.886062609611265,47.796317219654455,38.76235047976084,32.12513544460381,0.1594199207908792,0.1235146388678621,30.009768102293148,66.12843486511264,60.23566443385335,32.02370290368131,26.943707102026853,0,3,6.8
T0392,1,49.902486463392314,38.51254088862224,47.58821189988585,39.05239139028687,21.587804609379873,15.99967920977655,0.2555584430202371,0.28047038857643103,33.28403374146839,69.40939518530647,61.92462450070201,32.367857403235696,28.31711744568586,0,3,6.8
T0392,1,35.93794295449282,31.924900712719985,60.580672584674,54.456219924974825,69.56457684017069,59.63964568058813,0.09149367254228483,0.1501381391742414,30.615113002001102,80.04228347499031,83.04228347499031,41.808297875500166,25.995028359746577,0,3,6.8
T0392,1,72.26384339398109,62.78380783054997,54.06442849964057,47.03654353957225,73.65723638871131,61.64971605589578,0.14366617708790835,0.14880833454162318,27.453714679651924,90.59361080054663,77.59284688604737,40.1804867141974,27.129278230080594,0,3,6.8
T0392,1,69.93570881649984,58.21731948870917,59.85710617568842,54.01348755048049,46.40536268265893,38.937326461024206,0.07528428311150495,0.11597470154327956,29.68056794635113,77.06401717489268,77.12279406155915,33.52272963481931,26.737723183946454,0,3,6.8
T0392,1,77.10472478302192,65.96426645180115,24.623575586483177,21.276719666409935,35.91031100386444,30.27506655235825,0.08936279123013156,0.10822690033849366,30.326489696050384,88.16438495903952,79.16013711699523,28.994712144750128,26.47159286208412,0,3,6.8
T0393,2,67.22859302777862,37.31579398217295,39.55471211042726,25.00839593397114,68.36079509526277,36.43647113037199,0.6153941660400437,0.5441917007907024,28.595115000662364,77.66372520143813,69.86277554757903,42.62025206936396,29.850630734710077,1,3,19.1
T0393,2,68.6588467505792,51.26860743699253,68.30978953306385,54.79172374886127,67.97620635767413,51.19077809750803,0.21141863597131852,0.26787150837344104,33.003385808478924,87.28918959249307,89.75590322664203,32.84194672053581,27.103547153442584,1,3,19.1
T0393,2,48.755464112710996,36.50652444261898,77.72600930640228,61.53262245070989,27.485883487401857,20.108302386805146,0.16270877148738574,0.22141534011790062,30.810065799410907,90.81551432864094,89.12774516389985,35.51138218930707,27.055020061602466,1,3,19.1
T0393,2,46.31773636577212,32.00550429263594,30.180036249195062,21.76887360504132,36.28803028583541,24.253202942431955,0.38541850743595085,0.4664379203645713,28.164297157799723,75.8399238319865,71.15287263647228,41.5165884153889,26.32032430119194,1,3,19.1
T0393,2,65.03326674253054,48.61182851055874,28.782307215535397,21.873793155586796,25.122311946371223,18.89467644057506,0.2224992183110603,0.20004361383355818,31.65787911095955,87.75738708250536,88.33230060842635,24.449850284484253,29.486534289801362,1,3,19.1
T0393,2,27.339208257540417,15.35679810490951,49.702510147835596,35.52483152928723,27.755776103016977,17.355986920517317,0.3547484420128144,0.33319534421006586,30.57991060745581,96.83220237210402,88.64158960401508,43.23663879042266,29.162208653282896,1,3,19.1
T0393,2,21.726074473941445,10.433017543347304,22.408417709702746,11.838115530915891,33.892240292849785,16.610885737795172,0.6584931404507476,0.5806243154234969,29.30643252290136,72.5560692226538,65.36589989192007,35.2381292733495,26.192695834587255,1,3,19.1
T0393,2,39.69635526253072,25.56147675707687,30.718911197527348,22.419609753458428,64.44976534367753,39.71900665238124,0.5183590595941137,0.4937166707592098,26.77566563696795,68.58954169450215,61.460973397164864,23.345720989563038,30.259924792029405,1,3,19.1
T0394,0,21.01835431250892,17.011796611442854,26.174488699660017,22.557133394712345,50.544098181198635,44.09129147445245,0.13951134564873863,0.07773918290310401,31.24109677555058,75.69633604538649,66.90198966011148,32.59060248820515,27.153968899634513,0,2,9.3
T0394,0,34.567192608419695,29.165537135964904,29.150408224143707,22.107631713272543,46.86755721013746,36.93189260794645,0.11454629171035312,0.15045127068062727,30.627916423705607,73.41124943968053,65.98880781388769,34.38826989360945,30.325725065935963,0,2,9.3
T0394,0,79.68087926011782,70.96291428559773,53.63661756903098,49.916531853077544,32.803071449957095,30.121060100756942,0.06001933879024197,0.05736060676478425,24.674013736808188,84.67591339167548,82.69958702102319,32.25538498883983,28.82268407215212,0,2,9.3
T0394,0,65.65397929173653,58.274309239034274,56.75168839682459,54.8524636568781,33.44030145111184,31.64361600989371,0.0813402091744909,0.03607702715855254,32.36964510868813,62.228108696529446,62.277161179305594,30.252279457959865,26.114814386441317,0,2,9.3
T0394,0,28.41815487014722,25.559622893637126,24.37390501015014,20.951235025342076,21.75322206006529,18.912223785593042,0.060819815710798475,0.07490619866077552,26.03591329196084,68.79169684849163,68.30794929409761,21.504773159648888,28.35321026432751,0,2,9.3
T0394,0,57.39839346082619,47.469913776506736,35.48812021081015,27.555659762757575,69.68416065765797,59.095543801526595,0.14109857432810483,0.11803100430393201,30.38367036537282,77.87582928002598,64.43716977523448,31.352517939717853,25.847119991325734,0,2,9.3
T0394,0,50.24702777564242,43.76392269747186,48.2161859471919,31.549628111635215,28.7539985353704,21.917379267014837,0.077668941287573,0.1672398604406489,28.543021811419777,81.61224331208719,70.68856874524369,37.243529332482666,27.686753306425665,0,2,9.3
T0394,0,24.790302888809833,20.11250381724186,63.764541117143594,59.77799739475152,34.836191982200255,29.704823351178415,0.13266655482268008,0.10028218253037822,25.300197186824505,69.96771852045815,67.62800243866683,29.79724144020187,26.112426254541443,0,2,9.3
T0395,1,57.404900503234785,48.341333903222136,71.96015009502517,59.845394049878585,77.59665810016217,64.31666714356334,0.09758473190544634,0.11991816587844228,27.085939081915416,92.43181456589996,91.09039388040023,48.240811149305536,25.99639077448144,0,3,15.8
T0395,1,67.88834476255167,50.12008453695548,48.04117113670911,39.29403839443073,23.276952759412143,17.244985250394553,0.19159208738012692,0.14936307445687932,28.913948413598128,75.08477787463464,69.24361760672937,30.624015020760005,27.66716203734633,0,3,15.8
T0395,1,21.69084952498017,19.03229466592901,46.165135039678546,40.717241270694785,52.902794963793454,47.762422406337954,0.09567887655013968,0.08747556259483379,24.472110687340262,90.02199390440698,86.35592205379515,31.800487075329166,28.911001486333163,0,3,15.8
T0395,1,49.9323930763633,38.417534616688606,51.07625622175231,41.51006739254917,71.77980972749668,55.42153958136597,0.2888857863194227,0.29694958268287897,25.279037736470066,74.83174648215339,75.17993974950306,34.76217565578238,27.689537092052532,0,3,15.8
T0395,1,24.482639717523313,19.986985611106864,21.447542547799486,18.42232980566503,74.38994558343393,61.66138745414965,0.1531939483099836,0.10211079178432196,29.583819297682354,81.22174523265076,83.23841609584925,37.72451975642875,28.237177304448537,0,3,15.8
T0395,1,68.93670150202294,56.00292822192333,41.669593214542566,35.23452905623295,73.66997066000036,63.807045226763165,0.15389145842865876,0.11259382257316185,25.24221888100512,79.07380868540463,82.07380868540463,32.13254020113093,25.662880857455352,0,3,15.8
T0395,1,39.8813715578121,27.115790419705938,64.57237331728763,48.74107665879242,73.49500231059159,53.05508492875116,0.3227214053294986,0.22730599260728795,33.10972170337854,65.96987521922978,62.48000268402,28.240234716030955,30.344900794499875,0,3,15.8
T0395,1,46.248846894303455,39.121754995000835,20.646587797808337,17.958405693010647,78.18259855712694,64.73628106604276,0.10526201460493603,0.1159658952424951,33.721630988329856,95.9718149856183,89.9414293781409,34.48731173456032,26.73893528495448,0,3,15.8
T0396,2,69.35065394839212,44.632619123056884,31.570237713782017,23.291544045953525,28.636248912002817,19.196155311192285,0.5617929309749593,0.5321561722123789,33.961780972709256,70.06024718453405,68.29647668877476,22.406376503876807,27.146756984464798,2,2,15.1
T0396,2,73.05722285363277,49.93217030560114,37.1230228441968,25.133786746258675,70.68162134834829,43.16862614610947,0.1646064514635729,0.304555645591076,31.16802436226807,95.78144009351267,88.75915066394228,29.306906065405986,26.666092851243594,2,2,15.1
T0396,2,73.4891742439234,46.0308210197212,72.53715940756379,48.238384506949956,20.25826966554463,13.244555162779635,0.31752840452270087,0.609706754607347,29.11506749834342,81.24339300710476,75.91376503631189,41.98413505146837,30.19923380690475,2,2,15.1
T0396,2,71.7737809590295,41.56115890584128,77.69888123240639,56.24811433563834,24.540943644311817,15.637108679675253,0.5269678824595382,0.2993751418533622,33.56463857279607,85.57734087996651,78.33009987802849,38.75827774260937,28.830543311116404,2,2,15.1
T0396,2,44.354528381530955,24.19502435729849,21.766098089493127,12.52092995237995,41.03908880018797,24.28077105961056,0.9391950687580387,0.5927624061846312,33.26911462931609,66.10809608840017,61.248531976866886,41.7170406455657,26.648182868904758,2,2,15.1
T0396,2,34.798850209549286,21.023946737855095,75.39307586260674,51.44664901830538,51.55075672612161,34.8572997138229,0.7466322048503329,0.5162930111584293,24.09525571797118,84.37683199406712,80.13487844341381,35.24003999671399,27.152725806750528,2,2,15.1
T0396,2,34.35057152432623,23.40919533028437,59.796615179241165,42.01863388379004,27.419285210624153,17.26324498209238,0.3093296913353257,0.37333314753538077,33.16001446491802,78.28161903111776,75.3093489000803,28.7393101029371,30.239555600492125,2,2,15.1
T0396,2,45.354506281358674,23.824458465513185,79.57161043484095,54.19436089004329,65.74043431365149,38.18715998387425,0.6960659029194234,0.5298851050025181,26.78245728438812,81.5922710770871,70.90000520166694,42.411091950577294,26.108445178223,2,2,15.1
T0397,0,70.15592248324641,66.70529537809993,51.68999291794691,46.84106843887452,37.91267835049936,35.214190634018344,0.020629246304452974,0.038280944731448795,28.796946058327464,84.0622847254954,73.16761745545278,24.798327055363707,30.373733368465235,0,2,6.6
T0397,0,50.77605914859731,45.895910508739014,74.1355182894527,69.62007339434587,46.546291165671086,43.27641301017404,0.08149924032637614,0.06042834851050078,27.447007789325525,85.13712731833719,84.6459592250835,36.88450046049042,27.519744747511147,0,2,6.6
T0397,0,57.115898871402855,53.83253067542345,29.104420576596347,27.14091841510321,72.33766074486199,68.0278650094309,0.057982843262816636,0.056361077176314354,25.165216822651438,69.39440866974624,63.32174606733344,36.02749525042865,26.794482386867774,0,2,6.6
T0397,0,27.8720748739764,25.030051894998465,55.21754260060618,49.84653951399924,78.75276867605139,68.32153430072339,0.07080203552875357,0.08770089223388247,33.061407858524824,88.86648162611907,84.29763972799304,37.92810863126619,30.150111138345103,0,2,6.6
T0397,0,46.36428370045465,39.65256695662817,45.554669411904555,38.21382506806052,54.53705991899896,45.57543129491595,0.12333282503997782,0.12152099411817631,30.844419550588896,88.96366510749225,78.86669938041447,40.137230376568404,30.416193878372255,0,2,6.6
T0397,0,52.13098432618904,49.644770456891074,79.03976113768479,78.81913754895679,76.51184211782561,73.38141054187456,0.030774298514276262,0.015089133738831422,30.948745883996345,73.55070701221065,71.06656886551286,28.77423353310839,28.944183051221465,0,2,6.6
T0397,0,54.22768654479638,51.171998907846096,55.16534446012429,52.34188092319639,58.369168791193545,55.47448986380881,0.04851261378063484,0.03646759531928152,26.86518845636042,69.62595268185126,64.57716117134596,38.113463730997864,30.396114501566007,0,2,6.6
T0397,0,49.321882738177266,47.762289806076915,58.2018501928,53.95809343489914,53.897054430693004,51.237537736031484,0.02337996080109117,0.025419533946219902,28.588521263141985,90.62897045384898,82.97732379868206,36.358943902580776,27.409406872731783,0,2,6.6
T0398,1,56.08442022103271,35.09563330797985,65.96743388167941,48.74440489233428,50.45432591836754,30.89629275598608,0.5308566332890455,0.46566995170436454,27.3403580975406,68.97921139394069,63.99174658751646,31.033533503021793,26.712948265772216,0,3,14.8
T0398,1,54.99676234889825,45.13781773645456,22.949510085316994,18.67194193514422,67.93896428081322,55.197127344549195,0.16949478336092624,0.13264993515686024,27.738426813074597,80.68297654282296,72.82155292298934,28.094593568451366,25.761792611081244,0,3,14.8
T0398,1,64.9660691482539,53.70942723730049,40.67147000861725,35.8441368017299,44.190716229387775,37.66452882305779,0.08636642635069866,0.13364136557299194,31.82382138896218,85.6528350524028,81.22470098808196,34.97402148909529,29.420760825713106,0,3,14.8
T0398,1,32.15613427872942,23.198811245136035,76.77094204106946,56.6336469938009,25.754324194747493,18.396062448688703,0.23112073416172602,0.27319894070755996,27.419626585037616,81.78723161926442,76.53697514821766,39.35818841602486,26.06922860422753,0,3,14.8
T0398,1,46.764943875758405,34.541180676617735,71.62632085032558,60.336582613009355,67.31330730583275,55.28107225204871,0.14019012024456948,0.12289836081024284,31.326777097763582,79.90669752118818,80.14728276309056,40.308430834591725,29.237502468259816,0,3,14.8
T0398,1,43.405443483592094,34.8799742679556,30.65238098229249,22.99153533474512,67.28391089887415,49.41728160763313,0.12851708179010982,0.21526181468433914,26.01520112843893,81.11831080345581,71.05930053701162,32.136091352612226,26.93731099050062,0,3,14.8
T0398,1,33.06334089608254,26.99432917672159,59.294787592357864,49.66096920900469,60.45614652337984,52.1900478119834,0.19063346044119595,0.13860776718903262,26.465050548982642,70.86666303248144,70.07164367771728,27.798201046088675,26.725702761135093,0,3,14.8
T0398,1,69.2174538539849,63.64101711783216,30.278932672289436,27.559569165634752,77.36508135758831,71.46141586720617,0.0633402327259283,0.07189832969286111,33.9158805011876,80.95894076760602,80.46836381354281,27.26801043195548,29.35052115339844,0,3,14.8
T0399,0,31.683583321790188,29.527167959008064,41.033589228773465,39.32137088738809,65.67496435511151,61.861716730541545,0.03750333926272848,0.04297473750629681,29.59330905273088,86.02959676581787,82.52804050050568,28.641832341238988,28.59123223418736,0,2,12.2
T0399,0,49.38251697864932,45.09674873006706,25.083734108195152,23.10786511483506,22.333888928861384,20.558188280359456,0.0383827496107787,0.05280475450999124,31.122854120257742,91.76050090353667,86.61638948168299,25.510110364228982,28.43489271775832,0,2,12.2
T0399,0,73.84684122846484,70.2408662976101,37.22932573249065,37.49546640177187,56.20069088522165,53.58865856866357,0.037510888959742486,0.03698795197771442,27.06862702230508,77.08368250423977,72.61995310172821,26.771957061824388,29.8280565438182,0,2,12.2
T0399,0,73.91607737943345,68.17441421199203,20.86030075469423,19.25385857353605,64.16949925781341,60.3294958613622,0.055969027350653934,0.04348806016985224,24.94681090535309,70.70348253241102,66.05201848842532,28.4723670024635,29.337979171514025,0,2,12.2
T0399,0,52.66123845029564,49.26447094732212,46.03748616433221,41.9052365218723,79.1668616507292,72.81736280771196,0.02928488163295659,0.051675418948824575,25.95393832457827,68.04659612312439,61.58045684410895,25.818092734174144,29.684382316674487,0,2,12.2
T0399,0,74.86985727628331,63.339656999385575,71.76374284283737,63.287174955767775,50.85829035911119,46.13335961547393,0.11174928053491708,0.08865629663744944,30.113273657105225,95.29046981265351,86.00425988281633,29.789872268725144,26.168320128890134,0,2,12.2
T0399,0,32.74774250764828,30.74781034308506,35.44116351942224,33.226439433479534,49.46111086104331,44.90067616322848,0.032019738711663095,0.04463306279463334,27.410578235265124,68.57326567487557,61.28315683299952,35.59674656346057,27.715803650294706,0,2,12.2
T0399,0,61.13041907379442,50.91787758623184,70.35167429182607,62.949700872762804,49.58883385175316,43.77859387724807,0.11049480304532679,0.061839023829445054,33.0954881311719,73.48683818036591,69.14809811593192,25.314442123112105,26.88766700337321,0,2,12.2
